incident_id,month,period,category,lat,lng
1,2025-01,T1,suspicious activity,52.228065,0.133437
2,2025-01,T1,suspicious activity,52.230579,0.132166
3,2025-01,T1,vandalism,52.230579,0.132166
4,2025-01,T1,vandalism,52.228518,0.135216
5,2025-01,T1,physical assault,52.228518,0.135216
6,2025-01,T1,physical assault,52.226808,0.133816
7,2025-01,T1,physical assault,52.226808,0.133816
8,2025-01,T1,physical assault,52.228862,0.133124
9,2025-01,T1,suspicious activity,52.227077,0.145491
10,2025-01,T1,vandalism,52.227734,0.142764
11,2025-01,T1,vandalism,52.227734,0.142764
12,2025-01,T1,vandalism,52.229939,0.143646
13,2025-01,T1,physical assault,52.229939,0.143646
14,2025-01,T1,physical assault,52.227077,0.145491
15,2025-01,T1,physical assault,52.229939,0.143646
16,2025-01,T1,physical assault,52.227077,0.145491
17,2025-01,T1,physical assault,52.227734,0.142764
18,2025-01,T1,physical assault,52.229939,0.143646
19,2025-01,T1,physical assault,52.227077,0.145491
20,2025-01,T1,physical assault,52.227077,0.145491
21,2025-01,T1,physical assault,52.229939,0.143646
22,2025-01,T1,vandalism,52.230802,0.135223
23,2025-01,T1,physical assault,52.228238,0.138278
24,2025-01,T1,harassment,52.228238,0.138278
25,2025-01,T1,physical assault,52.224369,0.13692
26,2025-01,T1,physical assault,52.229879,0.138532
27,2025-01,T1,physical assault,52.225532,0.13724
28,2025-01,T1,suspicious activity,52.22584,0.126654
29,2025-01,T1,suspicious activity,52.22584,0.126654
30,2025-01,T1,suspicious activity,52.226495,0.127754
31,2025-01,T1,vandalism,52.22505,0.127114
32,2025-01,T1,harassment,52.228854,0.126095
33,2025-01,T1,physical assault,52.227835,0.127759
34,2025-01,T1,physical assault,52.228854,0.126095
35,2025-01,T1,physical assault,52.227835,0.127759
36,2025-01,T1,physical assault,52.22505,0.127114
37,2025-01,T1,suspicious activity,52.231577,0.122183
38,2025-01,T1,physical assault,52.231282,0.128583
39,2025-01,T1,physical assault,52.232106,0.121784
40,2025-01,T1,suspicious activity,52.230652,0.137046
41,2025-01,T1,suspicious activity,52.231944,0.137211
42,2025-01,T1,suspicious activity,52.230383,0.137985
43,2025-01,T1,vandalism,52.230652,0.137046
44,2025-01,T1,vandalism,52.231944,0.137211
45,2025-01,T1,robbery,52.230652,0.137046
46,2025-01,T1,physical assault,52.231944,0.137211
47,2025-01,T1,physical assault,52.231944,0.137211
48,2025-01,T1,suspicious activity,52.218779,0.111793
49,2025-01,T1,suspicious activity,52.215335,0.112274
50,2025-01,T1,suspicious activity,52.219497,0.111388
51,2025-01,T1,suspicious activity,52.220294,0.111339
52,2025-01,T1,suspicious activity,52.219497,0.111388
53,2025-01,T1,vandalism,52.215335,0.112274
54,2025-01,T1,vandalism,52.217598,0.111957
55,2025-01,T1,physical assault,52.217598,0.111957
56,2025-01,T1,harassment,52.219497,0.111388
57,2025-01,T1,robbery,52.220294,0.111339
58,2025-01,T1,physical assault,52.217598,0.111957
59,2025-01,T1,physical assault,52.217598,0.111957
60,2025-01,T1,physical assault,52.215335,0.112274
61,2025-01,T1,physical assault,52.216568,0.113723
62,2025-01,T1,physical assault,52.218365,0.116312
63,2025-01,T1,suspicious activity,52.214207,0.118515
64,2025-01,T1,physical assault,52.214762,0.11415
65,2025-01,T1,physical assault,52.214207,0.118515
66,2025-01,T1,vandalism,52.227584,0.114715
67,2025-01,T1,physical assault,52.227584,0.114715
68,2025-01,T1,suspicious activity,52.226817,0.12137
69,2025-01,T1,suspicious activity,52.230061,0.11915
70,2025-01,T1,vandalism,52.22626,0.119806
71,2025-01,T1,vandalism,52.226546,0.122397
72,2025-01,T1,vandalism,52.230061,0.11915
73,2025-01,T1,vandalism,52.226546,0.122397
74,2025-01,T1,physical assault,52.22626,0.119806
75,2025-01,T1,harassment,52.226546,0.122397
76,2025-01,T1,physical assault,52.230061,0.11915
77,2025-01,T1,physical assault,52.224434,0.118841
78,2025-01,T1,suspicious activity,52.223028,0.112522
79,2025-01,T1,suspicious activity,52.224082,0.112909
80,2025-01,T1,harassment,52.223028,0.112522
81,2025-01,T1,physical assault,52.223028,0.112522
82,2025-01,T1,physical assault,52.223028,0.112522
83,2025-01,T1,physical assault,52.22219,0.118148
84,2025-01,T1,physical assault,52.223014,0.118817
85,2025-01,T1,physical assault,52.221345,0.116644
86,2025-01,T1,physical assault,52.220259,0.117002
87,2025-01,T1,physical assault,52.219596,0.113867
88,2025-01,T1,suspicious activity,52.224961,0.119583
89,2025-01,T1,suspicious activity,52.224961,0.119583
90,2025-01,T1,physical assault,52.224961,0.119583
91,2025-01,T1,physical assault,52.224961,0.119583
92,2025-01,T1,physical assault,52.224961,0.119583
93,2025-01,T1,suspicious activity,52.225275,0.152368
94,2025-01,T1,suspicious activity,52.22601,0.153501
95,2025-01,T1,suspicious activity,52.225275,0.152368
96,2025-01,T1,suspicious activity,52.226291,0.145945
97,2025-01,T1,suspicious activity,52.225275,0.152368
98,2025-01,T1,suspicious activity,52.223713,0.148848
99,2025-01,T1,suspicious activity,52.22601,0.153501
100,2025-01,T1,vandalism,52.22601,0.153501
101,2025-01,T1,vandalism,52.227778,0.151727
102,2025-01,T1,vandalism,52.225275,0.152368
103,2025-01,T1,vandalism,52.225275,0.152368
104,2025-01,T1,vandalism,52.227778,0.151727
105,2025-01,T1,vandalism,52.227638,0.14806
106,2025-01,T1,vandalism,52.227778,0.151727
107,2025-01,T1,physical assault,52.22584,0.151487
108,2025-01,T1,physical assault,52.223044,0.150488
109,2025-01,T1,physical assault,52.22584,0.151487
110,2025-01,T1,physical assault,52.223416,0.15178
111,2025-01,T1,physical assault,52.223044,0.150488
112,2025-01,T1,physical assault,52.226994,0.147867
113,2025-01,T1,physical assault,52.222864,0.149015
114,2025-01,T1,physical assault,52.225275,0.152368
115,2025-01,T1,physical assault,52.224728,0.14688
116,2025-01,T1,physical assault,52.223044,0.150488
117,2025-01,T1,suspicious activity,52.222426,0.156256
118,2025-01,T1,physical assault,52.222089,0.149563
119,2025-01,T1,physical assault,52.222089,0.149563
120,2025-01,T1,physical assault,52.222089,0.149563
121,2025-01,T1,physical assault,52.221665,0.156556
122,2025-01,T1,physical assault,52.221665,0.156556
123,2025-01,T1,physical assault,52.219484,0.150419
124,2025-01,T1,physical assault,52.221665,0.156556
125,2025-01,T1,physical assault,52.218913,0.136805
126,2025-01,T1,physical assault,52.221307,0.141166
127,2025-01,T1,physical assault,52.218913,0.136805
128,2025-01,T1,physical assault,52.2216,0.143844
129,2025-01,T1,physical assault,52.221307,0.141166
130,2025-01,T1,suspicious activity,52.220806,0.144963
131,2025-01,T1,suspicious activity,52.220806,0.144963
132,2025-01,T1,suspicious activity,52.220806,0.144963
133,2025-01,T1,suspicious activity,52.220806,0.144963
134,2025-01,T1,harassment,52.220806,0.144963
135,2025-01,T1,harassment,52.220806,0.144963
136,2025-01,T1,physical assault,52.220162,0.144815
137,2025-01,T1,physical assault,52.221363,0.143028
138,2025-01,T1,physical assault,52.221363,0.143028
139,2025-01,T1,physical assault,52.220806,0.144963
140,2025-01,T1,suspicious activity,52.215551,0.140699
141,2025-01,T1,vandalism,52.213202,0.136897
142,2025-01,T1,vandalism,52.213819,0.139034
143,2025-01,T1,suspicious activity,52.218876,0.146788
144,2025-01,T1,suspicious activity,52.218054,0.144493
145,2025-01,T1,harassment,52.218876,0.146788
146,2025-01,T1,harassment,52.220062,0.149319
147,2025-01,T1,physical assault,52.219307,0.142329
148,2025-01,T1,physical assault,52.219307,0.142329
149,2025-01,T1,physical assault,52.220062,0.149319
150,2025-01,T1,physical assault,52.219307,0.142329
151,2025-01,T1,physical assault,52.220062,0.149319
152,2025-01,T1,physical assault,52.218479,0.147354
153,2025-01,T1,suspicious activity,52.222333,0.134626
154,2025-01,T1,harassment,52.217916,0.125806
155,2025-01,T1,suspicious activity,52.219264,0.132298
156,2025-01,T1,suspicious activity,52.215475,0.134488
157,2025-01,T1,suspicious activity,52.219264,0.132298
158,2025-01,T1,suspicious activity,52.219264,0.132298
159,2025-01,T1,vandalism,52.216773,0.13231
160,2025-01,T1,harassment,52.215475,0.134488
161,2025-01,T1,physical assault,52.215942,0.127088
162,2025-01,T1,suspicious activity,52.214511,0.12014
163,2025-01,T1,suspicious activity,52.214281,0.122954
164,2025-01,T1,suspicious activity,52.214032,0.1218
165,2025-01,T1,vandalism,52.214999,0.127497
166,2025-01,T1,harassment,52.214032,0.1218
167,2025-01,T1,harassment,52.214032,0.1218
168,2025-01,T1,harassment,52.214032,0.1218
169,2025-01,T1,harassment,52.214032,0.1218
170,2025-01,T1,harassment,52.214032,0.1218
171,2025-01,T1,robbery,52.214032,0.1218
172,2025-01,T1,physical assault,52.214511,0.12014
173,2025-01,T1,physical assault,52.216518,0.123061
174,2025-01,T1,physical assault,52.213852,0.125803
175,2025-01,T1,physical assault,52.214999,0.127497
176,2025-01,T1,suspicious activity,52.212335,0.136079
177,2025-01,T1,suspicious activity,52.214399,0.129825
178,2025-01,T1,suspicious activity,52.212335,0.136079
179,2025-01,T1,physical assault,52.210801,0.133386
180,2025-01,T1,physical assault,52.211399,0.131658
181,2025-01,T1,physical assault,52.214399,0.129825
182,2025-01,T1,vandalism,52.224349,0.108543
183,2025-01,T1,vandalism,52.224349,0.108543
184,2025-01,T1,harassment,52.221035,0.108343
185,2025-01,T1,harassment,52.221035,0.108343
186,2025-01,T1,physical assault,52.224349,0.108543
187,2025-01,T1,physical assault,52.224349,0.108543
188,2025-01,T1,suspicious activity,52.223956,0.09933
189,2025-01,T1,suspicious activity,52.223956,0.09933
190,2025-01,T1,suspicious activity,52.223956,0.09933
191,2025-01,T1,suspicious activity,52.223956,0.09933
192,2025-01,T1,suspicious activity,52.223956,0.09933
193,2025-01,T1,suspicious activity,52.223956,0.09933
194,2025-01,T1,suspicious activity,52.223956,0.09933
195,2025-01,T1,suspicious activity,52.223956,0.09933
196,2025-01,T1,suspicious activity,52.223956,0.09933
197,2025-01,T1,suspicious activity,52.223956,0.09933
198,2025-01,T1,physical assault,52.223956,0.09933
199,2025-01,T1,harassment,52.22294,0.095285
200,2025-01,T1,physical assault,52.22294,0.095285
201,2025-01,T1,physical assault,52.223956,0.09933
202,2025-01,T1,physical assault,52.223675,0.099463
203,2025-01,T1,harassment,52.218248,0.088066
204,2025-01,T1,robbery,52.218061,0.087643
205,2025-01,T1,physical assault,52.218536,0.086891
206,2025-01,T1,physical assault,52.219342,0.086727
207,2025-01,T1,vandalism,52.218251,0.103116
208,2025-01,T1,vandalism,52.214365,0.090007
209,2025-01,T1,robbery,52.214225,0.098929
210,2025-01,T1,physical assault,52.217991,0.084321
211,2025-01,T1,suspicious activity,52.211025,0.11346
212,2025-01,T1,suspicious activity,52.206444,0.118219
213,2025-01,T1,suspicious activity,52.212462,0.109471
214,2025-01,T1,suspicious activity,52.214025,0.111626
215,2025-01,T1,vandalism,52.215823,0.11016
216,2025-01,T1,vandalism,52.207966,0.118072
217,2025-01,T1,vandalism,52.215823,0.11016
218,2025-01,T1,physical assault,52.215823,0.11016
219,2025-01,T1,physical assault,52.207966,0.118072
220,2025-01,T1,physical assault,52.215823,0.11016
221,2025-01,T1,physical assault,52.210445,0.115769
222,2025-01,T1,physical assault,52.215155,0.109821
223,2025-01,T1,physical assault,52.212589,0.104942
224,2025-01,T1,physical assault,52.215823,0.11016
225,2025-01,T1,suspicious activity,52.208577,0.143978
226,2025-01,T1,suspicious activity,52.208484,0.141193
227,2025-01,T1,suspicious activity,52.207891,0.146097
228,2025-01,T1,suspicious activity,52.208484,0.141193
229,2025-01,T1,suspicious activity,52.209663,0.141601
230,2025-01,T1,vandalism,52.21159,0.145456
231,2025-01,T1,vandalism,52.211411,0.143427
232,2025-01,T1,vandalism,52.208484,0.141193
233,2025-01,T1,physical assault,52.208484,0.141193
234,2025-01,T1,harassment,52.209787,0.145932
235,2025-01,T1,harassment,52.208577,0.143978
236,2025-01,T1,physical assault,52.208577,0.143978
237,2025-01,T1,physical assault,52.208484,0.141193
238,2025-01,T1,physical assault,52.208484,0.141193
239,2025-01,T1,physical assault,52.210641,0.142717
240,2025-01,T1,physical assault,52.211158,0.141512
241,2025-01,T1,physical assault,52.208484,0.141193
242,2025-01,T1,suspicious activity,52.213857,0.164083
243,2025-01,T1,vandalism,52.214774,0.165064
244,2025-01,T1,vandalism,52.21781,0.162328
245,2025-01,T1,vandalism,52.21781,0.162328
246,2025-01,T1,vandalism,52.21781,0.162328
247,2025-01,T1,physical assault,52.21781,0.162328
248,2025-01,T1,physical assault,52.213857,0.164083
249,2025-01,T1,physical assault,52.21781,0.162328
250,2025-01,T1,physical assault,52.213857,0.164083
251,2025-01,T1,physical assault,52.213857,0.164083
252,2025-01,T1,physical assault,52.21731,0.162113
253,2025-01,T1,physical assault,52.21731,0.162113
254,2025-01,T1,physical assault,52.213857,0.164083
255,2025-01,T1,physical assault,52.213857,0.164083
256,2025-01,T1,physical assault,52.213857,0.164083
257,2025-01,T1,suspicious activity,52.211161,0.157101
258,2025-01,T1,suspicious activity,52.211583,0.157649
259,2025-01,T1,suspicious activity,52.214272,0.150723
260,2025-01,T1,vandalism,52.215389,0.155535
261,2025-01,T1,vandalism,52.215859,0.158354
262,2025-01,T1,vandalism,52.211711,0.147203
263,2025-01,T1,harassment,52.212508,0.15178
264,2025-01,T1,harassment,52.212508,0.15178
265,2025-01,T1,physical assault,52.21074,0.157037
266,2025-01,T1,physical assault,52.208923,0.155075
267,2025-01,T1,physical assault,52.211711,0.147203
268,2025-01,T1,physical assault,52.214904,0.158483
269,2025-01,T1,physical assault,52.215859,0.158354
270,2025-01,T1,physical assault,52.21548,0.156491
271,2025-01,T1,physical assault,52.211711,0.147203
272,2025-01,T1,suspicious activity,52.213238,0.163042
273,2025-01,T1,vandalism,52.215226,0.162466
274,2025-01,T1,harassment,52.209925,0.165209
275,2025-01,T1,physical assault,52.209934,0.162238
276,2025-01,T1,physical assault,52.209925,0.165209
277,2025-01,T1,physical assault,52.209934,0.162238
278,2025-01,T1,physical assault,52.209934,0.162238
279,2025-01,T1,physical assault,52.207929,0.164687
280,2025-01,T1,physical assault,52.209619,0.157875
281,2025-01,T1,suspicious activity,52.206982,0.136218
282,2025-01,T1,suspicious activity,52.206593,0.133474
283,2025-01,T1,suspicious activity,52.207109,0.135185
284,2025-01,T1,suspicious activity,52.208141,0.129804
285,2025-01,T1,suspicious activity,52.207109,0.135185
286,2025-01,T1,suspicious activity,52.207109,0.135185
287,2025-01,T1,suspicious activity,52.206712,0.130292
288,2025-01,T1,vandalism,52.207777,0.135524
289,2025-01,T1,vandalism,52.207489,0.1321
290,2025-01,T1,vandalism,52.207804,0.136038
291,2025-01,T1,vandalism,52.207109,0.135185
292,2025-01,T1,vandalism,52.206593,0.133474
293,2025-01,T1,harassment,52.207109,0.135185
294,2025-01,T1,harassment,52.208071,0.134704
295,2025-01,T1,harassment,52.208553,0.131887
296,2025-01,T1,physical assault,52.208553,0.131887
297,2025-01,T1,physical assault,52.207489,0.1321
298,2025-01,T1,physical assault,52.206712,0.130292
299,2025-01,T1,physical assault,52.206593,0.133474
300,2025-01,T1,physical assault,52.206593,0.133474
301,2025-01,T1,suspicious activity,52.198264,0.112547
302,2025-01,T1,harassment,52.195108,0.109515
303,2025-01,T1,physical assault,52.195674,0.110551
304,2025-01,T1,physical assault,52.196263,0.104243
305,2025-01,T1,physical assault,52.195997,0.109572
306,2025-01,T1,suspicious activity,52.206447,0.120517
307,2025-01,T1,suspicious activity,52.20532,0.123983
308,2025-01,T1,suspicious activity,52.206635,0.119077
309,2025-01,T1,suspicious activity,52.205622,0.118912
310,2025-01,T1,suspicious activity,52.205622,0.118912
311,2025-01,T1,suspicious activity,52.205622,0.118912
312,2025-01,T1,suspicious activity,52.208396,0.122688
313,2025-01,T1,vandalism,52.207382,0.124074
314,2025-01,T1,vandalism,52.2071,0.119758
315,2025-01,T1,vandalism,52.207382,0.124074
316,2025-01,T1,harassment,52.20844,0.119704
317,2025-01,T1,harassment,52.207111,0.125627
318,2025-01,T1,harassment,52.205386,0.124037
319,2025-01,T1,harassment,52.2071,0.119758
320,2025-01,T1,harassment,52.206447,0.120517
321,2025-01,T1,harassment,52.207515,0.127125
322,2025-01,T1,robbery,52.205622,0.118912
323,2025-01,T1,physical assault,52.205622,0.118912
324,2025-01,T1,physical assault,52.207111,0.125627
325,2025-01,T1,physical assault,52.206447,0.120517
326,2025-01,T1,physical assault,52.206447,0.120517
327,2025-01,T1,physical assault,52.20844,0.119704
328,2025-01,T1,physical assault,52.206447,0.120517
329,2025-01,T1,physical assault,52.206447,0.120517
330,2025-01,T1,physical assault,52.20844,0.119704
331,2025-01,T1,physical assault,52.206447,0.120517
332,2025-01,T1,physical assault,52.209422,0.119092
333,2025-01,T1,physical assault,52.206447,0.120517
334,2025-01,T1,physical assault,52.206447,0.120517
335,2025-01,T1,physical assault,52.206635,0.119077
336,2025-01,T1,physical assault,52.206447,0.120517
337,2025-01,T1,physical assault,52.206447,0.120517
338,2025-01,T1,physical assault,52.210019,0.117891
339,2025-01,T1,physical assault,52.205386,0.124037
340,2025-01,T1,physical assault,52.206447,0.120517
341,2025-01,T1,suspicious activity,52.211196,0.098874
342,2025-01,T1,suspicious activity,52.199871,0.096585
343,2025-01,T1,harassment,52.198504,0.099495
344,2025-01,T1,harassment,52.20433,0.11724
345,2025-01,T1,physical assault,52.200386,0.109531
346,2025-01,T1,physical assault,52.209766,0.095323
347,2025-01,T1,physical assault,52.20903,0.090195
348,2025-01,T1,suspicious activity,52.206455,0.121103
349,2025-01,T1,suspicious activity,52.204215,0.121172
350,2025-01,T1,suspicious activity,52.204215,0.121172
351,2025-01,T1,suspicious activity,52.204215,0.121172
352,2025-01,T1,suspicious activity,52.204215,0.121172
353,2025-01,T1,suspicious activity,52.203629,0.120719
354,2025-01,T1,suspicious activity,52.204536,0.117821
355,2025-01,T1,suspicious activity,52.204215,0.121172
356,2025-01,T1,suspicious activity,52.201421,0.125173
357,2025-01,T1,suspicious activity,52.203097,0.121806
358,2025-01,T1,suspicious activity,52.204215,0.121172
359,2025-01,T1,suspicious activity,52.204215,0.121172
360,2025-01,T1,suspicious activity,52.204372,0.119408
361,2025-01,T1,suspicious activity,52.1984,0.121524
362,2025-01,T1,suspicious activity,52.199366,0.127262
363,2025-01,T1,suspicious activity,52.199366,0.127262
364,2025-01,T1,suspicious activity,52.204215,0.121172
365,2025-01,T1,vandalism,52.203247,0.130463
366,2025-01,T1,vandalism,52.204215,0.121172
367,2025-01,T1,vandalism,52.203247,0.130463
368,2025-01,T1,vandalism,52.200939,0.125816
369,2025-01,T1,vandalism,52.204215,0.121172
370,2025-01,T1,vandalism,52.203995,0.11838
371,2025-01,T1,physical assault,52.204215,0.121172
372,2025-01,T1,physical assault,52.204215,0.121172
373,2025-01,T1,physical assault,52.204662,0.125774
374,2025-01,T1,physical assault,52.205594,0.133429
375,2025-01,T1,physical assault,52.204372,0.119408
376,2025-01,T1,harassment,52.204812,0.121976
377,2025-01,T1,harassment,52.204177,0.130756
378,2025-01,T1,harassment,52.204215,0.121172
379,2025-01,T1,harassment,52.203097,0.121806
380,2025-01,T1,harassment,52.203097,0.121806
381,2025-01,T1,harassment,52.204215,0.121172
382,2025-01,T1,harassment,52.204215,0.121172
383,2025-01,T1,harassment,52.203247,0.130463
384,2025-01,T1,harassment,52.203097,0.121806
385,2025-01,T1,harassment,52.204215,0.121172
386,2025-01,T1,harassment,52.204215,0.121172
387,2025-01,T1,harassment,52.204812,0.121976
388,2025-01,T1,harassment,52.204215,0.121172
389,2025-01,T1,harassment,52.20082,0.12941
390,2025-01,T1,harassment,52.203247,0.130463
391,2025-01,T1,physical assault,52.204372,0.119408
392,2025-01,T1,physical assault,52.203097,0.121806
393,2025-01,T1,physical assault,52.203247,0.130463
394,2025-01,T1,physical assault,52.204215,0.121172
395,2025-01,T1,physical assault,52.203247,0.130463
396,2025-01,T1,physical assault,52.205594,0.133429
397,2025-01,T1,physical assault,52.203247,0.130463
398,2025-01,T1,physical assault,52.200939,0.125816
399,2025-01,T1,physical assault,52.203523,0.124124
400,2025-01,T1,physical assault,52.201058,0.126172
401,2025-01,T1,physical assault,52.203247,0.130463
402,2025-01,T1,physical assault,52.203523,0.124124
403,2025-01,T1,physical assault,52.204372,0.119408
404,2025-01,T1,physical assault,52.20446,0.118051
405,2025-01,T1,physical assault,52.203523,0.124124
406,2025-01,T1,physical assault,52.199366,0.127262
407,2025-01,T1,physical assault,52.205594,0.133429
408,2025-01,T1,physical assault,52.203523,0.124124
409,2025-01,T1,physical assault,52.204812,0.121976
410,2025-01,T1,physical assault,52.204215,0.121172
411,2025-01,T1,physical assault,52.201421,0.125173
412,2025-01,T1,physical assault,52.203097,0.121806
413,2025-01,T1,physical assault,52.204812,0.121976
414,2025-01,T1,physical assault,52.203523,0.124124
415,2025-01,T1,physical assault,52.20533,0.12364
416,2025-01,T1,physical assault,52.203011,0.125622
417,2025-01,T1,physical assault,52.203523,0.124124
418,2025-01,T1,physical assault,52.204215,0.121172
419,2025-01,T1,physical assault,52.199366,0.127262
420,2025-01,T1,physical assault,52.203523,0.124124
421,2025-01,T1,physical assault,52.200939,0.125816
422,2025-01,T1,physical assault,52.204372,0.119408
423,2025-01,T1,physical assault,52.201421,0.125173
424,2025-01,T1,physical assault,52.204812,0.121976
425,2025-01,T1,physical assault,52.204372,0.119408
426,2025-01,T1,physical assault,52.203097,0.121806
427,2025-01,T1,physical assault,52.204215,0.121172
428,2025-01,T1,physical assault,52.202989,0.126294
429,2025-01,T1,suspicious activity,52.19644,0.134468
430,2025-01,T1,vandalism,52.195307,0.136419
431,2025-01,T1,vandalism,52.195793,0.137905
432,2025-01,T1,harassment,52.195527,0.131235
433,2025-01,T1,harassment,52.195793,0.137905
434,2025-01,T1,harassment,52.194769,0.136334
435,2025-01,T1,harassment,52.195793,0.137905
436,2025-01,T1,harassment,52.194769,0.136334
437,2025-01,T1,physical assault,52.197361,0.129786
438,2025-01,T1,physical assault,52.195793,0.137905
439,2025-01,T1,physical assault,52.194769,0.136334
440,2025-01,T1,physical assault,52.197392,0.138479
441,2025-01,T1,physical assault,52.19578,0.134129
442,2025-01,T1,physical assault,52.195793,0.137905
443,2025-01,T1,physical assault,52.19578,0.134129
444,2025-01,T1,physical assault,52.195307,0.136419
445,2025-01,T1,suspicious activity,52.20199,0.13151
446,2025-01,T1,suspicious activity,52.20199,0.13151
447,2025-01,T1,suspicious activity,52.201337,0.130181
448,2025-01,T1,harassment,52.200443,0.134338
449,2025-01,T1,harassment,52.201583,0.131993
450,2025-01,T1,harassment,52.200443,0.134338
451,2025-01,T1,harassment,52.200443,0.134338
452,2025-01,T1,physical assault,52.20199,0.13151
453,2025-01,T1,physical assault,52.20199,0.13151
454,2025-01,T1,physical assault,52.20199,0.13151
455,2025-01,T1,physical assault,52.20199,0.13151
456,2025-01,T1,physical assault,52.200225,0.134986
457,2025-01,T1,physical assault,52.201568,0.134319
458,2025-01,T1,physical assault,52.200443,0.134338
459,2025-01,T1,physical assault,52.20199,0.13151
460,2025-01,T1,physical assault,52.20199,0.13151
461,2025-01,T1,suspicious activity,52.206689,0.141487
462,2025-01,T1,suspicious activity,52.20272,0.14216
463,2025-01,T1,vandalism,52.20676,0.138578
464,2025-01,T1,vandalism,52.20676,0.138578
465,2025-01,T1,harassment,52.207758,0.138582
466,2025-01,T1,robbery,52.206689,0.141487
467,2025-01,T1,robbery,52.206689,0.141487
468,2025-01,T1,physical assault,52.207616,0.139951
469,2025-01,T1,physical assault,52.203566,0.141659
470,2025-01,T1,physical assault,52.205344,0.138832
471,2025-01,T1,physical assault,52.207616,0.139951
472,2025-01,T1,physical assault,52.207758,0.138582
473,2025-01,T1,physical assault,52.205548,0.141418
474,2025-01,T1,physical assault,52.20676,0.138578
475,2025-01,T1,physical assault,52.203566,0.141659
476,2025-01,T1,physical assault,52.207758,0.138582
477,2025-01,T1,vandalism,52.202188,0.139281
478,2025-01,T1,physical assault,52.204478,0.143444
479,2025-01,T1,physical assault,52.204478,0.143444
480,2025-01,T1,physical assault,52.199957,0.140315
481,2025-01,T1,physical assault,52.204478,0.143444
482,2025-01,T1,physical assault,52.200807,0.140078
483,2025-01,T1,suspicious activity,52.203355,0.133453
484,2025-01,T1,suspicious activity,52.203904,0.136875
485,2025-01,T1,vandalism,52.205387,0.134429
486,2025-01,T1,physical assault,52.203355,0.133453
487,2025-01,T1,physical assault,52.203355,0.133453
488,2025-01,T1,physical assault,52.203355,0.133453
489,2025-01,T1,physical assault,52.199829,0.138962
490,2025-01,T1,suspicious activity,52.204017,0.152906
491,2025-01,T1,vandalism,52.204017,0.152906
492,2025-01,T1,physical assault,52.204133,0.146589
493,2025-01,T1,physical assault,52.200537,0.148991
494,2025-01,T1,suspicious activity,52.197608,0.145426
495,2025-01,T1,suspicious activity,52.199572,0.143706
496,2025-01,T1,suspicious activity,52.199572,0.143706
497,2025-01,T1,vandalism,52.199357,0.1427
498,2025-01,T1,vandalism,52.199035,0.147031
499,2025-01,T1,physical assault,52.197608,0.145426
500,2025-01,T1,physical assault,52.199035,0.147031
501,2025-01,T1,physical assault,52.200938,0.145235
502,2025-01,T1,vandalism,52.202367,0.152168
503,2025-01,T1,vandalism,52.199388,0.155799
504,2025-01,T1,vandalism,52.200648,0.152743
505,2025-01,T1,physical assault,52.197237,0.15492
506,2025-01,T1,physical assault,52.202367,0.152168
507,2025-01,T1,physical assault,52.197086,0.1538
508,2025-01,T1,suspicious activity,52.198095,0.153249
509,2025-01,T1,suspicious activity,52.19825,0.151135
510,2025-01,T1,physical assault,52.199292,0.150702
511,2025-01,T1,physical assault,52.198647,0.14909
512,2025-01,T1,suspicious activity,52.195963,0.141411
513,2025-01,T1,suspicious activity,52.196102,0.151558
514,2025-01,T1,vandalism,52.196149,0.14897
515,2025-01,T1,vandalism,52.196102,0.151558
516,2025-01,T1,physical assault,52.196102,0.151558
517,2025-01,T1,physical assault,52.196149,0.14897
518,2025-01,T1,suspicious activity,52.194376,0.145592
519,2025-01,T1,suspicious activity,52.19056,0.146813
520,2025-01,T1,suspicious activity,52.19056,0.146813
521,2025-01,T1,suspicious activity,52.19056,0.146813
522,2025-01,T1,suspicious activity,52.190083,0.152262
523,2025-01,T1,vandalism,52.19056,0.146813
524,2025-01,T1,vandalism,52.19056,0.146813
525,2025-01,T1,vandalism,52.194329,0.143776
526,2025-01,T1,vandalism,52.19056,0.146813
527,2025-01,T1,physical assault,52.19056,0.146813
528,2025-01,T1,harassment,52.19056,0.146813
529,2025-01,T1,harassment,52.19056,0.146813
530,2025-01,T1,physical assault,52.194329,0.143776
531,2025-01,T1,physical assault,52.190083,0.152262
532,2025-01,T1,physical assault,52.190083,0.152262
533,2025-01,T1,physical assault,52.19056,0.146813
534,2025-01,T1,suspicious activity,52.190593,0.158797
535,2025-01,T1,physical assault,52.193796,0.157182
536,2025-01,T1,physical assault,52.194007,0.161889
537,2025-01,T1,vandalism,52.186617,0.150997
538,2025-01,T1,physical assault,52.192391,0.150925
539,2025-01,T1,physical assault,52.192391,0.150925
540,2025-01,T1,physical assault,52.187179,0.153219
541,2025-01,T1,suspicious activity,52.190495,0.157256
542,2025-01,T1,suspicious activity,52.187565,0.158665
543,2025-01,T1,suspicious activity,52.190495,0.157256
544,2025-01,T1,suspicious activity,52.189233,0.160882
545,2025-01,T1,suspicious activity,52.189096,0.135331
546,2025-01,T1,physical assault,52.190164,0.136961
547,2025-01,T1,physical assault,52.190164,0.136961
548,2025-01,T1,physical assault,52.190164,0.136961
549,2025-01,T1,suspicious activity,52.190061,0.141595
550,2025-01,T1,physical assault,52.18823,0.146832
551,2025-01,T1,physical assault,52.189768,0.142386
552,2025-01,T1,physical assault,52.189534,0.14732
553,2025-01,T1,robbery,52.187422,0.162067
554,2025-01,T1,physical assault,52.185539,0.162268
555,2025-01,T1,physical assault,52.190226,0.165568
556,2025-01,T1,physical assault,52.190226,0.165568
557,2025-01,T1,physical assault,52.190226,0.165568
558,2025-01,T1,suspicious activity,52.182608,0.151916
559,2025-01,T1,vandalism,52.183212,0.150804
560,2025-01,T1,harassment,52.183212,0.150804
561,2025-01,T1,physical assault,52.183212,0.150804
562,2025-01,T1,physical assault,52.185654,0.149546
563,2025-01,T1,suspicious activity,52.182558,0.154619
564,2025-01,T1,suspicious activity,52.181663,0.159813
565,2025-01,T1,vandalism,52.182823,0.156388
566,2025-01,T1,vandalism,52.182823,0.156388
567,2025-01,T1,physical assault,52.182909,0.160005
568,2025-01,T1,physical assault,52.182446,0.160743
569,2025-01,T1,physical assault,52.183856,0.157915
570,2025-01,T1,physical assault,52.183856,0.157915
571,2025-01,T1,suspicious activity,52.185267,0.137383
572,2025-01,T1,suspicious activity,52.186036,0.142894
573,2025-01,T1,vandalism,52.187946,0.140206
574,2025-01,T1,vandalism,52.186307,0.133769
575,2025-01,T1,harassment,52.187946,0.140206
576,2025-01,T1,harassment,52.188097,0.137317
577,2025-01,T1,harassment,52.188097,0.137317
578,2025-01,T1,harassment,52.188097,0.137317
579,2025-01,T1,harassment,52.188097,0.137317
580,2025-01,T1,harassment,52.188097,0.137317
581,2025-01,T1,harassment,52.188097,0.137317
582,2025-01,T1,harassment,52.188097,0.137317
583,2025-01,T1,physical assault,52.186307,0.133769
584,2025-01,T1,suspicious activity,52.179151,0.144245
585,2025-01,T1,physical assault,52.179151,0.144245
586,2025-01,T1,vandalism,52.19752,0.126428
587,2025-01,T1,vandalism,52.199179,0.130648
588,2025-01,T1,vandalism,52.197767,0.127669
589,2025-01,T1,vandalism,52.19652,0.128546
590,2025-01,T1,vandalism,52.19652,0.128546
591,2025-01,T1,vandalism,52.19752,0.126428
592,2025-01,T1,vandalism,52.19652,0.128546
593,2025-01,T1,harassment,52.199179,0.130648
594,2025-01,T1,harassment,52.19676,0.129172
595,2025-01,T1,harassment,52.198821,0.129592
596,2025-01,T1,physical assault,52.196741,0.126757
597,2025-01,T1,physical assault,52.199179,0.130648
598,2025-01,T1,physical assault,52.197767,0.127669
599,2025-01,T1,physical assault,52.19652,0.128546
600,2025-01,T1,physical assault,52.199179,0.130648
601,2025-01,T1,physical assault,52.199179,0.130648
602,2025-01,T1,physical assault,52.199179,0.130648
603,2025-01,T1,harassment,52.193225,0.136216
604,2025-01,T1,physical assault,52.190238,0.132796
605,2025-01,T1,physical assault,52.193527,0.133422
606,2025-01,T1,physical assault,52.194644,0.134338
607,2025-01,T1,physical assault,52.192353,0.134003
608,2025-01,T1,physical assault,52.192245,0.134706
609,2025-01,T1,physical assault,52.193225,0.136216
610,2025-01,T1,physical assault,52.188817,0.128339
611,2025-01,T1,physical assault,52.188031,0.128535
612,2025-01,T1,vandalism,52.185951,0.124208
613,2025-01,T1,harassment,52.183303,0.121975
614,2025-01,T1,harassment,52.183303,0.121975
615,2025-01,T1,suspicious activity,52.231107,0.117328
616,2025-01,T1,harassment,52.229042,0.114594
617,2025-01,T1,harassment,52.229003,0.117272
618,2025-01,T1,physical assault,52.229042,0.114594
619,2025-01,T1,physical assault,52.228766,0.115957
620,2025-01,T1,vandalism,52.224518,0.16135
621,2025-01,T1,suspicious activity,52.229811,0.080467
622,2025-01,T1,suspicious activity,52.220896,0.088351
623,2025-01,T1,suspicious activity,52.223637,0.091452
624,2025-01,T1,physical assault,52.230662,0.086247
625,2025-01,T1,physical assault,52.182741,0.094067
626,2025-02,T1,suspicious activity,52.230579,0.132166
627,2025-02,T1,physical assault,52.22843,0.136618
628,2025-02,T1,physical assault,52.228813,0.13132
629,2025-02,T1,physical assault,52.228862,0.133124
630,2025-02,T1,physical assault,52.228862,0.133124
631,2025-02,T1,physical assault,52.22843,0.136618
632,2025-02,T1,physical assault,52.22843,0.136618
633,2025-02,T1,physical assault,52.228813,0.13132
634,2025-02,T1,physical assault,52.231891,0.132834
635,2025-02,T1,physical assault,52.230535,0.130114
636,2025-02,T1,physical assault,52.231891,0.132834
637,2025-02,T1,harassment,52.227077,0.145491
638,2025-02,T1,physical assault,52.227077,0.145491
639,2025-02,T1,suspicious activity,52.226437,0.138894
640,2025-02,T1,vandalism,52.226786,0.139511
641,2025-02,T1,vandalism,52.230802,0.135223
642,2025-02,T1,vandalism,52.226786,0.139511
643,2025-02,T1,vandalism,52.230802,0.135223
644,2025-02,T1,harassment,52.230802,0.135223
645,2025-02,T1,harassment,52.228238,0.138278
646,2025-02,T1,harassment,52.225454,0.139579
647,2025-02,T1,physical assault,52.225454,0.139579
648,2025-02,T1,physical assault,52.229879,0.138532
649,2025-02,T1,physical assault,52.230802,0.135223
650,2025-02,T1,physical assault,52.230747,0.135806
651,2025-02,T1,physical assault,52.230747,0.135806
652,2025-02,T1,physical assault,52.225699,0.13697
653,2025-02,T1,physical assault,52.227382,0.136392
654,2025-02,T1,physical assault,52.22783,0.137482
655,2025-02,T1,suspicious activity,52.228288,0.129055
656,2025-02,T1,suspicious activity,52.229139,0.123238
657,2025-02,T1,suspicious activity,52.228288,0.129055
658,2025-02,T1,vandalism,52.228288,0.129055
659,2025-02,T1,vandalism,52.228288,0.129055
660,2025-02,T1,physical assault,52.228854,0.126095
661,2025-02,T1,physical assault,52.228288,0.129055
662,2025-02,T1,physical assault,52.227835,0.127759
663,2025-02,T1,physical assault,52.227835,0.127759
664,2025-02,T1,physical assault,52.22505,0.127114
665,2025-02,T1,physical assault,52.227835,0.127759
666,2025-02,T1,physical assault,52.229139,0.123238
667,2025-02,T1,physical assault,52.228854,0.126095
668,2025-02,T1,physical assault,52.228288,0.129055
669,2025-02,T1,suspicious activity,52.231577,0.122183
670,2025-02,T1,vandalism,52.232179,0.12372
671,2025-02,T1,physical assault,52.231282,0.128583
672,2025-02,T1,harassment,52.231944,0.137211
673,2025-02,T1,physical assault,52.231944,0.137211
674,2025-02,T1,physical assault,52.231944,0.137211
675,2025-02,T1,physical assault,52.231944,0.137211
676,2025-02,T1,suspicious activity,52.217598,0.111957
677,2025-02,T1,suspicious activity,52.215335,0.112274
678,2025-02,T1,vandalism,52.217598,0.111957
679,2025-02,T1,vandalism,52.220294,0.111339
680,2025-02,T1,vandalism,52.219314,0.110766
681,2025-02,T1,harassment,52.220294,0.111339
682,2025-02,T1,harassment,52.220294,0.111339
683,2025-02,T1,physical assault,52.215335,0.112274
684,2025-02,T1,physical assault,52.219314,0.110766
685,2025-02,T1,physical assault,52.219314,0.110766
686,2025-02,T1,suspicious activity,52.215346,0.117691
687,2025-02,T1,suspicious activity,52.213686,0.116514
688,2025-02,T1,vandalism,52.215346,0.117691
689,2025-02,T1,harassment,52.21468,0.118713
690,2025-02,T1,physical assault,52.215346,0.117691
691,2025-02,T1,physical assault,52.214692,0.118055
692,2025-02,T1,physical assault,52.215346,0.117691
693,2025-02,T1,physical assault,52.213686,0.116514
694,2025-02,T1,physical assault,52.215346,0.117691
695,2025-02,T1,physical assault,52.228161,0.111111
696,2025-02,T1,harassment,52.224428,0.116673
697,2025-02,T1,physical assault,52.228161,0.111111
698,2025-02,T1,physical assault,52.229536,0.11062
699,2025-02,T1,physical assault,52.227584,0.114715
700,2025-02,T1,suspicious activity,52.230061,0.11915
701,2025-02,T1,suspicious activity,52.230061,0.11915
702,2025-02,T1,suspicious activity,52.230061,0.11915
703,2025-02,T1,vandalism,52.230061,0.11915
704,2025-02,T1,vandalism,52.230061,0.11915
705,2025-02,T1,vandalism,52.226546,0.122397
706,2025-02,T1,physical assault,52.226817,0.12137
707,2025-02,T1,physical assault,52.22626,0.119806
708,2025-02,T1,physical assault,52.22626,0.119806
709,2025-02,T1,physical assault,52.22626,0.119806
710,2025-02,T1,harassment,52.220331,0.115
711,2025-02,T1,physical assault,52.22219,0.118148
712,2025-02,T1,physical assault,52.22219,0.118148
713,2025-02,T1,vandalism,52.224961,0.119583
714,2025-02,T1,physical assault,52.225339,0.124565
715,2025-02,T1,suspicious activity,52.22584,0.151487
716,2025-02,T1,suspicious activity,52.225275,0.152368
717,2025-02,T1,suspicious activity,52.22584,0.151487
718,2025-02,T1,suspicious activity,52.225275,0.152368
719,2025-02,T1,suspicious activity,52.223713,0.148848
720,2025-02,T1,suspicious activity,52.225275,0.152368
721,2025-02,T1,suspicious activity,52.222864,0.149015
722,2025-02,T1,suspicious activity,52.225275,0.152368
723,2025-02,T1,vandalism,52.223718,0.151487
724,2025-02,T1,vandalism,52.225899,0.149704
725,2025-02,T1,harassment,52.223135,0.148428
726,2025-02,T1,harassment,52.227778,0.151727
727,2025-02,T1,physical assault,52.225275,0.152368
728,2025-02,T1,physical assault,52.226291,0.145945
729,2025-02,T1,suspicious activity,52.221957,0.15925
730,2025-02,T1,suspicious activity,52.219484,0.150419
731,2025-02,T1,suspicious activity,52.22122,0.157764
732,2025-02,T1,vandalism,52.219484,0.150419
733,2025-02,T1,physical assault,52.222089,0.149563
734,2025-02,T1,physical assault,52.222089,0.149563
735,2025-02,T1,physical assault,52.221401,0.154274
736,2025-02,T1,physical assault,52.222089,0.149563
737,2025-02,T1,physical assault,52.222089,0.149563
738,2025-02,T1,physical assault,52.221665,0.156556
739,2025-02,T1,physical assault,52.219484,0.150419
740,2025-02,T1,physical assault,52.222089,0.149563
741,2025-02,T1,suspicious activity,52.221307,0.141166
742,2025-02,T1,suspicious activity,52.218903,0.133876
743,2025-02,T1,harassment,52.2216,0.143844
744,2025-02,T1,physical assault,52.220584,0.136387
745,2025-02,T1,physical assault,52.220584,0.136387
746,2025-02,T1,physical assault,52.2216,0.143844
747,2025-02,T1,physical assault,52.218903,0.133876
748,2025-02,T1,physical assault,52.221307,0.141166
749,2025-02,T1,physical assault,52.2216,0.143844
750,2025-02,T1,suspicious activity,52.220806,0.144963
751,2025-02,T1,suspicious activity,52.220806,0.144963
752,2025-02,T1,vandalism,52.220806,0.144963
753,2025-02,T1,vandalism,52.223197,0.145517
754,2025-02,T1,physical assault,52.223197,0.145517
755,2025-02,T1,physical assault,52.221363,0.143028
756,2025-02,T1,physical assault,52.221535,0.146433
757,2025-02,T1,physical assault,52.220806,0.144963
758,2025-02,T1,physical assault,52.220209,0.143177
759,2025-02,T1,suspicious activity,52.212386,0.13775
760,2025-02,T1,physical assault,52.216845,0.142283
761,2025-02,T1,physical assault,52.215086,0.141057
762,2025-02,T1,suspicious activity,52.218965,0.144332
763,2025-02,T1,vandalism,52.218965,0.144332
764,2025-02,T1,vandalism,52.218479,0.147354
765,2025-02,T1,physical assault,52.219307,0.142329
766,2025-02,T1,physical assault,52.217889,0.140694
767,2025-02,T1,physical assault,52.218965,0.144332
768,2025-02,T1,physical assault,52.218479,0.147354
769,2025-02,T1,physical assault,52.218965,0.144332
770,2025-02,T1,suspicious activity,52.224153,0.133952
771,2025-02,T1,suspicious activity,52.221955,0.132178
772,2025-02,T1,physical assault,52.223358,0.132157
773,2025-02,T1,physical assault,52.224153,0.133952
774,2025-02,T1,harassment,52.219663,0.123635
775,2025-02,T1,suspicious activity,52.219264,0.132298
776,2025-02,T1,vandalism,52.215762,0.13254
777,2025-02,T1,harassment,52.219264,0.132298
778,2025-02,T1,harassment,52.217347,0.131913
779,2025-02,T1,physical assault,52.216401,0.13055
780,2025-02,T1,physical assault,52.219264,0.132298
781,2025-02,T1,physical assault,52.215475,0.134488
782,2025-02,T1,physical assault,52.215762,0.13254
783,2025-02,T1,suspicious activity,52.213852,0.125803
784,2025-02,T1,suspicious activity,52.214536,0.126758
785,2025-02,T1,suspicious activity,52.214999,0.127497
786,2025-02,T1,suspicious activity,52.214999,0.127497
787,2025-02,T1,suspicious activity,52.214032,0.1218
788,2025-02,T1,suspicious activity,52.213852,0.125803
789,2025-02,T1,suspicious activity,52.214032,0.1218
790,2025-02,T1,harassment,52.214281,0.122954
791,2025-02,T1,harassment,52.214705,0.124822
792,2025-02,T1,harassment,52.214999,0.127497
793,2025-02,T1,physical assault,52.214281,0.122954
794,2025-02,T1,physical assault,52.216518,0.123061
795,2025-02,T1,suspicious activity,52.219851,0.109165
796,2025-02,T1,suspicious activity,52.219851,0.109165
797,2025-02,T1,vandalism,52.21934,0.108057
798,2025-02,T1,physical assault,52.224349,0.108543
799,2025-02,T1,suspicious activity,52.223956,0.09933
800,2025-02,T1,suspicious activity,52.223956,0.09933
801,2025-02,T1,suspicious activity,52.223956,0.09933
802,2025-02,T1,vandalism,52.223956,0.09933
803,2025-02,T1,vandalism,52.223956,0.09933
804,2025-02,T1,physical assault,52.223956,0.09933
805,2025-02,T1,suspicious activity,52.21468,0.084429
806,2025-02,T1,suspicious activity,52.217193,0.088719
807,2025-02,T1,suspicious activity,52.21468,0.084429
808,2025-02,T1,suspicious activity,52.212462,0.109471
809,2025-02,T1,vandalism,52.212526,0.112975
810,2025-02,T1,physical assault,52.212778,0.110952
811,2025-02,T1,robbery,52.214025,0.111626
812,2025-02,T1,physical assault,52.207966,0.118072
813,2025-02,T1,physical assault,52.214025,0.111626
814,2025-02,T1,physical assault,52.212778,0.110952
815,2025-02,T1,suspicious activity,52.210641,0.142717
816,2025-02,T1,suspicious activity,52.210102,0.143188
817,2025-02,T1,vandalism,52.208484,0.141193
818,2025-02,T1,harassment,52.208577,0.143978
819,2025-02,T1,physical assault,52.211411,0.143427
820,2025-02,T1,physical assault,52.207891,0.146097
821,2025-02,T1,physical assault,52.208577,0.143978
822,2025-02,T1,physical assault,52.208484,0.141193
823,2025-02,T1,physical assault,52.210102,0.143188
824,2025-02,T1,suspicious activity,52.21781,0.162328
825,2025-02,T1,suspicious activity,52.217006,0.165465
826,2025-02,T1,suspicious activity,52.21731,0.162113
827,2025-02,T1,physical assault,52.21731,0.162113
828,2025-02,T1,suspicious activity,52.211711,0.147203
829,2025-02,T1,suspicious activity,52.214272,0.150723
830,2025-02,T1,suspicious activity,52.211711,0.147203
831,2025-02,T1,suspicious activity,52.214272,0.150723
832,2025-02,T1,vandalism,52.214009,0.14787
833,2025-02,T1,vandalism,52.211583,0.157649
834,2025-02,T1,physical assault,52.211583,0.157649
835,2025-02,T1,harassment,52.211711,0.147203
836,2025-02,T1,harassment,52.211711,0.147203
837,2025-02,T1,physical assault,52.215589,0.157887
838,2025-02,T1,physical assault,52.211161,0.157101
839,2025-02,T1,physical assault,52.214904,0.158483
840,2025-02,T1,physical assault,52.214012,0.154634
841,2025-02,T1,physical assault,52.211583,0.157649
842,2025-02,T1,suspicious activity,52.213238,0.163042
843,2025-02,T1,physical assault,52.215226,0.162466
844,2025-02,T1,physical assault,52.211938,0.160828
845,2025-02,T1,suspicious activity,52.209934,0.162238
846,2025-02,T1,suspicious activity,52.209925,0.165209
847,2025-02,T1,physical assault,52.209619,0.157875
848,2025-02,T1,physical assault,52.208013,0.160593
849,2025-02,T1,physical assault,52.208013,0.160593
850,2025-02,T1,suspicious activity,52.204911,0.132942
851,2025-02,T1,suspicious activity,52.206324,0.127873
852,2025-02,T1,suspicious activity,52.209056,0.132921
853,2025-02,T1,suspicious activity,52.206593,0.133474
854,2025-02,T1,suspicious activity,52.206982,0.136218
855,2025-02,T1,suspicious activity,52.210274,0.136668
856,2025-02,T1,suspicious activity,52.208867,0.133469
857,2025-02,T1,vandalism,52.206982,0.136218
858,2025-02,T1,harassment,52.206907,0.130462
859,2025-02,T1,harassment,52.205866,0.129344
860,2025-02,T1,harassment,52.206982,0.136218
861,2025-02,T1,robbery,52.206593,0.133474
862,2025-02,T1,robbery,52.207067,0.129548
863,2025-02,T1,robbery,52.207109,0.135185
864,2025-02,T1,physical assault,52.206907,0.130462
865,2025-02,T1,physical assault,52.210274,0.136668
866,2025-02,T1,harassment,52.196036,0.108915
867,2025-02,T1,suspicious activity,52.205386,0.124037
868,2025-02,T1,suspicious activity,52.205622,0.118912
869,2025-02,T1,suspicious activity,52.20763,0.125754
870,2025-02,T1,suspicious activity,52.208396,0.122688
871,2025-02,T1,suspicious activity,52.205386,0.124037
872,2025-02,T1,suspicious activity,52.206635,0.119077
873,2025-02,T1,suspicious activity,52.205622,0.118912
874,2025-02,T1,suspicious activity,52.205386,0.124037
875,2025-02,T1,suspicious activity,52.206447,0.120517
876,2025-02,T1,suspicious activity,52.205622,0.118912
877,2025-02,T1,suspicious activity,52.2055,0.118203
878,2025-02,T1,suspicious activity,52.205622,0.118912
879,2025-02,T1,vandalism,52.209938,0.120434
880,2025-02,T1,vandalism,52.205622,0.118912
881,2025-02,T1,vandalism,52.20763,0.125754
882,2025-02,T1,vandalism,52.210019,0.117891
883,2025-02,T1,physical assault,52.205622,0.118912
884,2025-02,T1,harassment,52.205622,0.118912
885,2025-02,T1,harassment,52.205622,0.118912
886,2025-02,T1,harassment,52.205622,0.118912
887,2025-02,T1,physical assault,52.206635,0.119077
888,2025-02,T1,physical assault,52.206447,0.120517
889,2025-02,T1,physical assault,52.208057,0.122042
890,2025-02,T1,physical assault,52.2055,0.118203
891,2025-02,T1,physical assault,52.205622,0.118912
892,2025-02,T1,physical assault,52.208396,0.122688
893,2025-02,T1,physical assault,52.206447,0.120517
894,2025-02,T1,physical assault,52.206447,0.120517
895,2025-02,T1,physical assault,52.205622,0.118912
896,2025-02,T1,physical assault,52.206781,0.118952
897,2025-02,T1,physical assault,52.205622,0.118912
898,2025-02,T1,physical assault,52.2071,0.119758
899,2025-02,T1,physical assault,52.205622,0.118912
900,2025-02,T1,physical assault,52.205622,0.118912
901,2025-02,T1,physical assault,52.205622,0.118912
902,2025-02,T1,physical assault,52.205622,0.118912
903,2025-02,T1,physical assault,52.206447,0.120517
904,2025-02,T1,physical assault,52.207515,0.127125
905,2025-02,T1,physical assault,52.206447,0.120517
906,2025-02,T1,physical assault,52.205622,0.118912
907,2025-02,T1,physical assault,52.200386,0.109531
908,2025-02,T1,physical assault,52.201759,0.109713
909,2025-02,T1,physical assault,52.202874,0.11748
910,2025-02,T1,physical assault,52.200978,0.105608
911,2025-02,T1,suspicious activity,52.199366,0.127262
912,2025-02,T1,suspicious activity,52.202989,0.126294
913,2025-02,T1,suspicious activity,52.204215,0.121172
914,2025-02,T1,suspicious activity,52.204812,0.121976
915,2025-02,T1,suspicious activity,52.206455,0.121103
916,2025-02,T1,suspicious activity,52.204215,0.121172
917,2025-02,T1,suspicious activity,52.203097,0.121806
918,2025-02,T1,suspicious activity,52.204812,0.121976
919,2025-02,T1,suspicious activity,52.199366,0.127262
920,2025-02,T1,suspicious activity,52.204215,0.121172
921,2025-02,T1,suspicious activity,52.201421,0.125173
922,2025-02,T1,suspicious activity,52.204812,0.121976
923,2025-02,T1,suspicious activity,52.203011,0.125622
924,2025-02,T1,suspicious activity,52.201421,0.125173
925,2025-02,T1,suspicious activity,52.204812,0.121976
926,2025-02,T1,suspicious activity,52.204812,0.121976
927,2025-02,T1,suspicious activity,52.206455,0.121103
928,2025-02,T1,suspicious activity,52.204812,0.121976
929,2025-02,T1,vandalism,52.204812,0.121976
930,2025-02,T1,vandalism,52.1984,0.121524
931,2025-02,T1,vandalism,52.201421,0.125173
932,2025-02,T1,vandalism,52.20446,0.118051
933,2025-02,T1,vandalism,52.203523,0.124124
934,2025-02,T1,vandalism,52.204536,0.117821
935,2025-02,T1,vandalism,52.201421,0.125173
936,2025-02,T1,harassment,52.203523,0.124124
937,2025-02,T1,harassment,52.199366,0.127262
938,2025-02,T1,harassment,52.203247,0.130463
939,2025-02,T1,harassment,52.203097,0.121806
940,2025-02,T1,harassment,52.203097,0.121806
941,2025-02,T1,harassment,52.204215,0.121172
942,2025-02,T1,harassment,52.203247,0.130463
943,2025-02,T1,harassment,52.204812,0.121976
944,2025-02,T1,harassment,52.203247,0.130463
945,2025-02,T1,harassment,52.203097,0.121806
946,2025-02,T1,harassment,52.203247,0.130463
947,2025-02,T1,harassment,52.203523,0.124124
948,2025-02,T1,harassment,52.203523,0.124124
949,2025-02,T1,harassment,52.20533,0.12364
950,2025-02,T1,harassment,52.203523,0.124124
951,2025-02,T1,harassment,52.203247,0.130463
952,2025-02,T1,harassment,52.203097,0.121806
953,2025-02,T1,harassment,52.203097,0.121806
954,2025-02,T1,harassment,52.203523,0.124124
955,2025-02,T1,robbery,52.201421,0.125173
956,2025-02,T1,physical assault,52.203247,0.130463
957,2025-02,T1,physical assault,52.203523,0.124124
958,2025-02,T1,physical assault,52.206455,0.121103
959,2025-02,T1,physical assault,52.200939,0.125816
960,2025-02,T1,physical assault,52.203523,0.124124
961,2025-02,T1,physical assault,52.204812,0.121976
962,2025-02,T1,physical assault,52.203247,0.130463
963,2025-02,T1,physical assault,52.204372,0.119408
964,2025-02,T1,physical assault,52.203247,0.130463
965,2025-02,T1,physical assault,52.204812,0.121976
966,2025-02,T1,physical assault,52.20533,0.12364
967,2025-02,T1,physical assault,52.203523,0.124124
968,2025-02,T1,physical assault,52.204812,0.121976
969,2025-02,T1,physical assault,52.204215,0.121172
970,2025-02,T1,physical assault,52.199366,0.127262
971,2025-02,T1,physical assault,52.203523,0.124124
972,2025-02,T1,physical assault,52.203247,0.130463
973,2025-02,T1,physical assault,52.204177,0.130756
974,2025-02,T1,physical assault,52.203247,0.130463
975,2025-02,T1,physical assault,52.203523,0.124124
976,2025-02,T1,physical assault,52.204372,0.119408
977,2025-02,T1,physical assault,52.203523,0.124124
978,2025-02,T1,physical assault,52.203011,0.125622
979,2025-02,T1,physical assault,52.203334,0.129106
980,2025-02,T1,physical assault,52.203247,0.130463
981,2025-02,T1,physical assault,52.199366,0.127262
982,2025-02,T1,physical assault,52.203247,0.130463
983,2025-02,T1,physical assault,52.203523,0.124124
984,2025-02,T1,physical assault,52.199366,0.127262
985,2025-02,T1,physical assault,52.204215,0.121172
986,2025-02,T1,suspicious activity,52.194769,0.136334
987,2025-02,T1,suspicious activity,52.195527,0.131235
988,2025-02,T1,harassment,52.197361,0.129786
989,2025-02,T1,harassment,52.195307,0.136419
990,2025-02,T1,physical assault,52.195979,0.136085
991,2025-02,T1,physical assault,52.195307,0.136419
992,2025-02,T1,suspicious activity,52.201583,0.131993
993,2025-02,T1,suspicious activity,52.200225,0.134986
994,2025-02,T1,vandalism,52.199242,0.135642
995,2025-02,T1,harassment,52.200443,0.134338
996,2025-02,T1,harassment,52.200225,0.134986
997,2025-02,T1,harassment,52.200443,0.134338
998,2025-02,T1,harassment,52.200443,0.134338
999,2025-02,T1,harassment,52.200443,0.134338
1000,2025-02,T1,physical assault,52.20199,0.13151
1001,2025-02,T1,physical assault,52.200225,0.134986
1002,2025-02,T1,physical assault,52.201583,0.131993
1003,2025-02,T1,physical assault,52.200443,0.134338
1004,2025-02,T1,physical assault,52.20199,0.13151
1005,2025-02,T1,physical assault,52.20199,0.13151
1006,2025-02,T1,physical assault,52.201568,0.134319
1007,2025-02,T1,physical assault,52.198807,0.13483
1008,2025-02,T1,physical assault,52.20199,0.13151
1009,2025-02,T1,harassment,52.204973,0.138434
1010,2025-02,T1,physical assault,52.204973,0.138434
1011,2025-02,T1,physical assault,52.207435,0.137527
1012,2025-02,T1,physical assault,52.205245,0.140788
1013,2025-02,T1,physical assault,52.207758,0.138582
1014,2025-02,T1,physical assault,52.205548,0.141418
1015,2025-02,T1,physical assault,52.205344,0.138832
1016,2025-02,T1,suspicious activity,52.20641,0.144986
1017,2025-02,T1,suspicious activity,52.199586,0.140458
1018,2025-02,T1,suspicious activity,52.199586,0.140458
1019,2025-02,T1,suspicious activity,52.199586,0.140458
1020,2025-02,T1,suspicious activity,52.199586,0.140458
1021,2025-02,T1,suspicious activity,52.202188,0.139281
1022,2025-02,T1,physical assault,52.205917,0.145402
1023,2025-02,T1,suspicious activity,52.203458,0.132741
1024,2025-02,T1,suspicious activity,52.201118,0.136785
1025,2025-02,T1,suspicious activity,52.200861,0.137109
1026,2025-02,T1,suspicious activity,52.203458,0.132741
1027,2025-02,T1,suspicious activity,52.199829,0.138962
1028,2025-02,T1,harassment,52.205387,0.134429
1029,2025-02,T1,physical assault,52.203904,0.136875
1030,2025-02,T1,physical assault,52.203904,0.136875
1031,2025-02,T1,physical assault,52.199829,0.138962
1032,2025-02,T1,physical assault,52.205387,0.134429
1033,2025-02,T1,physical assault,52.203355,0.133453
1034,2025-02,T1,suspicious activity,52.20207,0.148758
1035,2025-02,T1,suspicious activity,52.204133,0.146589
1036,2025-02,T1,harassment,52.206339,0.151315
1037,2025-02,T1,physical assault,52.20207,0.148758
1038,2025-02,T1,physical assault,52.204133,0.146589
1039,2025-02,T1,physical assault,52.200537,0.148991
1040,2025-02,T1,physical assault,52.200537,0.148991
1041,2025-02,T1,physical assault,52.204133,0.146589
1042,2025-02,T1,suspicious activity,52.200152,0.145446
1043,2025-02,T1,suspicious activity,52.200938,0.145235
1044,2025-02,T1,harassment,52.197608,0.145426
1045,2025-02,T1,harassment,52.197608,0.145426
1046,2025-02,T1,harassment,52.197608,0.145426
1047,2025-02,T1,robbery,52.198482,0.143814
1048,2025-02,T1,robbery,52.198482,0.143814
1049,2025-02,T1,physical assault,52.200938,0.145235
1050,2025-02,T1,physical assault,52.198482,0.143814
1051,2025-02,T1,physical assault,52.197608,0.145426
1052,2025-02,T1,physical assault,52.200938,0.145235
1053,2025-02,T1,suspicious activity,52.201006,0.156302
1054,2025-02,T1,vandalism,52.202367,0.152168
1055,2025-02,T1,vandalism,52.199388,0.155799
1056,2025-02,T1,vandalism,52.195573,0.153961
1057,2025-02,T1,physical assault,52.201006,0.156302
1058,2025-02,T1,harassment,52.19609,0.155683
1059,2025-02,T1,harassment,52.198458,0.156998
1060,2025-02,T1,robbery,52.201557,0.161597
1061,2025-02,T1,physical assault,52.201006,0.156302
1062,2025-02,T1,physical assault,52.199388,0.155799
1063,2025-02,T1,physical assault,52.199388,0.155799
1064,2025-02,T1,physical assault,52.201433,0.153103
1065,2025-02,T1,physical assault,52.199388,0.155799
1066,2025-02,T1,vandalism,52.198096,0.142815
1067,2025-02,T1,vandalism,52.19825,0.151135
1068,2025-02,T1,physical assault,52.199168,0.147125
1069,2025-02,T1,physical assault,52.199168,0.147125
1070,2025-02,T1,suspicious activity,52.196102,0.151558
1071,2025-02,T1,suspicious activity,52.195963,0.141411
1072,2025-02,T1,suspicious activity,52.196149,0.14897
1073,2025-02,T1,physical assault,52.196102,0.151558
1074,2025-02,T1,suspicious activity,52.191929,0.148664
1075,2025-02,T1,suspicious activity,52.194329,0.143776
1076,2025-02,T1,suspicious activity,52.19056,0.146813
1077,2025-02,T1,physical assault,52.193309,0.143961
1078,2025-02,T1,physical assault,52.19056,0.146813
1079,2025-02,T1,vandalism,52.191975,0.15645
1080,2025-02,T1,harassment,52.194362,0.156727
1081,2025-02,T1,physical assault,52.193796,0.157182
1082,2025-02,T1,physical assault,52.193072,0.156503
1083,2025-02,T1,physical assault,52.193796,0.157182
1084,2025-02,T1,physical assault,52.193796,0.157182
1085,2025-02,T1,vandalism,52.187179,0.153219
1086,2025-02,T1,vandalism,52.187179,0.153219
1087,2025-02,T1,harassment,52.191743,0.153937
1088,2025-02,T1,harassment,52.191655,0.154313
1089,2025-02,T1,physical assault,52.192391,0.150925
1090,2025-02,T1,suspicious activity,52.187565,0.158665
1091,2025-02,T1,suspicious activity,52.187014,0.156839
1092,2025-02,T1,suspicious activity,52.190495,0.157256
1093,2025-02,T1,vandalism,52.186953,0.160172
1094,2025-02,T1,physical assault,52.189233,0.160882
1095,2025-02,T1,harassment,52.187749,0.160883
1096,2025-02,T1,suspicious activity,52.190567,0.137011
1097,2025-02,T1,suspicious activity,52.189096,0.135331
1098,2025-02,T1,suspicious activity,52.190567,0.137011
1099,2025-02,T1,vandalism,52.189096,0.135331
1100,2025-02,T1,vandalism,52.191299,0.1363
1101,2025-02,T1,vandalism,52.195126,0.141458
1102,2025-02,T1,harassment,52.190164,0.136961
1103,2025-02,T1,physical assault,52.191532,0.138842
1104,2025-02,T1,physical assault,52.190164,0.136961
1105,2025-02,T1,physical assault,52.191801,0.140362
1106,2025-02,T1,physical assault,52.190164,0.136961
1107,2025-02,T1,physical assault,52.190164,0.136961
1108,2025-02,T1,physical assault,52.188904,0.1429
1109,2025-02,T1,physical assault,52.192935,0.146723
1110,2025-02,T1,physical assault,52.190226,0.165568
1111,2025-02,T1,physical assault,52.184824,0.161517
1112,2025-02,T1,suspicious activity,52.18108,0.151842
1113,2025-02,T1,suspicious activity,52.183212,0.150804
1114,2025-02,T1,vandalism,52.182608,0.151916
1115,2025-02,T1,physical assault,52.18108,0.151842
1116,2025-02,T1,suspicious activity,52.182558,0.154619
1117,2025-02,T1,suspicious activity,52.182558,0.154619
1118,2025-02,T1,suspicious activity,52.182558,0.154619
1119,2025-02,T1,suspicious activity,52.183754,0.155116
1120,2025-02,T1,suspicious activity,52.183754,0.155116
1121,2025-02,T1,physical assault,52.179739,0.158813
1122,2025-02,T1,vandalism,52.187946,0.140206
1123,2025-02,T1,vandalism,52.187946,0.140206
1124,2025-02,T1,harassment,52.187946,0.140206
1125,2025-02,T1,harassment,52.188097,0.137317
1126,2025-02,T1,harassment,52.188097,0.137317
1127,2025-02,T1,physical assault,52.180635,0.145662
1128,2025-02,T1,suspicious activity,52.19605,0.125685
1129,2025-02,T1,suspicious activity,52.197767,0.127669
1130,2025-02,T1,suspicious activity,52.195272,0.126423
1131,2025-02,T1,suspicious activity,52.19676,0.129172
1132,2025-02,T1,suspicious activity,52.19676,0.129172
1133,2025-02,T1,suspicious activity,52.19676,0.129172
1134,2025-02,T1,harassment,52.195272,0.126423
1135,2025-02,T1,harassment,52.19676,0.129172
1136,2025-02,T1,harassment,52.19676,0.129172
1137,2025-02,T1,physical assault,52.198821,0.129592
1138,2025-02,T1,physical assault,52.197767,0.127669
1139,2025-02,T1,physical assault,52.196741,0.126757
1140,2025-02,T1,physical assault,52.19676,0.129172
1141,2025-02,T1,suspicious activity,52.190238,0.132796
1142,2025-02,T1,suspicious activity,52.193225,0.136216
1143,2025-02,T1,harassment,52.192353,0.134003
1144,2025-02,T1,physical assault,52.193771,0.13535
1145,2025-02,T1,physical assault,52.194644,0.134338
1146,2025-02,T1,physical assault,52.192245,0.134706
1147,2025-02,T1,physical assault,52.194644,0.134338
1148,2025-02,T1,physical assault,52.190238,0.132796
1149,2025-02,T1,physical assault,52.192353,0.134003
1150,2025-02,T1,physical assault,52.192245,0.134706
1151,2025-02,T1,vandalism,52.191793,0.128379
1152,2025-02,T1,harassment,52.190552,0.12788
1153,2025-02,T1,physical assault,52.190552,0.12788
1154,2025-02,T1,physical assault,52.191793,0.128379
1155,2025-02,T1,physical assault,52.188031,0.128535
1156,2025-02,T1,physical assault,52.191089,0.124029
1157,2025-02,T1,physical assault,52.179258,0.122426
1158,2025-02,T1,physical assault,52.1793,0.120556
1159,2025-02,T1,harassment,52.231107,0.117328
1160,2025-02,T1,physical assault,52.231035,0.116314
1161,2025-02,T1,physical assault,52.231035,0.116314
1162,2025-02,T1,physical assault,52.231035,0.116314
1163,2025-02,T1,physical assault,52.231035,0.116314
1164,2025-02,T1,physical assault,52.231035,0.116314
1165,2025-02,T1,physical assault,52.229003,0.117272
1166,2025-02,T1,vandalism,52.231336,0.114586
1167,2025-02,T1,physical assault,52.231336,0.114586
1168,2025-02,T1,vandalism,52.224518,0.16135
1169,2025-02,T1,physical assault,52.224518,0.16135
1170,2025-02,T1,physical assault,52.224518,0.16135
1171,2025-02,T1,suspicious activity,52.220896,0.088351
1172,2025-02,T1,vandalism,52.225875,0.089493
1173,2025-02,T1,vandalism,52.225875,0.089493
1174,2025-03,T1,harassment,52.230579,0.132166
1175,2025-03,T1,harassment,52.230579,0.132166
1176,2025-03,T1,physical assault,52.230535,0.130114
1177,2025-03,T1,physical assault,52.228813,0.13132
1178,2025-03,T1,physical assault,52.230535,0.130114
1179,2025-03,T1,physical assault,52.228065,0.133437
1180,2025-03,T1,suspicious activity,52.227077,0.145491
1181,2025-03,T1,suspicious activity,52.227077,0.145491
1182,2025-03,T1,vandalism,52.227734,0.142764
1183,2025-03,T1,harassment,52.227077,0.145491
1184,2025-03,T1,physical assault,52.227077,0.145491
1185,2025-03,T1,physical assault,52.227077,0.145491
1186,2025-03,T1,physical assault,52.227077,0.145491
1187,2025-03,T1,physical assault,52.227077,0.145491
1188,2025-03,T1,physical assault,52.227077,0.145491
1189,2025-03,T1,physical assault,52.227325,0.138556
1190,2025-03,T1,suspicious activity,52.230802,0.135223
1191,2025-03,T1,suspicious activity,52.229879,0.138532
1192,2025-03,T1,suspicious activity,52.227382,0.136392
1193,2025-03,T1,suspicious activity,52.22783,0.137482
1194,2025-03,T1,vandalism,52.229588,0.139675
1195,2025-03,T1,physical assault,52.229879,0.138532
1196,2025-03,T1,physical assault,52.231138,0.135547
1197,2025-03,T1,physical assault,52.228238,0.138278
1198,2025-03,T1,physical assault,52.229879,0.138532
1199,2025-03,T1,suspicious activity,52.22505,0.127114
1200,2025-03,T1,suspicious activity,52.230318,0.121698
1201,2025-03,T1,suspicious activity,52.228772,0.127628
1202,2025-03,T1,suspicious activity,52.229139,0.123238
1203,2025-03,T1,suspicious activity,52.229139,0.123238
1204,2025-03,T1,vandalism,52.228288,0.129055
1205,2025-03,T1,vandalism,52.226495,0.127754
1206,2025-03,T1,vandalism,52.229521,0.125512
1207,2025-03,T1,harassment,52.22584,0.126654
1208,2025-03,T1,physical assault,52.228854,0.126095
1209,2025-03,T1,physical assault,52.22584,0.126654
1210,2025-03,T1,physical assault,52.228288,0.129055
1211,2025-03,T1,physical assault,52.228854,0.126095
1212,2025-03,T1,physical assault,52.229521,0.125512
1213,2025-03,T1,physical assault,52.227835,0.127759
1214,2025-03,T1,physical assault,52.228288,0.129055
1215,2025-03,T1,physical assault,52.22505,0.127114
1216,2025-03,T1,physical assault,52.229139,0.123238
1217,2025-03,T1,physical assault,52.227835,0.127759
1218,2025-03,T1,suspicious activity,52.231577,0.122183
1219,2025-03,T1,physical assault,52.231577,0.122183
1220,2025-03,T1,suspicious activity,52.230987,0.129477
1221,2025-03,T1,suspicious activity,52.230652,0.137046
1222,2025-03,T1,vandalism,52.231944,0.137211
1223,2025-03,T1,vandalism,52.232015,0.140217
1224,2025-03,T1,physical assault,52.232015,0.140217
1225,2025-03,T1,harassment,52.230652,0.137046
1226,2025-03,T1,robbery,52.230652,0.137046
1227,2025-03,T1,physical assault,52.231536,0.136401
1228,2025-03,T1,physical assault,52.231944,0.137211
1229,2025-03,T1,physical assault,52.230896,0.137483
1230,2025-03,T1,physical assault,52.231944,0.137211
1231,2025-03,T1,physical assault,52.231536,0.136401
1232,2025-03,T1,physical assault,52.232015,0.140217
1233,2025-03,T1,physical assault,52.230652,0.137046
1234,2025-03,T1,suspicious activity,52.219314,0.110766
1235,2025-03,T1,vandalism,52.220294,0.111339
1236,2025-03,T1,harassment,52.220294,0.111339
1237,2025-03,T1,harassment,52.219314,0.110766
1238,2025-03,T1,harassment,52.219314,0.110766
1239,2025-03,T1,physical assault,52.219497,0.111388
1240,2025-03,T1,physical assault,52.218443,0.117472
1241,2025-03,T1,physical assault,52.217209,0.114588
1242,2025-03,T1,physical assault,52.217209,0.114588
1243,2025-03,T1,suspicious activity,52.215176,0.113657
1244,2025-03,T1,suspicious activity,52.215346,0.117691
1245,2025-03,T1,suspicious activity,52.211545,0.116061
1246,2025-03,T1,vandalism,52.215176,0.113657
1247,2025-03,T1,vandalism,52.215346,0.117691
1248,2025-03,T1,vandalism,52.21468,0.118713
1249,2025-03,T1,harassment,52.215176,0.113657
1250,2025-03,T1,physical assault,52.215346,0.117691
1251,2025-03,T1,physical assault,52.215346,0.117691
1252,2025-03,T1,physical assault,52.215176,0.113657
1253,2025-03,T1,physical assault,52.215346,0.117691
1254,2025-03,T1,physical assault,52.215346,0.117691
1255,2025-03,T1,physical assault,52.212594,0.117253
1256,2025-03,T1,physical assault,52.215346,0.117691
1257,2025-03,T1,physical assault,52.215346,0.117691
1258,2025-03,T1,physical assault,52.215346,0.117691
1259,2025-03,T1,physical assault,52.215346,0.117691
1260,2025-03,T1,physical assault,52.215346,0.117691
1261,2025-03,T1,suspicious activity,52.228392,0.114285
1262,2025-03,T1,suspicious activity,52.228161,0.111111
1263,2025-03,T1,suspicious activity,52.224459,0.11647
1264,2025-03,T1,suspicious activity,52.228392,0.114285
1265,2025-03,T1,harassment,52.229536,0.11062
1266,2025-03,T1,harassment,52.229536,0.11062
1267,2025-03,T1,physical assault,52.228161,0.111111
1268,2025-03,T1,physical assault,52.224459,0.11647
1269,2025-03,T1,physical assault,52.229536,0.11062
1270,2025-03,T1,physical assault,52.225144,0.115858
1271,2025-03,T1,physical assault,52.228392,0.114285
1272,2025-03,T1,physical assault,52.224459,0.11647
1273,2025-03,T1,physical assault,52.229536,0.11062
1274,2025-03,T1,physical assault,52.228392,0.114285
1275,2025-03,T1,suspicious activity,52.228269,0.121601
1276,2025-03,T1,suspicious activity,52.228415,0.119484
1277,2025-03,T1,vandalism,52.226546,0.122397
1278,2025-03,T1,vandalism,52.230061,0.11915
1279,2025-03,T1,harassment,52.230061,0.11915
1280,2025-03,T1,physical assault,52.230061,0.11915
1281,2025-03,T1,physical assault,52.226817,0.12137
1282,2025-03,T1,physical assault,52.226546,0.122397
1283,2025-03,T1,vandalism,52.223028,0.112522
1284,2025-03,T1,vandalism,52.223028,0.112522
1285,2025-03,T1,harassment,52.220259,0.117002
1286,2025-03,T1,physical assault,52.220259,0.117002
1287,2025-03,T1,physical assault,52.219596,0.113867
1288,2025-03,T1,physical assault,52.220331,0.115
1289,2025-03,T1,vandalism,52.224961,0.119583
1290,2025-03,T1,physical assault,52.223622,0.121994
1291,2025-03,T1,physical assault,52.223429,0.120272
1292,2025-03,T1,physical assault,52.223662,0.119273
1293,2025-03,T1,suspicious activity,52.22584,0.151487
1294,2025-03,T1,suspicious activity,52.22584,0.151487
1295,2025-03,T1,suspicious activity,52.225275,0.152368
1296,2025-03,T1,suspicious activity,52.225275,0.152368
1297,2025-03,T1,suspicious activity,52.223718,0.151487
1298,2025-03,T1,physical assault,52.225275,0.152368
1299,2025-03,T1,physical assault,52.224192,0.149665
1300,2025-03,T1,physical assault,52.22601,0.153501
1301,2025-03,T1,physical assault,52.224192,0.149665
1302,2025-03,T1,physical assault,52.225275,0.152368
1303,2025-03,T1,suspicious activity,52.219484,0.150419
1304,2025-03,T1,suspicious activity,52.219484,0.150419
1305,2025-03,T1,suspicious activity,52.222426,0.156256
1306,2025-03,T1,suspicious activity,52.222426,0.156256
1307,2025-03,T1,suspicious activity,52.222426,0.156256
1308,2025-03,T1,suspicious activity,52.223258,0.153515
1309,2025-03,T1,vandalism,52.221401,0.154274
1310,2025-03,T1,vandalism,52.219484,0.150419
1311,2025-03,T1,harassment,52.222426,0.156256
1312,2025-03,T1,harassment,52.222426,0.156256
1313,2025-03,T1,robbery,52.219484,0.150419
1314,2025-03,T1,physical assault,52.221374,0.151784
1315,2025-03,T1,physical assault,52.219484,0.150419
1316,2025-03,T1,physical assault,52.221665,0.156556
1317,2025-03,T1,physical assault,52.221374,0.151784
1318,2025-03,T1,suspicious activity,52.222276,0.144228
1319,2025-03,T1,suspicious activity,52.222276,0.144228
1320,2025-03,T1,suspicious activity,52.218903,0.133876
1321,2025-03,T1,suspicious activity,52.220584,0.136387
1322,2025-03,T1,suspicious activity,52.217847,0.134119
1323,2025-03,T1,suspicious activity,52.222276,0.144228
1324,2025-03,T1,suspicious activity,52.220584,0.136387
1325,2025-03,T1,vandalism,52.218903,0.133876
1326,2025-03,T1,physical assault,52.222276,0.144228
1327,2025-03,T1,physical assault,52.220584,0.136387
1328,2025-03,T1,physical assault,52.222276,0.144228
1329,2025-03,T1,physical assault,52.218913,0.136805
1330,2025-03,T1,physical assault,52.221307,0.141166
1331,2025-03,T1,physical assault,52.219997,0.140005
1332,2025-03,T1,physical assault,52.222276,0.144228
1333,2025-03,T1,suspicious activity,52.220162,0.144815
1334,2025-03,T1,suspicious activity,52.220162,0.144815
1335,2025-03,T1,suspicious activity,52.224394,0.141973
1336,2025-03,T1,suspicious activity,52.221535,0.146433
1337,2025-03,T1,vandalism,52.220209,0.143177
1338,2025-03,T1,physical assault,52.220806,0.144963
1339,2025-03,T1,suspicious activity,52.213428,0.137003
1340,2025-03,T1,vandalism,52.214994,0.141696
1341,2025-03,T1,physical assault,52.216845,0.142283
1342,2025-03,T1,physical assault,52.215086,0.141057
1343,2025-03,T1,suspicious activity,52.217651,0.140946
1344,2025-03,T1,suspicious activity,52.218479,0.147354
1345,2025-03,T1,physical assault,52.218054,0.144493
1346,2025-03,T1,harassment,52.219051,0.14706
1347,2025-03,T1,robbery,52.218054,0.144493
1348,2025-03,T1,physical assault,52.218054,0.144493
1349,2025-03,T1,physical assault,52.218054,0.144493
1350,2025-03,T1,physical assault,52.217889,0.140694
1351,2025-03,T1,physical assault,52.218027,0.142545
1352,2025-03,T1,physical assault,52.217287,0.140211
1353,2025-03,T1,physical assault,52.219051,0.14706
1354,2025-03,T1,physical assault,52.217889,0.140694
1355,2025-03,T1,physical assault,52.219051,0.14706
1356,2025-03,T1,physical assault,52.218054,0.144493
1357,2025-03,T1,physical assault,52.218054,0.144493
1358,2025-03,T1,physical assault,52.219307,0.142329
1359,2025-03,T1,vandalism,52.222333,0.134626
1360,2025-03,T1,harassment,52.221955,0.132178
1361,2025-03,T1,harassment,52.221955,0.132178
1362,2025-03,T1,physical assault,52.219707,0.121192
1363,2025-03,T1,suspicious activity,52.216145,0.128767
1364,2025-03,T1,vandalism,52.215762,0.13254
1365,2025-03,T1,vandalism,52.216773,0.13231
1366,2025-03,T1,harassment,52.216145,0.128767
1367,2025-03,T1,physical assault,52.215762,0.13254
1368,2025-03,T1,physical assault,52.215762,0.13254
1369,2025-03,T1,physical assault,52.21818,0.131925
1370,2025-03,T1,suspicious activity,52.213852,0.125803
1371,2025-03,T1,suspicious activity,52.214536,0.126758
1372,2025-03,T1,suspicious activity,52.218793,0.119055
1373,2025-03,T1,suspicious activity,52.213852,0.125803
1374,2025-03,T1,vandalism,52.218793,0.119055
1375,2025-03,T1,harassment,52.214999,0.127497
1376,2025-03,T1,harassment,52.214999,0.127497
1377,2025-03,T1,harassment,52.214999,0.127497
1378,2025-03,T1,harassment,52.214999,0.127497
1379,2025-03,T1,physical assault,52.218793,0.119055
1380,2025-03,T1,physical assault,52.216837,0.118274
1381,2025-03,T1,physical assault,52.214281,0.122954
1382,2025-03,T1,physical assault,52.214705,0.124822
1383,2025-03,T1,physical assault,52.214536,0.126758
1384,2025-03,T1,physical assault,52.218793,0.119055
1385,2025-03,T1,physical assault,52.212335,0.136079
1386,2025-03,T1,physical assault,52.21149,0.135058
1387,2025-03,T1,suspicious activity,52.223956,0.09933
1388,2025-03,T1,suspicious activity,52.223956,0.09933
1389,2025-03,T1,suspicious activity,52.223956,0.09933
1390,2025-03,T1,suspicious activity,52.223956,0.09933
1391,2025-03,T1,suspicious activity,52.223956,0.09933
1392,2025-03,T1,suspicious activity,52.223956,0.09933
1393,2025-03,T1,suspicious activity,52.223956,0.09933
1394,2025-03,T1,vandalism,52.223956,0.09933
1395,2025-03,T1,vandalism,52.223956,0.09933
1396,2025-03,T1,physical assault,52.223956,0.09933
1397,2025-03,T1,suspicious activity,52.219342,0.086727
1398,2025-03,T1,suspicious activity,52.218694,0.085203
1399,2025-03,T1,harassment,52.218248,0.088066
1400,2025-03,T1,physical assault,52.218061,0.087643
1401,2025-03,T1,physical assault,52.219342,0.086727
1402,2025-03,T1,physical assault,52.219342,0.086727
1403,2025-03,T1,physical assault,52.219342,0.086727
1404,2025-03,T1,suspicious activity,52.218251,0.103116
1405,2025-03,T1,physical assault,52.21864,0.101451
1406,2025-03,T1,physical assault,52.21864,0.101451
1407,2025-03,T1,physical assault,52.217991,0.084321
1408,2025-03,T1,suspicious activity,52.212462,0.109471
1409,2025-03,T1,suspicious activity,52.206444,0.118219
1410,2025-03,T1,suspicious activity,52.212837,0.112712
1411,2025-03,T1,suspicious activity,52.214025,0.111626
1412,2025-03,T1,suspicious activity,52.206444,0.118219
1413,2025-03,T1,suspicious activity,52.206444,0.118219
1414,2025-03,T1,vandalism,52.212778,0.110952
1415,2025-03,T1,vandalism,52.206091,0.115831
1416,2025-03,T1,vandalism,52.212778,0.110952
1417,2025-03,T1,vandalism,52.206444,0.118219
1418,2025-03,T1,vandalism,52.212778,0.110952
1419,2025-03,T1,vandalism,52.212778,0.110952
1420,2025-03,T1,harassment,52.207966,0.118072
1421,2025-03,T1,harassment,52.215823,0.11016
1422,2025-03,T1,physical assault,52.206444,0.118219
1423,2025-03,T1,physical assault,52.215823,0.11016
1424,2025-03,T1,physical assault,52.214627,0.106616
1425,2025-03,T1,physical assault,52.210445,0.115769
1426,2025-03,T1,physical assault,52.215823,0.11016
1427,2025-03,T1,physical assault,52.210237,0.115794
1428,2025-03,T1,physical assault,52.210237,0.115794
1429,2025-03,T1,physical assault,52.215155,0.109821
1430,2025-03,T1,physical assault,52.213316,0.113569
1431,2025-03,T1,physical assault,52.210237,0.115794
1432,2025-03,T1,physical assault,52.217314,0.108737
1433,2025-03,T1,physical assault,52.212778,0.110952
1434,2025-03,T1,physical assault,52.212911,0.109246
1435,2025-03,T1,physical assault,52.210237,0.115794
1436,2025-03,T1,physical assault,52.215155,0.109821
1437,2025-03,T1,physical assault,52.212778,0.110952
1438,2025-03,T1,suspicious activity,52.213326,0.143944
1439,2025-03,T1,suspicious activity,52.211158,0.141512
1440,2025-03,T1,suspicious activity,52.208484,0.141193
1441,2025-03,T1,suspicious activity,52.207245,0.143534
1442,2025-03,T1,suspicious activity,52.209787,0.145932
1443,2025-03,T1,physical assault,52.208484,0.141193
1444,2025-03,T1,physical assault,52.208484,0.141193
1445,2025-03,T1,physical assault,52.208484,0.141193
1446,2025-03,T1,physical assault,52.207891,0.146097
1447,2025-03,T1,physical assault,52.209787,0.145932
1448,2025-03,T1,physical assault,52.211158,0.141512
1449,2025-03,T1,suspicious activity,52.214774,0.165064
1450,2025-03,T1,suspicious activity,52.21781,0.162328
1451,2025-03,T1,vandalism,52.21731,0.162113
1452,2025-03,T1,harassment,52.21731,0.162113
1453,2025-03,T1,physical assault,52.213857,0.164083
1454,2025-03,T1,physical assault,52.214774,0.165064
1455,2025-03,T1,suspicious activity,52.212508,0.15178
1456,2025-03,T1,vandalism,52.214904,0.158483
1457,2025-03,T1,vandalism,52.211711,0.147203
1458,2025-03,T1,vandalism,52.215389,0.155535
1459,2025-03,T1,harassment,52.212508,0.15178
1460,2025-03,T1,physical assault,52.214989,0.14985
1461,2025-03,T1,physical assault,52.211711,0.147203
1462,2025-03,T1,physical assault,52.214989,0.14985
1463,2025-03,T1,physical assault,52.21074,0.157037
1464,2025-03,T1,physical assault,52.211711,0.147203
1465,2025-03,T1,physical assault,52.214989,0.14985
1466,2025-03,T1,physical assault,52.214904,0.158483
1467,2025-03,T1,physical assault,52.214012,0.154634
1468,2025-03,T1,physical assault,52.214904,0.158483
1469,2025-03,T1,physical assault,52.214989,0.14985
1470,2025-03,T1,physical assault,52.214636,0.148365
1471,2025-03,T1,physical assault,52.214012,0.154634
1472,2025-03,T1,physical assault,52.212508,0.15178
1473,2025-03,T1,physical assault,52.211711,0.147203
1474,2025-03,T1,physical assault,52.214904,0.158483
1475,2025-03,T1,physical assault,52.214989,0.14985
1476,2025-03,T1,suspicious activity,52.213238,0.163042
1477,2025-03,T1,suspicious activity,52.213238,0.163042
1478,2025-03,T1,suspicious activity,52.213238,0.163042
1479,2025-03,T1,suspicious activity,52.215226,0.162466
1480,2025-03,T1,suspicious activity,52.213238,0.163042
1481,2025-03,T1,suspicious activity,52.213238,0.163042
1482,2025-03,T1,suspicious activity,52.213238,0.163042
1483,2025-03,T1,suspicious activity,52.213238,0.163042
1484,2025-03,T1,vandalism,52.213238,0.163042
1485,2025-03,T1,vandalism,52.213238,0.163042
1486,2025-03,T1,vandalism,52.213238,0.163042
1487,2025-03,T1,harassment,52.215226,0.162466
1488,2025-03,T1,harassment,52.215226,0.162466
1489,2025-03,T1,physical assault,52.213238,0.163042
1490,2025-03,T1,physical assault,52.210265,0.158404
1491,2025-03,T1,physical assault,52.213238,0.163042
1492,2025-03,T1,physical assault,52.215226,0.162466
1493,2025-03,T1,physical assault,52.213238,0.163042
1494,2025-03,T1,physical assault,52.213238,0.163042
1495,2025-03,T1,physical assault,52.215226,0.162466
1496,2025-03,T1,physical assault,52.213238,0.163042
1497,2025-03,T1,suspicious activity,52.209934,0.162238
1498,2025-03,T1,vandalism,52.208121,0.159135
1499,2025-03,T1,harassment,52.208121,0.159135
1500,2025-03,T1,harassment,52.207929,0.164687
1501,2025-03,T1,physical assault,52.209619,0.157875
1502,2025-03,T1,physical assault,52.209934,0.162238
1503,2025-03,T1,physical assault,52.209934,0.162238
1504,2025-03,T1,physical assault,52.209925,0.165209
1505,2025-03,T1,physical assault,52.209925,0.165209
1506,2025-03,T1,suspicious activity,52.205896,0.131175
1507,2025-03,T1,suspicious activity,52.206593,0.133474
1508,2025-03,T1,suspicious activity,52.206982,0.136218
1509,2025-03,T1,suspicious activity,52.204725,0.127796
1510,2025-03,T1,vandalism,52.204911,0.132942
1511,2025-03,T1,vandalism,52.207489,0.1321
1512,2025-03,T1,vandalism,52.205896,0.133634
1513,2025-03,T1,harassment,52.208553,0.131887
1514,2025-03,T1,harassment,52.206593,0.133474
1515,2025-03,T1,harassment,52.205733,0.128254
1516,2025-03,T1,physical assault,52.204725,0.127796
1517,2025-03,T1,physical assault,52.206982,0.136218
1518,2025-03,T1,physical assault,52.206593,0.133474
1519,2025-03,T1,physical assault,52.208467,0.130712
1520,2025-03,T1,physical assault,52.208553,0.131887
1521,2025-03,T1,physical assault,52.208467,0.130712
1522,2025-03,T1,suspicious activity,52.201717,0.115052
1523,2025-03,T1,suspicious activity,52.200671,0.113715
1524,2025-03,T1,suspicious activity,52.200671,0.113715
1525,2025-03,T1,suspicious activity,52.193388,0.108629
1526,2025-03,T1,suspicious activity,52.200671,0.113715
1527,2025-03,T1,suspicious activity,52.201717,0.115052
1528,2025-03,T1,suspicious activity,52.197476,0.11788
1529,2025-03,T1,harassment,52.19939,0.112908
1530,2025-03,T1,harassment,52.200671,0.113715
1531,2025-03,T1,physical assault,52.195769,0.102215
1532,2025-03,T1,suspicious activity,52.205386,0.124037
1533,2025-03,T1,suspicious activity,52.210019,0.117891
1534,2025-03,T1,suspicious activity,52.206635,0.119077
1535,2025-03,T1,suspicious activity,52.205386,0.124037
1536,2025-03,T1,suspicious activity,52.205622,0.118912
1537,2025-03,T1,suspicious activity,52.205622,0.118912
1538,2025-03,T1,suspicious activity,52.2071,0.119758
1539,2025-03,T1,suspicious activity,52.206447,0.120517
1540,2025-03,T1,suspicious activity,52.205622,0.118912
1541,2025-03,T1,suspicious activity,52.205622,0.118912
1542,2025-03,T1,suspicious activity,52.205386,0.124037
1543,2025-03,T1,suspicious activity,52.205622,0.118912
1544,2025-03,T1,suspicious activity,52.205386,0.124037
1545,2025-03,T1,vandalism,52.20906,0.121754
1546,2025-03,T1,vandalism,52.20906,0.121754
1547,2025-03,T1,physical assault,52.205622,0.118912
1548,2025-03,T1,physical assault,52.207111,0.125627
1549,2025-03,T1,harassment,52.20844,0.119704
1550,2025-03,T1,harassment,52.205622,0.118912
1551,2025-03,T1,harassment,52.207111,0.125627
1552,2025-03,T1,harassment,52.205386,0.124037
1553,2025-03,T1,harassment,52.206447,0.120517
1554,2025-03,T1,harassment,52.205622,0.118912
1555,2025-03,T1,harassment,52.206447,0.120517
1556,2025-03,T1,harassment,52.2055,0.118203
1557,2025-03,T1,harassment,52.205622,0.118912
1558,2025-03,T1,harassment,52.205622,0.118912
1559,2025-03,T1,physical assault,52.206447,0.120517
1560,2025-03,T1,physical assault,52.206447,0.120517
1561,2025-03,T1,physical assault,52.2055,0.118203
1562,2025-03,T1,physical assault,52.206447,0.120517
1563,2025-03,T1,physical assault,52.208907,0.118234
1564,2025-03,T1,physical assault,52.206635,0.119077
1565,2025-03,T1,physical assault,52.205622,0.118912
1566,2025-03,T1,physical assault,52.205622,0.118912
1567,2025-03,T1,physical assault,52.2071,0.119758
1568,2025-03,T1,physical assault,52.205622,0.118912
1569,2025-03,T1,physical assault,52.2071,0.119758
1570,2025-03,T1,physical assault,52.206447,0.120517
1571,2025-03,T1,physical assault,52.205622,0.118912
1572,2025-03,T1,physical assault,52.207111,0.125627
1573,2025-03,T1,physical assault,52.208057,0.122042
1574,2025-03,T1,physical assault,52.206447,0.120517
1575,2025-03,T1,physical assault,52.21018,0.117957
1576,2025-03,T1,physical assault,52.206447,0.120517
1577,2025-03,T1,physical assault,52.2071,0.119758
1578,2025-03,T1,physical assault,52.210019,0.117891
1579,2025-03,T1,physical assault,52.208907,0.118234
1580,2025-03,T1,physical assault,52.206447,0.120517
1581,2025-03,T1,physical assault,52.206635,0.119077
1582,2025-03,T1,physical assault,52.2055,0.118203
1583,2025-03,T1,physical assault,52.205622,0.118912
1584,2025-03,T1,physical assault,52.206447,0.120517
1585,2025-03,T1,suspicious activity,52.208355,0.105356
1586,2025-03,T1,suspicious activity,52.208355,0.105356
1587,2025-03,T1,suspicious activity,52.205716,0.101602
1588,2025-03,T1,suspicious activity,52.208355,0.105356
1589,2025-03,T1,suspicious activity,52.207693,0.098124
1590,2025-03,T1,suspicious activity,52.208355,0.105356
1591,2025-03,T1,harassment,52.208355,0.105356
1592,2025-03,T1,physical assault,52.209538,0.100041
1593,2025-03,T1,physical assault,52.20903,0.090195
1594,2025-03,T1,physical assault,52.204749,0.105474
1595,2025-03,T1,suspicious activity,52.203334,0.129106
1596,2025-03,T1,suspicious activity,52.204215,0.121172
1597,2025-03,T1,suspicious activity,52.203097,0.121806
1598,2025-03,T1,suspicious activity,52.205594,0.133429
1599,2025-03,T1,suspicious activity,52.204215,0.121172
1600,2025-03,T1,suspicious activity,52.204215,0.121172
1601,2025-03,T1,suspicious activity,52.203995,0.11838
1602,2025-03,T1,suspicious activity,52.201421,0.125173
1603,2025-03,T1,suspicious activity,52.199366,0.127262
1604,2025-03,T1,suspicious activity,52.203995,0.11838
1605,2025-03,T1,suspicious activity,52.201421,0.125173
1606,2025-03,T1,suspicious activity,52.203097,0.121806
1607,2025-03,T1,suspicious activity,52.204215,0.121172
1608,2025-03,T1,suspicious activity,52.203523,0.124124
1609,2025-03,T1,suspicious activity,52.20533,0.12364
1610,2025-03,T1,suspicious activity,52.204177,0.130756
1611,2025-03,T1,suspicious activity,52.204215,0.121172
1612,2025-03,T1,suspicious activity,52.204812,0.121976
1613,2025-03,T1,suspicious activity,52.204812,0.121976
1614,2025-03,T1,suspicious activity,52.206455,0.121103
1615,2025-03,T1,vandalism,52.203247,0.130463
1616,2025-03,T1,vandalism,52.204536,0.117821
1617,2025-03,T1,vandalism,52.203247,0.130463
1618,2025-03,T1,vandalism,52.204215,0.121172
1619,2025-03,T1,vandalism,52.204215,0.121172
1620,2025-03,T1,vandalism,52.20082,0.12941
1621,2025-03,T1,vandalism,52.204372,0.119408
1622,2025-03,T1,vandalism,52.205594,0.133429
1623,2025-03,T1,vandalism,52.204372,0.119408
1624,2025-03,T1,vandalism,52.204812,0.121976
1625,2025-03,T1,vandalism,52.203523,0.124124
1626,2025-03,T1,vandalism,52.203247,0.130463
1627,2025-03,T1,physical assault,52.203247,0.130463
1628,2025-03,T1,harassment,52.203523,0.124124
1629,2025-03,T1,harassment,52.203247,0.130463
1630,2025-03,T1,harassment,52.203011,0.125622
1631,2025-03,T1,harassment,52.203523,0.124124
1632,2025-03,T1,harassment,52.203247,0.130463
1633,2025-03,T1,harassment,52.204812,0.121976
1634,2025-03,T1,harassment,52.199366,0.127262
1635,2025-03,T1,harassment,52.199366,0.127262
1636,2025-03,T1,robbery,52.204812,0.121976
1637,2025-03,T1,physical assault,52.199366,0.127262
1638,2025-03,T1,physical assault,52.203523,0.124124
1639,2025-03,T1,physical assault,52.203523,0.124124
1640,2025-03,T1,physical assault,52.203247,0.130463
1641,2025-03,T1,physical assault,52.204215,0.121172
1642,2025-03,T1,physical assault,52.204372,0.119408
1643,2025-03,T1,physical assault,52.204372,0.119408
1644,2025-03,T1,physical assault,52.201421,0.125173
1645,2025-03,T1,physical assault,52.203247,0.130463
1646,2025-03,T1,physical assault,52.203523,0.124124
1647,2025-03,T1,physical assault,52.203523,0.124124
1648,2025-03,T1,physical assault,52.203247,0.130463
1649,2025-03,T1,physical assault,52.203247,0.130463
1650,2025-03,T1,physical assault,52.204372,0.119408
1651,2025-03,T1,physical assault,52.201919,0.117863
1652,2025-03,T1,physical assault,52.204215,0.121172
1653,2025-03,T1,physical assault,52.203247,0.130463
1654,2025-03,T1,physical assault,52.203247,0.130463
1655,2025-03,T1,physical assault,52.203523,0.124124
1656,2025-03,T1,physical assault,52.202438,0.118936
1657,2025-03,T1,physical assault,52.206455,0.121103
1658,2025-03,T1,physical assault,52.20082,0.12941
1659,2025-03,T1,physical assault,52.20533,0.12364
1660,2025-03,T1,physical assault,52.203523,0.124124
1661,2025-03,T1,physical assault,52.203247,0.130463
1662,2025-03,T1,physical assault,52.203247,0.130463
1663,2025-03,T1,physical assault,52.201421,0.125173
1664,2025-03,T1,physical assault,52.203247,0.130463
1665,2025-03,T1,physical assault,52.201058,0.126172
1666,2025-03,T1,physical assault,52.1984,0.121524
1667,2025-03,T1,physical assault,52.204372,0.119408
1668,2025-03,T1,physical assault,52.203523,0.124124
1669,2025-03,T1,physical assault,52.203523,0.124124
1670,2025-03,T1,physical assault,52.203247,0.130463
1671,2025-03,T1,physical assault,52.203523,0.124124
1672,2025-03,T1,physical assault,52.204812,0.121976
1673,2025-03,T1,physical assault,52.20082,0.12941
1674,2025-03,T1,physical assault,52.204812,0.121976
1675,2025-03,T1,physical assault,52.204372,0.119408
1676,2025-03,T1,physical assault,52.20082,0.12941
1677,2025-03,T1,physical assault,52.199366,0.127262
1678,2025-03,T1,physical assault,52.203247,0.130463
1679,2025-03,T1,physical assault,52.203523,0.124124
1680,2025-03,T1,suspicious activity,52.194769,0.136334
1681,2025-03,T1,suspicious activity,52.194769,0.136334
1682,2025-03,T1,suspicious activity,52.19644,0.134468
1683,2025-03,T1,suspicious activity,52.195307,0.136419
1684,2025-03,T1,suspicious activity,52.194769,0.136334
1685,2025-03,T1,suspicious activity,52.19578,0.134129
1686,2025-03,T1,vandalism,52.19578,0.134129
1687,2025-03,T1,vandalism,52.19578,0.134129
1688,2025-03,T1,vandalism,52.197361,0.129786
1689,2025-03,T1,harassment,52.197361,0.129786
1690,2025-03,T1,physical assault,52.197361,0.129786
1691,2025-03,T1,physical assault,52.19578,0.134129
1692,2025-03,T1,physical assault,52.195979,0.136085
1693,2025-03,T1,physical assault,52.19578,0.134129
1694,2025-03,T1,suspicious activity,52.201337,0.130181
1695,2025-03,T1,suspicious activity,52.202223,0.134863
1696,2025-03,T1,suspicious activity,52.19851,0.134816
1697,2025-03,T1,suspicious activity,52.20199,0.13151
1698,2025-03,T1,suspicious activity,52.20199,0.13151
1699,2025-03,T1,harassment,52.201583,0.131993
1700,2025-03,T1,harassment,52.200443,0.134338
1701,2025-03,T1,harassment,52.200443,0.134338
1702,2025-03,T1,harassment,52.200443,0.134338
1703,2025-03,T1,harassment,52.200443,0.134338
1704,2025-03,T1,harassment,52.20199,0.13151
1705,2025-03,T1,robbery,52.200225,0.134986
1706,2025-03,T1,physical assault,52.197275,0.133045
1707,2025-03,T1,physical assault,52.200225,0.134986
1708,2025-03,T1,physical assault,52.200225,0.134986
1709,2025-03,T1,physical assault,52.201337,0.130181
1710,2025-03,T1,physical assault,52.200733,0.133225
1711,2025-03,T1,physical assault,52.199242,0.135642
1712,2025-03,T1,physical assault,52.20199,0.13151
1713,2025-03,T1,physical assault,52.201568,0.134319
1714,2025-03,T1,physical assault,52.200443,0.134338
1715,2025-03,T1,physical assault,52.200225,0.134986
1716,2025-03,T1,suspicious activity,52.207616,0.139951
1717,2025-03,T1,suspicious activity,52.207435,0.137527
1718,2025-03,T1,suspicious activity,52.206689,0.141487
1719,2025-03,T1,harassment,52.207435,0.137527
1720,2025-03,T1,physical assault,52.205607,0.137688
1721,2025-03,T1,physical assault,52.205607,0.137688
1722,2025-03,T1,physical assault,52.203566,0.141659
1723,2025-03,T1,physical assault,52.205245,0.140788
1724,2025-03,T1,physical assault,52.205245,0.140788
1725,2025-03,T1,suspicious activity,52.204478,0.143444
1726,2025-03,T1,suspicious activity,52.199586,0.140458
1727,2025-03,T1,suspicious activity,52.199586,0.140458
1728,2025-03,T1,suspicious activity,52.199586,0.140458
1729,2025-03,T1,suspicious activity,52.205917,0.145402
1730,2025-03,T1,vandalism,52.199586,0.140458
1731,2025-03,T1,vandalism,52.202952,0.143254
1732,2025-03,T1,vandalism,52.202952,0.143254
1733,2025-03,T1,physical assault,52.205917,0.145402
1734,2025-03,T1,physical assault,52.202188,0.139281
1735,2025-03,T1,physical assault,52.202952,0.143254
1736,2025-03,T1,physical assault,52.205917,0.145402
1737,2025-03,T1,physical assault,52.202952,0.143254
1738,2025-03,T1,physical assault,52.205917,0.145402
1739,2025-03,T1,physical assault,52.199586,0.140458
1740,2025-03,T1,physical assault,52.199586,0.140458
1741,2025-03,T1,physical assault,52.205917,0.145402
1742,2025-03,T1,physical assault,52.20641,0.144986
1743,2025-03,T1,suspicious activity,52.201118,0.136785
1744,2025-03,T1,suspicious activity,52.203458,0.132741
1745,2025-03,T1,suspicious activity,52.203458,0.132741
1746,2025-03,T1,suspicious activity,52.201118,0.136785
1747,2025-03,T1,vandalism,52.199829,0.138962
1748,2025-03,T1,vandalism,52.205387,0.134429
1749,2025-03,T1,vandalism,52.204083,0.134469
1750,2025-03,T1,vandalism,52.199829,0.138962
1751,2025-03,T1,harassment,52.204696,0.136357
1752,2025-03,T1,harassment,52.199829,0.138962
1753,2025-03,T1,physical assault,52.204696,0.136357
1754,2025-03,T1,physical assault,52.200861,0.137109
1755,2025-03,T1,suspicious activity,52.20207,0.148758
1756,2025-03,T1,robbery,52.205082,0.15122
1757,2025-03,T1,robbery,52.201621,0.157093
1758,2025-03,T1,physical assault,52.204133,0.146589
1759,2025-03,T1,physical assault,52.204133,0.146589
1760,2025-03,T1,physical assault,52.201621,0.157093
1761,2025-03,T1,physical assault,52.205753,0.147984
1762,2025-03,T1,suspicious activity,52.198554,0.141857
1763,2025-03,T1,suspicious activity,52.199572,0.143706
1764,2025-03,T1,vandalism,52.199231,0.146133
1765,2025-03,T1,harassment,52.197608,0.145426
1766,2025-03,T1,harassment,52.197608,0.145426
1767,2025-03,T1,harassment,52.197608,0.145426
1768,2025-03,T1,physical assault,52.199357,0.1427
1769,2025-03,T1,physical assault,52.197608,0.145426
1770,2025-03,T1,suspicious activity,52.198458,0.156998
1771,2025-03,T1,suspicious activity,52.202367,0.152168
1772,2025-03,T1,vandalism,52.202367,0.152168
1773,2025-03,T1,physical assault,52.199388,0.155799
1774,2025-03,T1,physical assault,52.200577,0.15271
1775,2025-03,T1,physical assault,52.199388,0.155799
1776,2025-03,T1,physical assault,52.199388,0.155799
1777,2025-03,T1,physical assault,52.202367,0.152168
1778,2025-03,T1,physical assault,52.198458,0.156998
1779,2025-03,T1,physical assault,52.199388,0.155799
1780,2025-03,T1,physical assault,52.199388,0.155799
1781,2025-03,T1,physical assault,52.197086,0.1538
1782,2025-03,T1,physical assault,52.195573,0.153961
1783,2025-03,T1,physical assault,52.198458,0.156998
1784,2025-03,T1,physical assault,52.199388,0.155799
1785,2025-03,T1,physical assault,52.202367,0.152168
1786,2025-03,T1,vandalism,52.19825,0.151135
1787,2025-03,T1,harassment,52.199168,0.147125
1788,2025-03,T1,harassment,52.197784,0.150088
1789,2025-03,T1,suspicious activity,52.196817,0.146895
1790,2025-03,T1,suspicious activity,52.195482,0.145645
1791,2025-03,T1,suspicious activity,52.196133,0.149847
1792,2025-03,T1,suspicious activity,52.195963,0.141411
1793,2025-03,T1,robbery,52.196348,0.142
1794,2025-03,T1,physical assault,52.196817,0.146895
1795,2025-03,T1,physical assault,52.196817,0.146895
1796,2025-03,T1,physical assault,52.190083,0.152262
1797,2025-03,T1,physical assault,52.19056,0.146813
1798,2025-03,T1,vandalism,52.194007,0.161889
1799,2025-03,T1,vandalism,52.194007,0.161889
1800,2025-03,T1,robbery,52.194007,0.161889
1801,2025-03,T1,physical assault,52.194007,0.161889
1802,2025-03,T1,physical assault,52.193796,0.157182
1803,2025-03,T1,harassment,52.191743,0.153937
1804,2025-03,T1,harassment,52.191743,0.153937
1805,2025-03,T1,vandalism,52.186442,0.155626
1806,2025-03,T1,vandalism,52.185533,0.155699
1807,2025-03,T1,suspicious activity,52.189096,0.135331
1808,2025-03,T1,suspicious activity,52.190164,0.136961
1809,2025-03,T1,robbery,52.190855,0.13701
1810,2025-03,T1,physical assault,52.192367,0.140887
1811,2025-03,T1,physical assault,52.190567,0.137011
1812,2025-03,T1,suspicious activity,52.18823,0.146832
1813,2025-03,T1,suspicious activity,52.188904,0.1429
1814,2025-03,T1,harassment,52.189412,0.14863
1815,2025-03,T1,physical assault,52.189412,0.14863
1816,2025-03,T1,physical assault,52.189542,0.143955
1817,2025-03,T1,physical assault,52.189542,0.143955
1818,2025-03,T1,physical assault,52.189412,0.14863
1819,2025-03,T1,harassment,52.185539,0.162268
1820,2025-03,T1,physical assault,52.184824,0.161517
1821,2025-03,T1,physical assault,52.190226,0.165568
1822,2025-03,T1,physical assault,52.187422,0.162067
1823,2025-03,T1,physical assault,52.184824,0.161517
1824,2025-03,T1,physical assault,52.190226,0.165568
1825,2025-03,T1,physical assault,52.190226,0.165568
1826,2025-03,T1,suspicious activity,52.18108,0.151842
1827,2025-03,T1,vandalism,52.183212,0.150804
1828,2025-03,T1,harassment,52.181988,0.144469
1829,2025-03,T1,physical assault,52.183212,0.150804
1830,2025-03,T1,physical assault,52.183212,0.150804
1831,2025-03,T1,physical assault,52.181988,0.144469
1832,2025-03,T1,physical assault,52.183212,0.150804
1833,2025-03,T1,physical assault,52.184097,0.149135
1834,2025-03,T1,physical assault,52.183212,0.150804
1835,2025-03,T1,suspicious activity,52.182558,0.154619
1836,2025-03,T1,suspicious activity,52.182558,0.154619
1837,2025-03,T1,suspicious activity,52.182909,0.160005
1838,2025-03,T1,vandalism,52.182823,0.156388
1839,2025-03,T1,vandalism,52.179739,0.158813
1840,2025-03,T1,physical assault,52.182909,0.160005
1841,2025-03,T1,physical assault,52.182909,0.160005
1842,2025-03,T1,physical assault,52.182909,0.160005
1843,2025-03,T1,physical assault,52.182909,0.160005
1844,2025-03,T1,physical assault,52.182909,0.160005
1845,2025-03,T1,physical assault,52.183754,0.155116
1846,2025-03,T1,physical assault,52.182909,0.160005
1847,2025-03,T1,physical assault,52.182909,0.160005
1848,2025-03,T1,suspicious activity,52.188097,0.137317
1849,2025-03,T1,physical assault,52.187291,0.141637
1850,2025-03,T1,physical assault,52.18739,0.134664
1851,2025-03,T1,physical assault,52.187946,0.140206
1852,2025-03,T1,suspicious activity,52.180875,0.133942
1853,2025-03,T1,physical assault,52.183618,0.136429
1854,2025-03,T1,suspicious activity,52.19652,0.128546
1855,2025-03,T1,harassment,52.19676,0.129172
1856,2025-03,T1,harassment,52.197767,0.127669
1857,2025-03,T1,harassment,52.19676,0.129172
1858,2025-03,T1,harassment,52.19676,0.129172
1859,2025-03,T1,robbery,52.198821,0.129592
1860,2025-03,T1,physical assault,52.197767,0.127669
1861,2025-03,T1,physical assault,52.192421,0.120464
1862,2025-03,T1,physical assault,52.192421,0.120464
1863,2025-03,T1,suspicious activity,52.193225,0.136216
1864,2025-03,T1,suspicious activity,52.193225,0.136216
1865,2025-03,T1,suspicious activity,52.193225,0.136216
1866,2025-03,T1,vandalism,52.193771,0.13535
1867,2025-03,T1,vandalism,52.192353,0.134003
1868,2025-03,T1,harassment,52.193225,0.136216
1869,2025-03,T1,harassment,52.192353,0.134003
1870,2025-03,T1,physical assault,52.193527,0.133422
1871,2025-03,T1,physical assault,52.194644,0.134338
1872,2025-03,T1,suspicious activity,52.189948,0.13148
1873,2025-03,T1,physical assault,52.190552,0.12788
1874,2025-03,T1,physical assault,52.189948,0.13148
1875,2025-03,T1,physical assault,52.188031,0.128535
1876,2025-03,T1,harassment,52.183303,0.121975
1877,2025-03,T1,physical assault,52.183303,0.121975
1878,2025-03,T1,physical assault,52.190054,0.126203
1879,2025-03,T1,physical assault,52.18432,0.125418
1880,2025-03,T1,physical assault,52.191089,0.124029
1881,2025-03,T1,suspicious activity,52.179258,0.122426
1882,2025-03,T1,physical assault,52.179258,0.122426
1883,2025-03,T1,physical assault,52.179258,0.122426
1884,2025-03,T1,suspicious activity,52.229991,0.115357
1885,2025-03,T1,physical assault,52.229684,0.116953
1886,2025-03,T1,physical assault,52.231107,0.117328
1887,2025-03,T1,physical assault,52.229245,0.116361
1888,2025-03,T1,physical assault,52.229684,0.116953
1889,2025-03,T1,physical assault,52.231035,0.116314
1890,2025-03,T1,physical assault,52.231035,0.116314
1891,2025-03,T1,suspicious activity,52.223637,0.091452
1892,2025-03,T1,suspicious activity,52.224725,0.089966
1893,2025-03,T1,suspicious activity,52.223637,0.091452
1894,2025-03,T1,suspicious activity,52.229811,0.080467
1895,2025-03,T1,suspicious activity,52.220896,0.088351
1896,2025-03,T1,suspicious activity,52.223637,0.091452
1897,2025-03,T1,suspicious activity,52.223637,0.091452
1898,2025-03,T1,vandalism,52.227701,0.088964
1899,2025-03,T1,physical assault,52.227982,0.090851
1900,2025-03,T1,physical assault,52.227982,0.090851
1901,2025-03,T1,physical assault,52.227982,0.090851
1902,2025-03,T1,vandalism,52.180321,0.093588
1903,2025-04,T1,suspicious activity,52.230535,0.130114
1904,2025-04,T1,harassment,52.228518,0.135216
1905,2025-04,T1,harassment,52.230579,0.132166
1906,2025-04,T1,harassment,52.228518,0.135216
1907,2025-04,T1,physical assault,52.228518,0.135216
1908,2025-04,T1,physical assault,52.228813,0.13132
1909,2025-04,T1,suspicious activity,52.227077,0.145491
1910,2025-04,T1,suspicious activity,52.227077,0.145491
1911,2025-04,T1,vandalism,52.227734,0.142764
1912,2025-04,T1,harassment,52.227077,0.145491
1913,2025-04,T1,harassment,52.227077,0.145491
1914,2025-04,T1,physical assault,52.227734,0.142764
1915,2025-04,T1,suspicious activity,52.229879,0.138532
1916,2025-04,T1,suspicious activity,52.225454,0.139579
1917,2025-04,T1,suspicious activity,52.229879,0.138532
1918,2025-04,T1,physical assault,52.225454,0.139579
1919,2025-04,T1,physical assault,52.230802,0.135223
1920,2025-04,T1,physical assault,52.228238,0.138278
1921,2025-04,T1,suspicious activity,52.229139,0.123238
1922,2025-04,T1,suspicious activity,52.228854,0.126095
1923,2025-04,T1,vandalism,52.230318,0.121698
1924,2025-04,T1,vandalism,52.229139,0.123238
1925,2025-04,T1,physical assault,52.228196,0.126664
1926,2025-04,T1,physical assault,52.229677,0.122341
1927,2025-04,T1,physical assault,52.228196,0.126664
1928,2025-04,T1,physical assault,52.227835,0.127759
1929,2025-04,T1,physical assault,52.228772,0.127628
1930,2025-04,T1,physical assault,52.229139,0.123238
1931,2025-04,T1,vandalism,52.232179,0.12372
1932,2025-04,T1,suspicious activity,52.230987,0.129477
1933,2025-04,T1,vandalism,52.231944,0.137211
1934,2025-04,T1,physical assault,52.230652,0.137046
1935,2025-04,T1,harassment,52.230652,0.137046
1936,2025-04,T1,robbery,52.230652,0.137046
1937,2025-04,T1,suspicious activity,52.216568,0.113723
1938,2025-04,T1,suspicious activity,52.215335,0.112274
1939,2025-04,T1,suspicious activity,52.217209,0.114588
1940,2025-04,T1,harassment,52.220294,0.111339
1941,2025-04,T1,harassment,52.220294,0.111339
1942,2025-04,T1,harassment,52.220294,0.111339
1943,2025-04,T1,physical assault,52.219497,0.111388
1944,2025-04,T1,physical assault,52.217209,0.114588
1945,2025-04,T1,physical assault,52.219497,0.111388
1946,2025-04,T1,suspicious activity,52.215176,0.113657
1947,2025-04,T1,vandalism,52.211545,0.116061
1948,2025-04,T1,harassment,52.21468,0.118713
1949,2025-04,T1,physical assault,52.213319,0.115911
1950,2025-04,T1,suspicious activity,52.228392,0.114285
1951,2025-04,T1,suspicious activity,52.228161,0.111111
1952,2025-04,T1,harassment,52.229536,0.11062
1953,2025-04,T1,harassment,52.229536,0.11062
1954,2025-04,T1,physical assault,52.229536,0.11062
1955,2025-04,T1,physical assault,52.225144,0.115858
1956,2025-04,T1,physical assault,52.224428,0.116673
1957,2025-04,T1,physical assault,52.229536,0.11062
1958,2025-04,T1,physical assault,52.228161,0.111111
1959,2025-04,T1,physical assault,52.227584,0.114715
1960,2025-04,T1,suspicious activity,52.227524,0.122019
1961,2025-04,T1,suspicious activity,52.226817,0.12137
1962,2025-04,T1,suspicious activity,52.228415,0.119484
1963,2025-04,T1,suspicious activity,52.224434,0.118841
1964,2025-04,T1,vandalism,52.230061,0.11915
1965,2025-04,T1,physical assault,52.224434,0.118841
1966,2025-04,T1,physical assault,52.22626,0.119806
1967,2025-04,T1,physical assault,52.230061,0.11915
1968,2025-04,T1,physical assault,52.22626,0.119806
1969,2025-04,T1,physical assault,52.230061,0.11915
1970,2025-04,T1,physical assault,52.226817,0.12137
1971,2025-04,T1,suspicious activity,52.220259,0.117002
1972,2025-04,T1,suspicious activity,52.220259,0.117002
1973,2025-04,T1,vandalism,52.223014,0.118817
1974,2025-04,T1,physical assault,52.221345,0.116644
1975,2025-04,T1,physical assault,52.220331,0.115
1976,2025-04,T1,physical assault,52.220259,0.117002
1977,2025-04,T1,suspicious activity,52.223662,0.119273
1978,2025-04,T1,harassment,52.224961,0.119583
1979,2025-04,T1,harassment,52.224961,0.119583
1980,2025-04,T1,harassment,52.224961,0.119583
1981,2025-04,T1,physical assault,52.226451,0.124706
1982,2025-04,T1,suspicious activity,52.227638,0.14806
1983,2025-04,T1,suspicious activity,52.223416,0.15178
1984,2025-04,T1,suspicious activity,52.226291,0.145945
1985,2025-04,T1,suspicious activity,52.225275,0.152368
1986,2025-04,T1,suspicious activity,52.22584,0.151487
1987,2025-04,T1,suspicious activity,52.22584,0.151487
1988,2025-04,T1,suspicious activity,52.225275,0.152368
1989,2025-04,T1,suspicious activity,52.224728,0.14688
1990,2025-04,T1,suspicious activity,52.225275,0.152368
1991,2025-04,T1,suspicious activity,52.225275,0.152368
1992,2025-04,T1,suspicious activity,52.22584,0.151487
1993,2025-04,T1,suspicious activity,52.227638,0.14806
1994,2025-04,T1,vandalism,52.225275,0.152368
1995,2025-04,T1,vandalism,52.225275,0.152368
1996,2025-04,T1,vandalism,52.22601,0.153501
1997,2025-04,T1,physical assault,52.225899,0.149704
1998,2025-04,T1,physical assault,52.225899,0.149704
1999,2025-04,T1,harassment,52.225275,0.152368
2000,2025-04,T1,physical assault,52.22584,0.151487
2001,2025-04,T1,physical assault,52.22601,0.153501
2002,2025-04,T1,physical assault,52.22584,0.151487
2003,2025-04,T1,physical assault,52.225275,0.152368
2004,2025-04,T1,suspicious activity,52.222426,0.156256
2005,2025-04,T1,suspicious activity,52.223258,0.153515
2006,2025-04,T1,suspicious activity,52.222426,0.156256
2007,2025-04,T1,suspicious activity,52.220847,0.152622
2008,2025-04,T1,vandalism,52.223258,0.153515
2009,2025-04,T1,vandalism,52.223258,0.153515
2010,2025-04,T1,physical assault,52.221374,0.151784
2011,2025-04,T1,physical assault,52.222089,0.149563
2012,2025-04,T1,physical assault,52.222089,0.149563
2013,2025-04,T1,harassment,52.219484,0.150419
2014,2025-04,T1,harassment,52.222426,0.156256
2015,2025-04,T1,physical assault,52.221665,0.156556
2016,2025-04,T1,physical assault,52.222089,0.149563
2017,2025-04,T1,physical assault,52.222089,0.149563
2018,2025-04,T1,physical assault,52.222089,0.149563
2019,2025-04,T1,physical assault,52.220094,0.152
2020,2025-04,T1,physical assault,52.220094,0.152
2021,2025-04,T1,physical assault,52.223258,0.153515
2022,2025-04,T1,suspicious activity,52.22089,0.141848
2023,2025-04,T1,suspicious activity,52.219886,0.138682
2024,2025-04,T1,suspicious activity,52.222276,0.144228
2025,2025-04,T1,suspicious activity,52.220584,0.136387
2026,2025-04,T1,robbery,52.220584,0.136387
2027,2025-04,T1,physical assault,52.219886,0.138682
2028,2025-04,T1,physical assault,52.2216,0.143844
2029,2025-04,T1,physical assault,52.219886,0.138682
2030,2025-04,T1,suspicious activity,52.220162,0.144815
2031,2025-04,T1,suspicious activity,52.220162,0.144815
2032,2025-04,T1,vandalism,52.223197,0.145517
2033,2025-04,T1,vandalism,52.220806,0.144963
2034,2025-04,T1,physical assault,52.220209,0.143177
2035,2025-04,T1,physical assault,52.220733,0.147492
2036,2025-04,T1,physical assault,52.221535,0.146433
2037,2025-04,T1,physical assault,52.224394,0.141973
2038,2025-04,T1,suspicious activity,52.215551,0.140699
2039,2025-04,T1,suspicious activity,52.213428,0.137003
2040,2025-04,T1,suspicious activity,52.215551,0.140699
2041,2025-04,T1,vandalism,52.215551,0.140699
2042,2025-04,T1,suspicious activity,52.218479,0.147354
2043,2025-04,T1,suspicious activity,52.217287,0.140211
2044,2025-04,T1,vandalism,52.217889,0.140694
2045,2025-04,T1,vandalism,52.218876,0.146788
2046,2025-04,T1,vandalism,52.217889,0.140694
2047,2025-04,T1,harassment,52.218054,0.144493
2048,2025-04,T1,physical assault,52.220062,0.149319
2049,2025-04,T1,physical assault,52.220062,0.149319
2050,2025-04,T1,physical assault,52.220062,0.149319
2051,2025-04,T1,physical assault,52.220062,0.149319
2052,2025-04,T1,physical assault,52.218054,0.144493
2053,2025-04,T1,suspicious activity,52.221955,0.132178
2054,2025-04,T1,physical assault,52.221955,0.132178
2055,2025-04,T1,physical assault,52.222333,0.134626
2056,2025-04,T1,physical assault,52.222333,0.134626
2057,2025-04,T1,physical assault,52.222962,0.136648
2058,2025-04,T1,physical assault,52.218686,0.128464
2059,2025-04,T1,suspicious activity,52.219264,0.132298
2060,2025-04,T1,suspicious activity,52.215762,0.13254
2061,2025-04,T1,vandalism,52.213552,0.13643
2062,2025-04,T1,vandalism,52.215942,0.127088
2063,2025-04,T1,vandalism,52.213552,0.13643
2064,2025-04,T1,vandalism,52.216773,0.13231
2065,2025-04,T1,physical assault,52.219264,0.132298
2066,2025-04,T1,harassment,52.219264,0.132298
2067,2025-04,T1,physical assault,52.219264,0.132298
2068,2025-04,T1,physical assault,52.219264,0.132298
2069,2025-04,T1,physical assault,52.215942,0.127088
2070,2025-04,T1,physical assault,52.21818,0.131925
2071,2025-04,T1,physical assault,52.215475,0.134488
2072,2025-04,T1,physical assault,52.215942,0.127088
2073,2025-04,T1,physical assault,52.219264,0.132298
2074,2025-04,T1,physical assault,52.215942,0.127088
2075,2025-04,T1,suspicious activity,52.216518,0.123061
2076,2025-04,T1,suspicious activity,52.214536,0.126758
2077,2025-04,T1,suspicious activity,52.215465,0.12061
2078,2025-04,T1,suspicious activity,52.214032,0.1218
2079,2025-04,T1,vandalism,52.216518,0.123061
2080,2025-04,T1,vandalism,52.216518,0.123061
2081,2025-04,T1,vandalism,52.216518,0.123061
2082,2025-04,T1,vandalism,52.216518,0.123061
2083,2025-04,T1,vandalism,52.216518,0.123061
2084,2025-04,T1,harassment,52.214999,0.127497
2085,2025-04,T1,robbery,52.214032,0.1218
2086,2025-04,T1,physical assault,52.214281,0.122954
2087,2025-04,T1,physical assault,52.214511,0.12014
2088,2025-04,T1,suspicious activity,52.212891,0.128714
2089,2025-04,T1,suspicious activity,52.214399,0.129825
2090,2025-04,T1,harassment,52.212891,0.128714
2091,2025-04,T1,suspicious activity,52.223255,0.106852
2092,2025-04,T1,suspicious activity,52.21934,0.108057
2093,2025-04,T1,physical assault,52.221035,0.108343
2094,2025-04,T1,suspicious activity,52.223956,0.09933
2095,2025-04,T1,suspicious activity,52.223956,0.09933
2096,2025-04,T1,suspicious activity,52.223956,0.09933
2097,2025-04,T1,suspicious activity,52.223956,0.09933
2098,2025-04,T1,suspicious activity,52.223956,0.09933
2099,2025-04,T1,vandalism,52.223956,0.09933
2100,2025-04,T1,physical assault,52.223956,0.09933
2101,2025-04,T1,physical assault,52.223956,0.09933
2102,2025-04,T1,vandalism,52.219342,0.086727
2103,2025-04,T1,harassment,52.218248,0.088066
2104,2025-04,T1,vandalism,52.217991,0.084321
2105,2025-04,T1,harassment,52.217656,0.100658
2106,2025-04,T1,physical assault,52.217991,0.084321
2107,2025-04,T1,physical assault,52.217193,0.088719
2108,2025-04,T1,suspicious activity,52.214025,0.111626
2109,2025-04,T1,physical assault,52.212786,0.111553
2110,2025-04,T1,physical assault,52.212778,0.110952
2111,2025-04,T1,physical assault,52.215823,0.11016
2112,2025-04,T1,physical assault,52.215823,0.11016
2113,2025-04,T1,physical assault,52.215155,0.109821
2114,2025-04,T1,physical assault,52.206444,0.118219
2115,2025-04,T1,physical assault,52.212778,0.110952
2116,2025-04,T1,physical assault,52.215823,0.11016
2117,2025-04,T1,suspicious activity,52.208577,0.143978
2118,2025-04,T1,suspicious activity,52.213326,0.143944
2119,2025-04,T1,suspicious activity,52.209663,0.141601
2120,2025-04,T1,suspicious activity,52.211158,0.141512
2121,2025-04,T1,suspicious activity,52.213326,0.143944
2122,2025-04,T1,suspicious activity,52.210354,0.14222
2123,2025-04,T1,vandalism,52.211158,0.141512
2124,2025-04,T1,vandalism,52.213326,0.143944
2125,2025-04,T1,vandalism,52.213326,0.143944
2126,2025-04,T1,vandalism,52.213326,0.143944
2127,2025-04,T1,vandalism,52.213326,0.143944
2128,2025-04,T1,vandalism,52.213326,0.143944
2129,2025-04,T1,harassment,52.211411,0.143427
2130,2025-04,T1,harassment,52.209678,0.13784
2131,2025-04,T1,harassment,52.208164,0.139509
2132,2025-04,T1,harassment,52.208164,0.139509
2133,2025-04,T1,harassment,52.213326,0.143944
2134,2025-04,T1,robbery,52.208577,0.143978
2135,2025-04,T1,physical assault,52.207245,0.143534
2136,2025-04,T1,physical assault,52.208577,0.143978
2137,2025-04,T1,physical assault,52.211158,0.141512
2138,2025-04,T1,physical assault,52.210354,0.14222
2139,2025-04,T1,physical assault,52.209678,0.13784
2140,2025-04,T1,physical assault,52.209787,0.145932
2141,2025-04,T1,physical assault,52.213326,0.143944
2142,2025-04,T1,physical assault,52.21731,0.162113
2143,2025-04,T1,suspicious activity,52.211711,0.147203
2144,2025-04,T1,vandalism,52.214272,0.150723
2145,2025-04,T1,vandalism,52.214222,0.146549
2146,2025-04,T1,vandalism,52.214272,0.150723
2147,2025-04,T1,vandalism,52.213211,0.147773
2148,2025-04,T1,vandalism,52.214272,0.150723
2149,2025-04,T1,harassment,52.212508,0.15178
2150,2025-04,T1,harassment,52.214272,0.150723
2151,2025-04,T1,harassment,52.212508,0.15178
2152,2025-04,T1,harassment,52.212508,0.15178
2153,2025-04,T1,harassment,52.214012,0.154634
2154,2025-04,T1,physical assault,52.214904,0.158483
2155,2025-04,T1,physical assault,52.211583,0.157649
2156,2025-04,T1,physical assault,52.211583,0.157649
2157,2025-04,T1,physical assault,52.214904,0.158483
2158,2025-04,T1,physical assault,52.214467,0.156295
2159,2025-04,T1,physical assault,52.214467,0.156295
2160,2025-04,T1,physical assault,52.214904,0.158483
2161,2025-04,T1,vandalism,52.215226,0.162466
2162,2025-04,T1,physical assault,52.213238,0.163042
2163,2025-04,T1,physical assault,52.209681,0.158874
2164,2025-04,T1,physical assault,52.21137,0.160946
2165,2025-04,T1,suspicious activity,52.209934,0.162238
2166,2025-04,T1,vandalism,52.209619,0.157875
2167,2025-04,T1,robbery,52.209068,0.158976
2168,2025-04,T1,physical assault,52.209619,0.157875
2169,2025-04,T1,suspicious activity,52.207067,0.129548
2170,2025-04,T1,suspicious activity,52.206353,0.133743
2171,2025-04,T1,suspicious activity,52.204725,0.127796
2172,2025-04,T1,suspicious activity,52.204911,0.132942
2173,2025-04,T1,vandalism,52.206907,0.130462
2174,2025-04,T1,vandalism,52.204911,0.132942
2175,2025-04,T1,vandalism,52.207067,0.129548
2176,2025-04,T1,vandalism,52.205427,0.131255
2177,2025-04,T1,harassment,52.204911,0.132942
2178,2025-04,T1,harassment,52.208141,0.129804
2179,2025-04,T1,robbery,52.210274,0.136668
2180,2025-04,T1,robbery,52.210274,0.136668
2181,2025-04,T1,robbery,52.206593,0.133474
2182,2025-04,T1,physical assault,52.209056,0.132921
2183,2025-04,T1,physical assault,52.210274,0.136668
2184,2025-04,T1,physical assault,52.205741,0.131753
2185,2025-04,T1,physical assault,52.204911,0.132942
2186,2025-04,T1,physical assault,52.207777,0.135524
2187,2025-04,T1,physical assault,52.206712,0.130292
2188,2025-04,T1,physical assault,52.204911,0.132942
2189,2025-04,T1,physical assault,52.204911,0.132942
2190,2025-04,T1,physical assault,52.206593,0.133474
2191,2025-04,T1,physical assault,52.210274,0.136668
2192,2025-04,T1,physical assault,52.206593,0.133474
2193,2025-04,T1,physical assault,52.208978,0.135757
2194,2025-04,T1,suspicious activity,52.193388,0.108629
2195,2025-04,T1,suspicious activity,52.197083,0.102116
2196,2025-04,T1,suspicious activity,52.19939,0.112908
2197,2025-04,T1,suspicious activity,52.193388,0.108629
2198,2025-04,T1,suspicious activity,52.193388,0.108629
2199,2025-04,T1,physical assault,52.194733,0.109848
2200,2025-04,T1,physical assault,52.195997,0.109572
2201,2025-04,T1,suspicious activity,52.205622,0.118912
2202,2025-04,T1,suspicious activity,52.205386,0.124037
2203,2025-04,T1,suspicious activity,52.205386,0.124037
2204,2025-04,T1,suspicious activity,52.2071,0.119758
2205,2025-04,T1,suspicious activity,52.205386,0.124037
2206,2025-04,T1,suspicious activity,52.205622,0.118912
2207,2025-04,T1,suspicious activity,52.2055,0.118203
2208,2025-04,T1,suspicious activity,52.205386,0.124037
2209,2025-04,T1,vandalism,52.209069,0.119749
2210,2025-04,T1,vandalism,52.20763,0.125754
2211,2025-04,T1,vandalism,52.207382,0.124074
2212,2025-04,T1,harassment,52.206447,0.120517
2213,2025-04,T1,harassment,52.206447,0.120517
2214,2025-04,T1,harassment,52.206447,0.120517
2215,2025-04,T1,physical assault,52.206447,0.120517
2216,2025-04,T1,physical assault,52.205386,0.124037
2217,2025-04,T1,physical assault,52.206447,0.120517
2218,2025-04,T1,physical assault,52.205622,0.118912
2219,2025-04,T1,physical assault,52.206447,0.120517
2220,2025-04,T1,physical assault,52.2071,0.119758
2221,2025-04,T1,physical assault,52.206447,0.120517
2222,2025-04,T1,physical assault,52.205622,0.118912
2223,2025-04,T1,physical assault,52.206447,0.120517
2224,2025-04,T1,physical assault,52.208057,0.122042
2225,2025-04,T1,physical assault,52.206635,0.119077
2226,2025-04,T1,physical assault,52.206447,0.120517
2227,2025-04,T1,physical assault,52.206447,0.120517
2228,2025-04,T1,physical assault,52.2071,0.119758
2229,2025-04,T1,physical assault,52.205386,0.124037
2230,2025-04,T1,physical assault,52.207382,0.124074
2231,2025-04,T1,physical assault,52.208907,0.118234
2232,2025-04,T1,physical assault,52.2071,0.119758
2233,2025-04,T1,physical assault,52.2055,0.118203
2234,2025-04,T1,physical assault,52.206447,0.120517
2235,2025-04,T1,physical assault,52.206447,0.120517
2236,2025-04,T1,physical assault,52.206635,0.119077
2237,2025-04,T1,physical assault,52.20532,0.123983
2238,2025-04,T1,suspicious activity,52.200978,0.105608
2239,2025-04,T1,suspicious activity,52.211156,0.097072
2240,2025-04,T1,suspicious activity,52.201759,0.109713
2241,2025-04,T1,suspicious activity,52.20635,0.102334
2242,2025-04,T1,suspicious activity,52.208355,0.105356
2243,2025-04,T1,physical assault,52.202874,0.11748
2244,2025-04,T1,suspicious activity,52.199366,0.127262
2245,2025-04,T1,suspicious activity,52.20082,0.12941
2246,2025-04,T1,suspicious activity,52.204812,0.121976
2247,2025-04,T1,suspicious activity,52.203011,0.125622
2248,2025-04,T1,suspicious activity,52.201421,0.125173
2249,2025-04,T1,suspicious activity,52.20533,0.12364
2250,2025-04,T1,suspicious activity,52.204372,0.119408
2251,2025-04,T1,suspicious activity,52.203995,0.11838
2252,2025-04,T1,suspicious activity,52.204812,0.121976
2253,2025-04,T1,suspicious activity,52.203523,0.124124
2254,2025-04,T1,suspicious activity,52.204215,0.121172
2255,2025-04,T1,suspicious activity,52.204215,0.121172
2256,2025-04,T1,suspicious activity,52.203097,0.121806
2257,2025-04,T1,suspicious activity,52.203334,0.129106
2258,2025-04,T1,suspicious activity,52.204215,0.121172
2259,2025-04,T1,suspicious activity,52.204812,0.121976
2260,2025-04,T1,suspicious activity,52.199366,0.127262
2261,2025-04,T1,suspicious activity,52.203523,0.124124
2262,2025-04,T1,suspicious activity,52.204215,0.121172
2263,2025-04,T1,vandalism,52.203247,0.130463
2264,2025-04,T1,vandalism,52.204812,0.121976
2265,2025-04,T1,vandalism,52.203332,0.129237
2266,2025-04,T1,physical assault,52.203523,0.124124
2267,2025-04,T1,harassment,52.204177,0.130756
2268,2025-04,T1,harassment,52.203629,0.120719
2269,2025-04,T1,harassment,52.204812,0.121976
2270,2025-04,T1,harassment,52.204812,0.121976
2271,2025-04,T1,harassment,52.203097,0.121806
2272,2025-04,T1,harassment,52.204812,0.121976
2273,2025-04,T1,harassment,52.204812,0.121976
2274,2025-04,T1,harassment,52.203247,0.130463
2275,2025-04,T1,harassment,52.204812,0.121976
2276,2025-04,T1,harassment,52.203097,0.121806
2277,2025-04,T1,harassment,52.206455,0.121103
2278,2025-04,T1,harassment,52.204812,0.121976
2279,2025-04,T1,harassment,52.204812,0.121976
2280,2025-04,T1,harassment,52.203995,0.11838
2281,2025-04,T1,harassment,52.203334,0.129106
2282,2025-04,T1,harassment,52.1984,0.121524
2283,2025-04,T1,robbery,52.200939,0.125816
2284,2025-04,T1,physical assault,52.203097,0.121806
2285,2025-04,T1,physical assault,52.20533,0.12364
2286,2025-04,T1,physical assault,52.203523,0.124124
2287,2025-04,T1,physical assault,52.204215,0.121172
2288,2025-04,T1,physical assault,52.203523,0.124124
2289,2025-04,T1,physical assault,52.204215,0.121172
2290,2025-04,T1,physical assault,52.20082,0.12941
2291,2025-04,T1,physical assault,52.203523,0.124124
2292,2025-04,T1,physical assault,52.206311,0.121593
2293,2025-04,T1,physical assault,52.203523,0.124124
2294,2025-04,T1,physical assault,52.203097,0.121806
2295,2025-04,T1,physical assault,52.204215,0.121172
2296,2025-04,T1,physical assault,52.203247,0.130463
2297,2025-04,T1,physical assault,52.203247,0.130463
2298,2025-04,T1,physical assault,52.204372,0.119408
2299,2025-04,T1,physical assault,52.204215,0.121172
2300,2025-04,T1,physical assault,52.199366,0.127262
2301,2025-04,T1,physical assault,52.200939,0.125816
2302,2025-04,T1,physical assault,52.203247,0.130463
2303,2025-04,T1,physical assault,52.204812,0.121976
2304,2025-04,T1,suspicious activity,52.194769,0.136334
2305,2025-04,T1,suspicious activity,52.19578,0.134129
2306,2025-04,T1,suspicious activity,52.194769,0.136334
2307,2025-04,T1,suspicious activity,52.197496,0.135221
2308,2025-04,T1,suspicious activity,52.195307,0.136419
2309,2025-04,T1,suspicious activity,52.194769,0.136334
2310,2025-04,T1,suspicious activity,52.197496,0.135221
2311,2025-04,T1,suspicious activity,52.19578,0.134129
2312,2025-04,T1,vandalism,52.197226,0.136745
2313,2025-04,T1,vandalism,52.195793,0.137905
2314,2025-04,T1,vandalism,52.19578,0.134129
2315,2025-04,T1,vandalism,52.19578,0.134129
2316,2025-04,T1,harassment,52.19578,0.134129
2317,2025-04,T1,harassment,52.195527,0.131235
2318,2025-04,T1,physical assault,52.194769,0.136334
2319,2025-04,T1,physical assault,52.195527,0.131235
2320,2025-04,T1,physical assault,52.194769,0.136334
2321,2025-04,T1,physical assault,52.19578,0.134129
2322,2025-04,T1,physical assault,52.195979,0.136085
2323,2025-04,T1,physical assault,52.19578,0.134129
2324,2025-04,T1,physical assault,52.195793,0.137905
2325,2025-04,T1,suspicious activity,52.20199,0.13151
2326,2025-04,T1,suspicious activity,52.20199,0.13151
2327,2025-04,T1,suspicious activity,52.200225,0.134986
2328,2025-04,T1,vandalism,52.19851,0.134816
2329,2025-04,T1,vandalism,52.200225,0.134986
2330,2025-04,T1,vandalism,52.201443,0.135264
2331,2025-04,T1,physical assault,52.20199,0.13151
2332,2025-04,T1,harassment,52.199242,0.135642
2333,2025-04,T1,physical assault,52.20199,0.13151
2334,2025-04,T1,physical assault,52.20199,0.13151
2335,2025-04,T1,physical assault,52.20199,0.13151
2336,2025-04,T1,physical assault,52.200225,0.134986
2337,2025-04,T1,physical assault,52.20199,0.13151
2338,2025-04,T1,physical assault,52.20199,0.13151
2339,2025-04,T1,physical assault,52.200225,0.134986
2340,2025-04,T1,physical assault,52.20199,0.13151
2341,2025-04,T1,physical assault,52.200225,0.134986
2342,2025-04,T1,physical assault,52.20199,0.13151
2343,2025-04,T1,suspicious activity,52.206689,0.141487
2344,2025-04,T1,suspicious activity,52.205548,0.141418
2345,2025-04,T1,vandalism,52.204066,0.140337
2346,2025-04,T1,harassment,52.206689,0.141487
2347,2025-04,T1,harassment,52.207616,0.139951
2348,2025-04,T1,physical assault,52.206006,0.137986
2349,2025-04,T1,physical assault,52.204242,0.141048
2350,2025-04,T1,suspicious activity,52.199586,0.140458
2351,2025-04,T1,suspicious activity,52.199586,0.140458
2352,2025-04,T1,suspicious activity,52.204478,0.143444
2353,2025-04,T1,suspicious activity,52.202952,0.143254
2354,2025-04,T1,suspicious activity,52.199586,0.140458
2355,2025-04,T1,vandalism,52.202952,0.143254
2356,2025-04,T1,vandalism,52.2012,0.140726
2357,2025-04,T1,harassment,52.205917,0.145402
2358,2025-04,T1,physical assault,52.20641,0.144986
2359,2025-04,T1,physical assault,52.204617,0.144183
2360,2025-04,T1,physical assault,52.204617,0.144183
2361,2025-04,T1,physical assault,52.204617,0.144183
2362,2025-04,T1,physical assault,52.202952,0.143254
2363,2025-04,T1,physical assault,52.202952,0.143254
2364,2025-04,T1,physical assault,52.199586,0.140458
2365,2025-04,T1,suspicious activity,52.204696,0.136357
2366,2025-04,T1,suspicious activity,52.203458,0.132741
2367,2025-04,T1,suspicious activity,52.204696,0.136357
2368,2025-04,T1,suspicious activity,52.200861,0.137109
2369,2025-04,T1,suspicious activity,52.200861,0.137109
2370,2025-04,T1,vandalism,52.204696,0.136357
2371,2025-04,T1,vandalism,52.199829,0.138962
2372,2025-04,T1,physical assault,52.205396,0.13642
2373,2025-04,T1,harassment,52.204696,0.136357
2374,2025-04,T1,physical assault,52.200861,0.137109
2375,2025-04,T1,physical assault,52.205396,0.13642
2376,2025-04,T1,physical assault,52.199829,0.138962
2377,2025-04,T1,physical assault,52.205396,0.13642
2378,2025-04,T1,physical assault,52.204696,0.136357
2379,2025-04,T1,physical assault,52.203355,0.133453
2380,2025-04,T1,physical assault,52.205396,0.13642
2381,2025-04,T1,suspicious activity,52.205753,0.147984
2382,2025-04,T1,suspicious activity,52.205101,0.147236
2383,2025-04,T1,vandalism,52.201621,0.157093
2384,2025-04,T1,harassment,52.205082,0.15122
2385,2025-04,T1,physical assault,52.20207,0.148758
2386,2025-04,T1,physical assault,52.200537,0.148991
2387,2025-04,T1,physical assault,52.204133,0.146589
2388,2025-04,T1,vandalism,52.197608,0.145426
2389,2025-04,T1,physical assault,52.197608,0.145426
2390,2025-04,T1,robbery,52.200152,0.145446
2391,2025-04,T1,physical assault,52.200938,0.145235
2392,2025-04,T1,physical assault,52.199035,0.147031
2393,2025-04,T1,physical assault,52.200152,0.145446
2394,2025-04,T1,physical assault,52.197608,0.145426
2395,2025-04,T1,physical assault,52.199035,0.147031
2396,2025-04,T1,suspicious activity,52.200234,0.151293
2397,2025-04,T1,vandalism,52.195573,0.153961
2398,2025-04,T1,vandalism,52.19609,0.155683
2399,2025-04,T1,physical assault,52.199388,0.155799
2400,2025-04,T1,harassment,52.202367,0.152168
2401,2025-04,T1,physical assault,52.202367,0.152168
2402,2025-04,T1,physical assault,52.201006,0.156302
2403,2025-04,T1,physical assault,52.199388,0.155799
2404,2025-04,T1,physical assault,52.198458,0.156998
2405,2025-04,T1,physical assault,52.199388,0.155799
2406,2025-04,T1,physical assault,52.202367,0.152168
2407,2025-04,T1,physical assault,52.197086,0.1538
2408,2025-04,T1,physical assault,52.201557,0.161597
2409,2025-04,T1,physical assault,52.199388,0.155799
2410,2025-04,T1,physical assault,52.201006,0.156302
2411,2025-04,T1,physical assault,52.199388,0.155799
2412,2025-04,T1,physical assault,52.199388,0.155799
2413,2025-04,T1,physical assault,52.19609,0.155683
2414,2025-04,T1,physical assault,52.199388,0.155799
2415,2025-04,T1,physical assault,52.201006,0.156302
2416,2025-04,T1,physical assault,52.199388,0.155799
2417,2025-04,T1,physical assault,52.199388,0.155799
2418,2025-04,T1,physical assault,52.199388,0.155799
2419,2025-04,T1,physical assault,52.199388,0.155799
2420,2025-04,T1,physical assault,52.199388,0.155799
2421,2025-04,T1,suspicious activity,52.19825,0.151135
2422,2025-04,T1,vandalism,52.198096,0.142815
2423,2025-04,T1,physical assault,52.199168,0.147125
2424,2025-04,T1,suspicious activity,52.196817,0.146895
2425,2025-04,T1,harassment,52.196102,0.151558
2426,2025-04,T1,physical assault,52.196991,0.144723
2427,2025-04,T1,physical assault,52.196102,0.151558
2428,2025-04,T1,physical assault,52.196817,0.146895
2429,2025-04,T1,suspicious activity,52.191929,0.148664
2430,2025-04,T1,suspicious activity,52.191929,0.148664
2431,2025-04,T1,suspicious activity,52.19056,0.146813
2432,2025-04,T1,suspicious activity,52.19056,0.146813
2433,2025-04,T1,suspicious activity,52.19056,0.146813
2434,2025-04,T1,suspicious activity,52.19056,0.146813
2435,2025-04,T1,suspicious activity,52.19056,0.146813
2436,2025-04,T1,suspicious activity,52.19056,0.146813
2437,2025-04,T1,suspicious activity,52.19056,0.146813
2438,2025-04,T1,suspicious activity,52.191929,0.148664
2439,2025-04,T1,suspicious activity,52.19056,0.146813
2440,2025-04,T1,suspicious activity,52.19056,0.146813
2441,2025-04,T1,suspicious activity,52.19056,0.146813
2442,2025-04,T1,suspicious activity,52.19056,0.146813
2443,2025-04,T1,vandalism,52.19056,0.146813
2444,2025-04,T1,vandalism,52.194329,0.143776
2445,2025-04,T1,vandalism,52.194329,0.143776
2446,2025-04,T1,vandalism,52.194376,0.145592
2447,2025-04,T1,physical assault,52.194329,0.143776
2448,2025-04,T1,harassment,52.19056,0.146813
2449,2025-04,T1,harassment,52.19056,0.146813
2450,2025-04,T1,harassment,52.19056,0.146813
2451,2025-04,T1,physical assault,52.19056,0.146813
2452,2025-04,T1,physical assault,52.190083,0.152262
2453,2025-04,T1,physical assault,52.191929,0.148664
2454,2025-04,T1,physical assault,52.19056,0.146813
2455,2025-04,T1,suspicious activity,52.191975,0.15645
2456,2025-04,T1,vandalism,52.194007,0.161889
2457,2025-04,T1,vandalism,52.195303,0.152002
2458,2025-04,T1,physical assault,52.195457,0.150444
2459,2025-04,T1,physical assault,52.194007,0.161889
2460,2025-04,T1,physical assault,52.194362,0.156727
2461,2025-04,T1,suspicious activity,52.187179,0.153219
2462,2025-04,T1,suspicious activity,52.185533,0.155699
2463,2025-04,T1,vandalism,52.189235,0.158293
2464,2025-04,T1,harassment,52.189235,0.158293
2465,2025-04,T1,harassment,52.189235,0.158293
2466,2025-04,T1,physical assault,52.189235,0.158293
2467,2025-04,T1,physical assault,52.189235,0.158293
2468,2025-04,T1,physical assault,52.185533,0.155699
2469,2025-04,T1,physical assault,52.189235,0.158293
2470,2025-04,T1,physical assault,52.185533,0.155699
2471,2025-04,T1,suspicious activity,52.190164,0.136961
2472,2025-04,T1,suspicious activity,52.190855,0.13701
2473,2025-04,T1,physical assault,52.190164,0.136961
2474,2025-04,T1,physical assault,52.191801,0.140362
2475,2025-04,T1,physical assault,52.191801,0.140362
2476,2025-04,T1,physical assault,52.190164,0.136961
2477,2025-04,T1,physical assault,52.191801,0.140362
2478,2025-04,T1,physical assault,52.190164,0.136961
2479,2025-04,T1,robbery,52.192935,0.146723
2480,2025-04,T1,robbery,52.189542,0.143955
2481,2025-04,T1,physical assault,52.190998,0.143001
2482,2025-04,T1,physical assault,52.190998,0.143001
2483,2025-04,T1,physical assault,52.190998,0.143001
2484,2025-04,T1,physical assault,52.189542,0.143955
2485,2025-04,T1,physical assault,52.190998,0.143001
2486,2025-04,T1,physical assault,52.18823,0.146832
2487,2025-04,T1,suspicious activity,52.185539,0.162268
2488,2025-04,T1,vandalism,52.190226,0.165568
2489,2025-04,T1,harassment,52.187422,0.162067
2490,2025-04,T1,harassment,52.185539,0.162268
2491,2025-04,T1,physical assault,52.185539,0.162268
2492,2025-04,T1,physical assault,52.185539,0.162268
2493,2025-04,T1,physical assault,52.190226,0.165568
2494,2025-04,T1,physical assault,52.185539,0.162268
2495,2025-04,T1,physical assault,52.185539,0.162268
2496,2025-04,T1,physical assault,52.190226,0.165568
2497,2025-04,T1,physical assault,52.190226,0.165568
2498,2025-04,T1,suspicious activity,52.185163,0.152814
2499,2025-04,T1,harassment,52.18108,0.151842
2500,2025-04,T1,physical assault,52.183212,0.150804
2501,2025-04,T1,physical assault,52.183212,0.150804
2502,2025-04,T1,suspicious activity,52.183856,0.157915
2503,2025-04,T1,suspicious activity,52.183856,0.157915
2504,2025-04,T1,suspicious activity,52.183856,0.157915
2505,2025-04,T1,vandalism,52.183856,0.157915
2506,2025-04,T1,vandalism,52.182953,0.153205
2507,2025-04,T1,vandalism,52.182823,0.156388
2508,2025-04,T1,vandalism,52.182953,0.153205
2509,2025-04,T1,physical assault,52.182558,0.154619
2510,2025-04,T1,physical assault,52.182071,0.156702
2511,2025-04,T1,physical assault,52.182953,0.153205
2512,2025-04,T1,physical assault,52.182953,0.153205
2513,2025-04,T1,physical assault,52.182558,0.154619
2514,2025-04,T1,suspicious activity,52.186036,0.142894
2515,2025-04,T1,physical assault,52.186036,0.142894
2516,2025-04,T1,physical assault,52.18739,0.134664
2517,2025-04,T1,physical assault,52.187291,0.141637
2518,2025-04,T1,physical assault,52.187946,0.140206
2519,2025-04,T1,physical assault,52.185129,0.144811
2520,2025-04,T1,physical assault,52.187946,0.140206
2521,2025-04,T1,physical assault,52.188097,0.137317
2522,2025-04,T1,physical assault,52.186736,0.137529
2523,2025-04,T1,physical assault,52.180635,0.145662
2524,2025-04,T1,physical assault,52.180635,0.145662
2525,2025-04,T1,physical assault,52.19571,0.12659
2526,2025-04,T1,physical assault,52.19676,0.129172
2527,2025-04,T1,physical assault,52.195085,0.127848
2528,2025-04,T1,physical assault,52.19652,0.128546
2529,2025-04,T1,physical assault,52.19652,0.128546
2530,2025-04,T1,suspicious activity,52.193225,0.136216
2531,2025-04,T1,suspicious activity,52.190238,0.132796
2532,2025-04,T1,suspicious activity,52.193225,0.136216
2533,2025-04,T1,suspicious activity,52.190238,0.132796
2534,2025-04,T1,suspicious activity,52.194644,0.134338
2535,2025-04,T1,suspicious activity,52.194644,0.134338
2536,2025-04,T1,vandalism,52.194644,0.134338
2537,2025-04,T1,physical assault,52.194644,0.134338
2538,2025-04,T1,physical assault,52.192245,0.134706
2539,2025-04,T1,physical assault,52.192245,0.134706
2540,2025-04,T1,physical assault,52.193225,0.136216
2541,2025-04,T1,physical assault,52.193527,0.133422
2542,2025-04,T1,suspicious activity,52.189948,0.13148
2543,2025-04,T1,suspicious activity,52.189948,0.13148
2544,2025-04,T1,suspicious activity,52.189948,0.13148
2545,2025-04,T1,physical assault,52.188031,0.128535
2546,2025-04,T1,physical assault,52.188031,0.128535
2547,2025-04,T1,physical assault,52.188031,0.128535
2548,2025-04,T1,physical assault,52.191326,0.132321
2549,2025-04,T1,physical assault,52.190552,0.12788
2550,2025-04,T1,vandalism,52.191089,0.124029
2551,2025-04,T1,vandalism,52.191089,0.124029
2552,2025-04,T1,harassment,52.18737,0.115805
2553,2025-04,T1,physical assault,52.183303,0.121975
2554,2025-04,T1,physical assault,52.189058,0.121986
2555,2025-04,T1,physical assault,52.183303,0.121975
2556,2025-04,T1,physical assault,52.183303,0.121975
2557,2025-04,T1,suspicious activity,52.179258,0.122426
2558,2025-04,T1,suspicious activity,52.228766,0.115957
2559,2025-04,T1,suspicious activity,52.229245,0.116361
2560,2025-04,T1,physical assault,52.231035,0.116314
2561,2025-04,T1,harassment,52.231107,0.117328
2562,2025-04,T1,harassment,52.231107,0.117328
2563,2025-04,T1,harassment,52.231107,0.117328
2564,2025-04,T1,physical assault,52.231035,0.116314
2565,2025-04,T1,physical assault,52.229042,0.114594
2566,2025-04,T1,physical assault,52.231336,0.114586
2567,2025-04,T1,physical assault,52.231336,0.114586
2568,2025-04,T1,vandalism,52.224518,0.16135
2569,2025-04,T1,physical assault,52.224518,0.16135
2570,2025-04,T1,physical assault,52.223672,0.163842
2571,2025-04,T1,physical assault,52.223672,0.163842
2572,2025-04,T1,physical assault,52.224518,0.16135
2573,2025-04,T1,suspicious activity,52.223637,0.091452
2574,2025-04,T1,suspicious activity,52.229811,0.080467
2575,2025-04,T1,suspicious activity,52.226907,0.095164
2576,2025-04,T1,vandalism,52.227982,0.090851
2577,2025-04,T1,vandalism,52.228585,0.09539
2578,2025-04,T1,vandalism,52.228585,0.09539
2579,2025-04,T1,harassment,52.227982,0.090851
2580,2025-04,T1,physical assault,52.227982,0.090851
2581,2025-04,T1,physical assault,52.227982,0.090851
2582,2025-04,T1,physical assault,52.180321,0.093588
2583,2025-05,T1,suspicious activity,52.23006,0.128525
2584,2025-05,T1,vandalism,52.230579,0.132166
2585,2025-05,T1,physical assault,52.23006,0.128525
2586,2025-05,T1,physical assault,52.230579,0.132166
2587,2025-05,T1,physical assault,52.228518,0.135216
2588,2025-05,T1,suspicious activity,52.227077,0.145491
2589,2025-05,T1,suspicious activity,52.227077,0.145491
2590,2025-05,T1,suspicious activity,52.227734,0.142764
2591,2025-05,T1,vandalism,52.229939,0.143646
2592,2025-05,T1,physical assault,52.226709,0.144237
2593,2025-05,T1,harassment,52.227077,0.145491
2594,2025-05,T1,harassment,52.227077,0.145491
2595,2025-05,T1,harassment,52.227077,0.145491
2596,2025-05,T1,physical assault,52.227734,0.142764
2597,2025-05,T1,physical assault,52.226709,0.144237
2598,2025-05,T1,physical assault,52.227077,0.145491
2599,2025-05,T1,physical assault,52.227734,0.142764
2600,2025-05,T1,physical assault,52.227077,0.145491
2601,2025-05,T1,suspicious activity,52.225532,0.13724
2602,2025-05,T1,physical assault,52.227134,0.136189
2603,2025-05,T1,physical assault,52.226786,0.139511
2604,2025-05,T1,physical assault,52.227134,0.136189
2605,2025-05,T1,physical assault,52.22783,0.137482
2606,2025-05,T1,physical assault,52.227134,0.136189
2607,2025-05,T1,suspicious activity,52.228772,0.127628
2608,2025-05,T1,suspicious activity,52.22505,0.127114
2609,2025-05,T1,suspicious activity,52.22505,0.127114
2610,2025-05,T1,suspicious activity,52.230053,0.122901
2611,2025-05,T1,vandalism,52.230053,0.122901
2612,2025-05,T1,vandalism,52.230318,0.121698
2613,2025-05,T1,vandalism,52.230053,0.122901
2614,2025-05,T1,vandalism,52.230053,0.122901
2615,2025-05,T1,physical assault,52.230318,0.121698
2616,2025-05,T1,physical assault,52.230318,0.121698
2617,2025-05,T1,physical assault,52.230053,0.122901
2618,2025-05,T1,harassment,52.230053,0.122901
2619,2025-05,T1,physical assault,52.230053,0.122901
2620,2025-05,T1,physical assault,52.229521,0.125512
2621,2025-05,T1,physical assault,52.230318,0.121698
2622,2025-05,T1,physical assault,52.226495,0.127754
2623,2025-05,T1,physical assault,52.226495,0.127754
2624,2025-05,T1,physical assault,52.22505,0.127114
2625,2025-05,T1,physical assault,52.22505,0.127114
2626,2025-05,T1,physical assault,52.230318,0.121698
2627,2025-05,T1,physical assault,52.22505,0.127114
2628,2025-05,T1,vandalism,52.231577,0.122183
2629,2025-05,T1,vandalism,52.231199,0.127173
2630,2025-05,T1,vandalism,52.231282,0.128583
2631,2025-05,T1,physical assault,52.231953,0.127737
2632,2025-05,T1,physical assault,52.231944,0.137211
2633,2025-05,T1,physical assault,52.230652,0.137046
2634,2025-05,T1,physical assault,52.230652,0.137046
2635,2025-05,T1,physical assault,52.230987,0.129477
2636,2025-05,T1,suspicious activity,52.219497,0.111388
2637,2025-05,T1,suspicious activity,52.219497,0.111388
2638,2025-05,T1,suspicious activity,52.220294,0.111339
2639,2025-05,T1,suspicious activity,52.219497,0.111388
2640,2025-05,T1,suspicious activity,52.219497,0.111388
2641,2025-05,T1,suspicious activity,52.218365,0.116312
2642,2025-05,T1,physical assault,52.218443,0.117472
2643,2025-05,T1,physical assault,52.217598,0.111957
2644,2025-05,T1,physical assault,52.215021,0.11526
2645,2025-05,T1,suspicious activity,52.226059,0.116502
2646,2025-05,T1,suspicious activity,52.228161,0.111111
2647,2025-05,T1,suspicious activity,52.228392,0.114285
2648,2025-05,T1,vandalism,52.224459,0.11647
2649,2025-05,T1,vandalism,52.228161,0.111111
2650,2025-05,T1,physical assault,52.227584,0.114715
2651,2025-05,T1,physical assault,52.229536,0.11062
2652,2025-05,T1,physical assault,52.229536,0.11062
2653,2025-05,T1,physical assault,52.227584,0.114715
2654,2025-05,T1,physical assault,52.229536,0.11062
2655,2025-05,T1,physical assault,52.229536,0.11062
2656,2025-05,T1,suspicious activity,52.224434,0.118841
2657,2025-05,T1,vandalism,52.230061,0.11915
2658,2025-05,T1,vandalism,52.230061,0.11915
2659,2025-05,T1,vandalism,52.230061,0.11915
2660,2025-05,T1,harassment,52.224434,0.118841
2661,2025-05,T1,harassment,52.226546,0.122397
2662,2025-05,T1,physical assault,52.230061,0.11915
2663,2025-05,T1,physical assault,52.230061,0.11915
2664,2025-05,T1,physical assault,52.224434,0.118841
2665,2025-05,T1,physical assault,52.230061,0.11915
2666,2025-05,T1,physical assault,52.228415,0.119484
2667,2025-05,T1,physical assault,52.230061,0.11915
2668,2025-05,T1,suspicious activity,52.22219,0.118148
2669,2025-05,T1,suspicious activity,52.223014,0.118817
2670,2025-05,T1,suspicious activity,52.22219,0.118148
2671,2025-05,T1,vandalism,52.219596,0.113867
2672,2025-05,T1,physical assault,52.219596,0.113867
2673,2025-05,T1,physical assault,52.219596,0.113867
2674,2025-05,T1,physical assault,52.220331,0.115
2675,2025-05,T1,physical assault,52.219596,0.113867
2676,2025-05,T1,physical assault,52.22219,0.118148
2677,2025-05,T1,suspicious activity,52.223394,0.12519
2678,2025-05,T1,suspicious activity,52.225173,0.125245
2679,2025-05,T1,suspicious activity,52.223662,0.119273
2680,2025-05,T1,suspicious activity,52.223903,0.1264
2681,2025-05,T1,suspicious activity,52.223394,0.12519
2682,2025-05,T1,suspicious activity,52.225339,0.124565
2683,2025-05,T1,vandalism,52.226189,0.123771
2684,2025-05,T1,physical assault,52.224961,0.119583
2685,2025-05,T1,physical assault,52.226189,0.123771
2686,2025-05,T1,physical assault,52.224961,0.119583
2687,2025-05,T1,suspicious activity,52.225275,0.152368
2688,2025-05,T1,suspicious activity,52.225275,0.152368
2689,2025-05,T1,suspicious activity,52.22584,0.151487
2690,2025-05,T1,suspicious activity,52.22584,0.151487
2691,2025-05,T1,suspicious activity,52.225275,0.152368
2692,2025-05,T1,suspicious activity,52.227638,0.14806
2693,2025-05,T1,suspicious activity,52.225275,0.152368
2694,2025-05,T1,suspicious activity,52.225275,0.152368
2695,2025-05,T1,suspicious activity,52.225275,0.152368
2696,2025-05,T1,suspicious activity,52.225275,0.152368
2697,2025-05,T1,suspicious activity,52.225275,0.152368
2698,2025-05,T1,suspicious activity,52.227638,0.14806
2699,2025-05,T1,suspicious activity,52.225275,0.152368
2700,2025-05,T1,suspicious activity,52.225275,0.152368
2701,2025-05,T1,vandalism,52.227778,0.151727
2702,2025-05,T1,vandalism,52.227638,0.14806
2703,2025-05,T1,vandalism,52.227638,0.14806
2704,2025-05,T1,vandalism,52.225275,0.152368
2705,2025-05,T1,vandalism,52.227778,0.151727
2706,2025-05,T1,vandalism,52.227778,0.151727
2707,2025-05,T1,harassment,52.22601,0.153501
2708,2025-05,T1,harassment,52.227638,0.14806
2709,2025-05,T1,physical assault,52.223044,0.150488
2710,2025-05,T1,physical assault,52.225899,0.149704
2711,2025-05,T1,physical assault,52.224234,0.147354
2712,2025-05,T1,physical assault,52.225899,0.149704
2713,2025-05,T1,physical assault,52.225544,0.148998
2714,2025-05,T1,physical assault,52.225899,0.149704
2715,2025-05,T1,physical assault,52.22584,0.151487
2716,2025-05,T1,physical assault,52.22584,0.151487
2717,2025-05,T1,physical assault,52.225275,0.152368
2718,2025-05,T1,vandalism,52.221401,0.154274
2719,2025-05,T1,vandalism,52.221401,0.154274
2720,2025-05,T1,vandalism,52.222089,0.149563
2721,2025-05,T1,vandalism,52.222426,0.156256
2722,2025-05,T1,harassment,52.220094,0.152
2723,2025-05,T1,harassment,52.222426,0.156256
2724,2025-05,T1,physical assault,52.221401,0.154274
2725,2025-05,T1,physical assault,52.221401,0.154274
2726,2025-05,T1,physical assault,52.222089,0.149563
2727,2025-05,T1,suspicious activity,52.218538,0.136187
2728,2025-05,T1,suspicious activity,52.220584,0.136387
2729,2025-05,T1,suspicious activity,52.220584,0.136387
2730,2025-05,T1,suspicious activity,52.220584,0.136387
2731,2025-05,T1,vandalism,52.219997,0.140005
2732,2025-05,T1,vandalism,52.219997,0.140005
2733,2025-05,T1,harassment,52.222276,0.144228
2734,2025-05,T1,harassment,52.222276,0.144228
2735,2025-05,T1,physical assault,52.218538,0.136187
2736,2025-05,T1,physical assault,52.218538,0.136187
2737,2025-05,T1,physical assault,52.219997,0.140005
2738,2025-05,T1,physical assault,52.220584,0.136387
2739,2025-05,T1,physical assault,52.219997,0.140005
2740,2025-05,T1,harassment,52.220806,0.144963
2741,2025-05,T1,physical assault,52.220806,0.144963
2742,2025-05,T1,physical assault,52.220806,0.144963
2743,2025-05,T1,physical assault,52.221535,0.146433
2744,2025-05,T1,physical assault,52.220806,0.144963
2745,2025-05,T1,physical assault,52.223197,0.145517
2746,2025-05,T1,physical assault,52.224394,0.141973
2747,2025-05,T1,suspicious activity,52.215086,0.141057
2748,2025-05,T1,suspicious activity,52.215086,0.141057
2749,2025-05,T1,suspicious activity,52.213353,0.141218
2750,2025-05,T1,suspicious activity,52.213202,0.136897
2751,2025-05,T1,suspicious activity,52.213819,0.139034
2752,2025-05,T1,suspicious activity,52.213202,0.136897
2753,2025-05,T1,physical assault,52.217483,0.142797
2754,2025-05,T1,physical assault,52.217688,0.143363
2755,2025-05,T1,suspicious activity,52.218479,0.147354
2756,2025-05,T1,suspicious activity,52.219051,0.14706
2757,2025-05,T1,suspicious activity,52.218479,0.147354
2758,2025-05,T1,suspicious activity,52.218054,0.144493
2759,2025-05,T1,suspicious activity,52.219051,0.14706
2760,2025-05,T1,vandalism,52.218479,0.147354
2761,2025-05,T1,vandalism,52.217889,0.140694
2762,2025-05,T1,vandalism,52.219307,0.142329
2763,2025-05,T1,physical assault,52.220062,0.149319
2764,2025-05,T1,physical assault,52.220062,0.149319
2765,2025-05,T1,physical assault,52.220062,0.149319
2766,2025-05,T1,physical assault,52.218479,0.147354
2767,2025-05,T1,suspicious activity,52.222962,0.136648
2768,2025-05,T1,suspicious activity,52.223358,0.132157
2769,2025-05,T1,harassment,52.222962,0.136648
2770,2025-05,T1,harassment,52.222962,0.136648
2771,2025-05,T1,physical assault,52.220903,0.129712
2772,2025-05,T1,physical assault,52.223978,0.13718
2773,2025-05,T1,physical assault,52.222962,0.136648
2774,2025-05,T1,vandalism,52.219663,0.123635
2775,2025-05,T1,robbery,52.217916,0.125806
2776,2025-05,T1,suspicious activity,52.219264,0.132298
2777,2025-05,T1,suspicious activity,52.219264,0.132298
2778,2025-05,T1,suspicious activity,52.219264,0.132298
2779,2025-05,T1,harassment,52.215762,0.13254
2780,2025-05,T1,physical assault,52.219264,0.132298
2781,2025-05,T1,physical assault,52.215475,0.134488
2782,2025-05,T1,physical assault,52.215475,0.134488
2783,2025-05,T1,physical assault,52.215475,0.134488
2784,2025-05,T1,physical assault,52.219264,0.132298
2785,2025-05,T1,physical assault,52.213552,0.13643
2786,2025-05,T1,physical assault,52.215475,0.134488
2787,2025-05,T1,suspicious activity,52.214281,0.122954
2788,2025-05,T1,suspicious activity,52.213852,0.125803
2789,2025-05,T1,suspicious activity,52.213852,0.125803
2790,2025-05,T1,suspicious activity,52.218793,0.119055
2791,2025-05,T1,vandalism,52.214999,0.127497
2792,2025-05,T1,vandalism,52.214281,0.122954
2793,2025-05,T1,harassment,52.214999,0.127497
2794,2025-05,T1,harassment,52.213852,0.125803
2795,2025-05,T1,harassment,52.214999,0.127497
2796,2025-05,T1,harassment,52.213852,0.125803
2797,2025-05,T1,harassment,52.214705,0.124822
2798,2025-05,T1,harassment,52.214705,0.124822
2799,2025-05,T1,harassment,52.214999,0.127497
2800,2025-05,T1,harassment,52.216518,0.123061
2801,2025-05,T1,physical assault,52.216518,0.123061
2802,2025-05,T1,physical assault,52.214705,0.124822
2803,2025-05,T1,suspicious activity,52.21149,0.135058
2804,2025-05,T1,suspicious activity,52.211055,0.133764
2805,2025-05,T1,physical assault,52.212891,0.128714
2806,2025-05,T1,physical assault,52.212941,0.134923
2807,2025-05,T1,physical assault,52.224336,0.110783
2808,2025-05,T1,physical assault,52.222701,0.110208
2809,2025-05,T1,physical assault,52.219851,0.109165
2810,2025-05,T1,suspicious activity,52.223956,0.09933
2811,2025-05,T1,suspicious activity,52.223956,0.09933
2812,2025-05,T1,suspicious activity,52.223956,0.09933
2813,2025-05,T1,vandalism,52.223956,0.09933
2814,2025-05,T1,physical assault,52.223956,0.09933
2815,2025-05,T1,physical assault,52.223956,0.09933
2816,2025-05,T1,physical assault,52.223956,0.09933
2817,2025-05,T1,vandalism,52.219342,0.086727
2818,2025-05,T1,robbery,52.218061,0.087643
2819,2025-05,T1,physical assault,52.219342,0.086727
2820,2025-05,T1,suspicious activity,52.21468,0.084429
2821,2025-05,T1,physical assault,52.214225,0.098929
2822,2025-05,T1,suspicious activity,52.217314,0.108737
2823,2025-05,T1,suspicious activity,52.212778,0.110952
2824,2025-05,T1,suspicious activity,52.216579,0.108615
2825,2025-05,T1,suspicious activity,52.211025,0.11346
2826,2025-05,T1,suspicious activity,52.207966,0.118072
2827,2025-05,T1,suspicious activity,52.212778,0.110952
2828,2025-05,T1,vandalism,52.206091,0.115831
2829,2025-05,T1,vandalism,52.206091,0.115831
2830,2025-05,T1,physical assault,52.206444,0.118219
2831,2025-05,T1,physical assault,52.206444,0.118219
2832,2025-05,T1,physical assault,52.211967,0.111587
2833,2025-05,T1,physical assault,52.215823,0.11016
2834,2025-05,T1,physical assault,52.216087,0.107976
2835,2025-05,T1,physical assault,52.212778,0.110952
2836,2025-05,T1,suspicious activity,52.208484,0.141193
2837,2025-05,T1,suspicious activity,52.208484,0.141193
2838,2025-05,T1,suspicious activity,52.213326,0.143944
2839,2025-05,T1,suspicious activity,52.208577,0.143978
2840,2025-05,T1,vandalism,52.208577,0.143978
2841,2025-05,T1,physical assault,52.207891,0.146097
2842,2025-05,T1,physical assault,52.209678,0.13784
2843,2025-05,T1,harassment,52.209787,0.145932
2844,2025-05,T1,harassment,52.207891,0.146097
2845,2025-05,T1,harassment,52.207891,0.146097
2846,2025-05,T1,physical assault,52.209787,0.145932
2847,2025-05,T1,physical assault,52.211411,0.143427
2848,2025-05,T1,physical assault,52.211158,0.141512
2849,2025-05,T1,physical assault,52.208484,0.141193
2850,2025-05,T1,physical assault,52.210641,0.142717
2851,2025-05,T1,physical assault,52.208484,0.141193
2852,2025-05,T1,physical assault,52.21159,0.145456
2853,2025-05,T1,suspicious activity,52.21731,0.162113
2854,2025-05,T1,vandalism,52.21731,0.162113
2855,2025-05,T1,physical assault,52.21731,0.162113
2856,2025-05,T1,harassment,52.21731,0.162113
2857,2025-05,T1,harassment,52.21731,0.162113
2858,2025-05,T1,physical assault,52.21731,0.162113
2859,2025-05,T1,physical assault,52.214774,0.165064
2860,2025-05,T1,physical assault,52.21731,0.162113
2861,2025-05,T1,suspicious activity,52.214222,0.146549
2862,2025-05,T1,suspicious activity,52.211711,0.147203
2863,2025-05,T1,suspicious activity,52.214012,0.154634
2864,2025-05,T1,suspicious activity,52.215589,0.157887
2865,2025-05,T1,suspicious activity,52.21425,0.147472
2866,2025-05,T1,suspicious activity,52.211583,0.157649
2867,2025-05,T1,suspicious activity,52.214636,0.148365
2868,2025-05,T1,suspicious activity,52.211583,0.157649
2869,2025-05,T1,suspicious activity,52.211711,0.147203
2870,2025-05,T1,vandalism,52.211583,0.157649
2871,2025-05,T1,vandalism,52.211711,0.147203
2872,2025-05,T1,harassment,52.21074,0.157037
2873,2025-05,T1,robbery,52.211583,0.157649
2874,2025-05,T1,robbery,52.212508,0.15178
2875,2025-05,T1,physical assault,52.215859,0.158354
2876,2025-05,T1,suspicious activity,52.213238,0.163042
2877,2025-05,T1,suspicious activity,52.213238,0.163042
2878,2025-05,T1,suspicious activity,52.213238,0.163042
2879,2025-05,T1,vandalism,52.213238,0.163042
2880,2025-05,T1,suspicious activity,52.209925,0.165209
2881,2025-05,T1,suspicious activity,52.209934,0.162238
2882,2025-05,T1,suspicious activity,52.209934,0.162238
2883,2025-05,T1,vandalism,52.209934,0.162238
2884,2025-05,T1,vandalism,52.208121,0.159135
2885,2025-05,T1,harassment,52.207929,0.164687
2886,2025-05,T1,physical assault,52.208013,0.160593
2887,2025-05,T1,physical assault,52.208013,0.160593
2888,2025-05,T1,physical assault,52.209934,0.162238
2889,2025-05,T1,physical assault,52.208013,0.160593
2890,2025-05,T1,physical assault,52.209925,0.165209
2891,2025-05,T1,physical assault,52.208013,0.160593
2892,2025-05,T1,physical assault,52.209925,0.165209
2893,2025-05,T1,physical assault,52.208121,0.159135
2894,2025-05,T1,physical assault,52.209925,0.165209
2895,2025-05,T1,physical assault,52.209934,0.162238
2896,2025-05,T1,suspicious activity,52.208867,0.133469
2897,2025-05,T1,suspicious activity,52.207109,0.135185
2898,2025-05,T1,suspicious activity,52.205733,0.128254
2899,2025-05,T1,suspicious activity,52.204911,0.132942
2900,2025-05,T1,suspicious activity,52.208867,0.133469
2901,2025-05,T1,suspicious activity,52.205896,0.131175
2902,2025-05,T1,suspicious activity,52.208141,0.129804
2903,2025-05,T1,suspicious activity,52.210274,0.136668
2904,2025-05,T1,suspicious activity,52.204911,0.132942
2905,2025-05,T1,suspicious activity,52.206593,0.133474
2906,2025-05,T1,suspicious activity,52.204911,0.132942
2907,2025-05,T1,suspicious activity,52.206593,0.133474
2908,2025-05,T1,suspicious activity,52.208553,0.131887
2909,2025-05,T1,vandalism,52.207489,0.1321
2910,2025-05,T1,vandalism,52.204911,0.132942
2911,2025-05,T1,vandalism,52.206593,0.133474
2912,2025-05,T1,vandalism,52.207489,0.1321
2913,2025-05,T1,vandalism,52.206593,0.133474
2914,2025-05,T1,physical assault,52.206907,0.130462
2915,2025-05,T1,harassment,52.205741,0.131753
2916,2025-05,T1,harassment,52.205741,0.131753
2917,2025-05,T1,physical assault,52.208141,0.129804
2918,2025-05,T1,physical assault,52.204725,0.127796
2919,2025-05,T1,physical assault,52.205741,0.131753
2920,2025-05,T1,physical assault,52.205806,0.130175
2921,2025-05,T1,physical assault,52.205427,0.131255
2922,2025-05,T1,physical assault,52.208141,0.129804
2923,2025-05,T1,physical assault,52.208071,0.134704
2924,2025-05,T1,physical assault,52.204725,0.127796
2925,2025-05,T1,suspicious activity,52.198102,0.112057
2926,2025-05,T1,suspicious activity,52.198353,0.112581
2927,2025-05,T1,suspicious activity,52.198102,0.112057
2928,2025-05,T1,vandalism,52.195769,0.102215
2929,2025-05,T1,physical assault,52.195997,0.109572
2930,2025-05,T1,physical assault,52.19939,0.112908
2931,2025-05,T1,physical assault,52.198102,0.112057
2932,2025-05,T1,physical assault,52.196263,0.104243
2933,2025-05,T1,suspicious activity,52.206447,0.120517
2934,2025-05,T1,suspicious activity,52.208057,0.122042
2935,2025-05,T1,suspicious activity,52.205622,0.118912
2936,2025-05,T1,suspicious activity,52.207515,0.127125
2937,2025-05,T1,suspicious activity,52.205386,0.124037
2938,2025-05,T1,suspicious activity,52.205622,0.118912
2939,2025-05,T1,suspicious activity,52.205622,0.118912
2940,2025-05,T1,suspicious activity,52.205622,0.118912
2941,2025-05,T1,suspicious activity,52.206781,0.118952
2942,2025-05,T1,suspicious activity,52.207111,0.125627
2943,2025-05,T1,suspicious activity,52.205622,0.118912
2944,2025-05,T1,vandalism,52.207382,0.124074
2945,2025-05,T1,vandalism,52.206635,0.119077
2946,2025-05,T1,harassment,52.208057,0.122042
2947,2025-05,T1,harassment,52.209069,0.119749
2948,2025-05,T1,harassment,52.2055,0.118203
2949,2025-05,T1,harassment,52.2071,0.119758
2950,2025-05,T1,harassment,52.206447,0.120517
2951,2025-05,T1,harassment,52.205622,0.118912
2952,2025-05,T1,harassment,52.2055,0.118203
2953,2025-05,T1,robbery,52.207111,0.125627
2954,2025-05,T1,robbery,52.209422,0.119092
2955,2025-05,T1,robbery,52.205622,0.118912
2956,2025-05,T1,physical assault,52.206447,0.120517
2957,2025-05,T1,physical assault,52.207875,0.123658
2958,2025-05,T1,physical assault,52.2071,0.119758
2959,2025-05,T1,physical assault,52.207875,0.123658
2960,2025-05,T1,physical assault,52.207382,0.124074
2961,2025-05,T1,physical assault,52.205622,0.118912
2962,2025-05,T1,physical assault,52.205622,0.118912
2963,2025-05,T1,physical assault,52.2071,0.119758
2964,2025-05,T1,physical assault,52.205622,0.118912
2965,2025-05,T1,physical assault,52.206447,0.120517
2966,2025-05,T1,physical assault,52.205386,0.124037
2967,2025-05,T1,suspicious activity,52.208355,0.105356
2968,2025-05,T1,suspicious activity,52.20936,0.084939
2969,2025-05,T1,suspicious activity,52.20433,0.11724
2970,2025-05,T1,suspicious activity,52.202874,0.11748
2971,2025-05,T1,suspicious activity,52.20903,0.090195
2972,2025-05,T1,vandalism,52.202874,0.11748
2973,2025-05,T1,physical assault,52.209538,0.100041
2974,2025-05,T1,physical assault,52.208355,0.105356
2975,2025-05,T1,physical assault,52.200374,0.111711
2976,2025-05,T1,suspicious activity,52.204372,0.119408
2977,2025-05,T1,suspicious activity,52.203097,0.121806
2978,2025-05,T1,suspicious activity,52.204215,0.121172
2979,2025-05,T1,suspicious activity,52.199366,0.127262
2980,2025-05,T1,suspicious activity,52.203334,0.129106
2981,2025-05,T1,suspicious activity,52.204812,0.121976
2982,2025-05,T1,suspicious activity,52.204812,0.121976
2983,2025-05,T1,suspicious activity,52.204372,0.119408
2984,2025-05,T1,suspicious activity,52.203523,0.124124
2985,2025-05,T1,suspicious activity,52.203247,0.130463
2986,2025-05,T1,suspicious activity,52.203629,0.120719
2987,2025-05,T1,suspicious activity,52.204215,0.121172
2988,2025-05,T1,suspicious activity,52.204215,0.121172
2989,2025-05,T1,suspicious activity,52.203995,0.11838
2990,2025-05,T1,suspicious activity,52.206455,0.121103
2991,2025-05,T1,suspicious activity,52.201058,0.126172
2992,2025-05,T1,suspicious activity,52.201421,0.125173
2993,2025-05,T1,suspicious activity,52.204215,0.121172
2994,2025-05,T1,suspicious activity,52.199366,0.127262
2995,2025-05,T1,suspicious activity,52.1984,0.121524
2996,2025-05,T1,suspicious activity,52.201421,0.125173
2997,2025-05,T1,suspicious activity,52.201421,0.125173
2998,2025-05,T1,suspicious activity,52.204372,0.119408
2999,2025-05,T1,suspicious activity,52.204812,0.121976
3000,2025-05,T1,suspicious activity,52.201058,0.126172
3001,2025-05,T1,vandalism,52.204215,0.121172
3002,2025-05,T1,vandalism,52.203523,0.124124
3003,2025-05,T1,vandalism,52.204812,0.121976
3004,2025-05,T1,vandalism,52.204215,0.121172
3005,2025-05,T1,vandalism,52.203247,0.130463
3006,2025-05,T1,vandalism,52.201696,0.117203
3007,2025-05,T1,vandalism,52.204372,0.119408
3008,2025-05,T1,vandalism,52.199366,0.127262
3009,2025-05,T1,vandalism,52.204215,0.121172
3010,2025-05,T1,vandalism,52.204812,0.121976
3011,2025-05,T1,vandalism,52.203247,0.130463
3012,2025-05,T1,vandalism,52.203247,0.130463
3013,2025-05,T1,vandalism,52.204812,0.121976
3014,2025-05,T1,harassment,52.199366,0.127262
3015,2025-05,T1,harassment,52.201421,0.125173
3016,2025-05,T1,harassment,52.204812,0.121976
3017,2025-05,T1,harassment,52.203247,0.130463
3018,2025-05,T1,harassment,52.204372,0.119408
3019,2025-05,T1,harassment,52.203011,0.125622
3020,2025-05,T1,harassment,52.204215,0.121172
3021,2025-05,T1,harassment,52.204215,0.121172
3022,2025-05,T1,harassment,52.203011,0.125622
3023,2025-05,T1,harassment,52.201421,0.125173
3024,2025-05,T1,harassment,52.204215,0.121172
3025,2025-05,T1,harassment,52.203011,0.125622
3026,2025-05,T1,harassment,52.1984,0.121524
3027,2025-05,T1,harassment,52.203523,0.124124
3028,2025-05,T1,harassment,52.204215,0.121172
3029,2025-05,T1,harassment,52.204215,0.121172
3030,2025-05,T1,harassment,52.204812,0.121976
3031,2025-05,T1,harassment,52.20533,0.12364
3032,2025-05,T1,harassment,52.204812,0.121976
3033,2025-05,T1,harassment,52.201919,0.117863
3034,2025-05,T1,robbery,52.206311,0.121593
3035,2025-05,T1,robbery,52.204662,0.125774
3036,2025-05,T1,physical assault,52.201421,0.125173
3037,2025-05,T1,physical assault,52.204812,0.121976
3038,2025-05,T1,physical assault,52.203247,0.130463
3039,2025-05,T1,physical assault,52.204372,0.119408
3040,2025-05,T1,physical assault,52.201421,0.125173
3041,2025-05,T1,physical assault,52.201421,0.125173
3042,2025-05,T1,physical assault,52.204812,0.121976
3043,2025-05,T1,physical assault,52.203523,0.124124
3044,2025-05,T1,physical assault,52.201421,0.125173
3045,2025-05,T1,physical assault,52.203523,0.124124
3046,2025-05,T1,physical assault,52.204372,0.119408
3047,2025-05,T1,physical assault,52.206455,0.121103
3048,2025-05,T1,physical assault,52.201421,0.125173
3049,2025-05,T1,physical assault,52.205594,0.133429
3050,2025-05,T1,physical assault,52.204812,0.121976
3051,2025-05,T1,physical assault,52.203523,0.124124
3052,2025-05,T1,physical assault,52.203523,0.124124
3053,2025-05,T1,physical assault,52.204812,0.121976
3054,2025-05,T1,physical assault,52.203247,0.130463
3055,2025-05,T1,physical assault,52.203247,0.130463
3056,2025-05,T1,physical assault,52.201421,0.125173
3057,2025-05,T1,physical assault,52.203097,0.121806
3058,2025-05,T1,physical assault,52.203523,0.124124
3059,2025-05,T1,physical assault,52.201421,0.125173
3060,2025-05,T1,physical assault,52.203523,0.124124
3061,2025-05,T1,physical assault,52.201421,0.125173
3062,2025-05,T1,physical assault,52.201421,0.125173
3063,2025-05,T1,physical assault,52.204215,0.121172
3064,2025-05,T1,physical assault,52.203111,0.12106
3065,2025-05,T1,physical assault,52.203523,0.124124
3066,2025-05,T1,physical assault,52.204812,0.121976
3067,2025-05,T1,physical assault,52.201421,0.125173
3068,2025-05,T1,physical assault,52.203523,0.124124
3069,2025-05,T1,physical assault,52.203523,0.124124
3070,2025-05,T1,physical assault,52.204662,0.125774
3071,2025-05,T1,physical assault,52.204812,0.121976
3072,2025-05,T1,physical assault,52.20082,0.12941
3073,2025-05,T1,physical assault,52.206455,0.121103
3074,2025-05,T1,physical assault,52.206455,0.121103
3075,2025-05,T1,physical assault,52.204372,0.119408
3076,2025-05,T1,physical assault,52.203097,0.121806
3077,2025-05,T1,physical assault,52.203523,0.124124
3078,2025-05,T1,physical assault,52.204812,0.121976
3079,2025-05,T1,physical assault,52.203523,0.124124
3080,2025-05,T1,physical assault,52.204812,0.121976
3081,2025-05,T1,physical assault,52.204372,0.119408
3082,2025-05,T1,physical assault,52.204812,0.121976
3083,2025-05,T1,physical assault,52.203247,0.130463
3084,2025-05,T1,physical assault,52.201421,0.125173
3085,2025-05,T1,physical assault,52.204812,0.121976
3086,2025-05,T1,physical assault,52.206455,0.121103
3087,2025-05,T1,physical assault,52.204372,0.119408
3088,2025-05,T1,suspicious activity,52.194769,0.136334
3089,2025-05,T1,suspicious activity,52.195544,0.130984
3090,2025-05,T1,suspicious activity,52.195307,0.136419
3091,2025-05,T1,suspicious activity,52.195307,0.136419
3092,2025-05,T1,suspicious activity,52.19578,0.134129
3093,2025-05,T1,suspicious activity,52.194769,0.136334
3094,2025-05,T1,suspicious activity,52.197361,0.129786
3095,2025-05,T1,vandalism,52.194769,0.136334
3096,2025-05,T1,vandalism,52.194769,0.136334
3097,2025-05,T1,physical assault,52.197322,0.138871
3098,2025-05,T1,harassment,52.195527,0.131235
3099,2025-05,T1,physical assault,52.197361,0.129786
3100,2025-05,T1,physical assault,52.194769,0.136334
3101,2025-05,T1,physical assault,52.194769,0.136334
3102,2025-05,T1,physical assault,52.19578,0.134129
3103,2025-05,T1,physical assault,52.197361,0.129786
3104,2025-05,T1,suspicious activity,52.200443,0.134338
3105,2025-05,T1,suspicious activity,52.201889,0.133456
3106,2025-05,T1,suspicious activity,52.20199,0.13151
3107,2025-05,T1,suspicious activity,52.201568,0.134319
3108,2025-05,T1,suspicious activity,52.201889,0.133456
3109,2025-05,T1,suspicious activity,52.199242,0.135642
3110,2025-05,T1,suspicious activity,52.200225,0.134986
3111,2025-05,T1,physical assault,52.20199,0.13151
3112,2025-05,T1,physical assault,52.199242,0.135642
3113,2025-05,T1,physical assault,52.201889,0.133456
3114,2025-05,T1,suspicious activity,52.207758,0.138582
3115,2025-05,T1,suspicious activity,52.206239,0.138553
3116,2025-05,T1,suspicious activity,52.205344,0.138832
3117,2025-05,T1,suspicious activity,52.207758,0.138582
3118,2025-05,T1,vandalism,52.207758,0.138582
3119,2025-05,T1,physical assault,52.20676,0.138578
3120,2025-05,T1,harassment,52.20614,0.140056
3121,2025-05,T1,physical assault,52.203566,0.141659
3122,2025-05,T1,suspicious activity,52.205917,0.145402
3123,2025-05,T1,suspicious activity,52.202952,0.143254
3124,2025-05,T1,vandalism,52.202952,0.143254
3125,2025-05,T1,physical assault,52.202952,0.143254
3126,2025-05,T1,harassment,52.205917,0.145402
3127,2025-05,T1,physical assault,52.199586,0.140458
3128,2025-05,T1,physical assault,52.202952,0.143254
3129,2025-05,T1,physical assault,52.202022,0.142478
3130,2025-05,T1,physical assault,52.202952,0.143254
3131,2025-05,T1,physical assault,52.200807,0.140078
3132,2025-05,T1,physical assault,52.202022,0.142478
3133,2025-05,T1,vandalism,52.203458,0.132741
3134,2025-05,T1,harassment,52.203458,0.132741
3135,2025-05,T1,physical assault,52.203458,0.132741
3136,2025-05,T1,physical assault,52.203355,0.133453
3137,2025-05,T1,physical assault,52.203355,0.133453
3138,2025-05,T1,suspicious activity,52.204133,0.146589
3139,2025-05,T1,vandalism,52.204133,0.146589
3140,2025-05,T1,physical assault,52.204017,0.152906
3141,2025-05,T1,physical assault,52.204133,0.146589
3142,2025-05,T1,physical assault,52.200537,0.148991
3143,2025-05,T1,physical assault,52.204017,0.152906
3144,2025-05,T1,suspicious activity,52.197608,0.145426
3145,2025-05,T1,harassment,52.197608,0.145426
3146,2025-05,T1,harassment,52.197608,0.145426
3147,2025-05,T1,harassment,52.197608,0.145426
3148,2025-05,T1,physical assault,52.197608,0.145426
3149,2025-05,T1,physical assault,52.200152,0.145446
3150,2025-05,T1,suspicious activity,52.202367,0.152168
3151,2025-05,T1,suspicious activity,52.201006,0.156302
3152,2025-05,T1,suspicious activity,52.201557,0.161597
3153,2025-05,T1,suspicious activity,52.202367,0.152168
3154,2025-05,T1,suspicious activity,52.200648,0.152743
3155,2025-05,T1,suspicious activity,52.19609,0.155683
3156,2025-05,T1,vandalism,52.202367,0.152168
3157,2025-05,T1,vandalism,52.197237,0.15492
3158,2025-05,T1,physical assault,52.199388,0.155799
3159,2025-05,T1,physical assault,52.19609,0.155683
3160,2025-05,T1,harassment,52.197086,0.1538
3161,2025-05,T1,harassment,52.199388,0.155799
3162,2025-05,T1,harassment,52.200577,0.15271
3163,2025-05,T1,robbery,52.201544,0.151938
3164,2025-05,T1,physical assault,52.201006,0.156302
3165,2025-05,T1,physical assault,52.202367,0.152168
3166,2025-05,T1,physical assault,52.199388,0.155799
3167,2025-05,T1,physical assault,52.199388,0.155799
3168,2025-05,T1,physical assault,52.202367,0.152168
3169,2025-05,T1,physical assault,52.199388,0.155799
3170,2025-05,T1,physical assault,52.202367,0.152168
3171,2025-05,T1,physical assault,52.197086,0.1538
3172,2025-05,T1,physical assault,52.199388,0.155799
3173,2025-05,T1,physical assault,52.202367,0.152168
3174,2025-05,T1,physical assault,52.197086,0.1538
3175,2025-05,T1,physical assault,52.201544,0.151938
3176,2025-05,T1,suspicious activity,52.199168,0.147125
3177,2025-05,T1,vandalism,52.198096,0.142815
3178,2025-05,T1,physical assault,52.198096,0.142815
3179,2025-05,T1,physical assault,52.197784,0.150088
3180,2025-05,T1,physical assault,52.19825,0.151135
3181,2025-05,T1,physical assault,52.19825,0.151135
3182,2025-05,T1,physical assault,52.198096,0.142815
3183,2025-05,T1,vandalism,52.196102,0.151558
3184,2025-05,T1,physical assault,52.196102,0.151558
3185,2025-05,T1,physical assault,52.196102,0.151558
3186,2025-05,T1,physical assault,52.197007,0.141856
3187,2025-05,T1,suspicious activity,52.19056,0.146813
3188,2025-05,T1,suspicious activity,52.19056,0.146813
3189,2025-05,T1,suspicious activity,52.19056,0.146813
3190,2025-05,T1,suspicious activity,52.19056,0.146813
3191,2025-05,T1,harassment,52.191929,0.148664
3192,2025-05,T1,physical assault,52.190083,0.152262
3193,2025-05,T1,physical assault,52.19056,0.146813
3194,2025-05,T1,physical assault,52.191929,0.148664
3195,2025-05,T1,physical assault,52.19056,0.146813
3196,2025-05,T1,physical assault,52.191929,0.148664
3197,2025-05,T1,physical assault,52.19056,0.146813
3198,2025-05,T1,suspicious activity,52.190593,0.158797
3199,2025-05,T1,suspicious activity,52.195457,0.150444
3200,2025-05,T1,vandalism,52.194007,0.161889
3201,2025-05,T1,physical assault,52.195457,0.150444
3202,2025-05,T1,physical assault,52.191975,0.15645
3203,2025-05,T1,physical assault,52.193072,0.156503
3204,2025-05,T1,suspicious activity,52.18827,0.149614
3205,2025-05,T1,harassment,52.191743,0.153937
3206,2025-05,T1,harassment,52.191743,0.153937
3207,2025-05,T1,physical assault,52.187179,0.153219
3208,2025-05,T1,physical assault,52.191655,0.154313
3209,2025-05,T1,suspicious activity,52.189235,0.158293
3210,2025-05,T1,vandalism,52.189235,0.158293
3211,2025-05,T1,physical assault,52.187749,0.160883
3212,2025-05,T1,physical assault,52.187749,0.160883
3213,2025-05,T1,physical assault,52.185533,0.155699
3214,2025-05,T1,physical assault,52.186442,0.155626
3215,2025-05,T1,suspicious activity,52.189096,0.135331
3216,2025-05,T1,suspicious activity,52.190164,0.136961
3217,2025-05,T1,suspicious activity,52.190164,0.136961
3218,2025-05,T1,suspicious activity,52.189096,0.135331
3219,2025-05,T1,vandalism,52.195126,0.141458
3220,2025-05,T1,harassment,52.191801,0.140362
3221,2025-05,T1,harassment,52.190164,0.136961
3222,2025-05,T1,harassment,52.191532,0.138842
3223,2025-05,T1,harassment,52.190164,0.136961
3224,2025-05,T1,robbery,52.191801,0.140362
3225,2025-05,T1,robbery,52.194723,0.140897
3226,2025-05,T1,robbery,52.194723,0.140897
3227,2025-05,T1,physical assault,52.190164,0.136961
3228,2025-05,T1,physical assault,52.191299,0.1363
3229,2025-05,T1,physical assault,52.190164,0.136961
3230,2025-05,T1,physical assault,52.191299,0.1363
3231,2025-05,T1,physical assault,52.190164,0.136961
3232,2025-05,T1,vandalism,52.190061,0.141595
3233,2025-05,T1,physical assault,52.189412,0.14863
3234,2025-05,T1,physical assault,52.18823,0.146832
3235,2025-05,T1,physical assault,52.189412,0.14863
3236,2025-05,T1,physical assault,52.18823,0.146832
3237,2025-05,T1,suspicious activity,52.185539,0.162268
3238,2025-05,T1,suspicious activity,52.187422,0.162067
3239,2025-05,T1,suspicious activity,52.190226,0.165568
3240,2025-05,T1,suspicious activity,52.184937,0.160235
3241,2025-05,T1,vandalism,52.190226,0.165568
3242,2025-05,T1,harassment,52.185539,0.162268
3243,2025-05,T1,physical assault,52.190226,0.165568
3244,2025-05,T1,physical assault,52.190226,0.165568
3245,2025-05,T1,suspicious activity,52.182608,0.151916
3246,2025-05,T1,suspicious activity,52.18108,0.151842
3247,2025-05,T1,suspicious activity,52.182608,0.151916
3248,2025-05,T1,physical assault,52.183212,0.150804
3249,2025-05,T1,physical assault,52.18108,0.151842
3250,2025-05,T1,physical assault,52.18108,0.151842
3251,2025-05,T1,suspicious activity,52.181387,0.15819
3252,2025-05,T1,suspicious activity,52.182558,0.154619
3253,2025-05,T1,vandalism,52.182953,0.153205
3254,2025-05,T1,physical assault,52.182558,0.154619
3255,2025-05,T1,physical assault,52.182558,0.154619
3256,2025-05,T1,suspicious activity,52.186736,0.137529
3257,2025-05,T1,harassment,52.188097,0.137317
3258,2025-05,T1,physical assault,52.186749,0.133346
3259,2025-05,T1,physical assault,52.187946,0.140206
3260,2025-05,T1,physical assault,52.188097,0.137317
3261,2025-05,T1,physical assault,52.179151,0.144245
3262,2025-05,T1,suspicious activity,52.196362,0.125304
3263,2025-05,T1,suspicious activity,52.196625,0.122683
3264,2025-05,T1,suspicious activity,52.195499,0.120119
3265,2025-05,T1,vandalism,52.19605,0.125685
3266,2025-05,T1,robbery,52.198821,0.129592
3267,2025-05,T1,physical assault,52.19605,0.125685
3268,2025-05,T1,physical assault,52.198223,0.124823
3269,2025-05,T1,physical assault,52.19676,0.129172
3270,2025-05,T1,suspicious activity,52.193225,0.136216
3271,2025-05,T1,suspicious activity,52.193771,0.13535
3272,2025-05,T1,vandalism,52.192353,0.134003
3273,2025-05,T1,physical assault,52.193745,0.134822
3274,2025-05,T1,physical assault,52.193225,0.136216
3275,2025-05,T1,physical assault,52.192245,0.134706
3276,2025-05,T1,physical assault,52.190238,0.132796
3277,2025-05,T1,physical assault,52.193225,0.136216
3278,2025-05,T1,suspicious activity,52.188817,0.128339
3279,2025-05,T1,physical assault,52.188031,0.128535
3280,2025-05,T1,physical assault,52.188031,0.128535
3281,2025-05,T1,vandalism,52.184495,0.123202
3282,2025-05,T1,harassment,52.183303,0.121975
3283,2025-05,T1,physical assault,52.183303,0.121975
3284,2025-05,T1,physical assault,52.18432,0.125418
3285,2025-05,T1,suspicious activity,52.179258,0.122426
3286,2025-05,T1,suspicious activity,52.179258,0.122426
3287,2025-05,T1,physical assault,52.179258,0.122426
3288,2025-05,T1,physical assault,52.179258,0.122426
3289,2025-05,T1,suspicious activity,52.180619,0.116713
3290,2025-05,T1,robbery,52.180619,0.116713
3291,2025-05,T1,suspicious activity,52.231107,0.117328
3292,2025-05,T1,suspicious activity,52.231107,0.117328
3293,2025-05,T1,vandalism,52.231107,0.117328
3294,2025-05,T1,vandalism,52.229684,0.116953
3295,2025-05,T1,harassment,52.231107,0.117328
3296,2025-05,T1,physical assault,52.231035,0.116314
3297,2025-05,T1,physical assault,52.228766,0.115957
3298,2025-05,T1,physical assault,52.231035,0.116314
3299,2025-05,T1,physical assault,52.229684,0.116953
3300,2025-05,T1,physical assault,52.228766,0.115957
3301,2025-05,T1,suspicious activity,52.224725,0.089966
3302,2025-05,T1,suspicious activity,52.223637,0.091452
3303,2025-05,T1,vandalism,52.227982,0.090851
3304,2025-05,T1,physical assault,52.225875,0.089493
3305,2025-05,T1,suspicious activity,52.190391,0.098699
3306,2025-05,T1,physical assault,52.180321,0.093588
3307,2025-06,T1,vandalism,52.230278,0.131874
3308,2025-06,T1,robbery,52.230579,0.132166
3309,2025-06,T1,physical assault,52.230579,0.132166
3310,2025-06,T1,physical assault,52.226808,0.133816
3311,2025-06,T1,physical assault,52.230579,0.132166
3312,2025-06,T1,physical assault,52.230579,0.132166
3313,2025-06,T1,physical assault,52.226808,0.133816
3314,2025-06,T1,physical assault,52.231891,0.132834
3315,2025-06,T1,suspicious activity,52.229939,0.143646
3316,2025-06,T1,vandalism,52.227734,0.142764
3317,2025-06,T1,harassment,52.227077,0.145491
3318,2025-06,T1,harassment,52.227077,0.145491
3319,2025-06,T1,harassment,52.227077,0.145491
3320,2025-06,T1,harassment,52.227077,0.145491
3321,2025-06,T1,physical assault,52.227325,0.138556
3322,2025-06,T1,physical assault,52.227734,0.142764
3323,2025-06,T1,suspicious activity,52.230747,0.135806
3324,2025-06,T1,suspicious activity,52.229879,0.138532
3325,2025-06,T1,suspicious activity,52.229879,0.138532
3326,2025-06,T1,suspicious activity,52.227382,0.136392
3327,2025-06,T1,vandalism,52.230802,0.135223
3328,2025-06,T1,harassment,52.230802,0.135223
3329,2025-06,T1,physical assault,52.229879,0.138532
3330,2025-06,T1,physical assault,52.229879,0.138532
3331,2025-06,T1,physical assault,52.229879,0.138532
3332,2025-06,T1,suspicious activity,52.22584,0.126654
3333,2025-06,T1,suspicious activity,52.229139,0.123238
3334,2025-06,T1,suspicious activity,52.22584,0.126654
3335,2025-06,T1,suspicious activity,52.228772,0.127628
3336,2025-06,T1,suspicious activity,52.229139,0.123238
3337,2025-06,T1,suspicious activity,52.22505,0.127114
3338,2025-06,T1,suspicious activity,52.22584,0.126654
3339,2025-06,T1,vandalism,52.229139,0.123238
3340,2025-06,T1,vandalism,52.226495,0.127754
3341,2025-06,T1,physical assault,52.22505,0.127114
3342,2025-06,T1,physical assault,52.229521,0.125512
3343,2025-06,T1,physical assault,52.229521,0.125512
3344,2025-06,T1,physical assault,52.229521,0.125512
3345,2025-06,T1,physical assault,52.230053,0.122901
3346,2025-06,T1,physical assault,52.226495,0.127754
3347,2025-06,T1,physical assault,52.22505,0.127114
3348,2025-06,T1,physical assault,52.22505,0.127114
3349,2025-06,T1,physical assault,52.229677,0.122341
3350,2025-06,T1,physical assault,52.22584,0.126654
3351,2025-06,T1,suspicious activity,52.231577,0.122183
3352,2025-06,T1,vandalism,52.230376,0.12646
3353,2025-06,T1,harassment,52.231282,0.128583
3354,2025-06,T1,physical assault,52.231953,0.127737
3355,2025-06,T1,physical assault,52.231577,0.122183
3356,2025-06,T1,physical assault,52.231953,0.127737
3357,2025-06,T1,physical assault,52.232106,0.121784
3358,2025-06,T1,vandalism,52.230896,0.137483
3359,2025-06,T1,physical assault,52.230652,0.137046
3360,2025-06,T1,physical assault,52.230896,0.137483
3361,2025-06,T1,physical assault,52.230383,0.137985
3362,2025-06,T1,physical assault,52.232015,0.140217
3363,2025-06,T1,suspicious activity,52.217598,0.111957
3364,2025-06,T1,suspicious activity,52.217209,0.114588
3365,2025-06,T1,suspicious activity,52.217598,0.111957
3366,2025-06,T1,suspicious activity,52.218443,0.117472
3367,2025-06,T1,suspicious activity,52.219497,0.111388
3368,2025-06,T1,suspicious activity,52.219497,0.111388
3369,2025-06,T1,suspicious activity,52.216568,0.113723
3370,2025-06,T1,vandalism,52.219497,0.111388
3371,2025-06,T1,physical assault,52.216568,0.113723
3372,2025-06,T1,physical assault,52.215335,0.112274
3373,2025-06,T1,physical assault,52.217209,0.114588
3374,2025-06,T1,physical assault,52.215346,0.117691
3375,2025-06,T1,harassment,52.214207,0.118515
3376,2025-06,T1,harassment,52.214207,0.118515
3377,2025-06,T1,physical assault,52.214207,0.118515
3378,2025-06,T1,physical assault,52.214207,0.118515
3379,2025-06,T1,physical assault,52.213686,0.116514
3380,2025-06,T1,suspicious activity,52.228161,0.111111
3381,2025-06,T1,suspicious activity,52.226059,0.116502
3382,2025-06,T1,vandalism,52.227584,0.114715
3383,2025-06,T1,vandalism,52.227584,0.114715
3384,2025-06,T1,physical assault,52.227584,0.114715
3385,2025-06,T1,physical assault,52.224459,0.11647
3386,2025-06,T1,physical assault,52.225144,0.115858
3387,2025-06,T1,physical assault,52.229536,0.11062
3388,2025-06,T1,physical assault,52.228392,0.114285
3389,2025-06,T1,suspicious activity,52.224434,0.118841
3390,2025-06,T1,vandalism,52.230061,0.11915
3391,2025-06,T1,physical assault,52.226817,0.12137
3392,2025-06,T1,physical assault,52.228415,0.119484
3393,2025-06,T1,physical assault,52.228415,0.119484
3394,2025-06,T1,physical assault,52.226817,0.12137
3395,2025-06,T1,suspicious activity,52.223028,0.112522
3396,2025-06,T1,vandalism,52.220259,0.117002
3397,2025-06,T1,harassment,52.220712,0.11329
3398,2025-06,T1,physical assault,52.223028,0.112522
3399,2025-06,T1,physical assault,52.223028,0.112522
3400,2025-06,T1,physical assault,52.223028,0.112522
3401,2025-06,T1,physical assault,52.220259,0.117002
3402,2025-06,T1,suspicious activity,52.226451,0.124706
3403,2025-06,T1,suspicious activity,52.224961,0.119583
3404,2025-06,T1,suspicious activity,52.225173,0.125245
3405,2025-06,T1,vandalism,52.223429,0.120272
3406,2025-06,T1,physical assault,52.223622,0.121994
3407,2025-06,T1,physical assault,52.225339,0.124565
3408,2025-06,T1,physical assault,52.225339,0.124565
3409,2025-06,T1,physical assault,52.226535,0.126555
3410,2025-06,T1,suspicious activity,52.224192,0.149665
3411,2025-06,T1,suspicious activity,52.223713,0.148848
3412,2025-06,T1,suspicious activity,52.223625,0.150663
3413,2025-06,T1,suspicious activity,52.22601,0.153501
3414,2025-06,T1,vandalism,52.225275,0.152368
3415,2025-06,T1,vandalism,52.227778,0.151727
3416,2025-06,T1,vandalism,52.225275,0.152368
3417,2025-06,T1,vandalism,52.222864,0.149015
3418,2025-06,T1,physical assault,52.223135,0.148428
3419,2025-06,T1,physical assault,52.223718,0.151487
3420,2025-06,T1,physical assault,52.223718,0.151487
3421,2025-06,T1,physical assault,52.224234,0.147354
3422,2025-06,T1,physical assault,52.223718,0.151487
3423,2025-06,T1,physical assault,52.225275,0.152368
3424,2025-06,T1,physical assault,52.227638,0.14806
3425,2025-06,T1,physical assault,52.226291,0.145945
3426,2025-06,T1,physical assault,52.22584,0.151487
3427,2025-06,T1,physical assault,52.223718,0.151487
3428,2025-06,T1,physical assault,52.225899,0.149704
3429,2025-06,T1,physical assault,52.223718,0.151487
3430,2025-06,T1,physical assault,52.223718,0.151487
3431,2025-06,T1,physical assault,52.223135,0.148428
3432,2025-06,T1,suspicious activity,52.222426,0.156256
3433,2025-06,T1,suspicious activity,52.222426,0.156256
3434,2025-06,T1,harassment,52.222426,0.156256
3435,2025-06,T1,harassment,52.222426,0.156256
3436,2025-06,T1,harassment,52.222426,0.156256
3437,2025-06,T1,physical assault,52.220094,0.152
3438,2025-06,T1,physical assault,52.221665,0.156556
3439,2025-06,T1,suspicious activity,52.221307,0.141166
3440,2025-06,T1,suspicious activity,52.219997,0.140005
3441,2025-06,T1,suspicious activity,52.22089,0.141848
3442,2025-06,T1,suspicious activity,52.220584,0.136387
3443,2025-06,T1,suspicious activity,52.221307,0.141166
3444,2025-06,T1,suspicious activity,52.221307,0.141166
3445,2025-06,T1,physical assault,52.219997,0.140005
3446,2025-06,T1,physical assault,52.218903,0.133876
3447,2025-06,T1,physical assault,52.220584,0.136387
3448,2025-06,T1,physical assault,52.219997,0.140005
3449,2025-06,T1,physical assault,52.2216,0.143844
3450,2025-06,T1,physical assault,52.219997,0.140005
3451,2025-06,T1,physical assault,52.219997,0.140005
3452,2025-06,T1,physical assault,52.218913,0.136805
3453,2025-06,T1,physical assault,52.217847,0.134119
3454,2025-06,T1,suspicious activity,52.220162,0.144815
3455,2025-06,T1,harassment,52.220806,0.144963
3456,2025-06,T1,robbery,52.220733,0.147492
3457,2025-06,T1,physical assault,52.221535,0.146433
3458,2025-06,T1,physical assault,52.220209,0.143177
3459,2025-06,T1,physical assault,52.220162,0.144815
3460,2025-06,T1,physical assault,52.223197,0.145517
3461,2025-06,T1,suspicious activity,52.213202,0.136897
3462,2025-06,T1,suspicious activity,52.215086,0.141057
3463,2025-06,T1,harassment,52.213202,0.136897
3464,2025-06,T1,physical assault,52.21541,0.142565
3465,2025-06,T1,suspicious activity,52.218027,0.142545
3466,2025-06,T1,suspicious activity,52.218054,0.144493
3467,2025-06,T1,suspicious activity,52.219051,0.14706
3468,2025-06,T1,suspicious activity,52.218965,0.144332
3469,2025-06,T1,suspicious activity,52.218054,0.144493
3470,2025-06,T1,suspicious activity,52.218054,0.144493
3471,2025-06,T1,harassment,52.218027,0.142545
3472,2025-06,T1,harassment,52.218054,0.144493
3473,2025-06,T1,harassment,52.218479,0.147354
3474,2025-06,T1,physical assault,52.218054,0.144493
3475,2025-06,T1,physical assault,52.215574,0.137201
3476,2025-06,T1,physical assault,52.217889,0.140694
3477,2025-06,T1,physical assault,52.219051,0.14706
3478,2025-06,T1,physical assault,52.221955,0.132178
3479,2025-06,T1,physical assault,52.221955,0.132178
3480,2025-06,T1,physical assault,52.222962,0.136648
3481,2025-06,T1,physical assault,52.221955,0.132178
3482,2025-06,T1,physical assault,52.223048,0.133899
3483,2025-06,T1,physical assault,52.221955,0.132178
3484,2025-06,T1,physical assault,52.223358,0.132157
3485,2025-06,T1,physical assault,52.223358,0.132157
3486,2025-06,T1,suspicious activity,52.217916,0.125806
3487,2025-06,T1,vandalism,52.219663,0.123635
3488,2025-06,T1,physical assault,52.217916,0.125806
3489,2025-06,T1,physical assault,52.218686,0.128464
3490,2025-06,T1,physical assault,52.221456,0.121451
3491,2025-06,T1,physical assault,52.221456,0.121451
3492,2025-06,T1,suspicious activity,52.216093,0.127637
3493,2025-06,T1,suspicious activity,52.219264,0.132298
3494,2025-06,T1,harassment,52.219264,0.132298
3495,2025-06,T1,physical assault,52.215267,0.126602
3496,2025-06,T1,physical assault,52.21645,0.130319
3497,2025-06,T1,physical assault,52.213552,0.13643
3498,2025-06,T1,physical assault,52.215762,0.13254
3499,2025-06,T1,physical assault,52.215762,0.13254
3500,2025-06,T1,suspicious activity,52.213852,0.125803
3501,2025-06,T1,suspicious activity,52.213852,0.125803
3502,2025-06,T1,suspicious activity,52.214032,0.1218
3503,2025-06,T1,suspicious activity,52.214032,0.1218
3504,2025-06,T1,suspicious activity,52.214032,0.1218
3505,2025-06,T1,suspicious activity,52.213852,0.125803
3506,2025-06,T1,suspicious activity,52.214281,0.122954
3507,2025-06,T1,suspicious activity,52.214705,0.124822
3508,2025-06,T1,suspicious activity,52.214281,0.122954
3509,2025-06,T1,suspicious activity,52.213852,0.125803
3510,2025-06,T1,suspicious activity,52.214705,0.124822
3511,2025-06,T1,suspicious activity,52.214999,0.127497
3512,2025-06,T1,vandalism,52.214536,0.126758
3513,2025-06,T1,harassment,52.214705,0.124822
3514,2025-06,T1,harassment,52.218793,0.119055
3515,2025-06,T1,physical assault,52.213852,0.125803
3516,2025-06,T1,physical assault,52.218793,0.119055
3517,2025-06,T1,physical assault,52.213852,0.125803
3518,2025-06,T1,physical assault,52.214999,0.127497
3519,2025-06,T1,physical assault,52.214032,0.1218
3520,2025-06,T1,physical assault,52.214705,0.124822
3521,2025-06,T1,physical assault,52.213921,0.126933
3522,2025-06,T1,suspicious activity,52.212891,0.128714
3523,2025-06,T1,vandalism,52.212225,0.129267
3524,2025-06,T1,vandalism,52.212941,0.134923
3525,2025-06,T1,vandalism,52.212225,0.129267
3526,2025-06,T1,vandalism,52.213512,0.13315
3527,2025-06,T1,vandalism,52.21363,0.131618
3528,2025-06,T1,harassment,52.212225,0.129267
3529,2025-06,T1,physical assault,52.21149,0.135058
3530,2025-06,T1,physical assault,52.214399,0.129825
3531,2025-06,T1,physical assault,52.212225,0.129267
3532,2025-06,T1,physical assault,52.212225,0.129267
3533,2025-06,T1,physical assault,52.211399,0.131658
3534,2025-06,T1,physical assault,52.212891,0.128714
3535,2025-06,T1,physical assault,52.211399,0.131658
3536,2025-06,T1,physical assault,52.212891,0.128714
3537,2025-06,T1,suspicious activity,52.221938,0.112119
3538,2025-06,T1,physical assault,52.221035,0.108343
3539,2025-06,T1,suspicious activity,52.223956,0.09933
3540,2025-06,T1,suspicious activity,52.223956,0.09933
3541,2025-06,T1,suspicious activity,52.223956,0.09933
3542,2025-06,T1,suspicious activity,52.223042,0.098613
3543,2025-06,T1,suspicious activity,52.223956,0.09933
3544,2025-06,T1,suspicious activity,52.223956,0.09933
3545,2025-06,T1,suspicious activity,52.223956,0.09933
3546,2025-06,T1,suspicious activity,52.22512,0.098594
3547,2025-06,T1,physical assault,52.223956,0.09933
3548,2025-06,T1,physical assault,52.223956,0.09933
3549,2025-06,T1,suspicious activity,52.21728,0.086879
3550,2025-06,T1,suspicious activity,52.21728,0.086879
3551,2025-06,T1,harassment,52.218061,0.087643
3552,2025-06,T1,physical assault,52.218061,0.087643
3553,2025-06,T1,suspicious activity,52.21468,0.084429
3554,2025-06,T1,suspicious activity,52.217991,0.084321
3555,2025-06,T1,vandalism,52.214225,0.098929
3556,2025-06,T1,physical assault,52.217991,0.084321
3557,2025-06,T1,suspicious activity,52.210445,0.115769
3558,2025-06,T1,suspicious activity,52.217454,0.106445
3559,2025-06,T1,suspicious activity,52.206091,0.115831
3560,2025-06,T1,suspicious activity,52.212778,0.110952
3561,2025-06,T1,suspicious activity,52.214025,0.111626
3562,2025-06,T1,suspicious activity,52.213098,0.11167
3563,2025-06,T1,vandalism,52.212778,0.110952
3564,2025-06,T1,vandalism,52.206444,0.118219
3565,2025-06,T1,vandalism,52.206444,0.118219
3566,2025-06,T1,harassment,52.218945,0.106516
3567,2025-06,T1,physical assault,52.213316,0.113569
3568,2025-06,T1,physical assault,52.215823,0.11016
3569,2025-06,T1,physical assault,52.212778,0.110952
3570,2025-06,T1,physical assault,52.212778,0.110952
3571,2025-06,T1,physical assault,52.206444,0.118219
3572,2025-06,T1,physical assault,52.210537,0.112119
3573,2025-06,T1,physical assault,52.211025,0.11346
3574,2025-06,T1,physical assault,52.212778,0.110952
3575,2025-06,T1,physical assault,52.213098,0.11167
3576,2025-06,T1,physical assault,52.218586,0.106499
3577,2025-06,T1,suspicious activity,52.209517,0.140745
3578,2025-06,T1,suspicious activity,52.211411,0.143427
3579,2025-06,T1,suspicious activity,52.213326,0.143944
3580,2025-06,T1,suspicious activity,52.209663,0.141601
3581,2025-06,T1,suspicious activity,52.208484,0.141193
3582,2025-06,T1,vandalism,52.211158,0.141512
3583,2025-06,T1,vandalism,52.208577,0.143978
3584,2025-06,T1,physical assault,52.208484,0.141193
3585,2025-06,T1,harassment,52.208484,0.141193
3586,2025-06,T1,harassment,52.211411,0.143427
3587,2025-06,T1,harassment,52.209787,0.145932
3588,2025-06,T1,robbery,52.210102,0.143188
3589,2025-06,T1,physical assault,52.210102,0.143188
3590,2025-06,T1,physical assault,52.210102,0.143188
3591,2025-06,T1,physical assault,52.208484,0.141193
3592,2025-06,T1,physical assault,52.209787,0.145932
3593,2025-06,T1,physical assault,52.21159,0.145456
3594,2025-06,T1,suspicious activity,52.21731,0.162113
3595,2025-06,T1,suspicious activity,52.21731,0.162113
3596,2025-06,T1,suspicious activity,52.218058,0.164477
3597,2025-06,T1,vandalism,52.21781,0.162328
3598,2025-06,T1,vandalism,52.21731,0.162113
3599,2025-06,T1,physical assault,52.21731,0.162113
3600,2025-06,T1,suspicious activity,52.214222,0.146549
3601,2025-06,T1,suspicious activity,52.214272,0.150723
3602,2025-06,T1,suspicious activity,52.214012,0.154634
3603,2025-06,T1,robbery,52.211711,0.147203
3604,2025-06,T1,physical assault,52.211711,0.147203
3605,2025-06,T1,physical assault,52.216674,0.14774
3606,2025-06,T1,physical assault,52.215859,0.158354
3607,2025-06,T1,physical assault,52.215859,0.158354
3608,2025-06,T1,physical assault,52.214467,0.156295
3609,2025-06,T1,physical assault,52.215859,0.158354
3610,2025-06,T1,physical assault,52.208923,0.155075
3611,2025-06,T1,physical assault,52.215859,0.158354
3612,2025-06,T1,suspicious activity,52.213238,0.163042
3613,2025-06,T1,suspicious activity,52.212051,0.159574
3614,2025-06,T1,suspicious activity,52.213238,0.163042
3615,2025-06,T1,suspicious activity,52.215226,0.162466
3616,2025-06,T1,physical assault,52.213238,0.163042
3617,2025-06,T1,harassment,52.212379,0.160849
3618,2025-06,T1,harassment,52.213238,0.163042
3619,2025-06,T1,harassment,52.215226,0.162466
3620,2025-06,T1,physical assault,52.213238,0.163042
3621,2025-06,T1,physical assault,52.213238,0.163042
3622,2025-06,T1,physical assault,52.215226,0.162466
3623,2025-06,T1,physical assault,52.210265,0.158404
3624,2025-06,T1,physical assault,52.213238,0.163042
3625,2025-06,T1,physical assault,52.210265,0.158404
3626,2025-06,T1,physical assault,52.215226,0.162466
3627,2025-06,T1,physical assault,52.210265,0.158404
3628,2025-06,T1,suspicious activity,52.207929,0.164687
3629,2025-06,T1,suspicious activity,52.209934,0.162238
3630,2025-06,T1,suspicious activity,52.209925,0.165209
3631,2025-06,T1,suspicious activity,52.208013,0.160593
3632,2025-06,T1,suspicious activity,52.207929,0.164687
3633,2025-06,T1,harassment,52.209925,0.165209
3634,2025-06,T1,physical assault,52.208121,0.159135
3635,2025-06,T1,physical assault,52.208121,0.159135
3636,2025-06,T1,physical assault,52.209934,0.162238
3637,2025-06,T1,physical assault,52.209925,0.165209
3638,2025-06,T1,suspicious activity,52.208867,0.133469
3639,2025-06,T1,suspicious activity,52.207067,0.129548
3640,2025-06,T1,suspicious activity,52.210274,0.136668
3641,2025-06,T1,suspicious activity,52.204911,0.132942
3642,2025-06,T1,suspicious activity,52.207844,0.129863
3643,2025-06,T1,suspicious activity,52.204813,0.131884
3644,2025-06,T1,vandalism,52.207489,0.1321
3645,2025-06,T1,vandalism,52.210274,0.136668
3646,2025-06,T1,vandalism,52.210274,0.136668
3647,2025-06,T1,vandalism,52.207489,0.1321
3648,2025-06,T1,physical assault,52.205866,0.129344
3649,2025-06,T1,harassment,52.206907,0.130462
3650,2025-06,T1,harassment,52.204725,0.127796
3651,2025-06,T1,robbery,52.206982,0.136218
3652,2025-06,T1,robbery,52.207844,0.129863
3653,2025-06,T1,physical assault,52.206907,0.130462
3654,2025-06,T1,physical assault,52.207844,0.129863
3655,2025-06,T1,physical assault,52.207067,0.129548
3656,2025-06,T1,physical assault,52.206712,0.130292
3657,2025-06,T1,physical assault,52.206907,0.130462
3658,2025-06,T1,physical assault,52.208553,0.131887
3659,2025-06,T1,physical assault,52.205896,0.131175
3660,2025-06,T1,physical assault,52.206907,0.130462
3661,2025-06,T1,physical assault,52.207243,0.129249
3662,2025-06,T1,physical assault,52.206907,0.130462
3663,2025-06,T1,physical assault,52.207844,0.129863
3664,2025-06,T1,suspicious activity,52.195221,0.114773
3665,2025-06,T1,suspicious activity,52.195221,0.114773
3666,2025-06,T1,suspicious activity,52.200671,0.113715
3667,2025-06,T1,harassment,52.193388,0.108629
3668,2025-06,T1,harassment,52.196078,0.110073
3669,2025-06,T1,robbery,52.195221,0.114773
3670,2025-06,T1,physical assault,52.195221,0.114773
3671,2025-06,T1,physical assault,52.193388,0.108629
3672,2025-06,T1,physical assault,52.199553,0.109843
3673,2025-06,T1,physical assault,52.19939,0.112908
3674,2025-06,T1,physical assault,52.197476,0.11788
3675,2025-06,T1,physical assault,52.195221,0.114773
3676,2025-06,T1,physical assault,52.19939,0.112908
3677,2025-06,T1,suspicious activity,52.210019,0.117891
3678,2025-06,T1,suspicious activity,52.205386,0.124037
3679,2025-06,T1,suspicious activity,52.206447,0.120517
3680,2025-06,T1,suspicious activity,52.205622,0.118912
3681,2025-06,T1,suspicious activity,52.207875,0.123658
3682,2025-06,T1,suspicious activity,52.2071,0.119758
3683,2025-06,T1,suspicious activity,52.2071,0.119758
3684,2025-06,T1,suspicious activity,52.205386,0.124037
3685,2025-06,T1,suspicious activity,52.205386,0.124037
3686,2025-06,T1,suspicious activity,52.206447,0.120517
3687,2025-06,T1,vandalism,52.2055,0.118203
3688,2025-06,T1,vandalism,52.205622,0.118912
3689,2025-06,T1,physical assault,52.206447,0.120517
3690,2025-06,T1,harassment,52.210019,0.117891
3691,2025-06,T1,harassment,52.20763,0.125754
3692,2025-06,T1,harassment,52.205622,0.118912
3693,2025-06,T1,harassment,52.205622,0.118912
3694,2025-06,T1,robbery,52.206447,0.120517
3695,2025-06,T1,physical assault,52.209938,0.120434
3696,2025-06,T1,physical assault,52.20763,0.125754
3697,2025-06,T1,physical assault,52.206447,0.120517
3698,2025-06,T1,physical assault,52.209938,0.120434
3699,2025-06,T1,physical assault,52.206447,0.120517
3700,2025-06,T1,physical assault,52.206447,0.120517
3701,2025-06,T1,physical assault,52.209938,0.120434
3702,2025-06,T1,physical assault,52.205622,0.118912
3703,2025-06,T1,physical assault,52.207515,0.127125
3704,2025-06,T1,physical assault,52.208057,0.122042
3705,2025-06,T1,suspicious activity,52.194312,0.097996
3706,2025-06,T1,vandalism,52.203983,0.104476
3707,2025-06,T1,harassment,52.200386,0.109531
3708,2025-06,T1,harassment,52.210261,0.093283
3709,2025-06,T1,physical assault,52.200386,0.109531
3710,2025-06,T1,physical assault,52.211196,0.098874
3711,2025-06,T1,physical assault,52.208355,0.105356
3712,2025-06,T1,physical assault,52.211156,0.097072
3713,2025-06,T1,physical assault,52.211196,0.098874
3714,2025-06,T1,physical assault,52.194312,0.097996
3715,2025-06,T1,suspicious activity,52.203097,0.121806
3716,2025-06,T1,suspicious activity,52.204177,0.130756
3717,2025-06,T1,suspicious activity,52.206455,0.121103
3718,2025-06,T1,suspicious activity,52.20533,0.12364
3719,2025-06,T1,suspicious activity,52.203523,0.124124
3720,2025-06,T1,suspicious activity,52.201058,0.126172
3721,2025-06,T1,suspicious activity,52.203334,0.129106
3722,2025-06,T1,suspicious activity,52.203334,0.129106
3723,2025-06,T1,suspicious activity,52.203334,0.129106
3724,2025-06,T1,suspicious activity,52.204372,0.119408
3725,2025-06,T1,suspicious activity,52.204536,0.117821
3726,2025-06,T1,suspicious activity,52.199366,0.127262
3727,2025-06,T1,suspicious activity,52.203995,0.11838
3728,2025-06,T1,suspicious activity,52.204812,0.121976
3729,2025-06,T1,suspicious activity,52.203995,0.11838
3730,2025-06,T1,suspicious activity,52.203097,0.121806
3731,2025-06,T1,suspicious activity,52.203097,0.121806
3732,2025-06,T1,suspicious activity,52.203247,0.130463
3733,2025-06,T1,suspicious activity,52.203523,0.124124
3734,2025-06,T1,suspicious activity,52.204812,0.121976
3735,2025-06,T1,suspicious activity,52.20446,0.118051
3736,2025-06,T1,suspicious activity,52.201058,0.126172
3737,2025-06,T1,suspicious activity,52.204215,0.121172
3738,2025-06,T1,suspicious activity,52.201696,0.117203
3739,2025-06,T1,suspicious activity,52.204812,0.121976
3740,2025-06,T1,suspicious activity,52.204177,0.130756
3741,2025-06,T1,suspicious activity,52.199366,0.127262
3742,2025-06,T1,vandalism,52.203247,0.130463
3743,2025-06,T1,vandalism,52.203247,0.130463
3744,2025-06,T1,vandalism,52.201421,0.125173
3745,2025-06,T1,vandalism,52.203629,0.120719
3746,2025-06,T1,vandalism,52.203247,0.130463
3747,2025-06,T1,vandalism,52.201421,0.125173
3748,2025-06,T1,vandalism,52.204812,0.121976
3749,2025-06,T1,vandalism,52.203247,0.130463
3750,2025-06,T1,vandalism,52.202989,0.126294
3751,2025-06,T1,vandalism,52.201919,0.117863
3752,2025-06,T1,vandalism,52.203523,0.124124
3753,2025-06,T1,physical assault,52.206311,0.121593
3754,2025-06,T1,physical assault,52.20533,0.12364
3755,2025-06,T1,physical assault,52.203523,0.124124
3756,2025-06,T1,physical assault,52.20082,0.12941
3757,2025-06,T1,physical assault,52.204372,0.119408
3758,2025-06,T1,physical assault,52.204662,0.125774
3759,2025-06,T1,harassment,52.204372,0.119408
3760,2025-06,T1,harassment,52.20082,0.12941
3761,2025-06,T1,harassment,52.203111,0.12106
3762,2025-06,T1,harassment,52.204215,0.121172
3763,2025-06,T1,harassment,52.203097,0.121806
3764,2025-06,T1,harassment,52.200939,0.125816
3765,2025-06,T1,harassment,52.203247,0.130463
3766,2025-06,T1,harassment,52.203247,0.130463
3767,2025-06,T1,harassment,52.204812,0.121976
3768,2025-06,T1,harassment,52.204215,0.121172
3769,2025-06,T1,harassment,52.201696,0.117203
3770,2025-06,T1,harassment,52.204812,0.121976
3771,2025-06,T1,harassment,52.204462,0.130916
3772,2025-06,T1,harassment,52.200506,0.121917
3773,2025-06,T1,harassment,52.203011,0.125622
3774,2025-06,T1,harassment,52.203097,0.121806
3775,2025-06,T1,physical assault,52.203995,0.11838
3776,2025-06,T1,physical assault,52.20082,0.12941
3777,2025-06,T1,physical assault,52.203995,0.11838
3778,2025-06,T1,physical assault,52.203523,0.124124
3779,2025-06,T1,physical assault,52.204372,0.119408
3780,2025-06,T1,physical assault,52.203523,0.124124
3781,2025-06,T1,physical assault,52.205594,0.133429
3782,2025-06,T1,physical assault,52.206311,0.121593
3783,2025-06,T1,physical assault,52.20533,0.12364
3784,2025-06,T1,physical assault,52.20533,0.12364
3785,2025-06,T1,physical assault,52.203523,0.124124
3786,2025-06,T1,physical assault,52.204662,0.125774
3787,2025-06,T1,physical assault,52.203247,0.130463
3788,2025-06,T1,physical assault,52.204215,0.121172
3789,2025-06,T1,physical assault,52.203011,0.125622
3790,2025-06,T1,physical assault,52.204215,0.121172
3791,2025-06,T1,physical assault,52.203995,0.11838
3792,2025-06,T1,physical assault,52.20082,0.12941
3793,2025-06,T1,physical assault,52.203247,0.130463
3794,2025-06,T1,physical assault,52.206311,0.121593
3795,2025-06,T1,physical assault,52.204812,0.121976
3796,2025-06,T1,physical assault,52.204662,0.125774
3797,2025-06,T1,physical assault,52.206455,0.121103
3798,2025-06,T1,physical assault,52.203523,0.124124
3799,2025-06,T1,physical assault,52.204215,0.121172
3800,2025-06,T1,physical assault,52.204372,0.119408
3801,2025-06,T1,physical assault,52.203523,0.124124
3802,2025-06,T1,physical assault,52.203247,0.130463
3803,2025-06,T1,physical assault,52.204215,0.121172
3804,2025-06,T1,physical assault,52.206455,0.121103
3805,2025-06,T1,physical assault,52.203097,0.121806
3806,2025-06,T1,physical assault,52.20082,0.12941
3807,2025-06,T1,physical assault,52.201919,0.117863
3808,2025-06,T1,suspicious activity,52.195979,0.136085
3809,2025-06,T1,vandalism,52.195979,0.136085
3810,2025-06,T1,vandalism,52.195527,0.131235
3811,2025-06,T1,vandalism,52.19578,0.134129
3812,2025-06,T1,harassment,52.195307,0.136419
3813,2025-06,T1,harassment,52.194769,0.136334
3814,2025-06,T1,harassment,52.196107,0.133443
3815,2025-06,T1,physical assault,52.197361,0.129786
3816,2025-06,T1,physical assault,52.195793,0.137905
3817,2025-06,T1,physical assault,52.19578,0.134129
3818,2025-06,T1,physical assault,52.197785,0.131196
3819,2025-06,T1,physical assault,52.197361,0.129786
3820,2025-06,T1,physical assault,52.197785,0.131196
3821,2025-06,T1,suspicious activity,52.200225,0.134986
3822,2025-06,T1,suspicious activity,52.200225,0.134986
3823,2025-06,T1,suspicious activity,52.20199,0.13151
3824,2025-06,T1,suspicious activity,52.200225,0.134986
3825,2025-06,T1,suspicious activity,52.199242,0.135642
3826,2025-06,T1,vandalism,52.200225,0.134986
3827,2025-06,T1,harassment,52.200225,0.134986
3828,2025-06,T1,harassment,52.200225,0.134986
3829,2025-06,T1,harassment,52.200443,0.134338
3830,2025-06,T1,harassment,52.200225,0.134986
3831,2025-06,T1,harassment,52.200443,0.134338
3832,2025-06,T1,physical assault,52.201889,0.133456
3833,2025-06,T1,physical assault,52.200225,0.134986
3834,2025-06,T1,vandalism,52.205344,0.138832
3835,2025-06,T1,vandalism,52.20272,0.14216
3836,2025-06,T1,harassment,52.203777,0.142401
3837,2025-06,T1,physical assault,52.205607,0.137688
3838,2025-06,T1,physical assault,52.207758,0.138582
3839,2025-06,T1,physical assault,52.206006,0.137986
3840,2025-06,T1,physical assault,52.20676,0.138578
3841,2025-06,T1,suspicious activity,52.200807,0.140078
3842,2025-06,T1,suspicious activity,52.202952,0.143254
3843,2025-06,T1,suspicious activity,52.202023,0.140941
3844,2025-06,T1,suspicious activity,52.202023,0.140941
3845,2025-06,T1,vandalism,52.202188,0.139281
3846,2025-06,T1,physical assault,52.199957,0.140315
3847,2025-06,T1,physical assault,52.205917,0.145402
3848,2025-06,T1,physical assault,52.2012,0.140726
3849,2025-06,T1,suspicious activity,52.205387,0.134429
3850,2025-06,T1,suspicious activity,52.199829,0.138962
3851,2025-06,T1,suspicious activity,52.204696,0.136357
3852,2025-06,T1,vandalism,52.199829,0.138962
3853,2025-06,T1,vandalism,52.204696,0.136357
3854,2025-06,T1,harassment,52.199829,0.138962
3855,2025-06,T1,harassment,52.205396,0.13642
3856,2025-06,T1,robbery,52.203458,0.132741
3857,2025-06,T1,physical assault,52.204696,0.136357
3858,2025-06,T1,physical assault,52.205396,0.13642
3859,2025-06,T1,physical assault,52.205203,0.135693
3860,2025-06,T1,physical assault,52.200861,0.137109
3861,2025-06,T1,physical assault,52.205203,0.135693
3862,2025-06,T1,suspicious activity,52.204133,0.146589
3863,2025-06,T1,suspicious activity,52.205082,0.15122
3864,2025-06,T1,suspicious activity,52.205753,0.147984
3865,2025-06,T1,suspicious activity,52.204133,0.146589
3866,2025-06,T1,suspicious activity,52.200537,0.148991
3867,2025-06,T1,vandalism,52.205082,0.15122
3868,2025-06,T1,harassment,52.200537,0.148991
3869,2025-06,T1,physical assault,52.204133,0.146589
3870,2025-06,T1,physical assault,52.20207,0.148758
3871,2025-06,T1,physical assault,52.201621,0.157093
3872,2025-06,T1,physical assault,52.201621,0.157093
3873,2025-06,T1,physical assault,52.204133,0.146589
3874,2025-06,T1,physical assault,52.205101,0.147236
3875,2025-06,T1,suspicious activity,52.198482,0.143814
3876,2025-06,T1,suspicious activity,52.200938,0.145235
3877,2025-06,T1,suspicious activity,52.200152,0.145446
3878,2025-06,T1,harassment,52.200938,0.145235
3879,2025-06,T1,harassment,52.197608,0.145426
3880,2025-06,T1,physical assault,52.200152,0.145446
3881,2025-06,T1,physical assault,52.197608,0.145426
3882,2025-06,T1,suspicious activity,52.202367,0.152168
3883,2025-06,T1,suspicious activity,52.199388,0.155799
3884,2025-06,T1,vandalism,52.199388,0.155799
3885,2025-06,T1,vandalism,52.201544,0.151938
3886,2025-06,T1,harassment,52.195657,0.153263
3887,2025-06,T1,harassment,52.202367,0.152168
3888,2025-06,T1,harassment,52.202367,0.152168
3889,2025-06,T1,harassment,52.199388,0.155799
3890,2025-06,T1,harassment,52.202367,0.152168
3891,2025-06,T1,harassment,52.19609,0.155683
3892,2025-06,T1,harassment,52.197086,0.1538
3893,2025-06,T1,physical assault,52.202367,0.152168
3894,2025-06,T1,physical assault,52.200467,0.160725
3895,2025-06,T1,physical assault,52.195573,0.153961
3896,2025-06,T1,physical assault,52.195573,0.153961
3897,2025-06,T1,physical assault,52.195573,0.153961
3898,2025-06,T1,physical assault,52.202367,0.152168
3899,2025-06,T1,suspicious activity,52.198096,0.142815
3900,2025-06,T1,physical assault,52.198096,0.142815
3901,2025-06,T1,suspicious activity,52.196991,0.144723
3902,2025-06,T1,suspicious activity,52.196817,0.146895
3903,2025-06,T1,suspicious activity,52.196991,0.144723
3904,2025-06,T1,suspicious activity,52.196991,0.144723
3905,2025-06,T1,suspicious activity,52.195963,0.141411
3906,2025-06,T1,suspicious activity,52.196991,0.144723
3907,2025-06,T1,suspicious activity,52.196991,0.144723
3908,2025-06,T1,vandalism,52.196133,0.149847
3909,2025-06,T1,physical assault,52.195963,0.141411
3910,2025-06,T1,harassment,52.196991,0.144723
3911,2025-06,T1,suspicious activity,52.19056,0.146813
3912,2025-06,T1,suspicious activity,52.190083,0.152262
3913,2025-06,T1,physical assault,52.19056,0.146813
3914,2025-06,T1,physical assault,52.191929,0.148664
3915,2025-06,T1,physical assault,52.190083,0.152262
3916,2025-06,T1,physical assault,52.191929,0.148664
3917,2025-06,T1,physical assault,52.190083,0.152262
3918,2025-06,T1,suspicious activity,52.195303,0.152002
3919,2025-06,T1,suspicious activity,52.194007,0.161889
3920,2025-06,T1,vandalism,52.194362,0.156727
3921,2025-06,T1,vandalism,52.194007,0.161889
3922,2025-06,T1,harassment,52.194362,0.156727
3923,2025-06,T1,physical assault,52.195457,0.150444
3924,2025-06,T1,physical assault,52.194007,0.161889
3925,2025-06,T1,physical assault,52.195457,0.150444
3926,2025-06,T1,physical assault,52.193102,0.156285
3927,2025-06,T1,physical assault,52.195457,0.150444
3928,2025-06,T1,suspicious activity,52.187179,0.153219
3929,2025-06,T1,suspicious activity,52.187179,0.153219
3930,2025-06,T1,suspicious activity,52.187179,0.153219
3931,2025-06,T1,suspicious activity,52.186631,0.153661
3932,2025-06,T1,suspicious activity,52.187179,0.153219
3933,2025-06,T1,harassment,52.191743,0.153937
3934,2025-06,T1,harassment,52.191743,0.153937
3935,2025-06,T1,harassment,52.18827,0.149614
3936,2025-06,T1,physical assault,52.187179,0.153219
3937,2025-06,T1,physical assault,52.187179,0.153219
3938,2025-06,T1,physical assault,52.189233,0.160882
3939,2025-06,T1,physical assault,52.189233,0.160882
3940,2025-06,T1,physical assault,52.189233,0.160882
3941,2025-06,T1,suspicious activity,52.189096,0.135331
3942,2025-06,T1,suspicious activity,52.191532,0.138842
3943,2025-06,T1,vandalism,52.190164,0.136961
3944,2025-06,T1,harassment,52.191532,0.138842
3945,2025-06,T1,physical assault,52.190164,0.136961
3946,2025-06,T1,physical assault,52.195126,0.141458
3947,2025-06,T1,physical assault,52.190567,0.137011
3948,2025-06,T1,physical assault,52.189096,0.135331
3949,2025-06,T1,physical assault,52.190567,0.137011
3950,2025-06,T1,physical assault,52.190164,0.136961
3951,2025-06,T1,suspicious activity,52.18823,0.146832
3952,2025-06,T1,suspicious activity,52.18823,0.146832
3953,2025-06,T1,harassment,52.189412,0.14863
3954,2025-06,T1,physical assault,52.188904,0.1429
3955,2025-06,T1,suspicious activity,52.190226,0.165568
3956,2025-06,T1,suspicious activity,52.190226,0.165568
3957,2025-06,T1,suspicious activity,52.190226,0.165568
3958,2025-06,T1,vandalism,52.187422,0.162067
3959,2025-06,T1,harassment,52.190226,0.165568
3960,2025-06,T1,harassment,52.184937,0.160235
3961,2025-06,T1,harassment,52.184824,0.161517
3962,2025-06,T1,harassment,52.187422,0.162067
3963,2025-06,T1,physical assault,52.190226,0.165568
3964,2025-06,T1,physical assault,52.190226,0.165568
3965,2025-06,T1,physical assault,52.184824,0.161517
3966,2025-06,T1,physical assault,52.190226,0.165568
3967,2025-06,T1,suspicious activity,52.182608,0.151916
3968,2025-06,T1,suspicious activity,52.18108,0.151842
3969,2025-06,T1,vandalism,52.184097,0.149135
3970,2025-06,T1,vandalism,52.18108,0.151842
3971,2025-06,T1,vandalism,52.184097,0.149135
3972,2025-06,T1,physical assault,52.181988,0.144469
3973,2025-06,T1,physical assault,52.184097,0.149135
3974,2025-06,T1,physical assault,52.184097,0.149135
3975,2025-06,T1,physical assault,52.186185,0.146061
3976,2025-06,T1,physical assault,52.183212,0.150804
3977,2025-06,T1,suspicious activity,52.182558,0.154619
3978,2025-06,T1,suspicious activity,52.183754,0.155116
3979,2025-06,T1,vandalism,52.182558,0.154619
3980,2025-06,T1,harassment,52.183754,0.155116
3981,2025-06,T1,harassment,52.183754,0.155116
3982,2025-06,T1,harassment,52.182558,0.154619
3983,2025-06,T1,harassment,52.182558,0.154619
3984,2025-06,T1,physical assault,52.182558,0.154619
3985,2025-06,T1,physical assault,52.183856,0.157915
3986,2025-06,T1,suspicious activity,52.186736,0.137529
3987,2025-06,T1,harassment,52.188097,0.137317
3988,2025-06,T1,physical assault,52.18739,0.134664
3989,2025-06,T1,physical assault,52.186736,0.137529
3990,2025-06,T1,suspicious activity,52.19605,0.125685
3991,2025-06,T1,suspicious activity,52.19676,0.129172
3992,2025-06,T1,suspicious activity,52.200225,0.129513
3993,2025-06,T1,suspicious activity,52.200225,0.129513
3994,2025-06,T1,harassment,52.19676,0.129172
3995,2025-06,T1,harassment,52.19676,0.129172
3996,2025-06,T1,harassment,52.19676,0.129172
3997,2025-06,T1,physical assault,52.19676,0.129172
3998,2025-06,T1,physical assault,52.195272,0.126423
3999,2025-06,T1,physical assault,52.195085,0.127848
4000,2025-06,T1,physical assault,52.198358,0.126322
4001,2025-06,T1,physical assault,52.198358,0.126322
4002,2025-06,T1,physical assault,52.199179,0.130648
4003,2025-06,T1,physical assault,52.196362,0.125304
4004,2025-06,T1,harassment,52.193225,0.136216
4005,2025-06,T1,harassment,52.192353,0.134003
4006,2025-06,T1,harassment,52.193527,0.133422
4007,2025-06,T1,physical assault,52.192245,0.134706
4008,2025-06,T1,physical assault,52.192245,0.134706
4009,2025-06,T1,physical assault,52.190238,0.132796
4010,2025-06,T1,physical assault,52.193225,0.136216
4011,2025-06,T1,physical assault,52.190238,0.132796
4012,2025-06,T1,physical assault,52.190238,0.132796
4013,2025-06,T1,suspicious activity,52.190552,0.12788
4014,2025-06,T1,physical assault,52.189914,0.12883
4015,2025-06,T1,harassment,52.188031,0.128535
4016,2025-06,T1,physical assault,52.18963,0.128158
4017,2025-06,T1,suspicious activity,52.19032,0.119793
4018,2025-06,T1,suspicious activity,52.187133,0.121997
4019,2025-06,T1,vandalism,52.19032,0.119793
4020,2025-06,T1,harassment,52.190972,0.122019
4021,2025-06,T1,physical assault,52.187664,0.124977
4022,2025-06,T1,physical assault,52.179258,0.122426
4023,2025-06,T1,suspicious activity,52.179608,0.116929
4024,2025-06,T1,suspicious activity,52.179827,0.119748
4025,2025-06,T1,suspicious activity,52.231035,0.116314
4026,2025-06,T1,suspicious activity,52.231035,0.116314
4027,2025-06,T1,vandalism,52.229042,0.114594
4028,2025-06,T1,physical assault,52.229991,0.115357
4029,2025-06,T1,physical assault,52.228766,0.115957
4030,2025-06,T1,physical assault,52.231035,0.116314
4031,2025-06,T1,physical assault,52.229991,0.115357
4032,2025-06,T1,physical assault,52.231035,0.116314
4033,2025-06,T1,physical assault,52.229991,0.115357
4034,2025-06,T1,physical assault,52.229991,0.115357
4035,2025-06,T1,physical assault,52.229684,0.116953
4036,2025-06,T1,physical assault,52.231035,0.116314
4037,2025-06,T1,vandalism,52.224518,0.16135
4038,2025-06,T1,physical assault,52.224518,0.16135
4039,2025-06,T1,physical assault,52.224155,0.16249
4040,2025-06,T1,physical assault,52.224155,0.16249
4041,2025-06,T1,suspicious activity,52.230198,0.089593
4042,2025-06,T1,suspicious activity,52.229811,0.080467
4043,2025-06,T1,suspicious activity,52.223637,0.091452
4044,2025-06,T1,vandalism,52.228585,0.09539
4045,2025-06,T1,physical assault,52.228317,0.083589
4046,2025-06,T1,physical assault,52.227982,0.090851
4047,2025-06,T1,suspicious activity,52.179876,0.094898
4048,2025-06,T1,physical assault,52.179279,0.089985
4049,2025-06,T1,physical assault,52.179279,0.089985
4050,2025-07,T1,suspicious activity,52.228862,0.133124
4051,2025-07,T1,suspicious activity,52.230278,0.131874
4052,2025-07,T1,suspicious activity,52.228862,0.133124
4053,2025-07,T1,suspicious activity,52.230535,0.130114
4054,2025-07,T1,suspicious activity,52.231891,0.132834
4055,2025-07,T1,suspicious activity,52.230278,0.131874
4056,2025-07,T1,suspicious activity,52.228862,0.133124
4057,2025-07,T1,vandalism,52.23006,0.128525
4058,2025-07,T1,harassment,52.228862,0.133124
4059,2025-07,T1,harassment,52.230579,0.132166
4060,2025-07,T1,physical assault,52.231891,0.132834
4061,2025-07,T1,physical assault,52.228065,0.133437
4062,2025-07,T1,physical assault,52.231891,0.132834
4063,2025-07,T1,physical assault,52.22843,0.136618
4064,2025-07,T1,physical assault,52.231891,0.132834
4065,2025-07,T1,physical assault,52.22843,0.136618
4066,2025-07,T1,physical assault,52.228862,0.133124
4067,2025-07,T1,suspicious activity,52.227077,0.145491
4068,2025-07,T1,suspicious activity,52.227077,0.145491
4069,2025-07,T1,suspicious activity,52.229939,0.143646
4070,2025-07,T1,suspicious activity,52.229939,0.143646
4071,2025-07,T1,suspicious activity,52.227077,0.145491
4072,2025-07,T1,suspicious activity,52.226709,0.144237
4073,2025-07,T1,vandalism,52.226709,0.144237
4074,2025-07,T1,vandalism,52.227325,0.138556
4075,2025-07,T1,physical assault,52.227077,0.145491
4076,2025-07,T1,physical assault,52.227325,0.138556
4077,2025-07,T1,physical assault,52.227734,0.142764
4078,2025-07,T1,physical assault,52.227734,0.142764
4079,2025-07,T1,physical assault,52.227077,0.145491
4080,2025-07,T1,physical assault,52.227734,0.142764
4081,2025-07,T1,physical assault,52.227325,0.138556
4082,2025-07,T1,suspicious activity,52.225699,0.13697
4083,2025-07,T1,suspicious activity,52.228238,0.138278
4084,2025-07,T1,suspicious activity,52.226437,0.138894
4085,2025-07,T1,vandalism,52.226786,0.139511
4086,2025-07,T1,vandalism,52.229588,0.139675
4087,2025-07,T1,harassment,52.229588,0.139675
4088,2025-07,T1,physical assault,52.225263,0.136217
4089,2025-07,T1,physical assault,52.226786,0.139511
4090,2025-07,T1,physical assault,52.230802,0.135223
4091,2025-07,T1,physical assault,52.230802,0.135223
4092,2025-07,T1,physical assault,52.229879,0.138532
4093,2025-07,T1,suspicious activity,52.229139,0.123238
4094,2025-07,T1,suspicious activity,52.230318,0.121698
4095,2025-07,T1,suspicious activity,52.228288,0.129055
4096,2025-07,T1,suspicious activity,52.229521,0.125512
4097,2025-07,T1,suspicious activity,52.230318,0.121698
4098,2025-07,T1,suspicious activity,52.22584,0.126654
4099,2025-07,T1,vandalism,52.226495,0.127754
4100,2025-07,T1,harassment,52.22584,0.126654
4101,2025-07,T1,physical assault,52.228196,0.126664
4102,2025-07,T1,suspicious activity,52.230376,0.12646
4103,2025-07,T1,vandalism,52.232179,0.12372
4104,2025-07,T1,harassment,52.231199,0.127173
4105,2025-07,T1,physical assault,52.231953,0.127737
4106,2025-07,T1,physical assault,52.232179,0.12372
4107,2025-07,T1,physical assault,52.231577,0.122183
4108,2025-07,T1,suspicious activity,52.230987,0.129477
4109,2025-07,T1,suspicious activity,52.230383,0.137985
4110,2025-07,T1,vandalism,52.231536,0.136401
4111,2025-07,T1,harassment,52.231536,0.136401
4112,2025-07,T1,harassment,52.230652,0.137046
4113,2025-07,T1,robbery,52.230987,0.129477
4114,2025-07,T1,robbery,52.230987,0.129477
4115,2025-07,T1,robbery,52.230987,0.129477
4116,2025-07,T1,robbery,52.230987,0.129477
4117,2025-07,T1,physical assault,52.230652,0.137046
4118,2025-07,T1,physical assault,52.230987,0.129477
4119,2025-07,T1,physical assault,52.231944,0.137211
4120,2025-07,T1,physical assault,52.230987,0.129477
4121,2025-07,T1,physical assault,52.231944,0.137211
4122,2025-07,T1,physical assault,52.231944,0.137211
4123,2025-07,T1,suspicious activity,52.218443,0.117472
4124,2025-07,T1,suspicious activity,52.216447,0.115489
4125,2025-07,T1,suspicious activity,52.217209,0.114588
4126,2025-07,T1,suspicious activity,52.219497,0.111388
4127,2025-07,T1,suspicious activity,52.219497,0.111388
4128,2025-07,T1,suspicious activity,52.215335,0.112274
4129,2025-07,T1,suspicious activity,52.216568,0.113723
4130,2025-07,T1,harassment,52.218443,0.117472
4131,2025-07,T1,physical assault,52.215335,0.112274
4132,2025-07,T1,physical assault,52.219314,0.110766
4133,2025-07,T1,physical assault,52.215335,0.112274
4134,2025-07,T1,physical assault,52.219314,0.110766
4135,2025-07,T1,physical assault,52.216568,0.113723
4136,2025-07,T1,physical assault,52.217598,0.111957
4137,2025-07,T1,suspicious activity,52.214692,0.118055
4138,2025-07,T1,vandalism,52.214207,0.118515
4139,2025-07,T1,physical assault,52.213686,0.116514
4140,2025-07,T1,physical assault,52.213686,0.116514
4141,2025-07,T1,physical assault,52.213686,0.116514
4142,2025-07,T1,suspicious activity,52.228161,0.111111
4143,2025-07,T1,vandalism,52.227584,0.114715
4144,2025-07,T1,harassment,52.228392,0.114285
4145,2025-07,T1,physical assault,52.229536,0.11062
4146,2025-07,T1,physical assault,52.228392,0.114285
4147,2025-07,T1,physical assault,52.227584,0.114715
4148,2025-07,T1,physical assault,52.227584,0.114715
4149,2025-07,T1,suspicious activity,52.227356,0.119902
4150,2025-07,T1,suspicious activity,52.224434,0.118841
4151,2025-07,T1,harassment,52.230061,0.11915
4152,2025-07,T1,harassment,52.227356,0.119902
4153,2025-07,T1,robbery,52.227524,0.122019
4154,2025-07,T1,physical assault,52.226817,0.12137
4155,2025-07,T1,physical assault,52.226817,0.12137
4156,2025-07,T1,suspicious activity,52.219596,0.113867
4157,2025-07,T1,suspicious activity,52.22219,0.118148
4158,2025-07,T1,suspicious activity,52.22219,0.118148
4159,2025-07,T1,suspicious activity,52.224082,0.112909
4160,2025-07,T1,suspicious activity,52.220712,0.11329
4161,2025-07,T1,vandalism,52.219596,0.113867
4162,2025-07,T1,physical assault,52.223014,0.118817
4163,2025-07,T1,harassment,52.219596,0.113867
4164,2025-07,T1,harassment,52.22219,0.118148
4165,2025-07,T1,physical assault,52.220331,0.115
4166,2025-07,T1,physical assault,52.219596,0.113867
4167,2025-07,T1,physical assault,52.220259,0.117002
4168,2025-07,T1,physical assault,52.2236,0.11924
4169,2025-07,T1,physical assault,52.223014,0.118817
4170,2025-07,T1,physical assault,52.2236,0.11924
4171,2025-07,T1,physical assault,52.223028,0.112522
4172,2025-07,T1,physical assault,52.224961,0.119583
4173,2025-07,T1,physical assault,52.225339,0.124565
4174,2025-07,T1,suspicious activity,52.225275,0.152368
4175,2025-07,T1,suspicious activity,52.223718,0.151487
4176,2025-07,T1,suspicious activity,52.227778,0.151727
4177,2025-07,T1,suspicious activity,52.22584,0.151487
4178,2025-07,T1,vandalism,52.227778,0.151727
4179,2025-07,T1,vandalism,52.227778,0.151727
4180,2025-07,T1,vandalism,52.225899,0.149704
4181,2025-07,T1,vandalism,52.227778,0.151727
4182,2025-07,T1,vandalism,52.226291,0.145945
4183,2025-07,T1,vandalism,52.222864,0.149015
4184,2025-07,T1,vandalism,52.22584,0.151487
4185,2025-07,T1,harassment,52.227778,0.151727
4186,2025-07,T1,harassment,52.22584,0.151487
4187,2025-07,T1,harassment,52.22584,0.151487
4188,2025-07,T1,physical assault,52.22584,0.151487
4189,2025-07,T1,physical assault,52.223135,0.148428
4190,2025-07,T1,physical assault,52.224192,0.149665
4191,2025-07,T1,physical assault,52.224234,0.147354
4192,2025-07,T1,physical assault,52.226291,0.145945
4193,2025-07,T1,physical assault,52.22584,0.151487
4194,2025-07,T1,physical assault,52.222864,0.149015
4195,2025-07,T1,physical assault,52.224192,0.149665
4196,2025-07,T1,physical assault,52.225899,0.149704
4197,2025-07,T1,physical assault,52.224234,0.147354
4198,2025-07,T1,suspicious activity,52.222426,0.156256
4199,2025-07,T1,vandalism,52.219484,0.150419
4200,2025-07,T1,vandalism,52.222089,0.149563
4201,2025-07,T1,harassment,52.222426,0.156256
4202,2025-07,T1,harassment,52.222426,0.156256
4203,2025-07,T1,harassment,52.222426,0.156256
4204,2025-07,T1,harassment,52.222426,0.156256
4205,2025-07,T1,robbery,52.222426,0.156256
4206,2025-07,T1,physical assault,52.222089,0.149563
4207,2025-07,T1,physical assault,52.221665,0.156556
4208,2025-07,T1,physical assault,52.22122,0.157764
4209,2025-07,T1,physical assault,52.219484,0.150419
4210,2025-07,T1,physical assault,52.220094,0.152
4211,2025-07,T1,suspicious activity,52.220584,0.136387
4212,2025-07,T1,suspicious activity,52.2216,0.143844
4213,2025-07,T1,suspicious activity,52.217847,0.134119
4214,2025-07,T1,vandalism,52.217847,0.134119
4215,2025-07,T1,vandalism,52.217847,0.134119
4216,2025-07,T1,vandalism,52.217847,0.134119
4217,2025-07,T1,vandalism,52.219997,0.140005
4218,2025-07,T1,vandalism,52.217847,0.134119
4219,2025-07,T1,vandalism,52.219997,0.140005
4220,2025-07,T1,harassment,52.22089,0.141848
4221,2025-07,T1,robbery,52.222276,0.144228
4222,2025-07,T1,physical assault,52.222276,0.144228
4223,2025-07,T1,physical assault,52.221307,0.141166
4224,2025-07,T1,physical assault,52.218913,0.136805
4225,2025-07,T1,physical assault,52.219886,0.138682
4226,2025-07,T1,physical assault,52.220584,0.136387
4227,2025-07,T1,physical assault,52.219886,0.138682
4228,2025-07,T1,physical assault,52.219997,0.140005
4229,2025-07,T1,physical assault,52.218903,0.133876
4230,2025-07,T1,physical assault,52.221307,0.141166
4231,2025-07,T1,physical assault,52.219997,0.140005
4232,2025-07,T1,suspicious activity,52.220209,0.143177
4233,2025-07,T1,suspicious activity,52.220209,0.143177
4234,2025-07,T1,suspicious activity,52.220733,0.147492
4235,2025-07,T1,vandalism,52.220209,0.143177
4236,2025-07,T1,vandalism,52.224394,0.141973
4237,2025-07,T1,harassment,52.220209,0.143177
4238,2025-07,T1,harassment,52.220806,0.144963
4239,2025-07,T1,harassment,52.220806,0.144963
4240,2025-07,T1,harassment,52.220806,0.144963
4241,2025-07,T1,physical assault,52.220209,0.143177
4242,2025-07,T1,physical assault,52.221363,0.143028
4243,2025-07,T1,physical assault,52.220209,0.143177
4244,2025-07,T1,physical assault,52.220162,0.144815
4245,2025-07,T1,physical assault,52.224394,0.141973
4246,2025-07,T1,physical assault,52.220209,0.143177
4247,2025-07,T1,physical assault,52.220209,0.143177
4248,2025-07,T1,suspicious activity,52.213202,0.136897
4249,2025-07,T1,suspicious activity,52.213202,0.136897
4250,2025-07,T1,suspicious activity,52.213428,0.137003
4251,2025-07,T1,harassment,52.213353,0.141218
4252,2025-07,T1,harassment,52.213353,0.141218
4253,2025-07,T1,harassment,52.212386,0.13775
4254,2025-07,T1,harassment,52.213353,0.141218
4255,2025-07,T1,physical assault,52.213353,0.141218
4256,2025-07,T1,suspicious activity,52.219051,0.14706
4257,2025-07,T1,suspicious activity,52.219051,0.14706
4258,2025-07,T1,suspicious activity,52.218054,0.144493
4259,2025-07,T1,suspicious activity,52.217651,0.140946
4260,2025-07,T1,suspicious activity,52.218479,0.147354
4261,2025-07,T1,suspicious activity,52.218054,0.144493
4262,2025-07,T1,suspicious activity,52.218479,0.147354
4263,2025-07,T1,harassment,52.218054,0.144493
4264,2025-07,T1,harassment,52.217287,0.140211
4265,2025-07,T1,physical assault,52.218965,0.144332
4266,2025-07,T1,physical assault,52.218479,0.147354
4267,2025-07,T1,physical assault,52.215574,0.137201
4268,2025-07,T1,physical assault,52.218054,0.144493
4269,2025-07,T1,physical assault,52.218965,0.144332
4270,2025-07,T1,physical assault,52.218054,0.144493
4271,2025-07,T1,vandalism,52.222962,0.136648
4272,2025-07,T1,physical assault,52.222167,0.13538
4273,2025-07,T1,physical assault,52.224909,0.135424
4274,2025-07,T1,suspicious activity,52.217916,0.125806
4275,2025-07,T1,vandalism,52.219663,0.123635
4276,2025-07,T1,harassment,52.222723,0.129975
4277,2025-07,T1,suspicious activity,52.219264,0.132298
4278,2025-07,T1,suspicious activity,52.21818,0.131925
4279,2025-07,T1,suspicious activity,52.217347,0.131913
4280,2025-07,T1,vandalism,52.214411,0.133676
4281,2025-07,T1,harassment,52.215267,0.126602
4282,2025-07,T1,harassment,52.219264,0.132298
4283,2025-07,T1,robbery,52.215267,0.126602
4284,2025-07,T1,robbery,52.215267,0.126602
4285,2025-07,T1,physical assault,52.215267,0.126602
4286,2025-07,T1,physical assault,52.216773,0.13231
4287,2025-07,T1,physical assault,52.217347,0.131913
4288,2025-07,T1,physical assault,52.216773,0.13231
4289,2025-07,T1,physical assault,52.215267,0.126602
4290,2025-07,T1,suspicious activity,52.214281,0.122954
4291,2025-07,T1,suspicious activity,52.214999,0.127497
4292,2025-07,T1,suspicious activity,52.214281,0.122954
4293,2025-07,T1,suspicious activity,52.214705,0.124822
4294,2025-07,T1,vandalism,52.214032,0.1218
4295,2025-07,T1,vandalism,52.214032,0.1218
4296,2025-07,T1,harassment,52.214281,0.122954
4297,2025-07,T1,robbery,52.214536,0.126758
4298,2025-07,T1,physical assault,52.214705,0.124822
4299,2025-07,T1,physical assault,52.213852,0.125803
4300,2025-07,T1,physical assault,52.214705,0.124822
4301,2025-07,T1,physical assault,52.218793,0.119055
4302,2025-07,T1,physical assault,52.214705,0.124822
4303,2025-07,T1,physical assault,52.214705,0.124822
4304,2025-07,T1,physical assault,52.213852,0.125803
4305,2025-07,T1,suspicious activity,52.212941,0.134923
4306,2025-07,T1,suspicious activity,52.224349,0.108543
4307,2025-07,T1,physical assault,52.21934,0.108057
4308,2025-07,T1,physical assault,52.22294,0.095285
4309,2025-07,T1,physical assault,52.22294,0.095285
4310,2025-07,T1,physical assault,52.22294,0.095285
4311,2025-07,T1,physical assault,52.21728,0.086879
4312,2025-07,T1,physical assault,52.21728,0.086879
4313,2025-07,T1,physical assault,52.21728,0.086879
4314,2025-07,T1,suspicious activity,52.217193,0.088719
4315,2025-07,T1,physical assault,52.21468,0.084429
4316,2025-07,T1,physical assault,52.217656,0.100658
4317,2025-07,T1,suspicious activity,52.214025,0.111626
4318,2025-07,T1,suspicious activity,52.211497,0.113204
4319,2025-07,T1,vandalism,52.212778,0.110952
4320,2025-07,T1,vandalism,52.206444,0.118219
4321,2025-07,T1,vandalism,52.211025,0.11346
4322,2025-07,T1,physical assault,52.211025,0.11346
4323,2025-07,T1,harassment,52.215823,0.11016
4324,2025-07,T1,physical assault,52.206091,0.115831
4325,2025-07,T1,physical assault,52.211025,0.11346
4326,2025-07,T1,physical assault,52.207966,0.118072
4327,2025-07,T1,physical assault,52.218945,0.106516
4328,2025-07,T1,physical assault,52.215823,0.11016
4329,2025-07,T1,physical assault,52.211025,0.11346
4330,2025-07,T1,suspicious activity,52.210641,0.142717
4331,2025-07,T1,suspicious activity,52.208164,0.139509
4332,2025-07,T1,suspicious activity,52.209787,0.145932
4333,2025-07,T1,suspicious activity,52.211158,0.141512
4334,2025-07,T1,suspicious activity,52.208164,0.139509
4335,2025-07,T1,suspicious activity,52.211158,0.141512
4336,2025-07,T1,suspicious activity,52.210354,0.14222
4337,2025-07,T1,vandalism,52.209815,0.139164
4338,2025-07,T1,vandalism,52.208484,0.141193
4339,2025-07,T1,vandalism,52.211158,0.141512
4340,2025-07,T1,physical assault,52.209815,0.139164
4341,2025-07,T1,harassment,52.208164,0.139509
4342,2025-07,T1,physical assault,52.210714,0.137202
4343,2025-07,T1,physical assault,52.209787,0.145932
4344,2025-07,T1,physical assault,52.209815,0.139164
4345,2025-07,T1,physical assault,52.210102,0.143188
4346,2025-07,T1,physical assault,52.209815,0.139164
4347,2025-07,T1,physical assault,52.213326,0.143944
4348,2025-07,T1,physical assault,52.209815,0.139164
4349,2025-07,T1,physical assault,52.210569,0.140254
4350,2025-07,T1,physical assault,52.208164,0.139509
4351,2025-07,T1,suspicious activity,52.21781,0.162328
4352,2025-07,T1,physical assault,52.213857,0.164083
4353,2025-07,T1,physical assault,52.213857,0.164083
4354,2025-07,T1,physical assault,52.21731,0.162113
4355,2025-07,T1,physical assault,52.21731,0.162113
4356,2025-07,T1,physical assault,52.21731,0.162113
4357,2025-07,T1,suspicious activity,52.211711,0.147203
4358,2025-07,T1,suspicious activity,52.214009,0.14787
4359,2025-07,T1,suspicious activity,52.211354,0.15187
4360,2025-07,T1,suspicious activity,52.213279,0.146503
4361,2025-07,T1,suspicious activity,52.215859,0.158354
4362,2025-07,T1,suspicious activity,52.211583,0.157649
4363,2025-07,T1,vandalism,52.211161,0.157101
4364,2025-07,T1,vandalism,52.214904,0.158483
4365,2025-07,T1,physical assault,52.211583,0.157649
4366,2025-07,T1,harassment,52.213279,0.146503
4367,2025-07,T1,harassment,52.21415,0.146545
4368,2025-07,T1,harassment,52.214222,0.146549
4369,2025-07,T1,harassment,52.211583,0.157649
4370,2025-07,T1,physical assault,52.214904,0.158483
4371,2025-07,T1,physical assault,52.211583,0.157649
4372,2025-07,T1,physical assault,52.214636,0.148365
4373,2025-07,T1,physical assault,52.214012,0.154634
4374,2025-07,T1,physical assault,52.208923,0.155075
4375,2025-07,T1,physical assault,52.211711,0.147203
4376,2025-07,T1,physical assault,52.215859,0.158354
4377,2025-07,T1,physical assault,52.216674,0.14774
4378,2025-07,T1,physical assault,52.215859,0.158354
4379,2025-07,T1,physical assault,52.214904,0.158483
4380,2025-07,T1,physical assault,52.211583,0.157649
4381,2025-07,T1,suspicious activity,52.212051,0.159574
4382,2025-07,T1,suspicious activity,52.212051,0.159574
4383,2025-07,T1,suspicious activity,52.215226,0.162466
4384,2025-07,T1,vandalism,52.21137,0.160946
4385,2025-07,T1,harassment,52.213238,0.163042
4386,2025-07,T1,harassment,52.213238,0.163042
4387,2025-07,T1,physical assault,52.213238,0.163042
4388,2025-07,T1,physical assault,52.213238,0.163042
4389,2025-07,T1,physical assault,52.213238,0.163042
4390,2025-07,T1,physical assault,52.210286,0.158757
4391,2025-07,T1,physical assault,52.213238,0.163042
4392,2025-07,T1,physical assault,52.213238,0.163042
4393,2025-07,T1,physical assault,52.215226,0.162466
4394,2025-07,T1,suspicious activity,52.209925,0.165209
4395,2025-07,T1,suspicious activity,52.209925,0.165209
4396,2025-07,T1,suspicious activity,52.208121,0.159135
4397,2025-07,T1,suspicious activity,52.209934,0.162238
4398,2025-07,T1,vandalism,52.208121,0.159135
4399,2025-07,T1,vandalism,52.208121,0.159135
4400,2025-07,T1,vandalism,52.209925,0.165209
4401,2025-07,T1,vandalism,52.208013,0.160593
4402,2025-07,T1,vandalism,52.208121,0.159135
4403,2025-07,T1,physical assault,52.208013,0.160593
4404,2025-07,T1,physical assault,52.207929,0.164687
4405,2025-07,T1,physical assault,52.207929,0.164687
4406,2025-07,T1,physical assault,52.209925,0.165209
4407,2025-07,T1,physical assault,52.209925,0.165209
4408,2025-07,T1,physical assault,52.209925,0.165209
4409,2025-07,T1,physical assault,52.208013,0.160593
4410,2025-07,T1,physical assault,52.208121,0.159135
4411,2025-07,T1,physical assault,52.209934,0.162238
4412,2025-07,T1,suspicious activity,52.207067,0.129548
4413,2025-07,T1,suspicious activity,52.206593,0.133474
4414,2025-07,T1,suspicious activity,52.206593,0.133474
4415,2025-07,T1,suspicious activity,52.205733,0.128254
4416,2025-07,T1,suspicious activity,52.206593,0.133474
4417,2025-07,T1,suspicious activity,52.207067,0.129548
4418,2025-07,T1,suspicious activity,52.205544,0.126738
4419,2025-07,T1,suspicious activity,52.205896,0.131175
4420,2025-07,T1,suspicious activity,52.204725,0.127796
4421,2025-07,T1,suspicious activity,52.205806,0.130175
4422,2025-07,T1,suspicious activity,52.204911,0.132942
4423,2025-07,T1,vandalism,52.206593,0.133474
4424,2025-07,T1,vandalism,52.206593,0.133474
4425,2025-07,T1,vandalism,52.208553,0.131887
4426,2025-07,T1,vandalism,52.2078,0.133798
4427,2025-07,T1,harassment,52.207109,0.135185
4428,2025-07,T1,harassment,52.205733,0.128254
4429,2025-07,T1,robbery,52.205896,0.133634
4430,2025-07,T1,physical assault,52.204911,0.132942
4431,2025-07,T1,physical assault,52.206907,0.130462
4432,2025-07,T1,physical assault,52.204911,0.132942
4433,2025-07,T1,physical assault,52.204725,0.127796
4434,2025-07,T1,physical assault,52.207067,0.129548
4435,2025-07,T1,physical assault,52.205544,0.126738
4436,2025-07,T1,physical assault,52.206907,0.130462
4437,2025-07,T1,physical assault,52.205427,0.131255
4438,2025-07,T1,physical assault,52.208978,0.135757
4439,2025-07,T1,physical assault,52.205806,0.130175
4440,2025-07,T1,physical assault,52.205896,0.133634
4441,2025-07,T1,suspicious activity,52.197476,0.11788
4442,2025-07,T1,suspicious activity,52.195221,0.114773
4443,2025-07,T1,suspicious activity,52.195769,0.102215
4444,2025-07,T1,suspicious activity,52.19939,0.112908
4445,2025-07,T1,suspicious activity,52.198102,0.112057
4446,2025-07,T1,harassment,52.198102,0.112057
4447,2025-07,T1,harassment,52.198102,0.112057
4448,2025-07,T1,physical assault,52.195769,0.102215
4449,2025-07,T1,physical assault,52.193388,0.108629
4450,2025-07,T1,physical assault,52.198102,0.112057
4451,2025-07,T1,physical assault,52.195997,0.109572
4452,2025-07,T1,physical assault,52.198102,0.112057
4453,2025-07,T1,physical assault,52.193388,0.108629
4454,2025-07,T1,physical assault,52.200671,0.113715
4455,2025-07,T1,physical assault,52.193388,0.108629
4456,2025-07,T1,physical assault,52.195769,0.102215
4457,2025-07,T1,physical assault,52.195674,0.110551
4458,2025-07,T1,physical assault,52.198353,0.112581
4459,2025-07,T1,physical assault,52.198102,0.112057
4460,2025-07,T1,physical assault,52.195221,0.114773
4461,2025-07,T1,physical assault,52.195674,0.110551
4462,2025-07,T1,physical assault,52.195769,0.102215
4463,2025-07,T1,physical assault,52.200671,0.113715
4464,2025-07,T1,suspicious activity,52.2071,0.119758
4465,2025-07,T1,suspicious activity,52.205386,0.124037
4466,2025-07,T1,suspicious activity,52.205386,0.124037
4467,2025-07,T1,suspicious activity,52.205386,0.124037
4468,2025-07,T1,suspicious activity,52.2055,0.118203
4469,2025-07,T1,suspicious activity,52.205622,0.118912
4470,2025-07,T1,suspicious activity,52.2055,0.118203
4471,2025-07,T1,suspicious activity,52.205386,0.124037
4472,2025-07,T1,suspicious activity,52.205622,0.118912
4473,2025-07,T1,suspicious activity,52.209422,0.119092
4474,2025-07,T1,suspicious activity,52.2055,0.118203
4475,2025-07,T1,suspicious activity,52.205622,0.118912
4476,2025-07,T1,suspicious activity,52.205622,0.118912
4477,2025-07,T1,suspicious activity,52.205622,0.118912
4478,2025-07,T1,suspicious activity,52.205622,0.118912
4479,2025-07,T1,suspicious activity,52.205622,0.118912
4480,2025-07,T1,suspicious activity,52.205622,0.118912
4481,2025-07,T1,suspicious activity,52.208057,0.122042
4482,2025-07,T1,vandalism,52.205622,0.118912
4483,2025-07,T1,vandalism,52.206447,0.120517
4484,2025-07,T1,physical assault,52.207382,0.124074
4485,2025-07,T1,harassment,52.2055,0.118203
4486,2025-07,T1,harassment,52.207382,0.124074
4487,2025-07,T1,harassment,52.205622,0.118912
4488,2025-07,T1,harassment,52.20763,0.125754
4489,2025-07,T1,harassment,52.206781,0.118952
4490,2025-07,T1,harassment,52.2055,0.118203
4491,2025-07,T1,harassment,52.205622,0.118912
4492,2025-07,T1,harassment,52.205622,0.118912
4493,2025-07,T1,harassment,52.207382,0.124074
4494,2025-07,T1,robbery,52.2071,0.119758
4495,2025-07,T1,robbery,52.208057,0.122042
4496,2025-07,T1,physical assault,52.206447,0.120517
4497,2025-07,T1,physical assault,52.205622,0.118912
4498,2025-07,T1,physical assault,52.206447,0.120517
4499,2025-07,T1,physical assault,52.20763,0.125754
4500,2025-07,T1,physical assault,52.205622,0.118912
4501,2025-07,T1,physical assault,52.205622,0.118912
4502,2025-07,T1,physical assault,52.207382,0.124074
4503,2025-07,T1,physical assault,52.210019,0.117891
4504,2025-07,T1,physical assault,52.205622,0.118912
4505,2025-07,T1,physical assault,52.207111,0.125627
4506,2025-07,T1,physical assault,52.2055,0.118203
4507,2025-07,T1,physical assault,52.206447,0.120517
4508,2025-07,T1,physical assault,52.207111,0.125627
4509,2025-07,T1,physical assault,52.206447,0.120517
4510,2025-07,T1,physical assault,52.207382,0.124074
4511,2025-07,T1,physical assault,52.206447,0.120517
4512,2025-07,T1,physical assault,52.20763,0.125754
4513,2025-07,T1,physical assault,52.2055,0.118203
4514,2025-07,T1,physical assault,52.207382,0.124074
4515,2025-07,T1,physical assault,52.207111,0.125627
4516,2025-07,T1,physical assault,52.210019,0.117891
4517,2025-07,T1,suspicious activity,52.208355,0.105356
4518,2025-07,T1,physical assault,52.208355,0.105356
4519,2025-07,T1,physical assault,52.200978,0.105608
4520,2025-07,T1,physical assault,52.202874,0.11748
4521,2025-07,T1,physical assault,52.20433,0.11724
4522,2025-07,T1,suspicious activity,52.203629,0.120719
4523,2025-07,T1,suspicious activity,52.204536,0.117821
4524,2025-07,T1,suspicious activity,52.204812,0.121976
4525,2025-07,T1,suspicious activity,52.199366,0.127262
4526,2025-07,T1,suspicious activity,52.203247,0.130463
4527,2025-07,T1,suspicious activity,52.204812,0.121976
4528,2025-07,T1,suspicious activity,52.203334,0.129106
4529,2025-07,T1,suspicious activity,52.206311,0.121593
4530,2025-07,T1,suspicious activity,52.204215,0.121172
4531,2025-07,T1,suspicious activity,52.204372,0.119408
4532,2025-07,T1,suspicious activity,52.204051,0.129272
4533,2025-07,T1,suspicious activity,52.203247,0.130463
4534,2025-07,T1,suspicious activity,52.201421,0.125173
4535,2025-07,T1,suspicious activity,52.204812,0.121976
4536,2025-07,T1,suspicious activity,52.20533,0.12364
4537,2025-07,T1,suspicious activity,52.204812,0.121976
4538,2025-07,T1,suspicious activity,52.203334,0.129106
4539,2025-07,T1,suspicious activity,52.204215,0.121172
4540,2025-07,T1,suspicious activity,52.201421,0.125173
4541,2025-07,T1,suspicious activity,52.20533,0.12364
4542,2025-07,T1,suspicious activity,52.203523,0.124124
4543,2025-07,T1,suspicious activity,52.204372,0.119408
4544,2025-07,T1,vandalism,52.203247,0.130463
4545,2025-07,T1,vandalism,52.199366,0.127262
4546,2025-07,T1,vandalism,52.204372,0.119408
4547,2025-07,T1,vandalism,52.204812,0.121976
4548,2025-07,T1,vandalism,52.204215,0.121172
4549,2025-07,T1,vandalism,52.204215,0.121172
4550,2025-07,T1,vandalism,52.20082,0.12941
4551,2025-07,T1,vandalism,52.203247,0.130463
4552,2025-07,T1,vandalism,52.203247,0.130463
4553,2025-07,T1,vandalism,52.203523,0.124124
4554,2025-07,T1,harassment,52.203629,0.120719
4555,2025-07,T1,harassment,52.203247,0.130463
4556,2025-07,T1,harassment,52.203629,0.120719
4557,2025-07,T1,harassment,52.20082,0.12941
4558,2025-07,T1,harassment,52.203097,0.121806
4559,2025-07,T1,harassment,52.206455,0.121103
4560,2025-07,T1,harassment,52.204372,0.119408
4561,2025-07,T1,harassment,52.203247,0.130463
4562,2025-07,T1,robbery,52.20082,0.12941
4563,2025-07,T1,robbery,52.20082,0.12941
4564,2025-07,T1,physical assault,52.203247,0.130463
4565,2025-07,T1,physical assault,52.199366,0.127262
4566,2025-07,T1,physical assault,52.204372,0.119408
4567,2025-07,T1,physical assault,52.203247,0.130463
4568,2025-07,T1,physical assault,52.204215,0.121172
4569,2025-07,T1,physical assault,52.199366,0.127262
4570,2025-07,T1,physical assault,52.204215,0.121172
4571,2025-07,T1,physical assault,52.199366,0.127262
4572,2025-07,T1,physical assault,52.204812,0.121976
4573,2025-07,T1,physical assault,52.206455,0.121103
4574,2025-07,T1,physical assault,52.204812,0.121976
4575,2025-07,T1,physical assault,52.204372,0.119408
4576,2025-07,T1,physical assault,52.203334,0.129106
4577,2025-07,T1,physical assault,52.203097,0.121806
4578,2025-07,T1,physical assault,52.20082,0.12941
4579,2025-07,T1,physical assault,52.204372,0.119408
4580,2025-07,T1,physical assault,52.203523,0.124124
4581,2025-07,T1,physical assault,52.20082,0.12941
4582,2025-07,T1,physical assault,52.203011,0.125622
4583,2025-07,T1,physical assault,52.204372,0.119408
4584,2025-07,T1,physical assault,52.204812,0.121976
4585,2025-07,T1,physical assault,52.200506,0.121917
4586,2025-07,T1,physical assault,52.203247,0.130463
4587,2025-07,T1,physical assault,52.203629,0.120719
4588,2025-07,T1,physical assault,52.203247,0.130463
4589,2025-07,T1,physical assault,52.204051,0.129272
4590,2025-07,T1,physical assault,52.203247,0.130463
4591,2025-07,T1,physical assault,52.203247,0.130463
4592,2025-07,T1,physical assault,52.204372,0.119408
4593,2025-07,T1,physical assault,52.204372,0.119408
4594,2025-07,T1,physical assault,52.204215,0.121172
4595,2025-07,T1,physical assault,52.203247,0.130463
4596,2025-07,T1,physical assault,52.203523,0.124124
4597,2025-07,T1,physical assault,52.204812,0.121976
4598,2025-07,T1,physical assault,52.203247,0.130463
4599,2025-07,T1,physical assault,52.204662,0.125774
4600,2025-07,T1,physical assault,52.206455,0.121103
4601,2025-07,T1,physical assault,52.203523,0.124124
4602,2025-07,T1,physical assault,52.203629,0.120719
4603,2025-07,T1,physical assault,52.203247,0.130463
4604,2025-07,T1,physical assault,52.203247,0.130463
4605,2025-07,T1,physical assault,52.203011,0.125622
4606,2025-07,T1,physical assault,52.203247,0.130463
4607,2025-07,T1,physical assault,52.203011,0.125622
4608,2025-07,T1,suspicious activity,52.194769,0.136334
4609,2025-07,T1,suspicious activity,52.197361,0.129786
4610,2025-07,T1,suspicious activity,52.195307,0.136419
4611,2025-07,T1,suspicious activity,52.194769,0.136334
4612,2025-07,T1,suspicious activity,52.194769,0.136334
4613,2025-07,T1,vandalism,52.196089,0.138944
4614,2025-07,T1,vandalism,52.19578,0.134129
4615,2025-07,T1,vandalism,52.19644,0.134468
4616,2025-07,T1,vandalism,52.197361,0.129786
4617,2025-07,T1,vandalism,52.197361,0.129786
4618,2025-07,T1,harassment,52.195793,0.137905
4619,2025-07,T1,physical assault,52.197361,0.129786
4620,2025-07,T1,physical assault,52.195307,0.136419
4621,2025-07,T1,physical assault,52.19578,0.134129
4622,2025-07,T1,physical assault,52.195307,0.136419
4623,2025-07,T1,physical assault,52.195527,0.131235
4624,2025-07,T1,physical assault,52.197361,0.129786
4625,2025-07,T1,physical assault,52.195307,0.136419
4626,2025-07,T1,physical assault,52.19578,0.134129
4627,2025-07,T1,physical assault,52.197361,0.129786
4628,2025-07,T1,suspicious activity,52.201337,0.130181
4629,2025-07,T1,suspicious activity,52.201889,0.133456
4630,2025-07,T1,suspicious activity,52.199242,0.135642
4631,2025-07,T1,suspicious activity,52.20199,0.13151
4632,2025-07,T1,vandalism,52.200733,0.133225
4633,2025-07,T1,vandalism,52.201337,0.130181
4634,2025-07,T1,physical assault,52.20199,0.13151
4635,2025-07,T1,harassment,52.200225,0.134986
4636,2025-07,T1,harassment,52.201337,0.130181
4637,2025-07,T1,harassment,52.200443,0.134338
4638,2025-07,T1,harassment,52.201889,0.133456
4639,2025-07,T1,harassment,52.199242,0.135642
4640,2025-07,T1,harassment,52.201337,0.130181
4641,2025-07,T1,physical assault,52.20199,0.13151
4642,2025-07,T1,physical assault,52.20199,0.13151
4643,2025-07,T1,physical assault,52.201583,0.131993
4644,2025-07,T1,physical assault,52.201889,0.133456
4645,2025-07,T1,physical assault,52.20199,0.13151
4646,2025-07,T1,physical assault,52.20199,0.13151
4647,2025-07,T1,physical assault,52.20199,0.13151
4648,2025-07,T1,physical assault,52.201889,0.133456
4649,2025-07,T1,physical assault,52.201443,0.135264
4650,2025-07,T1,physical assault,52.199242,0.135642
4651,2025-07,T1,suspicious activity,52.204066,0.140337
4652,2025-07,T1,suspicious activity,52.206689,0.141487
4653,2025-07,T1,suspicious activity,52.204242,0.141048
4654,2025-07,T1,harassment,52.206689,0.141487
4655,2025-07,T1,harassment,52.207758,0.138582
4656,2025-07,T1,physical assault,52.205245,0.140788
4657,2025-07,T1,physical assault,52.207758,0.138582
4658,2025-07,T1,suspicious activity,52.199586,0.140458
4659,2025-07,T1,suspicious activity,52.202022,0.142478
4660,2025-07,T1,suspicious activity,52.205917,0.145402
4661,2025-07,T1,suspicious activity,52.2012,0.140726
4662,2025-07,T1,suspicious activity,52.202952,0.143254
4663,2025-07,T1,suspicious activity,52.202023,0.140941
4664,2025-07,T1,vandalism,52.202952,0.143254
4665,2025-07,T1,harassment,52.204478,0.143444
4666,2025-07,T1,harassment,52.203916,0.139232
4667,2025-07,T1,harassment,52.204617,0.144183
4668,2025-07,T1,physical assault,52.204617,0.144183
4669,2025-07,T1,physical assault,52.199586,0.140458
4670,2025-07,T1,physical assault,52.205917,0.145402
4671,2025-07,T1,physical assault,52.202952,0.143254
4672,2025-07,T1,suspicious activity,52.205396,0.13642
4673,2025-07,T1,suspicious activity,52.199829,0.138962
4674,2025-07,T1,suspicious activity,52.205203,0.135693
4675,2025-07,T1,vandalism,52.199829,0.138962
4676,2025-07,T1,harassment,52.200861,0.137109
4677,2025-07,T1,harassment,52.205203,0.135693
4678,2025-07,T1,harassment,52.205203,0.135693
4679,2025-07,T1,harassment,52.205203,0.135693
4680,2025-07,T1,physical assault,52.205387,0.134429
4681,2025-07,T1,physical assault,52.200861,0.137109
4682,2025-07,T1,physical assault,52.203458,0.132741
4683,2025-07,T1,physical assault,52.203458,0.132741
4684,2025-07,T1,physical assault,52.205203,0.135693
4685,2025-07,T1,physical assault,52.205396,0.13642
4686,2025-07,T1,physical assault,52.203355,0.133453
4687,2025-07,T1,physical assault,52.203458,0.132741
4688,2025-07,T1,physical assault,52.204696,0.136357
4689,2025-07,T1,physical assault,52.203458,0.132741
4690,2025-07,T1,suspicious activity,52.204133,0.146589
4691,2025-07,T1,suspicious activity,52.204133,0.146589
4692,2025-07,T1,suspicious activity,52.204133,0.146589
4693,2025-07,T1,vandalism,52.204133,0.146589
4694,2025-07,T1,robbery,52.204133,0.146589
4695,2025-07,T1,physical assault,52.204133,0.146589
4696,2025-07,T1,physical assault,52.206339,0.151315
4697,2025-07,T1,physical assault,52.200537,0.148991
4698,2025-07,T1,physical assault,52.204486,0.147909
4699,2025-07,T1,physical assault,52.204133,0.146589
4700,2025-07,T1,physical assault,52.200537,0.148991
4701,2025-07,T1,physical assault,52.204486,0.147909
4702,2025-07,T1,suspicious activity,52.197608,0.145426
4703,2025-07,T1,suspicious activity,52.197608,0.145426
4704,2025-07,T1,suspicious activity,52.199357,0.1427
4705,2025-07,T1,suspicious activity,52.200938,0.145235
4706,2025-07,T1,vandalism,52.200111,0.145737
4707,2025-07,T1,harassment,52.197608,0.145426
4708,2025-07,T1,harassment,52.197608,0.145426
4709,2025-07,T1,robbery,52.200938,0.145235
4710,2025-07,T1,physical assault,52.199231,0.146133
4711,2025-07,T1,physical assault,52.199231,0.146133
4712,2025-07,T1,physical assault,52.199572,0.143706
4713,2025-07,T1,suspicious activity,52.201557,0.161597
4714,2025-07,T1,suspicious activity,52.200577,0.15271
4715,2025-07,T1,suspicious activity,52.200577,0.15271
4716,2025-07,T1,suspicious activity,52.202367,0.152168
4717,2025-07,T1,suspicious activity,52.19609,0.155683
4718,2025-07,T1,vandalism,52.199388,0.155799
4719,2025-07,T1,vandalism,52.199388,0.155799
4720,2025-07,T1,vandalism,52.195657,0.153263
4721,2025-07,T1,vandalism,52.19609,0.155683
4722,2025-07,T1,vandalism,52.202367,0.152168
4723,2025-07,T1,physical assault,52.201557,0.161597
4724,2025-07,T1,physical assault,52.199388,0.155799
4725,2025-07,T1,harassment,52.202367,0.152168
4726,2025-07,T1,physical assault,52.202367,0.152168
4727,2025-07,T1,physical assault,52.199388,0.155799
4728,2025-07,T1,physical assault,52.199388,0.155799
4729,2025-07,T1,physical assault,52.202367,0.152168
4730,2025-07,T1,physical assault,52.202367,0.152168
4731,2025-07,T1,physical assault,52.200577,0.15271
4732,2025-07,T1,physical assault,52.200577,0.15271
4733,2025-07,T1,physical assault,52.202367,0.152168
4734,2025-07,T1,physical assault,52.199388,0.155799
4735,2025-07,T1,physical assault,52.199388,0.155799
4736,2025-07,T1,suspicious activity,52.198095,0.153249
4737,2025-07,T1,suspicious activity,52.199168,0.147125
4738,2025-07,T1,robbery,52.197784,0.150088
4739,2025-07,T1,robbery,52.197784,0.150088
4740,2025-07,T1,physical assault,52.199168,0.147125
4741,2025-07,T1,suspicious activity,52.196991,0.144723
4742,2025-07,T1,suspicious activity,52.196102,0.151558
4743,2025-07,T1,suspicious activity,52.196817,0.146895
4744,2025-07,T1,suspicious activity,52.196817,0.146895
4745,2025-07,T1,suspicious activity,52.196102,0.151558
4746,2025-07,T1,suspicious activity,52.196102,0.151558
4747,2025-07,T1,suspicious activity,52.196991,0.144723
4748,2025-07,T1,suspicious activity,52.196102,0.151558
4749,2025-07,T1,suspicious activity,52.196991,0.144723
4750,2025-07,T1,suspicious activity,52.196991,0.144723
4751,2025-07,T1,suspicious activity,52.19056,0.146813
4752,2025-07,T1,physical assault,52.19056,0.146813
4753,2025-07,T1,physical assault,52.190083,0.152262
4754,2025-07,T1,physical assault,52.191929,0.148664
4755,2025-07,T1,physical assault,52.191929,0.148664
4756,2025-07,T1,suspicious activity,52.195303,0.152002
4757,2025-07,T1,suspicious activity,52.194055,0.157809
4758,2025-07,T1,vandalism,52.190593,0.158797
4759,2025-07,T1,physical assault,52.195457,0.150444
4760,2025-07,T1,physical assault,52.190593,0.158797
4761,2025-07,T1,physical assault,52.192506,0.156461
4762,2025-07,T1,physical assault,52.192506,0.156461
4763,2025-07,T1,physical assault,52.192506,0.156461
4764,2025-07,T1,suspicious activity,52.186617,0.150997
4765,2025-07,T1,suspicious activity,52.187179,0.153219
4766,2025-07,T1,suspicious activity,52.187179,0.153219
4767,2025-07,T1,suspicious activity,52.189719,0.154468
4768,2025-07,T1,vandalism,52.191655,0.154313
4769,2025-07,T1,harassment,52.191743,0.153937
4770,2025-07,T1,physical assault,52.18827,0.149614
4771,2025-07,T1,physical assault,52.187179,0.153219
4772,2025-07,T1,suspicious activity,52.190495,0.157256
4773,2025-07,T1,suspicious activity,52.187014,0.156839
4774,2025-07,T1,vandalism,52.187565,0.158665
4775,2025-07,T1,vandalism,52.187014,0.156839
4776,2025-07,T1,vandalism,52.189235,0.158293
4777,2025-07,T1,robbery,52.190495,0.157256
4778,2025-07,T1,physical assault,52.189235,0.158293
4779,2025-07,T1,physical assault,52.186953,0.160172
4780,2025-07,T1,physical assault,52.189235,0.158293
4781,2025-07,T1,physical assault,52.189233,0.160882
4782,2025-07,T1,physical assault,52.189235,0.158293
4783,2025-07,T1,physical assault,52.190495,0.157256
4784,2025-07,T1,suspicious activity,52.190164,0.136961
4785,2025-07,T1,suspicious activity,52.190567,0.137011
4786,2025-07,T1,suspicious activity,52.190164,0.136961
4787,2025-07,T1,suspicious activity,52.194723,0.140897
4788,2025-07,T1,suspicious activity,52.191801,0.140362
4789,2025-07,T1,suspicious activity,52.190164,0.136961
4790,2025-07,T1,vandalism,52.190164,0.136961
4791,2025-07,T1,physical assault,52.194723,0.140897
4792,2025-07,T1,physical assault,52.192537,0.140456
4793,2025-07,T1,physical assault,52.190164,0.136961
4794,2025-07,T1,physical assault,52.189096,0.135331
4795,2025-07,T1,physical assault,52.190164,0.136961
4796,2025-07,T1,physical assault,52.190855,0.13701
4797,2025-07,T1,suspicious activity,52.188904,0.1429
4798,2025-07,T1,vandalism,52.188904,0.1429
4799,2025-07,T1,physical assault,52.190998,0.143001
4800,2025-07,T1,physical assault,52.192935,0.146723
4801,2025-07,T1,suspicious activity,52.187422,0.162067
4802,2025-07,T1,suspicious activity,52.184937,0.160235
4803,2025-07,T1,suspicious activity,52.187422,0.162067
4804,2025-07,T1,physical assault,52.190226,0.165568
4805,2025-07,T1,physical assault,52.190226,0.165568
4806,2025-07,T1,physical assault,52.190226,0.165568
4807,2025-07,T1,physical assault,52.190226,0.165568
4808,2025-07,T1,vandalism,52.18108,0.151842
4809,2025-07,T1,physical assault,52.182608,0.151916
4810,2025-07,T1,suspicious activity,52.182823,0.156388
4811,2025-07,T1,suspicious activity,52.182909,0.160005
4812,2025-07,T1,suspicious activity,52.182071,0.156702
4813,2025-07,T1,suspicious activity,52.182909,0.160005
4814,2025-07,T1,physical assault,52.182953,0.153205
4815,2025-07,T1,physical assault,52.182558,0.154619
4816,2025-07,T1,physical assault,52.182909,0.160005
4817,2025-07,T1,physical assault,52.182558,0.154619
4818,2025-07,T1,suspicious activity,52.178683,0.153145
4819,2025-07,T1,physical assault,52.178303,0.158158
4820,2025-07,T1,physical assault,52.178683,0.153145
4821,2025-07,T1,suspicious activity,52.185267,0.137383
4822,2025-07,T1,vandalism,52.188097,0.137317
4823,2025-07,T1,physical assault,52.188097,0.137317
4824,2025-07,T1,suspicious activity,52.183618,0.136429
4825,2025-07,T1,suspicious activity,52.180389,0.143383
4826,2025-07,T1,vandalism,52.183618,0.136429
4827,2025-07,T1,robbery,52.180875,0.133942
4828,2025-07,T1,suspicious activity,52.19676,0.129172
4829,2025-07,T1,suspicious activity,52.19676,0.129172
4830,2025-07,T1,suspicious activity,52.197718,0.12294
4831,2025-07,T1,suspicious activity,52.195272,0.126423
4832,2025-07,T1,vandalism,52.194897,0.123303
4833,2025-07,T1,vandalism,52.19676,0.129172
4834,2025-07,T1,harassment,52.199179,0.130648
4835,2025-07,T1,physical assault,52.19571,0.12659
4836,2025-07,T1,physical assault,52.194897,0.123303
4837,2025-07,T1,physical assault,52.194897,0.123303
4838,2025-07,T1,physical assault,52.19571,0.12659
4839,2025-07,T1,physical assault,52.19676,0.129172
4840,2025-07,T1,suspicious activity,52.193225,0.136216
4841,2025-07,T1,suspicious activity,52.193225,0.136216
4842,2025-07,T1,suspicious activity,52.194644,0.134338
4843,2025-07,T1,suspicious activity,52.193745,0.134822
4844,2025-07,T1,vandalism,52.194644,0.134338
4845,2025-07,T1,harassment,52.192245,0.134706
4846,2025-07,T1,harassment,52.192245,0.134706
4847,2025-07,T1,harassment,52.192353,0.134003
4848,2025-07,T1,physical assault,52.192245,0.134706
4849,2025-07,T1,physical assault,52.190238,0.132796
4850,2025-07,T1,physical assault,52.193225,0.136216
4851,2025-07,T1,physical assault,52.192353,0.134003
4852,2025-07,T1,suspicious activity,52.191793,0.128379
4853,2025-07,T1,vandalism,52.188031,0.128535
4854,2025-07,T1,vandalism,52.189948,0.13148
4855,2025-07,T1,harassment,52.188031,0.128535
4856,2025-07,T1,harassment,52.191326,0.132321
4857,2025-07,T1,physical assault,52.191453,0.129796
4858,2025-07,T1,physical assault,52.188031,0.128535
4859,2025-07,T1,physical assault,52.191453,0.129796
4860,2025-07,T1,physical assault,52.188031,0.128535
4861,2025-07,T1,physical assault,52.188031,0.128535
4862,2025-07,T1,vandalism,52.19032,0.119793
4863,2025-07,T1,vandalism,52.19032,0.119793
4864,2025-07,T1,harassment,52.183303,0.121975
4865,2025-07,T1,suspicious activity,52.179258,0.122426
4866,2025-07,T1,physical assault,52.179258,0.122426
4867,2025-07,T1,physical assault,52.179258,0.122426
4868,2025-07,T1,physical assault,52.1793,0.120556
4869,2025-07,T1,physical assault,52.1793,0.120556
4870,2025-07,T1,physical assault,52.1793,0.120556
4871,2025-07,T1,physical assault,52.1793,0.120556
4872,2025-07,T1,suspicious activity,52.231107,0.117328
4873,2025-07,T1,suspicious activity,52.228766,0.115957
4874,2025-07,T1,suspicious activity,52.231123,0.114415
4875,2025-07,T1,vandalism,52.229245,0.116361
4876,2025-07,T1,harassment,52.229991,0.115357
4877,2025-07,T1,physical assault,52.229991,0.115357
4878,2025-07,T1,physical assault,52.231035,0.116314
4879,2025-07,T1,physical assault,52.231035,0.116314
4880,2025-07,T1,physical assault,52.228766,0.115957
4881,2025-07,T1,physical assault,52.224155,0.16249
4882,2025-07,T1,physical assault,52.224518,0.16135
4883,2025-07,T1,suspicious activity,52.230198,0.089593
4884,2025-07,T1,suspicious activity,52.223637,0.091452
4885,2025-07,T1,vandalism,52.228585,0.09539
4886,2025-07,T1,vandalism,52.230662,0.086247
4887,2025-07,T1,physical assault,52.230198,0.089593
4888,2025-07,T1,physical assault,52.229811,0.080467
4889,2025-07,T1,suspicious activity,52.179876,0.094898
4890,2025-07,T1,suspicious activity,52.179279,0.089985
4891,2025-07,T1,harassment,52.180321,0.093588
4892,2025-07,T1,harassment,52.179279,0.089985
4893,2025-08,T1,suspicious activity,52.228248,0.136243
4894,2025-08,T1,suspicious activity,52.22843,0.136618
4895,2025-08,T1,vandalism,52.23006,0.128525
4896,2025-08,T1,harassment,52.228248,0.136243
4897,2025-08,T1,physical assault,52.228813,0.13132
4898,2025-08,T1,physical assault,52.231891,0.132834
4899,2025-08,T1,physical assault,52.228813,0.13132
4900,2025-08,T1,physical assault,52.228813,0.13132
4901,2025-08,T1,physical assault,52.226808,0.133816
4902,2025-08,T1,physical assault,52.22843,0.136618
4903,2025-08,T1,physical assault,52.22843,0.136618
4904,2025-08,T1,physical assault,52.228248,0.136243
4905,2025-08,T1,physical assault,52.228813,0.13132
4906,2025-08,T1,physical assault,52.230278,0.131874
4907,2025-08,T1,suspicious activity,52.227077,0.145491
4908,2025-08,T1,suspicious activity,52.226709,0.144237
4909,2025-08,T1,vandalism,52.227734,0.142764
4910,2025-08,T1,vandalism,52.227077,0.145491
4911,2025-08,T1,vandalism,52.227077,0.145491
4912,2025-08,T1,vandalism,52.227734,0.142764
4913,2025-08,T1,harassment,52.227077,0.145491
4914,2025-08,T1,harassment,52.227077,0.145491
4915,2025-08,T1,harassment,52.227077,0.145491
4916,2025-08,T1,harassment,52.227734,0.142764
4917,2025-08,T1,physical assault,52.227734,0.142764
4918,2025-08,T1,physical assault,52.227734,0.142764
4919,2025-08,T1,physical assault,52.229939,0.143646
4920,2025-08,T1,physical assault,52.227077,0.145491
4921,2025-08,T1,physical assault,52.227077,0.145491
4922,2025-08,T1,physical assault,52.226709,0.144237
4923,2025-08,T1,vandalism,52.225454,0.139579
4924,2025-08,T1,physical assault,52.230802,0.135223
4925,2025-08,T1,physical assault,52.22783,0.137482
4926,2025-08,T1,physical assault,52.227134,0.136189
4927,2025-08,T1,physical assault,52.226786,0.139511
4928,2025-08,T1,physical assault,52.227382,0.136392
4929,2025-08,T1,suspicious activity,52.22584,0.126654
4930,2025-08,T1,suspicious activity,52.228288,0.129055
4931,2025-08,T1,suspicious activity,52.226495,0.127754
4932,2025-08,T1,vandalism,52.230053,0.122901
4933,2025-08,T1,harassment,52.230318,0.121698
4934,2025-08,T1,harassment,52.22584,0.126654
4935,2025-08,T1,physical assault,52.228196,0.126664
4936,2025-08,T1,physical assault,52.229521,0.125512
4937,2025-08,T1,physical assault,52.22584,0.126654
4938,2025-08,T1,physical assault,52.231199,0.127173
4939,2025-08,T1,physical assault,52.231282,0.128583
4940,2025-08,T1,suspicious activity,52.230652,0.137046
4941,2025-08,T1,suspicious activity,52.230652,0.137046
4942,2025-08,T1,vandalism,52.232015,0.140217
4943,2025-08,T1,vandalism,52.231944,0.137211
4944,2025-08,T1,harassment,52.230652,0.137046
4945,2025-08,T1,robbery,52.230652,0.137046
4946,2025-08,T1,physical assault,52.230652,0.137046
4947,2025-08,T1,physical assault,52.232015,0.140217
4948,2025-08,T1,physical assault,52.230652,0.137046
4949,2025-08,T1,physical assault,52.232015,0.140217
4950,2025-08,T1,physical assault,52.231944,0.137211
4951,2025-08,T1,harassment,52.219497,0.111388
4952,2025-08,T1,physical assault,52.216568,0.113723
4953,2025-08,T1,physical assault,52.215335,0.112274
4954,2025-08,T1,physical assault,52.219314,0.110766
4955,2025-08,T1,physical assault,52.218365,0.116312
4956,2025-08,T1,physical assault,52.216568,0.113723
4957,2025-08,T1,physical assault,52.216568,0.113723
4958,2025-08,T1,physical assault,52.219497,0.111388
4959,2025-08,T1,physical assault,52.215335,0.112274
4960,2025-08,T1,physical assault,52.219497,0.111388
4961,2025-08,T1,physical assault,52.215335,0.112274
4962,2025-08,T1,physical assault,52.219497,0.111388
4963,2025-08,T1,physical assault,52.216568,0.113723
4964,2025-08,T1,suspicious activity,52.215346,0.117691
4965,2025-08,T1,suspicious activity,52.214207,0.118515
4966,2025-08,T1,suspicious activity,52.21468,0.118713
4967,2025-08,T1,suspicious activity,52.211545,0.116061
4968,2025-08,T1,suspicious activity,52.211545,0.116061
4969,2025-08,T1,harassment,52.215011,0.115333
4970,2025-08,T1,physical assault,52.213319,0.115911
4971,2025-08,T1,physical assault,52.214207,0.118515
4972,2025-08,T1,physical assault,52.214207,0.118515
4973,2025-08,T1,suspicious activity,52.229536,0.11062
4974,2025-08,T1,suspicious activity,52.229536,0.11062
4975,2025-08,T1,suspicious activity,52.228161,0.111111
4976,2025-08,T1,vandalism,52.224428,0.116673
4977,2025-08,T1,harassment,52.229536,0.11062
4978,2025-08,T1,harassment,52.227584,0.114715
4979,2025-08,T1,physical assault,52.226389,0.109094
4980,2025-08,T1,physical assault,52.229536,0.11062
4981,2025-08,T1,physical assault,52.225021,0.114725
4982,2025-08,T1,physical assault,52.227584,0.114715
4983,2025-08,T1,physical assault,52.228392,0.114285
4984,2025-08,T1,physical assault,52.228392,0.114285
4985,2025-08,T1,suspicious activity,52.227888,0.120792
4986,2025-08,T1,suspicious activity,52.230061,0.11915
4987,2025-08,T1,suspicious activity,52.227356,0.119902
4988,2025-08,T1,suspicious activity,52.224434,0.118841
4989,2025-08,T1,suspicious activity,52.224434,0.118841
4990,2025-08,T1,vandalism,52.230061,0.11915
4991,2025-08,T1,vandalism,52.227888,0.120792
4992,2025-08,T1,robbery,52.22626,0.119806
4993,2025-08,T1,physical assault,52.230061,0.11915
4994,2025-08,T1,suspicious activity,52.22219,0.118148
4995,2025-08,T1,suspicious activity,52.220331,0.115
4996,2025-08,T1,suspicious activity,52.220331,0.115
4997,2025-08,T1,physical assault,52.220712,0.11329
4998,2025-08,T1,physical assault,52.220712,0.11329
4999,2025-08,T1,physical assault,52.219596,0.113867
5000,2025-08,T1,physical assault,52.223028,0.112522
5001,2025-08,T1,physical assault,52.220259,0.117002
5002,2025-08,T1,suspicious activity,52.224961,0.119583
5003,2025-08,T1,suspicious activity,52.226451,0.124706
5004,2025-08,T1,vandalism,52.226535,0.126555
5005,2025-08,T1,vandalism,52.225339,0.124565
5006,2025-08,T1,physical assault,52.223429,0.120272
5007,2025-08,T1,physical assault,52.226451,0.124706
5008,2025-08,T1,physical assault,52.225339,0.124565
5009,2025-08,T1,physical assault,52.226451,0.124706
5010,2025-08,T1,physical assault,52.224961,0.119583
5011,2025-08,T1,suspicious activity,52.225275,0.152368
5012,2025-08,T1,suspicious activity,52.223713,0.148848
5013,2025-08,T1,suspicious activity,52.225275,0.152368
5014,2025-08,T1,suspicious activity,52.22584,0.151487
5015,2025-08,T1,suspicious activity,52.223416,0.15178
5016,2025-08,T1,vandalism,52.227778,0.151727
5017,2025-08,T1,vandalism,52.223044,0.150488
5018,2025-08,T1,vandalism,52.227638,0.14806
5019,2025-08,T1,vandalism,52.227778,0.151727
5020,2025-08,T1,vandalism,52.227638,0.14806
5021,2025-08,T1,vandalism,52.22584,0.151487
5022,2025-08,T1,harassment,52.224234,0.147354
5023,2025-08,T1,physical assault,52.225275,0.152368
5024,2025-08,T1,physical assault,52.22584,0.151487
5025,2025-08,T1,physical assault,52.22584,0.151487
5026,2025-08,T1,physical assault,52.226291,0.145945
5027,2025-08,T1,physical assault,52.225275,0.152368
5028,2025-08,T1,physical assault,52.223135,0.148428
5029,2025-08,T1,physical assault,52.225275,0.152368
5030,2025-08,T1,suspicious activity,52.222426,0.156256
5031,2025-08,T1,suspicious activity,52.222426,0.156256
5032,2025-08,T1,suspicious activity,52.222426,0.156256
5033,2025-08,T1,suspicious activity,52.222662,0.15413
5034,2025-08,T1,suspicious activity,52.222426,0.156256
5035,2025-08,T1,suspicious activity,52.222426,0.156256
5036,2025-08,T1,suspicious activity,52.222426,0.156256
5037,2025-08,T1,suspicious activity,52.222089,0.149563
5038,2025-08,T1,suspicious activity,52.222426,0.156256
5039,2025-08,T1,vandalism,52.221665,0.156556
5040,2025-08,T1,vandalism,52.221374,0.151784
5041,2025-08,T1,vandalism,52.219484,0.150419
5042,2025-08,T1,physical assault,52.222426,0.156256
5043,2025-08,T1,harassment,52.22122,0.157764
5044,2025-08,T1,harassment,52.222426,0.156256
5045,2025-08,T1,harassment,52.222426,0.156256
5046,2025-08,T1,physical assault,52.223258,0.153515
5047,2025-08,T1,physical assault,52.221665,0.156556
5048,2025-08,T1,physical assault,52.221665,0.156556
5049,2025-08,T1,suspicious activity,52.220584,0.136387
5050,2025-08,T1,suspicious activity,52.218538,0.136187
5051,2025-08,T1,suspicious activity,52.217847,0.134119
5052,2025-08,T1,suspicious activity,52.218903,0.133876
5053,2025-08,T1,suspicious activity,52.220584,0.136387
5054,2025-08,T1,vandalism,52.219997,0.140005
5055,2025-08,T1,physical assault,52.220265,0.141116
5056,2025-08,T1,physical assault,52.219886,0.138682
5057,2025-08,T1,physical assault,52.218913,0.136805
5058,2025-08,T1,suspicious activity,52.221363,0.143028
5059,2025-08,T1,suspicious activity,52.221363,0.143028
5060,2025-08,T1,harassment,52.220209,0.143177
5061,2025-08,T1,harassment,52.221363,0.143028
5062,2025-08,T1,physical assault,52.221363,0.143028
5063,2025-08,T1,physical assault,52.220209,0.143177
5064,2025-08,T1,physical assault,52.220162,0.144815
5065,2025-08,T1,physical assault,52.223197,0.145517
5066,2025-08,T1,suspicious activity,52.213202,0.136897
5067,2025-08,T1,harassment,52.213353,0.141218
5068,2025-08,T1,harassment,52.213202,0.136897
5069,2025-08,T1,physical assault,52.212386,0.13775
5070,2025-08,T1,physical assault,52.213819,0.139034
5071,2025-08,T1,physical assault,52.213819,0.139034
5072,2025-08,T1,physical assault,52.212386,0.13775
5073,2025-08,T1,physical assault,52.212386,0.13775
5074,2025-08,T1,physical assault,52.213819,0.139034
5075,2025-08,T1,physical assault,52.213819,0.139034
5076,2025-08,T1,physical assault,52.212701,0.139727
5077,2025-08,T1,suspicious activity,52.218054,0.144493
5078,2025-08,T1,suspicious activity,52.218054,0.144493
5079,2025-08,T1,suspicious activity,52.214478,0.137909
5080,2025-08,T1,suspicious activity,52.215574,0.137201
5081,2025-08,T1,vandalism,52.218054,0.144493
5082,2025-08,T1,harassment,52.218054,0.144493
5083,2025-08,T1,physical assault,52.218054,0.144493
5084,2025-08,T1,physical assault,52.219051,0.14706
5085,2025-08,T1,physical assault,52.219307,0.142329
5086,2025-08,T1,physical assault,52.219307,0.142329
5087,2025-08,T1,physical assault,52.219307,0.142329
5088,2025-08,T1,physical assault,52.218054,0.144493
5089,2025-08,T1,physical assault,52.218965,0.144332
5090,2025-08,T1,physical assault,52.220062,0.149319
5091,2025-08,T1,physical assault,52.218965,0.144332
5092,2025-08,T1,suspicious activity,52.222962,0.136648
5093,2025-08,T1,physical assault,52.221955,0.132178
5094,2025-08,T1,physical assault,52.221955,0.132178
5095,2025-08,T1,physical assault,52.223358,0.132157
5096,2025-08,T1,suspicious activity,52.217916,0.125806
5097,2025-08,T1,suspicious activity,52.222723,0.129975
5098,2025-08,T1,harassment,52.222723,0.129975
5099,2025-08,T1,harassment,52.218686,0.128464
5100,2025-08,T1,physical assault,52.217916,0.125806
5101,2025-08,T1,suspicious activity,52.21818,0.131925
5102,2025-08,T1,suspicious activity,52.216093,0.127637
5103,2025-08,T1,suspicious activity,52.217347,0.131913
5104,2025-08,T1,suspicious activity,52.219264,0.132298
5105,2025-08,T1,suspicious activity,52.219264,0.132298
5106,2025-08,T1,harassment,52.219264,0.132298
5107,2025-08,T1,physical assault,52.215762,0.13254
5108,2025-08,T1,suspicious activity,52.214032,0.1218
5109,2025-08,T1,suspicious activity,52.214705,0.124822
5110,2025-08,T1,vandalism,52.213852,0.125803
5111,2025-08,T1,vandalism,52.214032,0.1218
5112,2025-08,T1,vandalism,52.218793,0.119055
5113,2025-08,T1,vandalism,52.214032,0.1218
5114,2025-08,T1,vandalism,52.213852,0.125803
5115,2025-08,T1,harassment,52.214705,0.124822
5116,2025-08,T1,robbery,52.214281,0.122954
5117,2025-08,T1,physical assault,52.218793,0.119055
5118,2025-08,T1,physical assault,52.216518,0.123061
5119,2025-08,T1,physical assault,52.216518,0.123061
5120,2025-08,T1,physical assault,52.214705,0.124822
5121,2025-08,T1,physical assault,52.216518,0.123061
5122,2025-08,T1,physical assault,52.214705,0.124822
5123,2025-08,T1,physical assault,52.214281,0.122954
5124,2025-08,T1,physical assault,52.213852,0.125803
5125,2025-08,T1,physical assault,52.214536,0.126758
5126,2025-08,T1,physical assault,52.214705,0.124822
5127,2025-08,T1,vandalism,52.214399,0.129825
5128,2025-08,T1,vandalism,52.210801,0.133386
5129,2025-08,T1,harassment,52.214399,0.129825
5130,2025-08,T1,harassment,52.214399,0.129825
5131,2025-08,T1,harassment,52.214399,0.129825
5132,2025-08,T1,harassment,52.214399,0.129825
5133,2025-08,T1,robbery,52.212941,0.134923
5134,2025-08,T1,suspicious activity,52.21934,0.108057
5135,2025-08,T1,physical assault,52.221454,0.110558
5136,2025-08,T1,physical assault,52.224349,0.108543
5137,2025-08,T1,suspicious activity,52.223956,0.09933
5138,2025-08,T1,suspicious activity,52.22294,0.095285
5139,2025-08,T1,suspicious activity,52.223042,0.098613
5140,2025-08,T1,harassment,52.224616,0.097619
5141,2025-08,T1,suspicious activity,52.218248,0.088066
5142,2025-08,T1,vandalism,52.21728,0.086879
5143,2025-08,T1,physical assault,52.219342,0.086727
5144,2025-08,T1,harassment,52.218061,0.087643
5145,2025-08,T1,physical assault,52.218061,0.087643
5146,2025-08,T1,physical assault,52.218028,0.08627
5147,2025-08,T1,physical assault,52.21728,0.086879
5148,2025-08,T1,physical assault,52.219342,0.086727
5149,2025-08,T1,physical assault,52.219342,0.086727
5150,2025-08,T1,physical assault,52.219342,0.086727
5151,2025-08,T1,physical assault,52.219342,0.086727
5152,2025-08,T1,suspicious activity,52.217656,0.100658
5153,2025-08,T1,vandalism,52.21468,0.084429
5154,2025-08,T1,vandalism,52.21468,0.084429
5155,2025-08,T1,suspicious activity,52.206444,0.118219
5156,2025-08,T1,suspicious activity,52.210237,0.115794
5157,2025-08,T1,suspicious activity,52.207966,0.118072
5158,2025-08,T1,suspicious activity,52.217314,0.108737
5159,2025-08,T1,suspicious activity,52.217314,0.108737
5160,2025-08,T1,suspicious activity,52.206444,0.118219
5161,2025-08,T1,suspicious activity,52.214025,0.111626
5162,2025-08,T1,suspicious activity,52.216682,0.10635
5163,2025-08,T1,suspicious activity,52.210237,0.115794
5164,2025-08,T1,suspicious activity,52.210237,0.115794
5165,2025-08,T1,physical assault,52.214025,0.111626
5166,2025-08,T1,physical assault,52.206444,0.118219
5167,2025-08,T1,physical assault,52.210237,0.115794
5168,2025-08,T1,physical assault,52.215823,0.11016
5169,2025-08,T1,physical assault,52.212778,0.110952
5170,2025-08,T1,physical assault,52.215155,0.109821
5171,2025-08,T1,physical assault,52.215823,0.11016
5172,2025-08,T1,physical assault,52.206091,0.115831
5173,2025-08,T1,physical assault,52.210237,0.115794
5174,2025-08,T1,physical assault,52.212778,0.110952
5175,2025-08,T1,physical assault,52.206444,0.118219
5176,2025-08,T1,physical assault,52.212778,0.110952
5177,2025-08,T1,physical assault,52.212778,0.110952
5178,2025-08,T1,physical assault,52.206444,0.118219
5179,2025-08,T1,suspicious activity,52.211411,0.143427
5180,2025-08,T1,vandalism,52.213326,0.143944
5181,2025-08,T1,vandalism,52.21159,0.145456
5182,2025-08,T1,vandalism,52.208484,0.141193
5183,2025-08,T1,vandalism,52.208484,0.141193
5184,2025-08,T1,vandalism,52.213326,0.143944
5185,2025-08,T1,robbery,52.213326,0.143944
5186,2025-08,T1,physical assault,52.208484,0.141193
5187,2025-08,T1,physical assault,52.207245,0.143534
5188,2025-08,T1,physical assault,52.209815,0.139164
5189,2025-08,T1,physical assault,52.209787,0.145932
5190,2025-08,T1,physical assault,52.208484,0.141193
5191,2025-08,T1,physical assault,52.209815,0.139164
5192,2025-08,T1,physical assault,52.214774,0.165064
5193,2025-08,T1,suspicious activity,52.209911,0.153665
5194,2025-08,T1,suspicious activity,52.215859,0.158354
5195,2025-08,T1,vandalism,52.215389,0.155535
5196,2025-08,T1,vandalism,52.21415,0.146545
5197,2025-08,T1,vandalism,52.214222,0.146549
5198,2025-08,T1,vandalism,52.213211,0.147773
5199,2025-08,T1,vandalism,52.214272,0.150723
5200,2025-08,T1,physical assault,52.214012,0.154634
5201,2025-08,T1,physical assault,52.215589,0.157887
5202,2025-08,T1,physical assault,52.214904,0.158483
5203,2025-08,T1,physical assault,52.214904,0.158483
5204,2025-08,T1,physical assault,52.215589,0.157887
5205,2025-08,T1,physical assault,52.214989,0.14985
5206,2025-08,T1,physical assault,52.208923,0.155075
5207,2025-08,T1,physical assault,52.212508,0.15178
5208,2025-08,T1,physical assault,52.211711,0.147203
5209,2025-08,T1,physical assault,52.215589,0.157887
5210,2025-08,T1,physical assault,52.214904,0.158483
5211,2025-08,T1,suspicious activity,52.21137,0.160946
5212,2025-08,T1,suspicious activity,52.213238,0.163042
5213,2025-08,T1,vandalism,52.213238,0.163042
5214,2025-08,T1,physical assault,52.209681,0.158874
5215,2025-08,T1,harassment,52.213238,0.163042
5216,2025-08,T1,harassment,52.213238,0.163042
5217,2025-08,T1,physical assault,52.210265,0.158404
5218,2025-08,T1,suspicious activity,52.210173,0.160976
5219,2025-08,T1,suspicious activity,52.210173,0.160976
5220,2025-08,T1,suspicious activity,52.208121,0.159135
5221,2025-08,T1,suspicious activity,52.209619,0.157875
5222,2025-08,T1,vandalism,52.208013,0.160593
5223,2025-08,T1,physical assault,52.207929,0.164687
5224,2025-08,T1,harassment,52.207929,0.164687
5225,2025-08,T1,harassment,52.209925,0.165209
5226,2025-08,T1,harassment,52.207929,0.164687
5227,2025-08,T1,physical assault,52.208013,0.160593
5228,2025-08,T1,physical assault,52.207929,0.164687
5229,2025-08,T1,physical assault,52.208013,0.160593
5230,2025-08,T1,physical assault,52.209934,0.162238
5231,2025-08,T1,physical assault,52.208013,0.160593
5232,2025-08,T1,physical assault,52.208013,0.160593
5233,2025-08,T1,suspicious activity,52.207516,0.130608
5234,2025-08,T1,suspicious activity,52.206907,0.130462
5235,2025-08,T1,suspicious activity,52.208141,0.129804
5236,2025-08,T1,suspicious activity,52.207516,0.130608
5237,2025-08,T1,suspicious activity,52.210274,0.136668
5238,2025-08,T1,suspicious activity,52.205741,0.131753
5239,2025-08,T1,suspicious activity,52.206907,0.130462
5240,2025-08,T1,suspicious activity,52.210274,0.136668
5241,2025-08,T1,suspicious activity,52.206593,0.133474
5242,2025-08,T1,suspicious activity,52.205741,0.131753
5243,2025-08,T1,suspicious activity,52.206593,0.133474
5244,2025-08,T1,vandalism,52.207243,0.129249
5245,2025-08,T1,harassment,52.206593,0.133474
5246,2025-08,T1,physical assault,52.206907,0.130462
5247,2025-08,T1,physical assault,52.206907,0.130462
5248,2025-08,T1,physical assault,52.206907,0.130462
5249,2025-08,T1,physical assault,52.206907,0.130462
5250,2025-08,T1,physical assault,52.206907,0.130462
5251,2025-08,T1,physical assault,52.204911,0.132942
5252,2025-08,T1,physical assault,52.206907,0.130462
5253,2025-08,T1,physical assault,52.206907,0.130462
5254,2025-08,T1,physical assault,52.210274,0.136668
5255,2025-08,T1,physical assault,52.206712,0.130292
5256,2025-08,T1,physical assault,52.207109,0.135185
5257,2025-08,T1,suspicious activity,52.198264,0.112547
5258,2025-08,T1,suspicious activity,52.195769,0.102215
5259,2025-08,T1,suspicious activity,52.201717,0.115052
5260,2025-08,T1,suspicious activity,52.201717,0.115052
5261,2025-08,T1,harassment,52.195769,0.102215
5262,2025-08,T1,harassment,52.198102,0.112057
5263,2025-08,T1,harassment,52.198102,0.112057
5264,2025-08,T1,harassment,52.195221,0.114773
5265,2025-08,T1,physical assault,52.198102,0.112057
5266,2025-08,T1,physical assault,52.200671,0.113715
5267,2025-08,T1,physical assault,52.198353,0.112581
5268,2025-08,T1,physical assault,52.195769,0.102215
5269,2025-08,T1,physical assault,52.195221,0.114773
5270,2025-08,T1,physical assault,52.197476,0.11788
5271,2025-08,T1,physical assault,52.201717,0.115052
5272,2025-08,T1,physical assault,52.195221,0.114773
5273,2025-08,T1,suspicious activity,52.2055,0.118203
5274,2025-08,T1,suspicious activity,52.205386,0.124037
5275,2025-08,T1,suspicious activity,52.20844,0.119704
5276,2025-08,T1,suspicious activity,52.206635,0.119077
5277,2025-08,T1,suspicious activity,52.205622,0.118912
5278,2025-08,T1,suspicious activity,52.206447,0.120517
5279,2025-08,T1,suspicious activity,52.20844,0.119704
5280,2025-08,T1,suspicious activity,52.208396,0.122688
5281,2025-08,T1,suspicious activity,52.205622,0.118912
5282,2025-08,T1,suspicious activity,52.206447,0.120517
5283,2025-08,T1,suspicious activity,52.208396,0.122688
5284,2025-08,T1,suspicious activity,52.209069,0.119749
5285,2025-08,T1,suspicious activity,52.205622,0.118912
5286,2025-08,T1,suspicious activity,52.207515,0.127125
5287,2025-08,T1,vandalism,52.2055,0.118203
5288,2025-08,T1,harassment,52.206447,0.120517
5289,2025-08,T1,harassment,52.206447,0.120517
5290,2025-08,T1,harassment,52.206447,0.120517
5291,2025-08,T1,harassment,52.205622,0.118912
5292,2025-08,T1,harassment,52.206447,0.120517
5293,2025-08,T1,robbery,52.205622,0.118912
5294,2025-08,T1,physical assault,52.206447,0.120517
5295,2025-08,T1,physical assault,52.20763,0.125754
5296,2025-08,T1,physical assault,52.208907,0.118234
5297,2025-08,T1,physical assault,52.205622,0.118912
5298,2025-08,T1,physical assault,52.206447,0.120517
5299,2025-08,T1,physical assault,52.205622,0.118912
5300,2025-08,T1,physical assault,52.205622,0.118912
5301,2025-08,T1,physical assault,52.205622,0.118912
5302,2025-08,T1,physical assault,52.20763,0.125754
5303,2025-08,T1,physical assault,52.206447,0.120517
5304,2025-08,T1,physical assault,52.207111,0.125627
5305,2025-08,T1,physical assault,52.206447,0.120517
5306,2025-08,T1,physical assault,52.208907,0.118234
5307,2025-08,T1,physical assault,52.206447,0.120517
5308,2025-08,T1,physical assault,52.206447,0.120517
5309,2025-08,T1,physical assault,52.205622,0.118912
5310,2025-08,T1,physical assault,52.205386,0.124037
5311,2025-08,T1,physical assault,52.206447,0.120517
5312,2025-08,T1,physical assault,52.205386,0.124037
5313,2025-08,T1,physical assault,52.207875,0.123658
5314,2025-08,T1,physical assault,52.206447,0.120517
5315,2025-08,T1,physical assault,52.206447,0.120517
5316,2025-08,T1,physical assault,52.206447,0.120517
5317,2025-08,T1,suspicious activity,52.193672,0.105833
5318,2025-08,T1,vandalism,52.199871,0.096585
5319,2025-08,T1,physical assault,52.204749,0.105474
5320,2025-08,T1,physical assault,52.204025,0.105678
5321,2025-08,T1,suspicious activity,52.20533,0.12364
5322,2025-08,T1,suspicious activity,52.203334,0.129106
5323,2025-08,T1,suspicious activity,52.199366,0.127262
5324,2025-08,T1,suspicious activity,52.199366,0.127262
5325,2025-08,T1,suspicious activity,52.198954,0.120204
5326,2025-08,T1,suspicious activity,52.206455,0.121103
5327,2025-08,T1,suspicious activity,52.203247,0.130463
5328,2025-08,T1,suspicious activity,52.201421,0.125173
5329,2025-08,T1,suspicious activity,52.203629,0.120719
5330,2025-08,T1,suspicious activity,52.203523,0.124124
5331,2025-08,T1,suspicious activity,52.204812,0.121976
5332,2025-08,T1,suspicious activity,52.199366,0.127262
5333,2025-08,T1,suspicious activity,52.20082,0.12941
5334,2025-08,T1,suspicious activity,52.204536,0.117821
5335,2025-08,T1,suspicious activity,52.203523,0.124124
5336,2025-08,T1,suspicious activity,52.203334,0.129106
5337,2025-08,T1,suspicious activity,52.201696,0.117203
5338,2025-08,T1,suspicious activity,52.199366,0.127262
5339,2025-08,T1,suspicious activity,52.20533,0.12364
5340,2025-08,T1,suspicious activity,52.199366,0.127262
5341,2025-08,T1,suspicious activity,52.199366,0.127262
5342,2025-08,T1,vandalism,52.203247,0.130463
5343,2025-08,T1,vandalism,52.20082,0.12941
5344,2025-08,T1,vandalism,52.205594,0.133429
5345,2025-08,T1,vandalism,52.200939,0.125816
5346,2025-08,T1,vandalism,52.203247,0.130463
5347,2025-08,T1,vandalism,52.204812,0.121976
5348,2025-08,T1,vandalism,52.201696,0.117203
5349,2025-08,T1,vandalism,52.203247,0.130463
5350,2025-08,T1,vandalism,52.204215,0.121172
5351,2025-08,T1,physical assault,52.203011,0.125622
5352,2025-08,T1,physical assault,52.204812,0.121976
5353,2025-08,T1,harassment,52.203247,0.130463
5354,2025-08,T1,harassment,52.203523,0.124124
5355,2025-08,T1,harassment,52.203247,0.130463
5356,2025-08,T1,harassment,52.203011,0.125622
5357,2025-08,T1,harassment,52.203097,0.121806
5358,2025-08,T1,harassment,52.20082,0.12941
5359,2025-08,T1,harassment,52.203247,0.130463
5360,2025-08,T1,harassment,52.203011,0.125622
5361,2025-08,T1,harassment,52.204215,0.121172
5362,2025-08,T1,robbery,52.206311,0.121593
5363,2025-08,T1,robbery,52.204812,0.121976
5364,2025-08,T1,physical assault,52.206311,0.121593
5365,2025-08,T1,physical assault,52.204215,0.121172
5366,2025-08,T1,physical assault,52.204372,0.119408
5367,2025-08,T1,physical assault,52.203011,0.125622
5368,2025-08,T1,physical assault,52.203523,0.124124
5369,2025-08,T1,physical assault,52.20533,0.12364
5370,2025-08,T1,physical assault,52.204215,0.121172
5371,2025-08,T1,physical assault,52.204372,0.119408
5372,2025-08,T1,physical assault,52.204372,0.119408
5373,2025-08,T1,physical assault,52.203523,0.124124
5374,2025-08,T1,physical assault,52.200939,0.125816
5375,2025-08,T1,physical assault,52.203523,0.124124
5376,2025-08,T1,physical assault,52.20082,0.12941
5377,2025-08,T1,physical assault,52.203523,0.124124
5378,2025-08,T1,physical assault,52.204812,0.121976
5379,2025-08,T1,physical assault,52.206455,0.121103
5380,2025-08,T1,physical assault,52.204372,0.119408
5381,2025-08,T1,physical assault,52.203523,0.124124
5382,2025-08,T1,physical assault,52.203334,0.129106
5383,2025-08,T1,physical assault,52.206455,0.121103
5384,2025-08,T1,physical assault,52.202438,0.118936
5385,2025-08,T1,physical assault,52.20121,0.117765
5386,2025-08,T1,physical assault,52.203011,0.125622
5387,2025-08,T1,physical assault,52.203523,0.124124
5388,2025-08,T1,physical assault,52.203523,0.124124
5389,2025-08,T1,physical assault,52.203097,0.121806
5390,2025-08,T1,physical assault,52.203523,0.124124
5391,2025-08,T1,physical assault,52.201421,0.125173
5392,2025-08,T1,physical assault,52.204812,0.121976
5393,2025-08,T1,physical assault,52.206455,0.121103
5394,2025-08,T1,physical assault,52.204513,0.132572
5395,2025-08,T1,physical assault,52.206455,0.121103
5396,2025-08,T1,physical assault,52.206455,0.121103
5397,2025-08,T1,physical assault,52.203523,0.124124
5398,2025-08,T1,physical assault,52.203523,0.124124
5399,2025-08,T1,physical assault,52.203097,0.121806
5400,2025-08,T1,physical assault,52.203523,0.124124
5401,2025-08,T1,physical assault,52.203523,0.124124
5402,2025-08,T1,physical assault,52.20082,0.12941
5403,2025-08,T1,physical assault,52.203247,0.130463
5404,2025-08,T1,physical assault,52.204215,0.121172
5405,2025-08,T1,physical assault,52.204372,0.119408
5406,2025-08,T1,physical assault,52.203523,0.124124
5407,2025-08,T1,suspicious activity,52.194769,0.136334
5408,2025-08,T1,suspicious activity,52.194769,0.136334
5409,2025-08,T1,suspicious activity,52.194769,0.136334
5410,2025-08,T1,suspicious activity,52.194769,0.136334
5411,2025-08,T1,suspicious activity,52.196089,0.138944
5412,2025-08,T1,vandalism,52.196831,0.137194
5413,2025-08,T1,harassment,52.195307,0.136419
5414,2025-08,T1,harassment,52.195307,0.136419
5415,2025-08,T1,physical assault,52.195307,0.136419
5416,2025-08,T1,physical assault,52.197361,0.129786
5417,2025-08,T1,physical assault,52.195527,0.131235
5418,2025-08,T1,physical assault,52.197361,0.129786
5419,2025-08,T1,physical assault,52.195793,0.137905
5420,2025-08,T1,physical assault,52.19578,0.134129
5421,2025-08,T1,physical assault,52.197361,0.129786
5422,2025-08,T1,physical assault,52.198073,0.132673
5423,2025-08,T1,suspicious activity,52.200225,0.134986
5424,2025-08,T1,suspicious activity,52.20199,0.13151
5425,2025-08,T1,suspicious activity,52.20199,0.13151
5426,2025-08,T1,suspicious activity,52.201889,0.133456
5427,2025-08,T1,suspicious activity,52.200225,0.134986
5428,2025-08,T1,suspicious activity,52.20199,0.13151
5429,2025-08,T1,harassment,52.200443,0.134338
5430,2025-08,T1,harassment,52.200443,0.134338
5431,2025-08,T1,harassment,52.200225,0.134986
5432,2025-08,T1,harassment,52.200443,0.134338
5433,2025-08,T1,harassment,52.201889,0.133456
5434,2025-08,T1,physical assault,52.200225,0.134986
5435,2025-08,T1,physical assault,52.20199,0.13151
5436,2025-08,T1,physical assault,52.202223,0.134863
5437,2025-08,T1,physical assault,52.20199,0.13151
5438,2025-08,T1,suspicious activity,52.206689,0.141487
5439,2025-08,T1,suspicious activity,52.20676,0.138578
5440,2025-08,T1,vandalism,52.204066,0.140337
5441,2025-08,T1,vandalism,52.207758,0.138582
5442,2025-08,T1,vandalism,52.207616,0.139951
5443,2025-08,T1,physical assault,52.205607,0.137688
5444,2025-08,T1,physical assault,52.205344,0.138832
5445,2025-08,T1,physical assault,52.204066,0.140337
5446,2025-08,T1,suspicious activity,52.205917,0.145402
5447,2025-08,T1,suspicious activity,52.204478,0.143444
5448,2025-08,T1,vandalism,52.205917,0.145402
5449,2025-08,T1,physical assault,52.202952,0.143254
5450,2025-08,T1,physical assault,52.202952,0.143254
5451,2025-08,T1,physical assault,52.202022,0.142478
5452,2025-08,T1,physical assault,52.202952,0.143254
5453,2025-08,T1,physical assault,52.202952,0.143254
5454,2025-08,T1,physical assault,52.20641,0.144986
5455,2025-08,T1,physical assault,52.199586,0.140458
5456,2025-08,T1,suspicious activity,52.203458,0.132741
5457,2025-08,T1,suspicious activity,52.203458,0.132741
5458,2025-08,T1,suspicious activity,52.203458,0.132741
5459,2025-08,T1,suspicious activity,52.203458,0.132741
5460,2025-08,T1,suspicious activity,52.205396,0.13642
5461,2025-08,T1,suspicious activity,52.204696,0.136357
5462,2025-08,T1,suspicious activity,52.205387,0.134429
5463,2025-08,T1,vandalism,52.204343,0.136486
5464,2025-08,T1,physical assault,52.203904,0.136875
5465,2025-08,T1,harassment,52.205203,0.135693
5466,2025-08,T1,harassment,52.203904,0.136875
5467,2025-08,T1,harassment,52.204083,0.134469
5468,2025-08,T1,robbery,52.203458,0.132741
5469,2025-08,T1,physical assault,52.203458,0.132741
5470,2025-08,T1,physical assault,52.205396,0.13642
5471,2025-08,T1,physical assault,52.199829,0.138962
5472,2025-08,T1,physical assault,52.200861,0.137109
5473,2025-08,T1,physical assault,52.203355,0.133453
5474,2025-08,T1,physical assault,52.205387,0.134429
5475,2025-08,T1,physical assault,52.199829,0.138962
5476,2025-08,T1,suspicious activity,52.204133,0.146589
5477,2025-08,T1,suspicious activity,52.205753,0.147984
5478,2025-08,T1,suspicious activity,52.200537,0.148991
5479,2025-08,T1,vandalism,52.205101,0.147236
5480,2025-08,T1,suspicious activity,52.200938,0.145235
5481,2025-08,T1,vandalism,52.200111,0.145737
5482,2025-08,T1,vandalism,52.200111,0.145737
5483,2025-08,T1,vandalism,52.200152,0.145446
5484,2025-08,T1,vandalism,52.200111,0.145737
5485,2025-08,T1,physical assault,52.200152,0.145446
5486,2025-08,T1,physical assault,52.200111,0.145737
5487,2025-08,T1,physical assault,52.199231,0.146133
5488,2025-08,T1,physical assault,52.197608,0.145426
5489,2025-08,T1,physical assault,52.199572,0.143706
5490,2025-08,T1,suspicious activity,52.199388,0.155799
5491,2025-08,T1,suspicious activity,52.197086,0.1538
5492,2025-08,T1,suspicious activity,52.198458,0.156998
5493,2025-08,T1,suspicious activity,52.198458,0.156998
5494,2025-08,T1,physical assault,52.199388,0.155799
5495,2025-08,T1,physical assault,52.199388,0.155799
5496,2025-08,T1,physical assault,52.200577,0.15271
5497,2025-08,T1,physical assault,52.202367,0.152168
5498,2025-08,T1,physical assault,52.195573,0.153961
5499,2025-08,T1,physical assault,52.200577,0.15271
5500,2025-08,T1,physical assault,52.195573,0.153961
5501,2025-08,T1,physical assault,52.202367,0.152168
5502,2025-08,T1,physical assault,52.199388,0.155799
5503,2025-08,T1,physical assault,52.197086,0.1538
5504,2025-08,T1,physical assault,52.199388,0.155799
5505,2025-08,T1,physical assault,52.197237,0.15492
5506,2025-08,T1,suspicious activity,52.198647,0.14909
5507,2025-08,T1,suspicious activity,52.198096,0.142815
5508,2025-08,T1,suspicious activity,52.197784,0.150088
5509,2025-08,T1,suspicious activity,52.198096,0.142815
5510,2025-08,T1,suspicious activity,52.199292,0.150702
5511,2025-08,T1,vandalism,52.199168,0.147125
5512,2025-08,T1,vandalism,52.198647,0.14909
5513,2025-08,T1,suspicious activity,52.196817,0.146895
5514,2025-08,T1,suspicious activity,52.195482,0.145645
5515,2025-08,T1,suspicious activity,52.196817,0.146895
5516,2025-08,T1,vandalism,52.197795,0.141557
5517,2025-08,T1,vandalism,52.196817,0.146895
5518,2025-08,T1,harassment,52.196991,0.144723
5519,2025-08,T1,harassment,52.198344,0.142008
5520,2025-08,T1,physical assault,52.198344,0.142008
5521,2025-08,T1,physical assault,52.196817,0.146895
5522,2025-08,T1,suspicious activity,52.190083,0.152262
5523,2025-08,T1,physical assault,52.193309,0.143961
5524,2025-08,T1,physical assault,52.190083,0.152262
5525,2025-08,T1,suspicious activity,52.191975,0.15645
5526,2025-08,T1,suspicious activity,52.190593,0.158797
5527,2025-08,T1,harassment,52.193072,0.156503
5528,2025-08,T1,harassment,52.193072,0.156503
5529,2025-08,T1,harassment,52.193072,0.156503
5530,2025-08,T1,physical assault,52.194362,0.156727
5531,2025-08,T1,physical assault,52.193072,0.156503
5532,2025-08,T1,physical assault,52.193072,0.156503
5533,2025-08,T1,physical assault,52.190593,0.158797
5534,2025-08,T1,physical assault,52.193072,0.156503
5535,2025-08,T1,suspicious activity,52.186617,0.150997
5536,2025-08,T1,physical assault,52.191743,0.153937
5537,2025-08,T1,physical assault,52.191743,0.153937
5538,2025-08,T1,harassment,52.191743,0.153937
5539,2025-08,T1,robbery,52.189719,0.154468
5540,2025-08,T1,physical assault,52.192391,0.150925
5541,2025-08,T1,physical assault,52.187179,0.153219
5542,2025-08,T1,physical assault,52.192391,0.150925
5543,2025-08,T1,physical assault,52.192391,0.150925
5544,2025-08,T1,suspicious activity,52.190495,0.157256
5545,2025-08,T1,vandalism,52.187014,0.156839
5546,2025-08,T1,physical assault,52.189235,0.158293
5547,2025-08,T1,physical assault,52.187749,0.160883
5548,2025-08,T1,physical assault,52.189233,0.160882
5549,2025-08,T1,physical assault,52.187749,0.160883
5550,2025-08,T1,physical assault,52.189233,0.160882
5551,2025-08,T1,physical assault,52.185533,0.155699
5552,2025-08,T1,suspicious activity,52.189096,0.135331
5553,2025-08,T1,suspicious activity,52.191801,0.140362
5554,2025-08,T1,suspicious activity,52.190164,0.136961
5555,2025-08,T1,suspicious activity,52.194723,0.140897
5556,2025-08,T1,suspicious activity,52.195126,0.141458
5557,2025-08,T1,vandalism,52.190567,0.137011
5558,2025-08,T1,vandalism,52.194723,0.140897
5559,2025-08,T1,vandalism,52.189096,0.135331
5560,2025-08,T1,physical assault,52.190164,0.136961
5561,2025-08,T1,physical assault,52.190164,0.136961
5562,2025-08,T1,physical assault,52.194723,0.140897
5563,2025-08,T1,physical assault,52.189096,0.135331
5564,2025-08,T1,suspicious activity,52.190998,0.143001
5565,2025-08,T1,physical assault,52.18823,0.146832
5566,2025-08,T1,physical assault,52.190998,0.143001
5567,2025-08,T1,physical assault,52.189542,0.143955
5568,2025-08,T1,robbery,52.184937,0.160235
5569,2025-08,T1,physical assault,52.190226,0.165568
5570,2025-08,T1,suspicious activity,52.182608,0.151916
5571,2025-08,T1,harassment,52.185163,0.152814
5572,2025-08,T1,physical assault,52.18108,0.151842
5573,2025-08,T1,suspicious activity,52.183754,0.155116
5574,2025-08,T1,vandalism,52.183754,0.155116
5575,2025-08,T1,physical assault,52.182558,0.154619
5576,2025-08,T1,physical assault,52.182953,0.153205
5577,2025-08,T1,physical assault,52.182909,0.160005
5578,2025-08,T1,harassment,52.188097,0.137317
5579,2025-08,T1,harassment,52.188097,0.137317
5580,2025-08,T1,suspicious activity,52.183363,0.135583
5581,2025-08,T1,suspicious activity,52.183618,0.136429
5582,2025-08,T1,suspicious activity,52.179151,0.144245
5583,2025-08,T1,physical assault,52.180635,0.145662
5584,2025-08,T1,vandalism,52.19676,0.129172
5585,2025-08,T1,vandalism,52.19605,0.125685
5586,2025-08,T1,physical assault,52.198821,0.129592
5587,2025-08,T1,physical assault,52.19676,0.129172
5588,2025-08,T1,physical assault,52.196741,0.126757
5589,2025-08,T1,suspicious activity,52.190238,0.132796
5590,2025-08,T1,suspicious activity,52.190238,0.132796
5591,2025-08,T1,suspicious activity,52.190238,0.132796
5592,2025-08,T1,suspicious activity,52.193527,0.133422
5593,2025-08,T1,harassment,52.192353,0.134003
5594,2025-08,T1,harassment,52.193225,0.136216
5595,2025-08,T1,robbery,52.194644,0.134338
5596,2025-08,T1,physical assault,52.194644,0.134338
5597,2025-08,T1,physical assault,52.193771,0.13535
5598,2025-08,T1,physical assault,52.193771,0.13535
5599,2025-08,T1,physical assault,52.192353,0.134003
5600,2025-08,T1,physical assault,52.193225,0.136216
5601,2025-08,T1,physical assault,52.192353,0.134003
5602,2025-08,T1,physical assault,52.193225,0.136216
5603,2025-08,T1,physical assault,52.192245,0.134706
5604,2025-08,T1,physical assault,52.192353,0.134003
5605,2025-08,T1,suspicious activity,52.188031,0.128535
5606,2025-08,T1,suspicious activity,52.189948,0.13148
5607,2025-08,T1,suspicious activity,52.191793,0.128379
5608,2025-08,T1,vandalism,52.189948,0.13148
5609,2025-08,T1,harassment,52.188031,0.128535
5610,2025-08,T1,physical assault,52.188031,0.128535
5611,2025-08,T1,physical assault,52.188031,0.128535
5612,2025-08,T1,physical assault,52.188031,0.128535
5613,2025-08,T1,physical assault,52.188817,0.128339
5614,2025-08,T1,physical assault,52.188817,0.128339
5615,2025-08,T1,physical assault,52.187133,0.121997
5616,2025-08,T1,suspicious activity,52.179258,0.122426
5617,2025-08,T1,suspicious activity,52.179258,0.122426
5618,2025-08,T1,suspicious activity,52.231107,0.117328
5619,2025-08,T1,suspicious activity,52.231035,0.116314
5620,2025-08,T1,vandalism,52.231123,0.114415
5621,2025-08,T1,physical assault,52.229991,0.115357
5622,2025-08,T1,physical assault,52.231035,0.116314
5623,2025-08,T1,physical assault,52.229003,0.117272
5624,2025-08,T1,physical assault,52.228766,0.115957
5625,2025-08,T1,physical assault,52.231336,0.114586
5626,2025-08,T1,vandalism,52.224518,0.16135
5627,2025-08,T1,physical assault,52.224518,0.16135
5628,2025-08,T1,physical assault,52.224518,0.16135
5629,2025-08,T1,physical assault,52.224518,0.16135
5630,2025-08,T1,physical assault,52.224155,0.16249
5631,2025-08,T1,suspicious activity,52.229811,0.080467
5632,2025-08,T1,suspicious activity,52.227982,0.090851
5633,2025-08,T1,suspicious activity,52.223637,0.091452
5634,2025-08,T1,suspicious activity,52.223637,0.091452
5635,2025-08,T1,suspicious activity,52.227099,0.089916
5636,2025-08,T1,vandalism,52.224725,0.089966
5637,2025-08,T1,harassment,52.225451,0.08653
5638,2025-08,T1,physical assault,52.230198,0.089593
5639,2025-08,T1,physical assault,52.227099,0.089916
5640,2025-08,T1,harassment,52.182741,0.094067
5641,2025-08,T1,harassment,52.182741,0.094067
5642,2025-09,T1,suspicious activity,52.226808,0.133816
5643,2025-09,T1,suspicious activity,52.231891,0.132834
5644,2025-09,T1,vandalism,52.226808,0.133816
5645,2025-09,T1,harassment,52.231891,0.132834
5646,2025-09,T1,harassment,52.228862,0.133124
5647,2025-09,T1,harassment,52.228862,0.133124
5648,2025-09,T1,physical assault,52.230579,0.132166
5649,2025-09,T1,physical assault,52.228862,0.133124
5650,2025-09,T1,physical assault,52.23006,0.128525
5651,2025-09,T1,physical assault,52.228862,0.133124
5652,2025-09,T1,physical assault,52.228813,0.13132
5653,2025-09,T1,physical assault,52.230579,0.132166
5654,2025-09,T1,physical assault,52.230579,0.132166
5655,2025-09,T1,physical assault,52.228065,0.133437
5656,2025-09,T1,physical assault,52.23006,0.128525
5657,2025-09,T1,physical assault,52.228813,0.13132
5658,2025-09,T1,physical assault,52.230579,0.132166
5659,2025-09,T1,suspicious activity,52.227077,0.145491
5660,2025-09,T1,suspicious activity,52.227325,0.138556
5661,2025-09,T1,vandalism,52.227734,0.142764
5662,2025-09,T1,vandalism,52.229939,0.143646
5663,2025-09,T1,physical assault,52.227077,0.145491
5664,2025-09,T1,harassment,52.227077,0.145491
5665,2025-09,T1,harassment,52.227077,0.145491
5666,2025-09,T1,physical assault,52.227734,0.142764
5667,2025-09,T1,physical assault,52.227734,0.142764
5668,2025-09,T1,physical assault,52.227077,0.145491
5669,2025-09,T1,physical assault,52.229939,0.143646
5670,2025-09,T1,physical assault,52.227077,0.145491
5671,2025-09,T1,physical assault,52.227734,0.142764
5672,2025-09,T1,physical assault,52.227734,0.142764
5673,2025-09,T1,vandalism,52.225532,0.13724
5674,2025-09,T1,vandalism,52.230802,0.135223
5675,2025-09,T1,harassment,52.229879,0.138532
5676,2025-09,T1,harassment,52.230802,0.135223
5677,2025-09,T1,physical assault,52.228238,0.138278
5678,2025-09,T1,physical assault,52.228238,0.138278
5679,2025-09,T1,physical assault,52.228238,0.138278
5680,2025-09,T1,physical assault,52.230802,0.135223
5681,2025-09,T1,physical assault,52.229588,0.139675
5682,2025-09,T1,suspicious activity,52.230318,0.121698
5683,2025-09,T1,suspicious activity,52.22584,0.126654
5684,2025-09,T1,suspicious activity,52.22584,0.126654
5685,2025-09,T1,vandalism,52.229521,0.125512
5686,2025-09,T1,vandalism,52.229139,0.123238
5687,2025-09,T1,physical assault,52.228196,0.126664
5688,2025-09,T1,physical assault,52.228288,0.129055
5689,2025-09,T1,physical assault,52.226495,0.127754
5690,2025-09,T1,physical assault,52.230318,0.121698
5691,2025-09,T1,physical assault,52.228196,0.126664
5692,2025-09,T1,physical assault,52.228854,0.126095
5693,2025-09,T1,physical assault,52.229521,0.125512
5694,2025-09,T1,physical assault,52.228854,0.126095
5695,2025-09,T1,suspicious activity,52.231953,0.127737
5696,2025-09,T1,suspicious activity,52.231577,0.122183
5697,2025-09,T1,vandalism,52.231199,0.127173
5698,2025-09,T1,suspicious activity,52.230987,0.129477
5699,2025-09,T1,suspicious activity,52.230652,0.137046
5700,2025-09,T1,vandalism,52.230652,0.137046
5701,2025-09,T1,harassment,52.230652,0.137046
5702,2025-09,T1,physical assault,52.232015,0.140217
5703,2025-09,T1,physical assault,52.230896,0.137483
5704,2025-09,T1,physical assault,52.231944,0.137211
5705,2025-09,T1,suspicious activity,52.219497,0.111388
5706,2025-09,T1,vandalism,52.217209,0.114588
5707,2025-09,T1,harassment,52.219314,0.110766
5708,2025-09,T1,harassment,52.219314,0.110766
5709,2025-09,T1,physical assault,52.215335,0.112274
5710,2025-09,T1,physical assault,52.215335,0.112274
5711,2025-09,T1,physical assault,52.218443,0.117472
5712,2025-09,T1,physical assault,52.215335,0.112274
5713,2025-09,T1,physical assault,52.215335,0.112274
5714,2025-09,T1,physical assault,52.217598,0.111957
5715,2025-09,T1,physical assault,52.215335,0.112274
5716,2025-09,T1,physical assault,52.215335,0.112274
5717,2025-09,T1,suspicious activity,52.214207,0.118515
5718,2025-09,T1,suspicious activity,52.214207,0.118515
5719,2025-09,T1,vandalism,52.213686,0.116514
5720,2025-09,T1,vandalism,52.215176,0.113657
5721,2025-09,T1,harassment,52.214207,0.118515
5722,2025-09,T1,physical assault,52.214207,0.118515
5723,2025-09,T1,physical assault,52.213686,0.116514
5724,2025-09,T1,physical assault,52.213686,0.116514
5725,2025-09,T1,physical assault,52.215346,0.117691
5726,2025-09,T1,suspicious activity,52.228392,0.114285
5727,2025-09,T1,suspicious activity,52.227344,0.110033
5728,2025-09,T1,vandalism,52.224459,0.11647
5729,2025-09,T1,vandalism,52.224459,0.11647
5730,2025-09,T1,harassment,52.224428,0.116673
5731,2025-09,T1,physical assault,52.228392,0.114285
5732,2025-09,T1,physical assault,52.227584,0.114715
5733,2025-09,T1,vandalism,52.227356,0.119902
5734,2025-09,T1,physical assault,52.227888,0.120792
5735,2025-09,T1,physical assault,52.226546,0.122397
5736,2025-09,T1,physical assault,52.226817,0.12137
5737,2025-09,T1,physical assault,52.227888,0.120792
5738,2025-09,T1,suspicious activity,52.220331,0.115
5739,2025-09,T1,suspicious activity,52.223028,0.112522
5740,2025-09,T1,vandalism,52.219596,0.113867
5741,2025-09,T1,robbery,52.22219,0.118148
5742,2025-09,T1,physical assault,52.22219,0.118148
5743,2025-09,T1,physical assault,52.22219,0.118148
5744,2025-09,T1,physical assault,52.2236,0.11924
5745,2025-09,T1,physical assault,52.223014,0.118817
5746,2025-09,T1,physical assault,52.224082,0.112909
5747,2025-09,T1,physical assault,52.22219,0.118148
5748,2025-09,T1,physical assault,52.22219,0.118148
5749,2025-09,T1,physical assault,52.22219,0.118148
5750,2025-09,T1,suspicious activity,52.226451,0.124706
5751,2025-09,T1,suspicious activity,52.226451,0.124706
5752,2025-09,T1,physical assault,52.224961,0.119583
5753,2025-09,T1,physical assault,52.226535,0.126555
5754,2025-09,T1,suspicious activity,52.225275,0.152368
5755,2025-09,T1,suspicious activity,52.22584,0.151487
5756,2025-09,T1,suspicious activity,52.22584,0.151487
5757,2025-09,T1,suspicious activity,52.225275,0.152368
5758,2025-09,T1,suspicious activity,52.225275,0.152368
5759,2025-09,T1,suspicious activity,52.222864,0.149015
5760,2025-09,T1,suspicious activity,52.222864,0.149015
5761,2025-09,T1,vandalism,52.22584,0.151487
5762,2025-09,T1,vandalism,52.223625,0.150663
5763,2025-09,T1,vandalism,52.225544,0.148998
5764,2025-09,T1,vandalism,52.222864,0.149015
5765,2025-09,T1,vandalism,52.227778,0.151727
5766,2025-09,T1,vandalism,52.223625,0.150663
5767,2025-09,T1,physical assault,52.22584,0.151487
5768,2025-09,T1,physical assault,52.223625,0.150663
5769,2025-09,T1,physical assault,52.226941,0.149798
5770,2025-09,T1,physical assault,52.22601,0.153501
5771,2025-09,T1,physical assault,52.225899,0.149704
5772,2025-09,T1,physical assault,52.225899,0.149704
5773,2025-09,T1,physical assault,52.227638,0.14806
5774,2025-09,T1,physical assault,52.225899,0.149704
5775,2025-09,T1,physical assault,52.223625,0.150663
5776,2025-09,T1,physical assault,52.225899,0.149704
5777,2025-09,T1,physical assault,52.226291,0.145945
5778,2025-09,T1,physical assault,52.225275,0.152368
5779,2025-09,T1,physical assault,52.22584,0.151487
5780,2025-09,T1,harassment,52.222426,0.156256
5781,2025-09,T1,harassment,52.222426,0.156256
5782,2025-09,T1,physical assault,52.223258,0.153515
5783,2025-09,T1,physical assault,52.22122,0.157764
5784,2025-09,T1,physical assault,52.223258,0.153515
5785,2025-09,T1,physical assault,52.22122,0.157764
5786,2025-09,T1,suspicious activity,52.218538,0.136187
5787,2025-09,T1,suspicious activity,52.218889,0.134652
5788,2025-09,T1,suspicious activity,52.220584,0.136387
5789,2025-09,T1,physical assault,52.2216,0.143844
5790,2025-09,T1,physical assault,52.22089,0.141848
5791,2025-09,T1,physical assault,52.218538,0.136187
5792,2025-09,T1,physical assault,52.218538,0.136187
5793,2025-09,T1,physical assault,52.218538,0.136187
5794,2025-09,T1,vandalism,52.224394,0.141973
5795,2025-09,T1,vandalism,52.224394,0.141973
5796,2025-09,T1,physical assault,52.222762,0.14472
5797,2025-09,T1,harassment,52.220162,0.144815
5798,2025-09,T1,physical assault,52.222762,0.14472
5799,2025-09,T1,physical assault,52.220806,0.144963
5800,2025-09,T1,physical assault,52.213202,0.136897
5801,2025-09,T1,physical assault,52.213202,0.136897
5802,2025-09,T1,harassment,52.213353,0.141218
5803,2025-09,T1,harassment,52.213202,0.136897
5804,2025-09,T1,physical assault,52.213202,0.136897
5805,2025-09,T1,physical assault,52.213202,0.136897
5806,2025-09,T1,physical assault,52.216661,0.140518
5807,2025-09,T1,suspicious activity,52.218054,0.144493
5808,2025-09,T1,suspicious activity,52.218479,0.147354
5809,2025-09,T1,suspicious activity,52.218027,0.142545
5810,2025-09,T1,physical assault,52.217889,0.140694
5811,2025-09,T1,physical assault,52.217889,0.140694
5812,2025-09,T1,physical assault,52.215574,0.137201
5813,2025-09,T1,vandalism,52.222962,0.136648
5814,2025-09,T1,vandalism,52.222167,0.13538
5815,2025-09,T1,physical assault,52.221955,0.132178
5816,2025-09,T1,physical assault,52.221955,0.132178
5817,2025-09,T1,physical assault,52.223978,0.13718
5818,2025-09,T1,physical assault,52.223048,0.133899
5819,2025-09,T1,physical assault,52.220903,0.129712
5820,2025-09,T1,suspicious activity,52.218686,0.128464
5821,2025-09,T1,physical assault,52.219663,0.123635
5822,2025-09,T1,physical assault,52.222723,0.129975
5823,2025-09,T1,suspicious activity,52.217347,0.131913
5824,2025-09,T1,suspicious activity,52.217347,0.131913
5825,2025-09,T1,suspicious activity,52.215762,0.13254
5826,2025-09,T1,suspicious activity,52.219264,0.132298
5827,2025-09,T1,suspicious activity,52.21818,0.131925
5828,2025-09,T1,suspicious activity,52.219264,0.132298
5829,2025-09,T1,suspicious activity,52.219264,0.132298
5830,2025-09,T1,harassment,52.219264,0.132298
5831,2025-09,T1,harassment,52.219264,0.132298
5832,2025-09,T1,harassment,52.215762,0.13254
5833,2025-09,T1,harassment,52.219264,0.132298
5834,2025-09,T1,harassment,52.219264,0.132298
5835,2025-09,T1,harassment,52.219264,0.132298
5836,2025-09,T1,harassment,52.219264,0.132298
5837,2025-09,T1,physical assault,52.215267,0.126602
5838,2025-09,T1,physical assault,52.219264,0.132298
5839,2025-09,T1,suspicious activity,52.214032,0.1218
5840,2025-09,T1,suspicious activity,52.214032,0.1218
5841,2025-09,T1,suspicious activity,52.213852,0.125803
5842,2025-09,T1,suspicious activity,52.213852,0.125803
5843,2025-09,T1,suspicious activity,52.214536,0.126758
5844,2025-09,T1,suspicious activity,52.216837,0.118274
5845,2025-09,T1,suspicious activity,52.214999,0.127497
5846,2025-09,T1,vandalism,52.213852,0.125803
5847,2025-09,T1,vandalism,52.216837,0.118274
5848,2025-09,T1,vandalism,52.214032,0.1218
5849,2025-09,T1,harassment,52.214705,0.124822
5850,2025-09,T1,harassment,52.218793,0.119055
5851,2025-09,T1,harassment,52.214032,0.1218
5852,2025-09,T1,physical assault,52.216837,0.118274
5853,2025-09,T1,physical assault,52.213852,0.125803
5854,2025-09,T1,physical assault,52.213852,0.125803
5855,2025-09,T1,physical assault,52.213852,0.125803
5856,2025-09,T1,physical assault,52.214999,0.127497
5857,2025-09,T1,physical assault,52.214032,0.1218
5858,2025-09,T1,suspicious activity,52.212335,0.136079
5859,2025-09,T1,physical assault,52.210801,0.133386
5860,2025-09,T1,vandalism,52.221454,0.110558
5861,2025-09,T1,physical assault,52.221938,0.112119
5862,2025-09,T1,physical assault,52.21934,0.108057
5863,2025-09,T1,suspicious activity,52.22294,0.095285
5864,2025-09,T1,suspicious activity,52.22294,0.095285
5865,2025-09,T1,physical assault,52.223364,0.0957
5866,2025-09,T1,harassment,52.222187,0.097167
5867,2025-09,T1,physical assault,52.223675,0.099463
5868,2025-09,T1,vandalism,52.218061,0.087643
5869,2025-09,T1,suspicious activity,52.214365,0.090007
5870,2025-09,T1,vandalism,52.21468,0.084429
5871,2025-09,T1,suspicious activity,52.217314,0.108737
5872,2025-09,T1,suspicious activity,52.206444,0.118219
5873,2025-09,T1,harassment,52.212589,0.104942
5874,2025-09,T1,harassment,52.213316,0.113569
5875,2025-09,T1,harassment,52.214627,0.106616
5876,2025-09,T1,physical assault,52.207966,0.118072
5877,2025-09,T1,physical assault,52.210237,0.115794
5878,2025-09,T1,physical assault,52.218945,0.106516
5879,2025-09,T1,physical assault,52.212778,0.110952
5880,2025-09,T1,suspicious activity,52.211411,0.143427
5881,2025-09,T1,suspicious activity,52.208164,0.139509
5882,2025-09,T1,suspicious activity,52.210102,0.143188
5883,2025-09,T1,suspicious activity,52.212101,0.142553
5884,2025-09,T1,suspicious activity,52.212101,0.142553
5885,2025-09,T1,suspicious activity,52.211411,0.143427
5886,2025-09,T1,suspicious activity,52.209663,0.141601
5887,2025-09,T1,suspicious activity,52.21159,0.145456
5888,2025-09,T1,harassment,52.208577,0.143978
5889,2025-09,T1,harassment,52.208577,0.143978
5890,2025-09,T1,physical assault,52.211411,0.143427
5891,2025-09,T1,physical assault,52.209787,0.145932
5892,2025-09,T1,physical assault,52.208484,0.141193
5893,2025-09,T1,physical assault,52.208164,0.139509
5894,2025-09,T1,physical assault,52.209787,0.145932
5895,2025-09,T1,physical assault,52.208164,0.139509
5896,2025-09,T1,physical assault,52.208164,0.139509
5897,2025-09,T1,robbery,52.21731,0.162113
5898,2025-09,T1,physical assault,52.214774,0.165064
5899,2025-09,T1,physical assault,52.21731,0.162113
5900,2025-09,T1,suspicious activity,52.214636,0.148365
5901,2025-09,T1,suspicious activity,52.211711,0.147203
5902,2025-09,T1,vandalism,52.216674,0.14774
5903,2025-09,T1,vandalism,52.211711,0.147203
5904,2025-09,T1,harassment,52.211711,0.147203
5905,2025-09,T1,harassment,52.213211,0.147773
5906,2025-09,T1,harassment,52.214012,0.154634
5907,2025-09,T1,physical assault,52.214009,0.14787
5908,2025-09,T1,physical assault,52.215589,0.157887
5909,2025-09,T1,physical assault,52.214904,0.158483
5910,2025-09,T1,physical assault,52.214904,0.158483
5911,2025-09,T1,physical assault,52.213279,0.146503
5912,2025-09,T1,physical assault,52.208923,0.155075
5913,2025-09,T1,physical assault,52.214904,0.158483
5914,2025-09,T1,physical assault,52.211711,0.147203
5915,2025-09,T1,physical assault,52.214467,0.156295
5916,2025-09,T1,physical assault,52.211583,0.157649
5917,2025-09,T1,suspicious activity,52.215226,0.162466
5918,2025-09,T1,vandalism,52.213238,0.163042
5919,2025-09,T1,vandalism,52.213238,0.163042
5920,2025-09,T1,harassment,52.213238,0.163042
5921,2025-09,T1,physical assault,52.213238,0.163042
5922,2025-09,T1,physical assault,52.212379,0.160849
5923,2025-09,T1,physical assault,52.213238,0.163042
5924,2025-09,T1,physical assault,52.213238,0.163042
5925,2025-09,T1,physical assault,52.213238,0.163042
5926,2025-09,T1,physical assault,52.213238,0.163042
5927,2025-09,T1,physical assault,52.213238,0.163042
5928,2025-09,T1,physical assault,52.212379,0.160849
5929,2025-09,T1,physical assault,52.213238,0.163042
5930,2025-09,T1,physical assault,52.210265,0.158404
5931,2025-09,T1,suspicious activity,52.209934,0.162238
5932,2025-09,T1,suspicious activity,52.209934,0.162238
5933,2025-09,T1,vandalism,52.207929,0.164687
5934,2025-09,T1,physical assault,52.207929,0.164687
5935,2025-09,T1,physical assault,52.207929,0.164687
5936,2025-09,T1,physical assault,52.209925,0.165209
5937,2025-09,T1,physical assault,52.208013,0.160593
5938,2025-09,T1,suspicious activity,52.207777,0.135524
5939,2025-09,T1,suspicious activity,52.207489,0.1321
5940,2025-09,T1,suspicious activity,52.207516,0.130608
5941,2025-09,T1,suspicious activity,52.207067,0.129548
5942,2025-09,T1,suspicious activity,52.206593,0.133474
5943,2025-09,T1,suspicious activity,52.206593,0.133474
5944,2025-09,T1,suspicious activity,52.205733,0.128254
5945,2025-09,T1,suspicious activity,52.206593,0.133474
5946,2025-09,T1,vandalism,52.204911,0.132942
5947,2025-09,T1,vandalism,52.206712,0.130292
5948,2025-09,T1,vandalism,52.207489,0.1321
5949,2025-09,T1,vandalism,52.207067,0.129548
5950,2025-09,T1,vandalism,52.206907,0.130462
5951,2025-09,T1,vandalism,52.210274,0.136668
5952,2025-09,T1,harassment,52.207109,0.135185
5953,2025-09,T1,harassment,52.205741,0.131753
5954,2025-09,T1,robbery,52.208618,0.135301
5955,2025-09,T1,physical assault,52.207067,0.129548
5956,2025-09,T1,physical assault,52.206907,0.130462
5957,2025-09,T1,physical assault,52.206907,0.130462
5958,2025-09,T1,physical assault,52.207489,0.1321
5959,2025-09,T1,physical assault,52.208141,0.129804
5960,2025-09,T1,physical assault,52.204911,0.132942
5961,2025-09,T1,suspicious activity,52.195221,0.114773
5962,2025-09,T1,suspicious activity,52.195221,0.114773
5963,2025-09,T1,suspicious activity,52.196263,0.104243
5964,2025-09,T1,suspicious activity,52.200671,0.113715
5965,2025-09,T1,harassment,52.196263,0.104243
5966,2025-09,T1,robbery,52.198102,0.112057
5967,2025-09,T1,suspicious activity,52.205622,0.118912
5968,2025-09,T1,suspicious activity,52.2071,0.119758
5969,2025-09,T1,suspicious activity,52.205622,0.118912
5970,2025-09,T1,suspicious activity,52.20844,0.119704
5971,2025-09,T1,suspicious activity,52.206635,0.119077
5972,2025-09,T1,suspicious activity,52.205622,0.118912
5973,2025-09,T1,suspicious activity,52.206447,0.120517
5974,2025-09,T1,suspicious activity,52.2055,0.118203
5975,2025-09,T1,suspicious activity,52.206447,0.120517
5976,2025-09,T1,suspicious activity,52.205622,0.118912
5977,2025-09,T1,suspicious activity,52.2055,0.118203
5978,2025-09,T1,suspicious activity,52.205386,0.124037
5979,2025-09,T1,suspicious activity,52.207382,0.124074
5980,2025-09,T1,vandalism,52.208057,0.122042
5981,2025-09,T1,vandalism,52.20763,0.125754
5982,2025-09,T1,vandalism,52.205622,0.118912
5983,2025-09,T1,vandalism,52.207111,0.125627
5984,2025-09,T1,harassment,52.206447,0.120517
5985,2025-09,T1,harassment,52.206447,0.120517
5986,2025-09,T1,harassment,52.206447,0.120517
5987,2025-09,T1,harassment,52.206447,0.120517
5988,2025-09,T1,harassment,52.205622,0.118912
5989,2025-09,T1,physical assault,52.205622,0.118912
5990,2025-09,T1,physical assault,52.205622,0.118912
5991,2025-09,T1,physical assault,52.206447,0.120517
5992,2025-09,T1,physical assault,52.2071,0.119758
5993,2025-09,T1,physical assault,52.210019,0.117891
5994,2025-09,T1,physical assault,52.206447,0.120517
5995,2025-09,T1,physical assault,52.206447,0.120517
5996,2025-09,T1,physical assault,52.205622,0.118912
5997,2025-09,T1,physical assault,52.205622,0.118912
5998,2025-09,T1,physical assault,52.206447,0.120517
5999,2025-09,T1,physical assault,52.206447,0.120517
6000,2025-09,T1,physical assault,52.210019,0.117891
6001,2025-09,T1,physical assault,52.205622,0.118912
6002,2025-09,T1,suspicious activity,52.213438,0.084503
6003,2025-09,T1,vandalism,52.200812,0.110839
6004,2025-09,T1,physical assault,52.204749,0.105474
6005,2025-09,T1,physical assault,52.200812,0.110839
6006,2025-09,T1,physical assault,52.20433,0.11724
6007,2025-09,T1,suspicious activity,52.20533,0.12364
6008,2025-09,T1,suspicious activity,52.204215,0.121172
6009,2025-09,T1,suspicious activity,52.204372,0.119408
6010,2025-09,T1,suspicious activity,52.204812,0.121976
6011,2025-09,T1,suspicious activity,52.200506,0.121917
6012,2025-09,T1,suspicious activity,52.204177,0.130756
6013,2025-09,T1,suspicious activity,52.204812,0.121976
6014,2025-09,T1,suspicious activity,52.203247,0.130463
6015,2025-09,T1,suspicious activity,52.199366,0.127262
6016,2025-09,T1,suspicious activity,52.203523,0.124124
6017,2025-09,T1,suspicious activity,52.204215,0.121172
6018,2025-09,T1,suspicious activity,52.204215,0.121172
6019,2025-09,T1,suspicious activity,52.203247,0.130463
6020,2025-09,T1,suspicious activity,52.204215,0.121172
6021,2025-09,T1,vandalism,52.204215,0.121172
6022,2025-09,T1,vandalism,52.204215,0.121172
6023,2025-09,T1,vandalism,52.203995,0.11838
6024,2025-09,T1,vandalism,52.204372,0.119408
6025,2025-09,T1,vandalism,52.199366,0.127262
6026,2025-09,T1,vandalism,52.203247,0.130463
6027,2025-09,T1,vandalism,52.204812,0.121976
6028,2025-09,T1,vandalism,52.203995,0.11838
6029,2025-09,T1,vandalism,52.206311,0.121593
6030,2025-09,T1,vandalism,52.20082,0.12941
6031,2025-09,T1,vandalism,52.203247,0.130463
6032,2025-09,T1,physical assault,52.203523,0.124124
6033,2025-09,T1,harassment,52.203247,0.130463
6034,2025-09,T1,harassment,52.201058,0.126172
6035,2025-09,T1,harassment,52.204215,0.121172
6036,2025-09,T1,harassment,52.204215,0.121172
6037,2025-09,T1,harassment,52.204372,0.119408
6038,2025-09,T1,harassment,52.204215,0.121172
6039,2025-09,T1,harassment,52.201058,0.126172
6040,2025-09,T1,harassment,52.204372,0.119408
6041,2025-09,T1,harassment,52.204812,0.121976
6042,2025-09,T1,harassment,52.201058,0.126172
6043,2025-09,T1,harassment,52.203523,0.124124
6044,2025-09,T1,robbery,52.20533,0.12364
6045,2025-09,T1,robbery,52.203334,0.129106
6046,2025-09,T1,robbery,52.203334,0.129106
6047,2025-09,T1,physical assault,52.203523,0.124124
6048,2025-09,T1,physical assault,52.204372,0.119408
6049,2025-09,T1,physical assault,52.203097,0.121806
6050,2025-09,T1,physical assault,52.201058,0.126172
6051,2025-09,T1,physical assault,52.206455,0.121103
6052,2025-09,T1,physical assault,52.201696,0.117203
6053,2025-09,T1,physical assault,52.203523,0.124124
6054,2025-09,T1,physical assault,52.20533,0.12364
6055,2025-09,T1,physical assault,52.204812,0.121976
6056,2025-09,T1,physical assault,52.204812,0.121976
6057,2025-09,T1,physical assault,52.204215,0.121172
6058,2025-09,T1,physical assault,52.201058,0.126172
6059,2025-09,T1,physical assault,52.20533,0.12364
6060,2025-09,T1,physical assault,52.206311,0.121593
6061,2025-09,T1,physical assault,52.20533,0.12364
6062,2025-09,T1,physical assault,52.203523,0.124124
6063,2025-09,T1,physical assault,52.203523,0.124124
6064,2025-09,T1,physical assault,52.204812,0.121976
6065,2025-09,T1,physical assault,52.202438,0.118936
6066,2025-09,T1,physical assault,52.203247,0.130463
6067,2025-09,T1,physical assault,52.199366,0.127262
6068,2025-09,T1,physical assault,52.204812,0.121976
6069,2025-09,T1,physical assault,52.201696,0.117203
6070,2025-09,T1,physical assault,52.206455,0.121103
6071,2025-09,T1,physical assault,52.206455,0.121103
6072,2025-09,T1,physical assault,52.206455,0.121103
6073,2025-09,T1,physical assault,52.203247,0.130463
6074,2025-09,T1,physical assault,52.203097,0.121806
6075,2025-09,T1,physical assault,52.203523,0.124124
6076,2025-09,T1,physical assault,52.204051,0.129272
6077,2025-09,T1,physical assault,52.203247,0.130463
6078,2025-09,T1,physical assault,52.206455,0.121103
6079,2025-09,T1,physical assault,52.203247,0.130463
6080,2025-09,T1,physical assault,52.206455,0.121103
6081,2025-09,T1,physical assault,52.203523,0.124124
6082,2025-09,T1,suspicious activity,52.197322,0.138871
6083,2025-09,T1,suspicious activity,52.195793,0.137905
6084,2025-09,T1,suspicious activity,52.194769,0.136334
6085,2025-09,T1,suspicious activity,52.194769,0.136334
6086,2025-09,T1,harassment,52.194769,0.136334
6087,2025-09,T1,harassment,52.197361,0.129786
6088,2025-09,T1,physical assault,52.19578,0.134129
6089,2025-09,T1,physical assault,52.195307,0.136419
6090,2025-09,T1,physical assault,52.19578,0.134129
6091,2025-09,T1,physical assault,52.195544,0.130984
6092,2025-09,T1,physical assault,52.195307,0.136419
6093,2025-09,T1,physical assault,52.197361,0.129786
6094,2025-09,T1,physical assault,52.19578,0.134129
6095,2025-09,T1,physical assault,52.197361,0.129786
6096,2025-09,T1,physical assault,52.19578,0.134129
6097,2025-09,T1,physical assault,52.195307,0.136419
6098,2025-09,T1,physical assault,52.195307,0.136419
6099,2025-09,T1,physical assault,52.195307,0.136419
6100,2025-09,T1,physical assault,52.195544,0.130984
6101,2025-09,T1,physical assault,52.195307,0.136419
6102,2025-09,T1,physical assault,52.195544,0.130984
6103,2025-09,T1,suspicious activity,52.201889,0.133456
6104,2025-09,T1,suspicious activity,52.19851,0.134816
6105,2025-09,T1,vandalism,52.201337,0.130181
6106,2025-09,T1,vandalism,52.201337,0.130181
6107,2025-09,T1,harassment,52.200225,0.134986
6108,2025-09,T1,harassment,52.200443,0.134338
6109,2025-09,T1,harassment,52.197275,0.133045
6110,2025-09,T1,harassment,52.200443,0.134338
6111,2025-09,T1,robbery,52.200225,0.134986
6112,2025-09,T1,physical assault,52.200225,0.134986
6113,2025-09,T1,physical assault,52.201889,0.133456
6114,2025-09,T1,physical assault,52.201568,0.134319
6115,2025-09,T1,physical assault,52.200225,0.134986
6116,2025-09,T1,physical assault,52.200225,0.134986
6117,2025-09,T1,suspicious activity,52.207758,0.138582
6118,2025-09,T1,suspicious activity,52.206239,0.138553
6119,2025-09,T1,physical assault,52.205607,0.137688
6120,2025-09,T1,physical assault,52.206006,0.137986
6121,2025-09,T1,physical assault,52.206006,0.137986
6122,2025-09,T1,physical assault,52.204066,0.140337
6123,2025-09,T1,suspicious activity,52.199586,0.140458
6124,2025-09,T1,suspicious activity,52.202952,0.143254
6125,2025-09,T1,suspicious activity,52.199586,0.140458
6126,2025-09,T1,suspicious activity,52.199586,0.140458
6127,2025-09,T1,vandalism,52.202952,0.143254
6128,2025-09,T1,vandalism,52.202952,0.143254
6129,2025-09,T1,harassment,52.204617,0.144183
6130,2025-09,T1,physical assault,52.202952,0.143254
6131,2025-09,T1,suspicious activity,52.205203,0.135693
6132,2025-09,T1,suspicious activity,52.203458,0.132741
6133,2025-09,T1,suspicious activity,52.205387,0.134429
6134,2025-09,T1,suspicious activity,52.205203,0.135693
6135,2025-09,T1,suspicious activity,52.205203,0.135693
6136,2025-09,T1,suspicious activity,52.199829,0.138962
6137,2025-09,T1,vandalism,52.199829,0.138962
6138,2025-09,T1,harassment,52.199829,0.138962
6139,2025-09,T1,robbery,52.205387,0.134429
6140,2025-09,T1,physical assault,52.203458,0.132741
6141,2025-09,T1,physical assault,52.199829,0.138962
6142,2025-09,T1,physical assault,52.203458,0.132741
6143,2025-09,T1,physical assault,52.199829,0.138962
6144,2025-09,T1,physical assault,52.203904,0.136875
6145,2025-09,T1,physical assault,52.203355,0.133453
6146,2025-09,T1,physical assault,52.203355,0.133453
6147,2025-09,T1,suspicious activity,52.204017,0.152906
6148,2025-09,T1,harassment,52.204133,0.146589
6149,2025-09,T1,physical assault,52.206339,0.151315
6150,2025-09,T1,physical assault,52.204133,0.146589
6151,2025-09,T1,suspicious activity,52.198482,0.143814
6152,2025-09,T1,vandalism,52.197608,0.145426
6153,2025-09,T1,vandalism,52.200111,0.145737
6154,2025-09,T1,vandalism,52.197608,0.145426
6155,2025-09,T1,vandalism,52.199357,0.1427
6156,2025-09,T1,harassment,52.197608,0.145426
6157,2025-09,T1,physical assault,52.197608,0.145426
6158,2025-09,T1,physical assault,52.200938,0.145235
6159,2025-09,T1,physical assault,52.198482,0.143814
6160,2025-09,T1,suspicious activity,52.202367,0.152168
6161,2025-09,T1,suspicious activity,52.201557,0.161597
6162,2025-09,T1,vandalism,52.201433,0.153103
6163,2025-09,T1,vandalism,52.198458,0.156998
6164,2025-09,T1,harassment,52.198458,0.156998
6165,2025-09,T1,harassment,52.198458,0.156998
6166,2025-09,T1,robbery,52.200467,0.160725
6167,2025-09,T1,physical assault,52.199388,0.155799
6168,2025-09,T1,physical assault,52.198458,0.156998
6169,2025-09,T1,physical assault,52.202367,0.152168
6170,2025-09,T1,physical assault,52.200577,0.15271
6171,2025-09,T1,physical assault,52.201433,0.153103
6172,2025-09,T1,physical assault,52.200577,0.15271
6173,2025-09,T1,physical assault,52.201544,0.151938
6174,2025-09,T1,physical assault,52.199388,0.155799
6175,2025-09,T1,physical assault,52.201006,0.156302
6176,2025-09,T1,suspicious activity,52.195482,0.145645
6177,2025-09,T1,suspicious activity,52.196817,0.146895
6178,2025-09,T1,vandalism,52.196817,0.146895
6179,2025-09,T1,physical assault,52.196817,0.146895
6180,2025-09,T1,robbery,52.198344,0.142008
6181,2025-09,T1,physical assault,52.196817,0.146895
6182,2025-09,T1,physical assault,52.196817,0.146895
6183,2025-09,T1,suspicious activity,52.19056,0.146813
6184,2025-09,T1,robbery,52.193309,0.143961
6185,2025-09,T1,physical assault,52.190083,0.152262
6186,2025-09,T1,physical assault,52.193309,0.143961
6187,2025-09,T1,physical assault,52.194329,0.143776
6188,2025-09,T1,physical assault,52.191929,0.148664
6189,2025-09,T1,physical assault,52.194362,0.156727
6190,2025-09,T1,physical assault,52.194362,0.156727
6191,2025-09,T1,suspicious activity,52.191743,0.153937
6192,2025-09,T1,suspicious activity,52.186617,0.150997
6193,2025-09,T1,suspicious activity,52.186617,0.150997
6194,2025-09,T1,vandalism,52.18827,0.149614
6195,2025-09,T1,vandalism,52.18827,0.149614
6196,2025-09,T1,physical assault,52.186631,0.153661
6197,2025-09,T1,suspicious activity,52.187749,0.160883
6198,2025-09,T1,vandalism,52.189233,0.160882
6199,2025-09,T1,physical assault,52.189233,0.160882
6200,2025-09,T1,suspicious activity,52.191532,0.138842
6201,2025-09,T1,suspicious activity,52.195126,0.141458
6202,2025-09,T1,vandalism,52.190164,0.136961
6203,2025-09,T1,vandalism,52.190567,0.137011
6204,2025-09,T1,physical assault,52.190567,0.137011
6205,2025-09,T1,physical assault,52.191532,0.138842
6206,2025-09,T1,physical assault,52.194723,0.140897
6207,2025-09,T1,physical assault,52.190998,0.143001
6208,2025-09,T1,suspicious activity,52.184475,0.163372
6209,2025-09,T1,vandalism,52.184208,0.164208
6210,2025-09,T1,robbery,52.190226,0.165568
6211,2025-09,T1,physical assault,52.190226,0.165568
6212,2025-09,T1,physical assault,52.190226,0.165568
6213,2025-09,T1,physical assault,52.183212,0.150804
6214,2025-09,T1,physical assault,52.182608,0.151916
6215,2025-09,T1,suspicious activity,52.182909,0.160005
6216,2025-09,T1,suspicious activity,52.182823,0.156388
6217,2025-09,T1,vandalism,52.183754,0.155116
6218,2025-09,T1,vandalism,52.182823,0.156388
6219,2025-09,T1,physical assault,52.182446,0.160743
6220,2025-09,T1,harassment,52.182909,0.160005
6221,2025-09,T1,physical assault,52.183754,0.155116
6222,2025-09,T1,physical assault,52.182823,0.156388
6223,2025-09,T1,physical assault,52.182446,0.160743
6224,2025-09,T1,suspicious activity,52.188097,0.137317
6225,2025-09,T1,vandalism,52.186036,0.142894
6226,2025-09,T1,physical assault,52.187946,0.140206
6227,2025-09,T1,physical assault,52.187946,0.140206
6228,2025-09,T1,harassment,52.185267,0.137383
6229,2025-09,T1,physical assault,52.188097,0.137317
6230,2025-09,T1,physical assault,52.185267,0.137383
6231,2025-09,T1,suspicious activity,52.183618,0.136429
6232,2025-09,T1,suspicious activity,52.183618,0.136429
6233,2025-09,T1,suspicious activity,52.197767,0.127669
6234,2025-09,T1,suspicious activity,52.197767,0.127669
6235,2025-09,T1,physical assault,52.19676,0.129172
6236,2025-09,T1,physical assault,52.198821,0.129592
6237,2025-09,T1,physical assault,52.19676,0.129172
6238,2025-09,T1,physical assault,52.19676,0.129172
6239,2025-09,T1,suspicious activity,52.192353,0.134003
6240,2025-09,T1,vandalism,52.194644,0.134338
6241,2025-09,T1,robbery,52.194644,0.134338
6242,2025-09,T1,physical assault,52.194644,0.134338
6243,2025-09,T1,physical assault,52.193527,0.133422
6244,2025-09,T1,physical assault,52.192245,0.134706
6245,2025-09,T1,physical assault,52.192245,0.134706
6246,2025-09,T1,suspicious activity,52.190552,0.12788
6247,2025-09,T1,suspicious activity,52.189948,0.13148
6248,2025-09,T1,suspicious activity,52.189948,0.13148
6249,2025-09,T1,vandalism,52.188031,0.128535
6250,2025-09,T1,physical assault,52.188031,0.128535
6251,2025-09,T1,physical assault,52.188031,0.128535
6252,2025-09,T1,physical assault,52.188031,0.128535
6253,2025-09,T1,physical assault,52.188817,0.128339
6254,2025-09,T1,physical assault,52.189948,0.13148
6255,2025-09,T1,suspicious activity,52.183303,0.121975
6256,2025-09,T1,suspicious activity,52.190054,0.126203
6257,2025-09,T1,physical assault,52.19032,0.119793
6258,2025-09,T1,physical assault,52.187133,0.121997
6259,2025-09,T1,physical assault,52.181205,0.125138
6260,2025-09,T1,physical assault,52.181205,0.125138
6261,2025-09,T1,physical assault,52.178947,0.124664
6262,2025-09,T1,physical assault,52.229245,0.116361
6263,2025-09,T1,physical assault,52.229991,0.115357
6264,2025-09,T1,physical assault,52.229245,0.116361
6265,2025-09,T1,vandalism,52.224155,0.16249
6266,2025-09,T1,vandalism,52.224155,0.16249
6267,2025-09,T1,vandalism,52.228585,0.09539
6268,2025-09,T1,vandalism,52.227701,0.088964
6269,2025-09,T1,vandalism,52.228585,0.09539
6270,2025-09,T1,harassment,52.228317,0.083589
6271,2025-09,T1,physical assault,52.221307,0.090025
6272,2025-09,T1,physical assault,52.228585,0.09539
6273,2025-09,T1,physical assault,52.228585,0.09539
6274,2025-09,T1,physical assault,52.182601,0.087229
6275,2025-10,T1,suspicious activity,52.23006,0.128525
6276,2025-10,T1,suspicious activity,52.23006,0.128525
6277,2025-10,T1,physical assault,52.230579,0.132166
6278,2025-10,T1,physical assault,52.23006,0.128525
6279,2025-10,T1,physical assault,52.228813,0.13132
6280,2025-10,T1,suspicious activity,52.227734,0.142764
6281,2025-10,T1,suspicious activity,52.227734,0.142764
6282,2025-10,T1,vandalism,52.227077,0.145491
6283,2025-10,T1,vandalism,52.227077,0.145491
6284,2025-10,T1,harassment,52.227077,0.145491
6285,2025-10,T1,harassment,52.227077,0.145491
6286,2025-10,T1,harassment,52.227077,0.145491
6287,2025-10,T1,harassment,52.227077,0.145491
6288,2025-10,T1,harassment,52.227077,0.145491
6289,2025-10,T1,physical assault,52.227077,0.145491
6290,2025-10,T1,physical assault,52.227077,0.145491
6291,2025-10,T1,physical assault,52.227077,0.145491
6292,2025-10,T1,physical assault,52.227325,0.138556
6293,2025-10,T1,suspicious activity,52.230802,0.135223
6294,2025-10,T1,suspicious activity,52.225454,0.139579
6295,2025-10,T1,vandalism,52.230802,0.135223
6296,2025-10,T1,harassment,52.229879,0.138532
6297,2025-10,T1,physical assault,52.230802,0.135223
6298,2025-10,T1,physical assault,52.225454,0.139579
6299,2025-10,T1,physical assault,52.229879,0.138532
6300,2025-10,T1,physical assault,52.230802,0.135223
6301,2025-10,T1,physical assault,52.230802,0.135223
6302,2025-10,T1,physical assault,52.225454,0.139579
6303,2025-10,T1,physical assault,52.229879,0.138532
6304,2025-10,T1,physical assault,52.231138,0.135547
6305,2025-10,T1,physical assault,52.230802,0.135223
6306,2025-10,T1,physical assault,52.226786,0.139511
6307,2025-10,T1,suspicious activity,52.226495,0.127754
6308,2025-10,T1,suspicious activity,52.229139,0.123238
6309,2025-10,T1,suspicious activity,52.22584,0.126654
6310,2025-10,T1,vandalism,52.226495,0.127754
6311,2025-10,T1,vandalism,52.226495,0.127754
6312,2025-10,T1,physical assault,52.228288,0.129055
6313,2025-10,T1,physical assault,52.228288,0.129055
6314,2025-10,T1,physical assault,52.22505,0.127114
6315,2025-10,T1,suspicious activity,52.231282,0.128583
6316,2025-10,T1,suspicious activity,52.231577,0.122183
6317,2025-10,T1,harassment,52.231953,0.127737
6318,2025-10,T1,physical assault,52.232179,0.12372
6319,2025-10,T1,physical assault,52.232179,0.12372
6320,2025-10,T1,physical assault,52.231577,0.122183
6321,2025-10,T1,vandalism,52.231944,0.137211
6322,2025-10,T1,physical assault,52.232015,0.140217
6323,2025-10,T1,physical assault,52.230652,0.137046
6324,2025-10,T1,physical assault,52.232015,0.140217
6325,2025-10,T1,suspicious activity,52.216568,0.113723
6326,2025-10,T1,suspicious activity,52.215335,0.112274
6327,2025-10,T1,suspicious activity,52.215335,0.112274
6328,2025-10,T1,suspicious activity,52.217598,0.111957
6329,2025-10,T1,suspicious activity,52.217209,0.114588
6330,2025-10,T1,vandalism,52.217209,0.114588
6331,2025-10,T1,vandalism,52.216568,0.113723
6332,2025-10,T1,physical assault,52.215335,0.112274
6333,2025-10,T1,harassment,52.219497,0.111388
6334,2025-10,T1,harassment,52.220294,0.111339
6335,2025-10,T1,physical assault,52.218443,0.117472
6336,2025-10,T1,physical assault,52.217209,0.114588
6337,2025-10,T1,physical assault,52.218443,0.117472
6338,2025-10,T1,physical assault,52.216568,0.113723
6339,2025-10,T1,physical assault,52.216568,0.113723
6340,2025-10,T1,physical assault,52.216568,0.113723
6341,2025-10,T1,physical assault,52.215346,0.117691
6342,2025-10,T1,physical assault,52.215346,0.117691
6343,2025-10,T1,robbery,52.213347,0.115883
6344,2025-10,T1,physical assault,52.215176,0.113657
6345,2025-10,T1,physical assault,52.215346,0.117691
6346,2025-10,T1,physical assault,52.212594,0.117253
6347,2025-10,T1,physical assault,52.215346,0.117691
6348,2025-10,T1,physical assault,52.214207,0.118515
6349,2025-10,T1,physical assault,52.214207,0.118515
6350,2025-10,T1,suspicious activity,52.228392,0.114285
6351,2025-10,T1,suspicious activity,52.227024,0.110837
6352,2025-10,T1,suspicious activity,52.229536,0.11062
6353,2025-10,T1,vandalism,52.227584,0.114715
6354,2025-10,T1,harassment,52.226059,0.116502
6355,2025-10,T1,physical assault,52.227584,0.114715
6356,2025-10,T1,physical assault,52.228161,0.111111
6357,2025-10,T1,physical assault,52.228392,0.114285
6358,2025-10,T1,physical assault,52.228392,0.114285
6359,2025-10,T1,physical assault,52.225144,0.115858
6360,2025-10,T1,physical assault,52.224428,0.116673
6361,2025-10,T1,suspicious activity,52.227356,0.119902
6362,2025-10,T1,suspicious activity,52.22818,0.118053
6363,2025-10,T1,vandalism,52.226817,0.12137
6364,2025-10,T1,vandalism,52.22626,0.119806
6365,2025-10,T1,vandalism,52.227017,0.118759
6366,2025-10,T1,vandalism,52.226817,0.12137
6367,2025-10,T1,robbery,52.226546,0.122397
6368,2025-10,T1,physical assault,52.22818,0.118053
6369,2025-10,T1,physical assault,52.226817,0.12137
6370,2025-10,T1,physical assault,52.226817,0.12137
6371,2025-10,T1,physical assault,52.226546,0.122397
6372,2025-10,T1,physical assault,52.226817,0.12137
6373,2025-10,T1,suspicious activity,52.22219,0.118148
6374,2025-10,T1,suspicious activity,52.222994,0.117425
6375,2025-10,T1,suspicious activity,52.220712,0.11329
6376,2025-10,T1,suspicious activity,52.22219,0.118148
6377,2025-10,T1,suspicious activity,52.219596,0.113867
6378,2025-10,T1,vandalism,52.220712,0.11329
6379,2025-10,T1,physical assault,52.220712,0.11329
6380,2025-10,T1,harassment,52.220712,0.11329
6381,2025-10,T1,harassment,52.2236,0.11924
6382,2025-10,T1,harassment,52.223028,0.112522
6383,2025-10,T1,physical assault,52.223028,0.112522
6384,2025-10,T1,physical assault,52.22219,0.118148
6385,2025-10,T1,physical assault,52.223028,0.112522
6386,2025-10,T1,physical assault,52.220712,0.11329
6387,2025-10,T1,physical assault,52.220712,0.11329
6388,2025-10,T1,physical assault,52.223028,0.112522
6389,2025-10,T1,physical assault,52.220712,0.11329
6390,2025-10,T1,physical assault,52.22219,0.118148
6391,2025-10,T1,physical assault,52.219596,0.113867
6392,2025-10,T1,physical assault,52.223028,0.112522
6393,2025-10,T1,physical assault,52.223014,0.118817
6394,2025-10,T1,physical assault,52.223028,0.112522
6395,2025-10,T1,physical assault,52.220712,0.11329
6396,2025-10,T1,physical assault,52.219596,0.113867
6397,2025-10,T1,physical assault,52.22219,0.118148
6398,2025-10,T1,physical assault,52.223028,0.112522
6399,2025-10,T1,physical assault,52.224197,0.122065
6400,2025-10,T1,physical assault,52.224961,0.119583
6401,2025-10,T1,physical assault,52.226189,0.123771
6402,2025-10,T1,physical assault,52.226189,0.123771
6403,2025-10,T1,physical assault,52.224961,0.119583
6404,2025-10,T1,suspicious activity,52.224192,0.149665
6405,2025-10,T1,suspicious activity,52.225899,0.149704
6406,2025-10,T1,suspicious activity,52.22584,0.151487
6407,2025-10,T1,vandalism,52.225899,0.149704
6408,2025-10,T1,vandalism,52.22601,0.153501
6409,2025-10,T1,physical assault,52.224192,0.149665
6410,2025-10,T1,physical assault,52.227638,0.14806
6411,2025-10,T1,physical assault,52.223416,0.15178
6412,2025-10,T1,physical assault,52.224192,0.149665
6413,2025-10,T1,physical assault,52.22584,0.151487
6414,2025-10,T1,physical assault,52.223044,0.150488
6415,2025-10,T1,physical assault,52.225899,0.149704
6416,2025-10,T1,physical assault,52.223416,0.15178
6417,2025-10,T1,physical assault,52.223416,0.15178
6418,2025-10,T1,physical assault,52.224192,0.149665
6419,2025-10,T1,suspicious activity,52.219484,0.150419
6420,2025-10,T1,harassment,52.221401,0.154274
6421,2025-10,T1,harassment,52.219484,0.150419
6422,2025-10,T1,robbery,52.222426,0.156256
6423,2025-10,T1,physical assault,52.220094,0.152
6424,2025-10,T1,physical assault,52.221401,0.154274
6425,2025-10,T1,physical assault,52.22122,0.157764
6426,2025-10,T1,physical assault,52.221401,0.154274
6427,2025-10,T1,physical assault,52.22122,0.157764
6428,2025-10,T1,suspicious activity,52.220584,0.136387
6429,2025-10,T1,suspicious activity,52.220584,0.136387
6430,2025-10,T1,suspicious activity,52.219997,0.140005
6431,2025-10,T1,suspicious activity,52.218889,0.134652
6432,2025-10,T1,suspicious activity,52.222276,0.144228
6433,2025-10,T1,vandalism,52.222276,0.144228
6434,2025-10,T1,vandalism,52.220265,0.141116
6435,2025-10,T1,vandalism,52.221307,0.141166
6436,2025-10,T1,physical assault,52.221307,0.141166
6437,2025-10,T1,physical assault,52.221307,0.141166
6438,2025-10,T1,physical assault,52.218889,0.134652
6439,2025-10,T1,physical assault,52.221307,0.141166
6440,2025-10,T1,physical assault,52.220806,0.144963
6441,2025-10,T1,physical assault,52.223197,0.145517
6442,2025-10,T1,suspicious activity,52.213353,0.141218
6443,2025-10,T1,suspicious activity,52.213353,0.141218
6444,2025-10,T1,physical assault,52.213353,0.141218
6445,2025-10,T1,suspicious activity,52.218054,0.144493
6446,2025-10,T1,suspicious activity,52.218054,0.144493
6447,2025-10,T1,suspicious activity,52.218054,0.144493
6448,2025-10,T1,suspicious activity,52.219307,0.142329
6449,2025-10,T1,robbery,52.218054,0.144493
6450,2025-10,T1,physical assault,52.217287,0.140211
6451,2025-10,T1,physical assault,52.217889,0.140694
6452,2025-10,T1,physical assault,52.219051,0.14706
6453,2025-10,T1,physical assault,52.219051,0.14706
6454,2025-10,T1,physical assault,52.219051,0.14706
6455,2025-10,T1,physical assault,52.217287,0.140211
6456,2025-10,T1,suspicious activity,52.220903,0.129712
6457,2025-10,T1,physical assault,52.224153,0.133952
6458,2025-10,T1,suspicious activity,52.218512,0.128133
6459,2025-10,T1,physical assault,52.222723,0.129975
6460,2025-10,T1,physical assault,52.217916,0.125806
6461,2025-10,T1,suspicious activity,52.21645,0.130319
6462,2025-10,T1,suspicious activity,52.216401,0.13055
6463,2025-10,T1,vandalism,52.21645,0.130319
6464,2025-10,T1,harassment,52.219264,0.132298
6465,2025-10,T1,harassment,52.215942,0.127088
6466,2025-10,T1,harassment,52.219264,0.132298
6467,2025-10,T1,physical assault,52.215942,0.127088
6468,2025-10,T1,physical assault,52.215475,0.134488
6469,2025-10,T1,physical assault,52.216773,0.13231
6470,2025-10,T1,suspicious activity,52.214536,0.126758
6471,2025-10,T1,suspicious activity,52.213852,0.125803
6472,2025-10,T1,suspicious activity,52.216157,0.119633
6473,2025-10,T1,harassment,52.214536,0.126758
6474,2025-10,T1,harassment,52.214705,0.124822
6475,2025-10,T1,harassment,52.214705,0.124822
6476,2025-10,T1,harassment,52.214705,0.124822
6477,2025-10,T1,physical assault,52.214705,0.124822
6478,2025-10,T1,physical assault,52.214032,0.1218
6479,2025-10,T1,physical assault,52.214919,0.123424
6480,2025-10,T1,physical assault,52.218793,0.119055
6481,2025-10,T1,physical assault,52.214536,0.126758
6482,2025-10,T1,physical assault,52.214032,0.1218
6483,2025-10,T1,physical assault,52.218793,0.119055
6484,2025-10,T1,vandalism,52.212335,0.136079
6485,2025-10,T1,vandalism,52.212335,0.136079
6486,2025-10,T1,physical assault,52.212335,0.136079
6487,2025-10,T1,physical assault,52.212335,0.136079
6488,2025-10,T1,physical assault,52.212335,0.136079
6489,2025-10,T1,suspicious activity,52.221938,0.112119
6490,2025-10,T1,physical assault,52.224349,0.108543
6491,2025-10,T1,physical assault,52.219851,0.109165
6492,2025-10,T1,suspicious activity,52.22294,0.095285
6493,2025-10,T1,suspicious activity,52.22294,0.095285
6494,2025-10,T1,physical assault,52.223956,0.09933
6495,2025-10,T1,physical assault,52.223042,0.098613
6496,2025-10,T1,suspicious activity,52.21728,0.086879
6497,2025-10,T1,suspicious activity,52.21468,0.084429
6498,2025-10,T1,suspicious activity,52.218251,0.103116
6499,2025-10,T1,suspicious activity,52.211881,0.104806
6500,2025-10,T1,suspicious activity,52.206444,0.118219
6501,2025-10,T1,suspicious activity,52.215574,0.108977
6502,2025-10,T1,suspicious activity,52.213316,0.113569
6503,2025-10,T1,suspicious activity,52.218945,0.106516
6504,2025-10,T1,robbery,52.214025,0.111626
6505,2025-10,T1,physical assault,52.206444,0.118219
6506,2025-10,T1,physical assault,52.206444,0.118219
6507,2025-10,T1,physical assault,52.212778,0.110952
6508,2025-10,T1,physical assault,52.206444,0.118219
6509,2025-10,T1,physical assault,52.206444,0.118219
6510,2025-10,T1,physical assault,52.210237,0.115794
6511,2025-10,T1,physical assault,52.212778,0.110952
6512,2025-10,T1,suspicious activity,52.211411,0.143427
6513,2025-10,T1,suspicious activity,52.212101,0.142553
6514,2025-10,T1,suspicious activity,52.211158,0.141512
6515,2025-10,T1,suspicious activity,52.210102,0.143188
6516,2025-10,T1,suspicious activity,52.211158,0.141512
6517,2025-10,T1,suspicious activity,52.208577,0.143978
6518,2025-10,T1,harassment,52.211411,0.143427
6519,2025-10,T1,physical assault,52.209678,0.13784
6520,2025-10,T1,physical assault,52.208484,0.141193
6521,2025-10,T1,physical assault,52.208484,0.141193
6522,2025-10,T1,physical assault,52.208577,0.143978
6523,2025-10,T1,physical assault,52.210102,0.143188
6524,2025-10,T1,suspicious activity,52.218058,0.164477
6525,2025-10,T1,vandalism,52.213857,0.164083
6526,2025-10,T1,vandalism,52.21776,0.165546
6527,2025-10,T1,physical assault,52.217006,0.165465
6528,2025-10,T1,physical assault,52.21731,0.162113
6529,2025-10,T1,physical assault,52.214774,0.165064
6530,2025-10,T1,physical assault,52.214774,0.165064
6531,2025-10,T1,harassment,52.214636,0.148365
6532,2025-10,T1,physical assault,52.211711,0.147203
6533,2025-10,T1,physical assault,52.211583,0.157649
6534,2025-10,T1,physical assault,52.214904,0.158483
6535,2025-10,T1,physical assault,52.215859,0.158354
6536,2025-10,T1,physical assault,52.211711,0.147203
6537,2025-10,T1,physical assault,52.214904,0.158483
6538,2025-10,T1,physical assault,52.215389,0.155535
6539,2025-10,T1,suspicious activity,52.213238,0.163042
6540,2025-10,T1,suspicious activity,52.210286,0.158757
6541,2025-10,T1,vandalism,52.215226,0.162466
6542,2025-10,T1,vandalism,52.210265,0.158404
6543,2025-10,T1,harassment,52.215226,0.162466
6544,2025-10,T1,physical assault,52.213238,0.163042
6545,2025-10,T1,physical assault,52.213238,0.163042
6546,2025-10,T1,physical assault,52.215226,0.162466
6547,2025-10,T1,physical assault,52.210265,0.158404
6548,2025-10,T1,suspicious activity,52.210714,0.1609
6549,2025-10,T1,vandalism,52.208013,0.160593
6550,2025-10,T1,physical assault,52.209619,0.157875
6551,2025-10,T1,robbery,52.207929,0.164687
6552,2025-10,T1,physical assault,52.207929,0.164687
6553,2025-10,T1,physical assault,52.210714,0.1609
6554,2025-10,T1,physical assault,52.210173,0.160976
6555,2025-10,T1,physical assault,52.208121,0.159135
6556,2025-10,T1,suspicious activity,52.210274,0.136668
6557,2025-10,T1,suspicious activity,52.2078,0.133798
6558,2025-10,T1,suspicious activity,52.205544,0.126738
6559,2025-10,T1,suspicious activity,52.204911,0.132942
6560,2025-10,T1,suspicious activity,52.205427,0.131255
6561,2025-10,T1,suspicious activity,52.206907,0.130462
6562,2025-10,T1,vandalism,52.206593,0.133474
6563,2025-10,T1,vandalism,52.2078,0.133798
6564,2025-10,T1,vandalism,52.206593,0.133474
6565,2025-10,T1,vandalism,52.204911,0.132942
6566,2025-10,T1,physical assault,52.207489,0.1321
6567,2025-10,T1,harassment,52.204911,0.132942
6568,2025-10,T1,harassment,52.204911,0.132942
6569,2025-10,T1,harassment,52.205741,0.131753
6570,2025-10,T1,physical assault,52.204911,0.132942
6571,2025-10,T1,physical assault,52.206907,0.130462
6572,2025-10,T1,physical assault,52.206907,0.130462
6573,2025-10,T1,physical assault,52.207067,0.129548
6574,2025-10,T1,physical assault,52.208467,0.130712
6575,2025-10,T1,physical assault,52.208553,0.131887
6576,2025-10,T1,suspicious activity,52.200671,0.113715
6577,2025-10,T1,suspicious activity,52.199938,0.111343
6578,2025-10,T1,harassment,52.195001,0.108442
6579,2025-10,T1,harassment,52.195001,0.108442
6580,2025-10,T1,harassment,52.196078,0.110073
6581,2025-10,T1,harassment,52.195001,0.108442
6582,2025-10,T1,physical assault,52.193388,0.108629
6583,2025-10,T1,physical assault,52.196263,0.104243
6584,2025-10,T1,suspicious activity,52.209422,0.119092
6585,2025-10,T1,suspicious activity,52.209422,0.119092
6586,2025-10,T1,suspicious activity,52.205622,0.118912
6587,2025-10,T1,suspicious activity,52.205622,0.118912
6588,2025-10,T1,suspicious activity,52.205386,0.124037
6589,2025-10,T1,suspicious activity,52.205386,0.124037
6590,2025-10,T1,suspicious activity,52.205622,0.118912
6591,2025-10,T1,suspicious activity,52.209069,0.119749
6592,2025-10,T1,suspicious activity,52.205386,0.124037
6593,2025-10,T1,suspicious activity,52.205622,0.118912
6594,2025-10,T1,suspicious activity,52.2071,0.119758
6595,2025-10,T1,suspicious activity,52.206447,0.120517
6596,2025-10,T1,suspicious activity,52.206447,0.120517
6597,2025-10,T1,suspicious activity,52.20844,0.119704
6598,2025-10,T1,vandalism,52.205622,0.118912
6599,2025-10,T1,vandalism,52.209422,0.119092
6600,2025-10,T1,physical assault,52.209422,0.119092
6601,2025-10,T1,physical assault,52.205622,0.118912
6602,2025-10,T1,physical assault,52.205622,0.118912
6603,2025-10,T1,harassment,52.20763,0.125754
6604,2025-10,T1,robbery,52.207515,0.127125
6605,2025-10,T1,robbery,52.205386,0.124037
6606,2025-10,T1,physical assault,52.206447,0.120517
6607,2025-10,T1,physical assault,52.207875,0.123658
6608,2025-10,T1,physical assault,52.2071,0.119758
6609,2025-10,T1,physical assault,52.210311,0.118198
6610,2025-10,T1,physical assault,52.206447,0.120517
6611,2025-10,T1,physical assault,52.206447,0.120517
6612,2025-10,T1,physical assault,52.205622,0.118912
6613,2025-10,T1,physical assault,52.207382,0.124074
6614,2025-10,T1,physical assault,52.206447,0.120517
6615,2025-10,T1,physical assault,52.206447,0.120517
6616,2025-10,T1,physical assault,52.205622,0.118912
6617,2025-10,T1,physical assault,52.207111,0.125627
6618,2025-10,T1,physical assault,52.206447,0.120517
6619,2025-10,T1,physical assault,52.205622,0.118912
6620,2025-10,T1,physical assault,52.206447,0.120517
6621,2025-10,T1,physical assault,52.205386,0.124037
6622,2025-10,T1,physical assault,52.205386,0.124037
6623,2025-10,T1,suspicious activity,52.201799,0.107959
6624,2025-10,T1,suspicious activity,52.210261,0.093283
6625,2025-10,T1,suspicious activity,52.202534,0.102257
6626,2025-10,T1,harassment,52.193672,0.105833
6627,2025-10,T1,physical assault,52.207693,0.098124
6628,2025-10,T1,physical assault,52.209538,0.100041
6629,2025-10,T1,physical assault,52.202874,0.11748
6630,2025-10,T1,physical assault,52.202874,0.11748
6631,2025-10,T1,physical assault,52.207693,0.098124
6632,2025-10,T1,suspicious activity,52.203334,0.129106
6633,2025-10,T1,suspicious activity,52.1984,0.121524
6634,2025-10,T1,suspicious activity,52.206455,0.121103
6635,2025-10,T1,suspicious activity,52.203111,0.12106
6636,2025-10,T1,suspicious activity,52.203011,0.125622
6637,2025-10,T1,suspicious activity,52.198954,0.120204
6638,2025-10,T1,suspicious activity,52.204215,0.121172
6639,2025-10,T1,suspicious activity,52.203011,0.125622
6640,2025-10,T1,suspicious activity,52.203629,0.120719
6641,2025-10,T1,suspicious activity,52.203995,0.11838
6642,2025-10,T1,suspicious activity,52.203334,0.129106
6643,2025-10,T1,suspicious activity,52.203995,0.11838
6644,2025-10,T1,suspicious activity,52.206455,0.121103
6645,2025-10,T1,suspicious activity,52.204372,0.119408
6646,2025-10,T1,vandalism,52.206455,0.121103
6647,2025-10,T1,vandalism,52.203247,0.130463
6648,2025-10,T1,vandalism,52.204215,0.121172
6649,2025-10,T1,vandalism,52.203247,0.130463
6650,2025-10,T1,vandalism,52.199366,0.127262
6651,2025-10,T1,vandalism,52.203247,0.130463
6652,2025-10,T1,physical assault,52.203011,0.125622
6653,2025-10,T1,physical assault,52.203247,0.130463
6654,2025-10,T1,physical assault,52.205594,0.133429
6655,2025-10,T1,harassment,52.204215,0.121172
6656,2025-10,T1,harassment,52.204215,0.121172
6657,2025-10,T1,harassment,52.204536,0.117821
6658,2025-10,T1,harassment,52.204215,0.121172
6659,2025-10,T1,harassment,52.204215,0.121172
6660,2025-10,T1,harassment,52.204215,0.121172
6661,2025-10,T1,harassment,52.204812,0.121976
6662,2025-10,T1,harassment,52.204215,0.121172
6663,2025-10,T1,harassment,52.204812,0.121976
6664,2025-10,T1,harassment,52.204812,0.121976
6665,2025-10,T1,harassment,52.204215,0.121172
6666,2025-10,T1,harassment,52.203995,0.11838
6667,2025-10,T1,harassment,52.203247,0.130463
6668,2025-10,T1,harassment,52.202415,0.12173
6669,2025-10,T1,harassment,52.199366,0.127262
6670,2025-10,T1,harassment,52.204215,0.121172
6671,2025-10,T1,harassment,52.204215,0.121172
6672,2025-10,T1,harassment,52.204812,0.121976
6673,2025-10,T1,harassment,52.203247,0.130463
6674,2025-10,T1,harassment,52.206455,0.121103
6675,2025-10,T1,harassment,52.204812,0.121976
6676,2025-10,T1,harassment,52.203247,0.130463
6677,2025-10,T1,harassment,52.204215,0.121172
6678,2025-10,T1,robbery,52.1984,0.121524
6679,2025-10,T1,robbery,52.203011,0.125622
6680,2025-10,T1,physical assault,52.203011,0.125622
6681,2025-10,T1,physical assault,52.203523,0.124124
6682,2025-10,T1,physical assault,52.20082,0.12941
6683,2025-10,T1,physical assault,52.204812,0.121976
6684,2025-10,T1,physical assault,52.203995,0.11838
6685,2025-10,T1,physical assault,52.203247,0.130463
6686,2025-10,T1,physical assault,52.204662,0.125774
6687,2025-10,T1,physical assault,52.204812,0.121976
6688,2025-10,T1,physical assault,52.206311,0.121593
6689,2025-10,T1,physical assault,52.204662,0.125774
6690,2025-10,T1,physical assault,52.203523,0.124124
6691,2025-10,T1,physical assault,52.204536,0.117821
6692,2025-10,T1,physical assault,52.203523,0.124124
6693,2025-10,T1,physical assault,52.206311,0.121593
6694,2025-10,T1,physical assault,52.205594,0.133429
6695,2025-10,T1,physical assault,52.203523,0.124124
6696,2025-10,T1,physical assault,52.203247,0.130463
6697,2025-10,T1,physical assault,52.203523,0.124124
6698,2025-10,T1,physical assault,52.203247,0.130463
6699,2025-10,T1,physical assault,52.203247,0.130463
6700,2025-10,T1,physical assault,52.203247,0.130463
6701,2025-10,T1,physical assault,52.198954,0.120204
6702,2025-10,T1,physical assault,52.204812,0.121976
6703,2025-10,T1,physical assault,52.203097,0.121806
6704,2025-10,T1,physical assault,52.203523,0.124124
6705,2025-10,T1,physical assault,52.206455,0.121103
6706,2025-10,T1,physical assault,52.203523,0.124124
6707,2025-10,T1,physical assault,52.203523,0.124124
6708,2025-10,T1,physical assault,52.20533,0.12364
6709,2025-10,T1,physical assault,52.204812,0.121976
6710,2025-10,T1,physical assault,52.20533,0.12364
6711,2025-10,T1,physical assault,52.203247,0.130463
6712,2025-10,T1,physical assault,52.204812,0.121976
6713,2025-10,T1,suspicious activity,52.195527,0.131235
6714,2025-10,T1,suspicious activity,52.195307,0.136419
6715,2025-10,T1,suspicious activity,52.194769,0.136334
6716,2025-10,T1,suspicious activity,52.194769,0.136334
6717,2025-10,T1,suspicious activity,52.194769,0.136334
6718,2025-10,T1,suspicious activity,52.197785,0.131196
6719,2025-10,T1,suspicious activity,52.19578,0.134129
6720,2025-10,T1,physical assault,52.195979,0.136085
6721,2025-10,T1,harassment,52.194769,0.136334
6722,2025-10,T1,physical assault,52.19578,0.134129
6723,2025-10,T1,physical assault,52.195307,0.136419
6724,2025-10,T1,physical assault,52.194769,0.136334
6725,2025-10,T1,physical assault,52.195307,0.136419
6726,2025-10,T1,physical assault,52.197361,0.129786
6727,2025-10,T1,physical assault,52.195793,0.137905
6728,2025-10,T1,suspicious activity,52.199242,0.135642
6729,2025-10,T1,suspicious activity,52.200733,0.133225
6730,2025-10,T1,suspicious activity,52.202223,0.134863
6731,2025-10,T1,suspicious activity,52.201337,0.130181
6732,2025-10,T1,suspicious activity,52.200225,0.134986
6733,2025-10,T1,suspicious activity,52.201337,0.130181
6734,2025-10,T1,harassment,52.200443,0.134338
6735,2025-10,T1,harassment,52.200225,0.134986
6736,2025-10,T1,harassment,52.200443,0.134338
6737,2025-10,T1,harassment,52.200225,0.134986
6738,2025-10,T1,harassment,52.200225,0.134986
6739,2025-10,T1,harassment,52.200443,0.134338
6740,2025-10,T1,robbery,52.20199,0.13151
6741,2025-10,T1,physical assault,52.201443,0.135264
6742,2025-10,T1,physical assault,52.200443,0.134338
6743,2025-10,T1,physical assault,52.201443,0.135264
6744,2025-10,T1,suspicious activity,52.203566,0.141659
6745,2025-10,T1,suspicious activity,52.20272,0.14216
6746,2025-10,T1,suspicious activity,52.205548,0.141418
6747,2025-10,T1,physical assault,52.204066,0.140337
6748,2025-10,T1,harassment,52.207435,0.137527
6749,2025-10,T1,physical assault,52.205607,0.137688
6750,2025-10,T1,physical assault,52.207758,0.138582
6751,2025-10,T1,suspicious activity,52.202188,0.139281
6752,2025-10,T1,suspicious activity,52.202952,0.143254
6753,2025-10,T1,suspicious activity,52.202952,0.143254
6754,2025-10,T1,suspicious activity,52.199586,0.140458
6755,2025-10,T1,suspicious activity,52.202952,0.143254
6756,2025-10,T1,suspicious activity,52.2012,0.140726
6757,2025-10,T1,suspicious activity,52.202952,0.143254
6758,2025-10,T1,suspicious activity,52.202022,0.142478
6759,2025-10,T1,vandalism,52.203916,0.139232
6760,2025-10,T1,vandalism,52.204478,0.143444
6761,2025-10,T1,physical assault,52.199586,0.140458
6762,2025-10,T1,physical assault,52.199957,0.140315
6763,2025-10,T1,physical assault,52.205917,0.145402
6764,2025-10,T1,physical assault,52.205917,0.145402
6765,2025-10,T1,physical assault,52.202952,0.143254
6766,2025-10,T1,suspicious activity,52.203672,0.133322
6767,2025-10,T1,suspicious activity,52.199829,0.138962
6768,2025-10,T1,suspicious activity,52.199829,0.138962
6769,2025-10,T1,suspicious activity,52.203904,0.136875
6770,2025-10,T1,suspicious activity,52.203458,0.132741
6771,2025-10,T1,vandalism,52.205387,0.134429
6772,2025-10,T1,physical assault,52.205387,0.134429
6773,2025-10,T1,physical assault,52.200861,0.137109
6774,2025-10,T1,physical assault,52.205203,0.135693
6775,2025-10,T1,physical assault,52.203355,0.133453
6776,2025-10,T1,physical assault,52.204696,0.136357
6777,2025-10,T1,physical assault,52.205203,0.135693
6778,2025-10,T1,physical assault,52.199829,0.138962
6779,2025-10,T1,physical assault,52.205203,0.135693
6780,2025-10,T1,physical assault,52.199829,0.138962
6781,2025-10,T1,physical assault,52.203458,0.132741
6782,2025-10,T1,physical assault,52.203458,0.132741
6783,2025-10,T1,physical assault,52.199829,0.138962
6784,2025-10,T1,physical assault,52.205387,0.134429
6785,2025-10,T1,suspicious activity,52.204133,0.146589
6786,2025-10,T1,harassment,52.204133,0.146589
6787,2025-10,T1,harassment,52.204133,0.146589
6788,2025-10,T1,physical assault,52.205753,0.147984
6789,2025-10,T1,physical assault,52.200537,0.148991
6790,2025-10,T1,physical assault,52.204017,0.152906
6791,2025-10,T1,physical assault,52.200537,0.148991
6792,2025-10,T1,physical assault,52.200537,0.148991
6793,2025-10,T1,physical assault,52.204133,0.146589
6794,2025-10,T1,physical assault,52.204133,0.146589
6795,2025-10,T1,physical assault,52.205753,0.147984
6796,2025-10,T1,physical assault,52.205753,0.147984
6797,2025-10,T1,physical assault,52.200537,0.148991
6798,2025-10,T1,suspicious activity,52.198482,0.143814
6799,2025-10,T1,suspicious activity,52.200111,0.145737
6800,2025-10,T1,vandalism,52.200938,0.145235
6801,2025-10,T1,vandalism,52.197608,0.145426
6802,2025-10,T1,vandalism,52.200111,0.145737
6803,2025-10,T1,vandalism,52.200111,0.145737
6804,2025-10,T1,vandalism,52.200111,0.145737
6805,2025-10,T1,physical assault,52.200938,0.145235
6806,2025-10,T1,harassment,52.197608,0.145426
6807,2025-10,T1,harassment,52.200938,0.145235
6808,2025-10,T1,physical assault,52.198482,0.143814
6809,2025-10,T1,physical assault,52.200111,0.145737
6810,2025-10,T1,physical assault,52.200938,0.145235
6811,2025-10,T1,physical assault,52.197608,0.145426
6812,2025-10,T1,physical assault,52.197608,0.145426
6813,2025-10,T1,physical assault,52.200938,0.145235
6814,2025-10,T1,suspicious activity,52.195289,0.155718
6815,2025-10,T1,suspicious activity,52.200577,0.15271
6816,2025-10,T1,suspicious activity,52.201006,0.156302
6817,2025-10,T1,vandalism,52.19609,0.155683
6818,2025-10,T1,harassment,52.19609,0.155683
6819,2025-10,T1,physical assault,52.195657,0.153263
6820,2025-10,T1,physical assault,52.201006,0.156302
6821,2025-10,T1,physical assault,52.200577,0.15271
6822,2025-10,T1,physical assault,52.199388,0.155799
6823,2025-10,T1,physical assault,52.19609,0.155683
6824,2025-10,T1,suspicious activity,52.198096,0.142815
6825,2025-10,T1,suspicious activity,52.198096,0.142815
6826,2025-10,T1,vandalism,52.198095,0.153249
6827,2025-10,T1,vandalism,52.198095,0.153249
6828,2025-10,T1,vandalism,52.198095,0.153249
6829,2025-10,T1,physical assault,52.198647,0.14909
6830,2025-10,T1,physical assault,52.198096,0.142815
6831,2025-10,T1,suspicious activity,52.196991,0.144723
6832,2025-10,T1,suspicious activity,52.196991,0.144723
6833,2025-10,T1,suspicious activity,52.196817,0.146895
6834,2025-10,T1,robbery,52.198344,0.142008
6835,2025-10,T1,physical assault,52.196991,0.144723
6836,2025-10,T1,physical assault,52.197007,0.141856
6837,2025-10,T1,physical assault,52.196991,0.144723
6838,2025-10,T1,physical assault,52.196991,0.144723
6839,2025-10,T1,physical assault,52.196817,0.146895
6840,2025-10,T1,harassment,52.19056,0.146813
6841,2025-10,T1,physical assault,52.190083,0.152262
6842,2025-10,T1,physical assault,52.190083,0.152262
6843,2025-10,T1,suspicious activity,52.194007,0.161889
6844,2025-10,T1,suspicious activity,52.195475,0.150445
6845,2025-10,T1,suspicious activity,52.194362,0.156727
6846,2025-10,T1,physical assault,52.190593,0.158797
6847,2025-10,T1,physical assault,52.195475,0.150445
6848,2025-10,T1,harassment,52.186631,0.153661
6849,2025-10,T1,physical assault,52.18827,0.149614
6850,2025-10,T1,physical assault,52.18827,0.149614
6851,2025-10,T1,physical assault,52.18827,0.149614
6852,2025-10,T1,physical assault,52.187179,0.153219
6853,2025-10,T1,vandalism,52.189233,0.160882
6854,2025-10,T1,physical assault,52.190495,0.157256
6855,2025-10,T1,suspicious activity,52.190567,0.137011
6856,2025-10,T1,suspicious activity,52.194723,0.140897
6857,2025-10,T1,suspicious activity,52.190567,0.137011
6858,2025-10,T1,vandalism,52.190164,0.136961
6859,2025-10,T1,vandalism,52.190567,0.137011
6860,2025-10,T1,harassment,52.194723,0.140897
6861,2025-10,T1,harassment,52.189096,0.135331
6862,2025-10,T1,harassment,52.190164,0.136961
6863,2025-10,T1,physical assault,52.194723,0.140897
6864,2025-10,T1,physical assault,52.190567,0.137011
6865,2025-10,T1,physical assault,52.189096,0.135331
6866,2025-10,T1,physical assault,52.194723,0.140897
6867,2025-10,T1,suspicious activity,52.192935,0.146723
6868,2025-10,T1,suspicious activity,52.18823,0.146832
6869,2025-10,T1,suspicious activity,52.190226,0.165568
6870,2025-10,T1,suspicious activity,52.185539,0.162268
6871,2025-10,T1,vandalism,52.184824,0.161517
6872,2025-10,T1,vandalism,52.190226,0.165568
6873,2025-10,T1,vandalism,52.190226,0.165568
6874,2025-10,T1,harassment,52.190226,0.165568
6875,2025-10,T1,harassment,52.190226,0.165568
6876,2025-10,T1,harassment,52.190226,0.165568
6877,2025-10,T1,harassment,52.185539,0.162268
6878,2025-10,T1,physical assault,52.185539,0.162268
6879,2025-10,T1,physical assault,52.190226,0.165568
6880,2025-10,T1,physical assault,52.190226,0.165568
6881,2025-10,T1,physical assault,52.190226,0.165568
6882,2025-10,T1,physical assault,52.190226,0.165568
6883,2025-10,T1,physical assault,52.190226,0.165568
6884,2025-10,T1,physical assault,52.190226,0.165568
6885,2025-10,T1,physical assault,52.190226,0.165568
6886,2025-10,T1,physical assault,52.184937,0.160235
6887,2025-10,T1,physical assault,52.185539,0.162268
6888,2025-10,T1,physical assault,52.187422,0.162067
6889,2025-10,T1,physical assault,52.184937,0.160235
6890,2025-10,T1,suspicious activity,52.184097,0.149135
6891,2025-10,T1,suspicious activity,52.185654,0.149546
6892,2025-10,T1,vandalism,52.18108,0.151842
6893,2025-10,T1,vandalism,52.185654,0.149546
6894,2025-10,T1,vandalism,52.181988,0.144469
6895,2025-10,T1,vandalism,52.181988,0.144469
6896,2025-10,T1,harassment,52.18108,0.151842
6897,2025-10,T1,physical assault,52.18108,0.151842
6898,2025-10,T1,physical assault,52.18108,0.151842
6899,2025-10,T1,suspicious activity,52.183754,0.155116
6900,2025-10,T1,harassment,52.182558,0.154619
6901,2025-10,T1,harassment,52.182558,0.154619
6902,2025-10,T1,physical assault,52.183754,0.155116
6903,2025-10,T1,physical assault,52.182953,0.153205
6904,2025-10,T1,physical assault,52.182446,0.160743
6905,2025-10,T1,physical assault,52.182446,0.160743
6906,2025-10,T1,physical assault,52.182909,0.160005
6907,2025-10,T1,physical assault,52.182909,0.160005
6908,2025-10,T1,physical assault,52.178683,0.153145
6909,2025-10,T1,physical assault,52.178683,0.153145
6910,2025-10,T1,suspicious activity,52.187946,0.140206
6911,2025-10,T1,vandalism,52.18739,0.134664
6912,2025-10,T1,physical assault,52.187291,0.141637
6913,2025-10,T1,harassment,52.186749,0.133346
6914,2025-10,T1,suspicious activity,52.180875,0.133942
6915,2025-10,T1,suspicious activity,52.183618,0.136429
6916,2025-10,T1,physical assault,52.180875,0.133942
6917,2025-10,T1,physical assault,52.180875,0.133942
6918,2025-10,T1,suspicious activity,52.19676,0.129172
6919,2025-10,T1,suspicious activity,52.198821,0.129592
6920,2025-10,T1,vandalism,52.19571,0.12659
6921,2025-10,T1,physical assault,52.198358,0.126322
6922,2025-10,T1,physical assault,52.199179,0.130648
6923,2025-10,T1,physical assault,52.198821,0.129592
6924,2025-10,T1,physical assault,52.198821,0.129592
6925,2025-10,T1,suspicious activity,52.193745,0.134822
6926,2025-10,T1,vandalism,52.190238,0.132796
6927,2025-10,T1,harassment,52.190238,0.132796
6928,2025-10,T1,harassment,52.193771,0.13535
6929,2025-10,T1,harassment,52.192353,0.134003
6930,2025-10,T1,physical assault,52.193771,0.13535
6931,2025-10,T1,physical assault,52.192245,0.134706
6932,2025-10,T1,suspicious activity,52.188031,0.128535
6933,2025-10,T1,vandalism,52.191326,0.132321
6934,2025-10,T1,physical assault,52.188817,0.128339
6935,2025-10,T1,harassment,52.188031,0.128535
6936,2025-10,T1,physical assault,52.191326,0.132321
6937,2025-10,T1,physical assault,52.18963,0.128158
6938,2025-10,T1,physical assault,52.18963,0.128158
6939,2025-10,T1,suspicious activity,52.189058,0.121986
6940,2025-10,T1,physical assault,52.181205,0.125138
6941,2025-10,T1,suspicious activity,52.180619,0.116713
6942,2025-10,T1,suspicious activity,52.229003,0.117272
6943,2025-10,T1,suspicious activity,52.231107,0.117328
6944,2025-10,T1,harassment,52.231107,0.117328
6945,2025-10,T1,physical assault,52.231035,0.116314
6946,2025-10,T1,suspicious activity,52.231336,0.114586
6947,2025-10,T1,physical assault,52.224518,0.16135
6948,2025-10,T1,physical assault,52.224518,0.16135
6949,2025-10,T1,suspicious activity,52.223637,0.091452
6950,2025-10,T1,physical assault,52.230662,0.086247
6951,2025-10,T1,physical assault,52.230662,0.086247
6952,2025-10,T1,physical assault,52.230662,0.086247
6953,2025-11,T1,suspicious activity,52.228813,0.13132
6954,2025-11,T1,suspicious activity,52.231891,0.132834
6955,2025-11,T1,suspicious activity,52.22843,0.136618
6956,2025-11,T1,vandalism,52.226808,0.133816
6957,2025-11,T1,vandalism,52.226808,0.133816
6958,2025-11,T1,physical assault,52.231891,0.132834
6959,2025-11,T1,harassment,52.226808,0.133816
6960,2025-11,T1,harassment,52.231891,0.132834
6961,2025-11,T1,physical assault,52.231891,0.132834
6962,2025-11,T1,physical assault,52.228518,0.135216
6963,2025-11,T1,physical assault,52.226808,0.133816
6964,2025-11,T1,physical assault,52.226808,0.133816
6965,2025-11,T1,physical assault,52.226808,0.133816
6966,2025-11,T1,physical assault,52.226808,0.133816
6967,2025-11,T1,physical assault,52.23006,0.128525
6968,2025-11,T1,physical assault,52.228518,0.135216
6969,2025-11,T1,physical assault,52.228518,0.135216
6970,2025-11,T1,physical assault,52.230579,0.132166
6971,2025-11,T1,physical assault,52.226808,0.133816
6972,2025-11,T1,physical assault,52.23006,0.128525
6973,2025-11,T1,suspicious activity,52.227077,0.145491
6974,2025-11,T1,harassment,52.227077,0.145491
6975,2025-11,T1,harassment,52.227077,0.145491
6976,2025-11,T1,harassment,52.227077,0.145491
6977,2025-11,T1,harassment,52.227077,0.145491
6978,2025-11,T1,physical assault,52.227734,0.142764
6979,2025-11,T1,physical assault,52.227077,0.145491
6980,2025-11,T1,suspicious activity,52.230802,0.135223
6981,2025-11,T1,vandalism,52.230802,0.135223
6982,2025-11,T1,vandalism,52.228238,0.138278
6983,2025-11,T1,robbery,52.225454,0.139579
6984,2025-11,T1,physical assault,52.228238,0.138278
6985,2025-11,T1,physical assault,52.228238,0.138278
6986,2025-11,T1,physical assault,52.228238,0.138278
6987,2025-11,T1,physical assault,52.228238,0.138278
6988,2025-11,T1,vandalism,52.228196,0.126664
6989,2025-11,T1,physical assault,52.228854,0.126095
6990,2025-11,T1,harassment,52.22584,0.126654
6991,2025-11,T1,physical assault,52.22505,0.127114
6992,2025-11,T1,physical assault,52.22505,0.127114
6993,2025-11,T1,physical assault,52.228288,0.129055
6994,2025-11,T1,physical assault,52.22505,0.127114
6995,2025-11,T1,suspicious activity,52.231577,0.122183
6996,2025-11,T1,physical assault,52.231199,0.127173
6997,2025-11,T1,suspicious activity,52.230652,0.137046
6998,2025-11,T1,suspicious activity,52.230652,0.137046
6999,2025-11,T1,harassment,52.230987,0.129477
7000,2025-11,T1,harassment,52.232015,0.140217
7001,2025-11,T1,suspicious activity,52.219314,0.110766
7002,2025-11,T1,vandalism,52.216568,0.113723
7003,2025-11,T1,harassment,52.219314,0.110766
7004,2025-11,T1,harassment,52.219314,0.110766
7005,2025-11,T1,harassment,52.219314,0.110766
7006,2025-11,T1,harassment,52.219314,0.110766
7007,2025-11,T1,harassment,52.219497,0.111388
7008,2025-11,T1,physical assault,52.215335,0.112274
7009,2025-11,T1,physical assault,52.219314,0.110766
7010,2025-11,T1,physical assault,52.215335,0.112274
7011,2025-11,T1,physical assault,52.220294,0.111339
7012,2025-11,T1,harassment,52.211545,0.116061
7013,2025-11,T1,physical assault,52.215176,0.113657
7014,2025-11,T1,physical assault,52.213347,0.115883
7015,2025-11,T1,physical assault,52.225144,0.115858
7016,2025-11,T1,suspicious activity,52.227888,0.120792
7017,2025-11,T1,physical assault,52.228415,0.119484
7018,2025-11,T1,harassment,52.230061,0.11915
7019,2025-11,T1,physical assault,52.230061,0.11915
7020,2025-11,T1,physical assault,52.226817,0.12137
7021,2025-11,T1,physical assault,52.224434,0.118841
7022,2025-11,T1,physical assault,52.230061,0.11915
7023,2025-11,T1,physical assault,52.230061,0.11915
7024,2025-11,T1,physical assault,52.228415,0.119484
7025,2025-11,T1,physical assault,52.227888,0.120792
7026,2025-11,T1,physical assault,52.230061,0.11915
7027,2025-11,T1,physical assault,52.230061,0.11915
7028,2025-11,T1,physical assault,52.230061,0.11915
7029,2025-11,T1,physical assault,52.227888,0.120792
7030,2025-11,T1,suspicious activity,52.22219,0.118148
7031,2025-11,T1,vandalism,52.22219,0.118148
7032,2025-11,T1,physical assault,52.219596,0.113867
7033,2025-11,T1,physical assault,52.223014,0.118817
7034,2025-11,T1,physical assault,52.220712,0.11329
7035,2025-11,T1,physical assault,52.223028,0.112522
7036,2025-11,T1,physical assault,52.223028,0.112522
7037,2025-11,T1,physical assault,52.220712,0.11329
7038,2025-11,T1,suspicious activity,52.226451,0.124706
7039,2025-11,T1,suspicious activity,52.224197,0.122065
7040,2025-11,T1,physical assault,52.226535,0.126555
7041,2025-11,T1,physical assault,52.224961,0.119583
7042,2025-11,T1,suspicious activity,52.227638,0.14806
7043,2025-11,T1,suspicious activity,52.225275,0.152368
7044,2025-11,T1,suspicious activity,52.224192,0.149665
7045,2025-11,T1,suspicious activity,52.225275,0.152368
7046,2025-11,T1,vandalism,52.227778,0.151727
7047,2025-11,T1,physical assault,52.227778,0.151727
7048,2025-11,T1,physical assault,52.225899,0.149704
7049,2025-11,T1,physical assault,52.225899,0.149704
7050,2025-11,T1,physical assault,52.227778,0.151727
7051,2025-11,T1,harassment,52.223625,0.150663
7052,2025-11,T1,harassment,52.225275,0.152368
7053,2025-11,T1,harassment,52.225275,0.152368
7054,2025-11,T1,physical assault,52.225275,0.152368
7055,2025-11,T1,physical assault,52.225275,0.152368
7056,2025-11,T1,physical assault,52.223044,0.150488
7057,2025-11,T1,physical assault,52.224728,0.14688
7058,2025-11,T1,physical assault,52.225899,0.149704
7059,2025-11,T1,physical assault,52.224192,0.149665
7060,2025-11,T1,physical assault,52.227638,0.14806
7061,2025-11,T1,physical assault,52.224234,0.147354
7062,2025-11,T1,physical assault,52.225275,0.152368
7063,2025-11,T1,physical assault,52.22584,0.151487
7064,2025-11,T1,suspicious activity,52.221665,0.156556
7065,2025-11,T1,suspicious activity,52.219484,0.150419
7066,2025-11,T1,suspicious activity,52.222426,0.156256
7067,2025-11,T1,physical assault,52.22122,0.157764
7068,2025-11,T1,harassment,52.222426,0.156256
7069,2025-11,T1,harassment,52.222426,0.156256
7070,2025-11,T1,harassment,52.222426,0.156256
7071,2025-11,T1,physical assault,52.222808,0.153039
7072,2025-11,T1,physical assault,52.22122,0.157764
7073,2025-11,T1,physical assault,52.222808,0.153039
7074,2025-11,T1,physical assault,52.222808,0.153039
7075,2025-11,T1,suspicious activity,52.218538,0.136187
7076,2025-11,T1,suspicious activity,52.218903,0.133876
7077,2025-11,T1,physical assault,52.218913,0.136805
7078,2025-11,T1,physical assault,52.219886,0.138682
7079,2025-11,T1,physical assault,52.219997,0.140005
7080,2025-11,T1,physical assault,52.223197,0.145517
7081,2025-11,T1,physical assault,52.220209,0.143177
7082,2025-11,T1,physical assault,52.221363,0.143028
7083,2025-11,T1,suspicious activity,52.213353,0.141218
7084,2025-11,T1,physical assault,52.216661,0.140518
7085,2025-11,T1,physical assault,52.21541,0.142565
7086,2025-11,T1,suspicious activity,52.218054,0.144493
7087,2025-11,T1,suspicious activity,52.218965,0.144332
7088,2025-11,T1,vandalism,52.214478,0.137909
7089,2025-11,T1,physical assault,52.218965,0.144332
7090,2025-11,T1,physical assault,52.218054,0.144493
7091,2025-11,T1,physical assault,52.218479,0.147354
7092,2025-11,T1,physical assault,52.218965,0.144332
7093,2025-11,T1,suspicious activity,52.223358,0.132157
7094,2025-11,T1,vandalism,52.221955,0.132178
7095,2025-11,T1,vandalism,52.222333,0.134626
7096,2025-11,T1,physical assault,52.222333,0.134626
7097,2025-11,T1,physical assault,52.217916,0.125806
7098,2025-11,T1,physical assault,52.218686,0.128464
7099,2025-11,T1,suspicious activity,52.217347,0.131913
7100,2025-11,T1,suspicious activity,52.21645,0.130319
7101,2025-11,T1,vandalism,52.215942,0.127088
7102,2025-11,T1,vandalism,52.215475,0.134488
7103,2025-11,T1,harassment,52.219264,0.132298
7104,2025-11,T1,harassment,52.219264,0.132298
7105,2025-11,T1,harassment,52.219264,0.132298
7106,2025-11,T1,harassment,52.219264,0.132298
7107,2025-11,T1,suspicious activity,52.214705,0.124822
7108,2025-11,T1,suspicious activity,52.214032,0.1218
7109,2025-11,T1,physical assault,52.214999,0.127497
7110,2025-11,T1,harassment,52.214999,0.127497
7111,2025-11,T1,harassment,52.214536,0.126758
7112,2025-11,T1,physical assault,52.214705,0.124822
7113,2025-11,T1,physical assault,52.214281,0.122954
7114,2025-11,T1,physical assault,52.214919,0.123424
7115,2025-11,T1,physical assault,52.214919,0.123424
7116,2025-11,T1,physical assault,52.218793,0.119055
7117,2025-11,T1,physical assault,52.214032,0.1218
7118,2025-11,T1,suspicious activity,52.212941,0.134923
7119,2025-11,T1,harassment,52.212335,0.136079
7120,2025-11,T1,physical assault,52.212941,0.134923
7121,2025-11,T1,physical assault,52.214399,0.129825
7122,2025-11,T1,vandalism,52.22368,0.110239
7123,2025-11,T1,vandalism,52.223956,0.09933
7124,2025-11,T1,physical assault,52.223956,0.09933
7125,2025-11,T1,physical assault,52.223364,0.0957
7126,2025-11,T1,physical assault,52.22512,0.098594
7127,2025-11,T1,physical assault,52.22512,0.098594
7128,2025-11,T1,physical assault,52.223364,0.0957
7129,2025-11,T1,physical assault,52.219342,0.086727
7130,2025-11,T1,physical assault,52.218061,0.087643
7131,2025-11,T1,physical assault,52.219342,0.086727
7132,2025-11,T1,suspicious activity,52.217991,0.084321
7133,2025-11,T1,suspicious activity,52.217991,0.084321
7134,2025-11,T1,vandalism,52.217656,0.100658
7135,2025-11,T1,physical assault,52.214697,0.102685
7136,2025-11,T1,physical assault,52.214697,0.102685
7137,2025-11,T1,suspicious activity,52.215155,0.109821
7138,2025-11,T1,suspicious activity,52.215155,0.109821
7139,2025-11,T1,vandalism,52.207966,0.118072
7140,2025-11,T1,physical assault,52.216087,0.107976
7141,2025-11,T1,physical assault,52.211025,0.11346
7142,2025-11,T1,physical assault,52.211217,0.112781
7143,2025-11,T1,physical assault,52.207966,0.118072
7144,2025-11,T1,physical assault,52.217314,0.108737
7145,2025-11,T1,physical assault,52.212778,0.110952
7146,2025-11,T1,physical assault,52.212778,0.110952
7147,2025-11,T1,physical assault,52.216087,0.107976
7148,2025-11,T1,physical assault,52.216087,0.107976
7149,2025-11,T1,physical assault,52.206091,0.115831
7150,2025-11,T1,suspicious activity,52.211411,0.143427
7151,2025-11,T1,vandalism,52.208577,0.143978
7152,2025-11,T1,vandalism,52.21159,0.145456
7153,2025-11,T1,harassment,52.208577,0.143978
7154,2025-11,T1,physical assault,52.209787,0.145932
7155,2025-11,T1,physical assault,52.209678,0.13784
7156,2025-11,T1,physical assault,52.208484,0.141193
7157,2025-11,T1,suspicious activity,52.21731,0.162113
7158,2025-11,T1,vandalism,52.218058,0.164477
7159,2025-11,T1,physical assault,52.21731,0.162113
7160,2025-11,T1,vandalism,52.212508,0.15178
7161,2025-11,T1,harassment,52.214272,0.150723
7162,2025-11,T1,harassment,52.214904,0.158483
7163,2025-11,T1,physical assault,52.214904,0.158483
7164,2025-11,T1,physical assault,52.212508,0.15178
7165,2025-11,T1,physical assault,52.214272,0.150723
7166,2025-11,T1,physical assault,52.213211,0.147773
7167,2025-11,T1,physical assault,52.213211,0.147773
7168,2025-11,T1,physical assault,52.214904,0.158483
7169,2025-11,T1,physical assault,52.214904,0.158483
7170,2025-11,T1,physical assault,52.216674,0.14774
7171,2025-11,T1,physical assault,52.216674,0.14774
7172,2025-11,T1,physical assault,52.215859,0.158354
7173,2025-11,T1,physical assault,52.214636,0.148365
7174,2025-11,T1,physical assault,52.213211,0.147773
7175,2025-11,T1,physical assault,52.214904,0.158483
7176,2025-11,T1,physical assault,52.214904,0.158483
7177,2025-11,T1,physical assault,52.215389,0.155535
7178,2025-11,T1,physical assault,52.214904,0.158483
7179,2025-11,T1,physical assault,52.213238,0.163042
7180,2025-11,T1,physical assault,52.213238,0.163042
7181,2025-11,T1,physical assault,52.212051,0.159574
7182,2025-11,T1,physical assault,52.212051,0.159574
7183,2025-11,T1,physical assault,52.215226,0.162466
7184,2025-11,T1,vandalism,52.209934,0.162238
7185,2025-11,T1,robbery,52.207929,0.164687
7186,2025-11,T1,physical assault,52.209934,0.162238
7187,2025-11,T1,physical assault,52.209934,0.162238
7188,2025-11,T1,physical assault,52.209934,0.162238
7189,2025-11,T1,suspicious activity,52.204725,0.127796
7190,2025-11,T1,suspicious activity,52.206593,0.133474
7191,2025-11,T1,suspicious activity,52.210274,0.136668
7192,2025-11,T1,suspicious activity,52.205896,0.133634
7193,2025-11,T1,vandalism,52.204911,0.132942
7194,2025-11,T1,vandalism,52.207489,0.1321
7195,2025-11,T1,vandalism,52.206907,0.130462
7196,2025-11,T1,vandalism,52.206907,0.130462
7197,2025-11,T1,harassment,52.204911,0.132942
7198,2025-11,T1,robbery,52.206907,0.130462
7199,2025-11,T1,robbery,52.206907,0.130462
7200,2025-11,T1,physical assault,52.206907,0.130462
7201,2025-11,T1,physical assault,52.206982,0.136218
7202,2025-11,T1,physical assault,52.2078,0.133798
7203,2025-11,T1,physical assault,52.206907,0.130462
7204,2025-11,T1,physical assault,52.205427,0.131255
7205,2025-11,T1,physical assault,52.204911,0.132942
7206,2025-11,T1,physical assault,52.206324,0.127873
7207,2025-11,T1,suspicious activity,52.19857,0.105977
7208,2025-11,T1,suspicious activity,52.19857,0.105977
7209,2025-11,T1,suspicious activity,52.19939,0.112908
7210,2025-11,T1,vandalism,52.19939,0.112908
7211,2025-11,T1,vandalism,52.19939,0.112908
7212,2025-11,T1,harassment,52.199938,0.111343
7213,2025-11,T1,robbery,52.195221,0.114773
7214,2025-11,T1,physical assault,52.19857,0.105977
7215,2025-11,T1,physical assault,52.196263,0.104243
7216,2025-11,T1,physical assault,52.196036,0.108915
7217,2025-11,T1,suspicious activity,52.206447,0.120517
7218,2025-11,T1,suspicious activity,52.2055,0.118203
7219,2025-11,T1,suspicious activity,52.209069,0.119749
7220,2025-11,T1,suspicious activity,52.206447,0.120517
7221,2025-11,T1,suspicious activity,52.208907,0.118234
7222,2025-11,T1,suspicious activity,52.205622,0.118912
7223,2025-11,T1,vandalism,52.210838,0.118896
7224,2025-11,T1,vandalism,52.205386,0.124037
7225,2025-11,T1,physical assault,52.205622,0.118912
7226,2025-11,T1,harassment,52.205622,0.118912
7227,2025-11,T1,harassment,52.207111,0.125627
7228,2025-11,T1,robbery,52.2055,0.118203
7229,2025-11,T1,robbery,52.207111,0.125627
7230,2025-11,T1,physical assault,52.205622,0.118912
7231,2025-11,T1,physical assault,52.207111,0.125627
7232,2025-11,T1,physical assault,52.206447,0.120517
7233,2025-11,T1,physical assault,52.205622,0.118912
7234,2025-11,T1,physical assault,52.209069,0.119749
7235,2025-11,T1,physical assault,52.205386,0.124037
7236,2025-11,T1,physical assault,52.206447,0.120517
7237,2025-11,T1,physical assault,52.205622,0.118912
7238,2025-11,T1,physical assault,52.20844,0.119704
7239,2025-11,T1,physical assault,52.2071,0.119758
7240,2025-11,T1,physical assault,52.205622,0.118912
7241,2025-11,T1,physical assault,52.207111,0.125627
7242,2025-11,T1,physical assault,52.205622,0.118912
7243,2025-11,T1,physical assault,52.206447,0.120517
7244,2025-11,T1,physical assault,52.207515,0.127125
7245,2025-11,T1,physical assault,52.205622,0.118912
7246,2025-11,T1,physical assault,52.205622,0.118912
7247,2025-11,T1,physical assault,52.207382,0.124074
7248,2025-11,T1,physical assault,52.208907,0.118234
7249,2025-11,T1,physical assault,52.206447,0.120517
7250,2025-11,T1,physical assault,52.205386,0.124037
7251,2025-11,T1,physical assault,52.206447,0.120517
7252,2025-11,T1,physical assault,52.194719,0.106146
7253,2025-11,T1,harassment,52.198504,0.099495
7254,2025-11,T1,physical assault,52.202789,0.10414
7255,2025-11,T1,physical assault,52.202874,0.11748
7256,2025-11,T1,physical assault,52.198504,0.099495
7257,2025-11,T1,suspicious activity,52.203334,0.129106
7258,2025-11,T1,suspicious activity,52.204372,0.119408
7259,2025-11,T1,suspicious activity,52.204372,0.119408
7260,2025-11,T1,suspicious activity,52.203334,0.129106
7261,2025-11,T1,suspicious activity,52.203995,0.11838
7262,2025-11,T1,suspicious activity,52.201421,0.125173
7263,2025-11,T1,suspicious activity,52.204215,0.121172
7264,2025-11,T1,suspicious activity,52.20533,0.12364
7265,2025-11,T1,suspicious activity,52.203523,0.124124
7266,2025-11,T1,suspicious activity,52.204177,0.130756
7267,2025-11,T1,suspicious activity,52.199366,0.127262
7268,2025-11,T1,suspicious activity,52.201421,0.125173
7269,2025-11,T1,suspicious activity,52.204215,0.121172
7270,2025-11,T1,suspicious activity,52.1984,0.121524
7271,2025-11,T1,suspicious activity,52.202906,0.120465
7272,2025-11,T1,suspicious activity,52.203995,0.11838
7273,2025-11,T1,suspicious activity,52.199366,0.127262
7274,2025-11,T1,suspicious activity,52.203523,0.124124
7275,2025-11,T1,suspicious activity,52.201058,0.126172
7276,2025-11,T1,vandalism,52.203523,0.124124
7277,2025-11,T1,vandalism,52.204372,0.119408
7278,2025-11,T1,vandalism,52.201427,0.121156
7279,2025-11,T1,vandalism,52.204215,0.121172
7280,2025-11,T1,vandalism,52.203247,0.130463
7281,2025-11,T1,vandalism,52.201058,0.126172
7282,2025-11,T1,vandalism,52.203247,0.130463
7283,2025-11,T1,vandalism,52.203247,0.130463
7284,2025-11,T1,vandalism,52.203523,0.124124
7285,2025-11,T1,vandalism,52.204812,0.121976
7286,2025-11,T1,vandalism,52.203247,0.130463
7287,2025-11,T1,vandalism,52.203247,0.130463
7288,2025-11,T1,vandalism,52.20082,0.12941
7289,2025-11,T1,physical assault,52.204662,0.125774
7290,2025-11,T1,harassment,52.203247,0.130463
7291,2025-11,T1,harassment,52.203247,0.130463
7292,2025-11,T1,harassment,52.20082,0.12941
7293,2025-11,T1,harassment,52.20533,0.12364
7294,2025-11,T1,harassment,52.203247,0.130463
7295,2025-11,T1,harassment,52.204462,0.130916
7296,2025-11,T1,harassment,52.20533,0.12364
7297,2025-11,T1,harassment,52.206311,0.121593
7298,2025-11,T1,robbery,52.204372,0.119408
7299,2025-11,T1,robbery,52.20533,0.12364
7300,2025-11,T1,robbery,52.204372,0.119408
7301,2025-11,T1,physical assault,52.20082,0.12941
7302,2025-11,T1,physical assault,52.203523,0.124124
7303,2025-11,T1,physical assault,52.203334,0.129106
7304,2025-11,T1,physical assault,52.203523,0.124124
7305,2025-11,T1,physical assault,52.206311,0.121593
7306,2025-11,T1,physical assault,52.204215,0.121172
7307,2025-11,T1,physical assault,52.204215,0.121172
7308,2025-11,T1,physical assault,52.204372,0.119408
7309,2025-11,T1,physical assault,52.204372,0.119408
7310,2025-11,T1,physical assault,52.204215,0.121172
7311,2025-11,T1,physical assault,52.203334,0.129106
7312,2025-11,T1,physical assault,52.204215,0.121172
7313,2025-11,T1,physical assault,52.203523,0.124124
7314,2025-11,T1,physical assault,52.204215,0.121172
7315,2025-11,T1,physical assault,52.204372,0.119408
7316,2025-11,T1,physical assault,52.200506,0.121917
7317,2025-11,T1,physical assault,52.203097,0.121806
7318,2025-11,T1,physical assault,52.203247,0.130463
7319,2025-11,T1,physical assault,52.203523,0.124124
7320,2025-11,T1,physical assault,52.203523,0.124124
7321,2025-11,T1,physical assault,52.204662,0.125774
7322,2025-11,T1,physical assault,52.204662,0.125774
7323,2025-11,T1,physical assault,52.204372,0.119408
7324,2025-11,T1,physical assault,52.201421,0.125173
7325,2025-11,T1,physical assault,52.206455,0.121103
7326,2025-11,T1,physical assault,52.203995,0.11838
7327,2025-11,T1,physical assault,52.203247,0.130463
7328,2025-11,T1,physical assault,52.204812,0.121976
7329,2025-11,T1,physical assault,52.203523,0.124124
7330,2025-11,T1,physical assault,52.204372,0.119408
7331,2025-11,T1,physical assault,52.204372,0.119408
7332,2025-11,T1,physical assault,52.203995,0.11838
7333,2025-11,T1,physical assault,52.203523,0.124124
7334,2025-11,T1,physical assault,52.206455,0.121103
7335,2025-11,T1,physical assault,52.206455,0.121103
7336,2025-11,T1,physical assault,52.203011,0.125622
7337,2025-11,T1,physical assault,52.206455,0.121103
7338,2025-11,T1,physical assault,52.203523,0.124124
7339,2025-11,T1,physical assault,52.203247,0.130463
7340,2025-11,T1,physical assault,52.204215,0.121172
7341,2025-11,T1,physical assault,52.203523,0.124124
7342,2025-11,T1,physical assault,52.200939,0.125816
7343,2025-11,T1,physical assault,52.206455,0.121103
7344,2025-11,T1,physical assault,52.203523,0.124124
7345,2025-11,T1,physical assault,52.206455,0.121103
7346,2025-11,T1,physical assault,52.203334,0.129106
7347,2025-11,T1,physical assault,52.205594,0.133429
7348,2025-11,T1,physical assault,52.203523,0.124124
7349,2025-11,T1,physical assault,52.203247,0.130463
7350,2025-11,T1,suspicious activity,52.194769,0.136334
7351,2025-11,T1,suspicious activity,52.195793,0.137905
7352,2025-11,T1,suspicious activity,52.195544,0.130984
7353,2025-11,T1,suspicious activity,52.197361,0.129786
7354,2025-11,T1,suspicious activity,52.194769,0.136334
7355,2025-11,T1,suspicious activity,52.195307,0.136419
7356,2025-11,T1,suspicious activity,52.195527,0.131235
7357,2025-11,T1,suspicious activity,52.195527,0.131235
7358,2025-11,T1,harassment,52.197392,0.138479
7359,2025-11,T1,harassment,52.195307,0.136419
7360,2025-11,T1,harassment,52.195307,0.136419
7361,2025-11,T1,physical assault,52.195527,0.131235
7362,2025-11,T1,physical assault,52.197496,0.135221
7363,2025-11,T1,physical assault,52.197361,0.129786
7364,2025-11,T1,physical assault,52.19578,0.134129
7365,2025-11,T1,suspicious activity,52.199693,0.134551
7366,2025-11,T1,suspicious activity,52.200225,0.134986
7367,2025-11,T1,suspicious activity,52.200443,0.134338
7368,2025-11,T1,vandalism,52.201337,0.130181
7369,2025-11,T1,vandalism,52.200225,0.134986
7370,2025-11,T1,harassment,52.201337,0.130181
7371,2025-11,T1,physical assault,52.200225,0.134986
7372,2025-11,T1,physical assault,52.20199,0.13151
7373,2025-11,T1,physical assault,52.200225,0.134986
7374,2025-11,T1,physical assault,52.200225,0.134986
7375,2025-11,T1,physical assault,52.20199,0.13151
7376,2025-11,T1,suspicious activity,52.207758,0.138582
7377,2025-11,T1,vandalism,52.204973,0.138434
7378,2025-11,T1,harassment,52.207616,0.139951
7379,2025-11,T1,robbery,52.207616,0.139951
7380,2025-11,T1,physical assault,52.206006,0.137986
7381,2025-11,T1,suspicious activity,52.205917,0.145402
7382,2025-11,T1,robbery,52.204617,0.144183
7383,2025-11,T1,physical assault,52.205917,0.145402
7384,2025-11,T1,physical assault,52.20641,0.144986
7385,2025-11,T1,physical assault,52.200807,0.140078
7386,2025-11,T1,vandalism,52.205387,0.134429
7387,2025-11,T1,vandalism,52.203458,0.132741
7388,2025-11,T1,vandalism,52.200861,0.137109
7389,2025-11,T1,vandalism,52.205387,0.134429
7390,2025-11,T1,harassment,52.199829,0.138962
7391,2025-11,T1,physical assault,52.203458,0.132741
7392,2025-11,T1,physical assault,52.205203,0.135693
7393,2025-11,T1,physical assault,52.205203,0.135693
7394,2025-11,T1,physical assault,52.203458,0.132741
7395,2025-11,T1,physical assault,52.205203,0.135693
7396,2025-11,T1,physical assault,52.203355,0.133453
7397,2025-11,T1,physical assault,52.205203,0.135693
7398,2025-11,T1,physical assault,52.205203,0.135693
7399,2025-11,T1,physical assault,52.205203,0.135693
7400,2025-11,T1,physical assault,52.205387,0.134429
7401,2025-11,T1,physical assault,52.203458,0.132741
7402,2025-11,T1,physical assault,52.203355,0.133453
7403,2025-11,T1,suspicious activity,52.20207,0.148758
7404,2025-11,T1,suspicious activity,52.204486,0.147909
7405,2025-11,T1,suspicious activity,52.204017,0.152906
7406,2025-11,T1,vandalism,52.20207,0.148758
7407,2025-11,T1,vandalism,52.204133,0.146589
7408,2025-11,T1,physical assault,52.20207,0.148758
7409,2025-11,T1,physical assault,52.204133,0.146589
7410,2025-11,T1,physical assault,52.205082,0.15122
7411,2025-11,T1,physical assault,52.205082,0.15122
7412,2025-11,T1,physical assault,52.205082,0.15122
7413,2025-11,T1,physical assault,52.20207,0.148758
7414,2025-11,T1,suspicious activity,52.197608,0.145426
7415,2025-11,T1,vandalism,52.197608,0.145426
7416,2025-11,T1,harassment,52.197608,0.145426
7417,2025-11,T1,physical assault,52.197608,0.145426
7418,2025-11,T1,physical assault,52.198482,0.143814
7419,2025-11,T1,physical assault,52.198482,0.143814
7420,2025-11,T1,physical assault,52.197608,0.145426
7421,2025-11,T1,physical assault,52.197608,0.145426
7422,2025-11,T1,suspicious activity,52.19609,0.155683
7423,2025-11,T1,suspicious activity,52.19609,0.155683
7424,2025-11,T1,vandalism,52.202367,0.152168
7425,2025-11,T1,vandalism,52.195657,0.153263
7426,2025-11,T1,physical assault,52.201006,0.156302
7427,2025-11,T1,physical assault,52.202367,0.152168
7428,2025-11,T1,physical assault,52.197086,0.1538
7429,2025-11,T1,physical assault,52.199388,0.155799
7430,2025-11,T1,physical assault,52.200577,0.15271
7431,2025-11,T1,physical assault,52.195657,0.153263
7432,2025-11,T1,suspicious activity,52.196102,0.151558
7433,2025-11,T1,suspicious activity,52.196817,0.146895
7434,2025-11,T1,vandalism,52.196102,0.151558
7435,2025-11,T1,physical assault,52.196149,0.14897
7436,2025-11,T1,physical assault,52.197795,0.141557
7437,2025-11,T1,physical assault,52.197795,0.141557
7438,2025-11,T1,physical assault,52.195482,0.145645
7439,2025-11,T1,suspicious activity,52.19056,0.146813
7440,2025-11,T1,suspicious activity,52.19056,0.146813
7441,2025-11,T1,physical assault,52.190083,0.152262
7442,2025-11,T1,physical assault,52.191929,0.148664
7443,2025-11,T1,physical assault,52.190083,0.152262
7444,2025-11,T1,suspicious activity,52.190593,0.158797
7445,2025-11,T1,physical assault,52.190593,0.158797
7446,2025-11,T1,physical assault,52.194007,0.161889
7447,2025-11,T1,physical assault,52.194055,0.157809
7448,2025-11,T1,physical assault,52.19451,0.157977
7449,2025-11,T1,physical assault,52.193102,0.156285
7450,2025-11,T1,vandalism,52.191743,0.153937
7451,2025-11,T1,harassment,52.191743,0.153937
7452,2025-11,T1,harassment,52.191743,0.153937
7453,2025-11,T1,harassment,52.191743,0.153937
7454,2025-11,T1,physical assault,52.192391,0.150925
7455,2025-11,T1,physical assault,52.191743,0.153937
7456,2025-11,T1,physical assault,52.189719,0.154468
7457,2025-11,T1,physical assault,52.191655,0.154313
7458,2025-11,T1,physical assault,52.191743,0.153937
7459,2025-11,T1,suspicious activity,52.189233,0.160882
7460,2025-11,T1,vandalism,52.190495,0.157256
7461,2025-11,T1,vandalism,52.187014,0.156839
7462,2025-11,T1,vandalism,52.189235,0.158293
7463,2025-11,T1,suspicious activity,52.195126,0.141458
7464,2025-11,T1,suspicious activity,52.189096,0.135331
7465,2025-11,T1,suspicious activity,52.190164,0.136961
7466,2025-11,T1,suspicious activity,52.190567,0.137011
7467,2025-11,T1,suspicious activity,52.194723,0.140897
7468,2025-11,T1,vandalism,52.190164,0.136961
7469,2025-11,T1,vandalism,52.189096,0.135331
7470,2025-11,T1,vandalism,52.190164,0.136961
7471,2025-11,T1,harassment,52.194723,0.140897
7472,2025-11,T1,harassment,52.190567,0.137011
7473,2025-11,T1,harassment,52.190567,0.137011
7474,2025-11,T1,harassment,52.190164,0.136961
7475,2025-11,T1,physical assault,52.190164,0.136961
7476,2025-11,T1,physical assault,52.190567,0.137011
7477,2025-11,T1,physical assault,52.190164,0.136961
7478,2025-11,T1,physical assault,52.191299,0.1363
7479,2025-11,T1,physical assault,52.190164,0.136961
7480,2025-11,T1,vandalism,52.192935,0.146723
7481,2025-11,T1,physical assault,52.189412,0.14863
7482,2025-11,T1,suspicious activity,52.190226,0.165568
7483,2025-11,T1,suspicious activity,52.190226,0.165568
7484,2025-11,T1,vandalism,52.190226,0.165568
7485,2025-11,T1,vandalism,52.190226,0.165568
7486,2025-11,T1,harassment,52.185539,0.162268
7487,2025-11,T1,physical assault,52.185539,0.162268
7488,2025-11,T1,physical assault,52.185539,0.162268
7489,2025-11,T1,physical assault,52.185539,0.162268
7490,2025-11,T1,physical assault,52.184824,0.161517
7491,2025-11,T1,physical assault,52.190226,0.165568
7492,2025-11,T1,vandalism,52.185163,0.152814
7493,2025-11,T1,vandalism,52.182333,0.145788
7494,2025-11,T1,physical assault,52.18108,0.151842
7495,2025-11,T1,physical assault,52.185163,0.152814
7496,2025-11,T1,physical assault,52.183212,0.150804
7497,2025-11,T1,physical assault,52.185654,0.149546
7498,2025-11,T1,physical assault,52.184206,0.145103
7499,2025-11,T1,physical assault,52.183212,0.150804
7500,2025-11,T1,vandalism,52.182558,0.154619
7501,2025-11,T1,physical assault,52.182558,0.154619
7502,2025-11,T1,harassment,52.182558,0.154619
7503,2025-11,T1,physical assault,52.183856,0.157915
7504,2025-11,T1,physical assault,52.183754,0.155116
7505,2025-11,T1,physical assault,52.178683,0.153145
7506,2025-11,T1,physical assault,52.178683,0.153145
7507,2025-11,T1,suspicious activity,52.186736,0.137529
7508,2025-11,T1,suspicious activity,52.186995,0.141565
7509,2025-11,T1,suspicious activity,52.186198,0.139434
7510,2025-11,T1,physical assault,52.187291,0.141637
7511,2025-11,T1,physical assault,52.187291,0.141637
7512,2025-11,T1,physical assault,52.187946,0.140206
7513,2025-11,T1,physical assault,52.187946,0.140206
7514,2025-11,T1,robbery,52.198821,0.129592
7515,2025-11,T1,physical assault,52.19605,0.125685
7516,2025-11,T1,physical assault,52.197767,0.127669
7517,2025-11,T1,physical assault,52.195795,0.12737
7518,2025-11,T1,suspicious activity,52.193771,0.13535
7519,2025-11,T1,suspicious activity,52.192245,0.134706
7520,2025-11,T1,suspicious activity,52.193771,0.13535
7521,2025-11,T1,physical assault,52.193527,0.133422
7522,2025-11,T1,physical assault,52.193527,0.133422
7523,2025-11,T1,harassment,52.192353,0.134003
7524,2025-11,T1,harassment,52.192245,0.134706
7525,2025-11,T1,harassment,52.193771,0.13535
7526,2025-11,T1,physical assault,52.194644,0.134338
7527,2025-11,T1,physical assault,52.192353,0.134003
7528,2025-11,T1,physical assault,52.190238,0.132796
7529,2025-11,T1,physical assault,52.192353,0.134003
7530,2025-11,T1,physical assault,52.193527,0.133422
7531,2025-11,T1,physical assault,52.192245,0.134706
7532,2025-11,T1,physical assault,52.190238,0.132796
7533,2025-11,T1,physical assault,52.193771,0.13535
7534,2025-11,T1,physical assault,52.192245,0.134706
7535,2025-11,T1,suspicious activity,52.190552,0.12788
7536,2025-11,T1,harassment,52.189948,0.13148
7537,2025-11,T1,physical assault,52.189948,0.13148
7538,2025-11,T1,physical assault,52.189948,0.13148
7539,2025-11,T1,harassment,52.183303,0.121975
7540,2025-11,T1,physical assault,52.19032,0.119793
7541,2025-11,T1,physical assault,52.189058,0.121986
7542,2025-11,T1,physical assault,52.188999,0.127718
7543,2025-11,T1,vandalism,52.1793,0.120556
7544,2025-11,T1,suspicious activity,52.180619,0.116713
7545,2025-11,T1,suspicious activity,52.231107,0.117328
7546,2025-11,T1,suspicious activity,52.228766,0.115957
7547,2025-11,T1,vandalism,52.231107,0.117328
7548,2025-11,T1,physical assault,52.224518,0.16135
7549,2025-11,T1,physical assault,52.224518,0.16135
7550,2025-11,T1,physical assault,52.224518,0.16135
7551,2025-11,T1,suspicious activity,52.230662,0.086247
7552,2025-11,T1,vandalism,52.228585,0.09539
7553,2025-11,T1,vandalism,52.228585,0.09539
7554,2025-11,T1,vandalism,52.228585,0.09539
7555,2025-11,T1,harassment,52.225875,0.089493
7556,2025-11,T1,harassment,52.229811,0.080467
7557,2025-11,T1,physical assault,52.225451,0.08653
7558,2025-12,T1,vandalism,52.228065,0.133437
7559,2025-12,T1,vandalism,52.228065,0.133437
7560,2025-12,T1,physical assault,52.228813,0.13132
7561,2025-12,T1,physical assault,52.23006,0.128525
7562,2025-12,T1,physical assault,52.228813,0.13132
7563,2025-12,T1,physical assault,52.22843,0.136618
7564,2025-12,T1,physical assault,52.22843,0.136618
7565,2025-12,T1,suspicious activity,52.227077,0.145491
7566,2025-12,T1,vandalism,52.227077,0.145491
7567,2025-12,T1,harassment,52.227077,0.145491
7568,2025-12,T1,physical assault,52.227077,0.145491
7569,2025-12,T1,physical assault,52.227077,0.145491
7570,2025-12,T1,physical assault,52.227325,0.138556
7571,2025-12,T1,physical assault,52.224435,0.138754
7572,2025-12,T1,suspicious activity,52.229847,0.140317
7573,2025-12,T1,physical assault,52.22783,0.137482
7574,2025-12,T1,physical assault,52.225263,0.136217
7575,2025-12,T1,physical assault,52.228238,0.138278
7576,2025-12,T1,physical assault,52.225263,0.136217
7577,2025-12,T1,suspicious activity,52.22505,0.127114
7578,2025-12,T1,harassment,52.22505,0.127114
7579,2025-12,T1,physical assault,52.229677,0.122341
7580,2025-12,T1,physical assault,52.22505,0.127114
7581,2025-12,T1,physical assault,52.229677,0.122341
7582,2025-12,T1,physical assault,52.22505,0.127114
7583,2025-12,T1,physical assault,52.229139,0.123238
7584,2025-12,T1,physical assault,52.228854,0.126095
7585,2025-12,T1,physical assault,52.228148,0.128843
7586,2025-12,T1,physical assault,52.231199,0.127173
7587,2025-12,T1,physical assault,52.231282,0.128583
7588,2025-12,T1,harassment,52.230652,0.137046
7589,2025-12,T1,harassment,52.231944,0.137211
7590,2025-12,T1,harassment,52.231944,0.137211
7591,2025-12,T1,physical assault,52.231536,0.136401
7592,2025-12,T1,physical assault,52.230896,0.137483
7593,2025-12,T1,physical assault,52.231944,0.137211
7594,2025-12,T1,physical assault,52.231536,0.136401
7595,2025-12,T1,physical assault,52.230652,0.137046
7596,2025-12,T1,suspicious activity,52.220294,0.111339
7597,2025-12,T1,suspicious activity,52.218365,0.116312
7598,2025-12,T1,suspicious activity,52.218443,0.117472
7599,2025-12,T1,suspicious activity,52.219497,0.111388
7600,2025-12,T1,suspicious activity,52.216568,0.113723
7601,2025-12,T1,suspicious activity,52.217209,0.114588
7602,2025-12,T1,suspicious activity,52.216568,0.113723
7603,2025-12,T1,physical assault,52.217209,0.114588
7604,2025-12,T1,physical assault,52.219314,0.110766
7605,2025-12,T1,physical assault,52.216568,0.113723
7606,2025-12,T1,physical assault,52.216568,0.113723
7607,2025-12,T1,physical assault,52.216568,0.113723
7608,2025-12,T1,suspicious activity,52.211545,0.116061
7609,2025-12,T1,robbery,52.215176,0.113657
7610,2025-12,T1,physical assault,52.215346,0.117691
7611,2025-12,T1,suspicious activity,52.225144,0.115858
7612,2025-12,T1,physical assault,52.225144,0.115858
7613,2025-12,T1,physical assault,52.229536,0.11062
7614,2025-12,T1,physical assault,52.226059,0.116502
7615,2025-12,T1,physical assault,52.229536,0.11062
7616,2025-12,T1,suspicious activity,52.230061,0.11915
7617,2025-12,T1,physical assault,52.224434,0.118841
7618,2025-12,T1,suspicious activity,52.220331,0.115
7619,2025-12,T1,suspicious activity,52.22219,0.118148
7620,2025-12,T1,suspicious activity,52.22219,0.118148
7621,2025-12,T1,physical assault,52.223028,0.112522
7622,2025-12,T1,physical assault,52.223014,0.118817
7623,2025-12,T1,physical assault,52.220331,0.115
7624,2025-12,T1,physical assault,52.22219,0.118148
7625,2025-12,T1,physical assault,52.220712,0.11329
7626,2025-12,T1,physical assault,52.223028,0.112522
7627,2025-12,T1,physical assault,52.223028,0.112522
7628,2025-12,T1,physical assault,52.220712,0.11329
7629,2025-12,T1,physical assault,52.22219,0.118148
7630,2025-12,T1,physical assault,52.223028,0.112522
7631,2025-12,T1,suspicious activity,52.225339,0.124565
7632,2025-12,T1,vandalism,52.225173,0.125245
7633,2025-12,T1,physical assault,52.223429,0.120272
7634,2025-12,T1,physical assault,52.224197,0.122065
7635,2025-12,T1,physical assault,52.225173,0.125245
7636,2025-12,T1,suspicious activity,52.22584,0.151487
7637,2025-12,T1,suspicious activity,52.225899,0.149704
7638,2025-12,T1,suspicious activity,52.225899,0.149704
7639,2025-12,T1,physical assault,52.225899,0.149704
7640,2025-12,T1,physical assault,52.22601,0.153501
7641,2025-12,T1,physical assault,52.223713,0.148848
7642,2025-12,T1,physical assault,52.223416,0.15178
7643,2025-12,T1,physical assault,52.224234,0.147354
7644,2025-12,T1,physical assault,52.223718,0.151487
7645,2025-12,T1,physical assault,52.225899,0.149704
7646,2025-12,T1,physical assault,52.225899,0.149704
7647,2025-12,T1,suspicious activity,52.219484,0.150419
7648,2025-12,T1,suspicious activity,52.221665,0.156556
7649,2025-12,T1,vandalism,52.222426,0.156256
7650,2025-12,T1,harassment,52.22122,0.157764
7651,2025-12,T1,physical assault,52.222808,0.153039
7652,2025-12,T1,physical assault,52.222089,0.149563
7653,2025-12,T1,physical assault,52.22122,0.157764
7654,2025-12,T1,physical assault,52.221957,0.15925
7655,2025-12,T1,physical assault,52.222089,0.149563
7656,2025-12,T1,physical assault,52.222089,0.149563
7657,2025-12,T1,physical assault,52.222089,0.149563
7658,2025-12,T1,physical assault,52.222808,0.153039
7659,2025-12,T1,suspicious activity,52.217847,0.134119
7660,2025-12,T1,harassment,52.218913,0.136805
7661,2025-12,T1,harassment,52.218913,0.136805
7662,2025-12,T1,robbery,52.220584,0.136387
7663,2025-12,T1,physical assault,52.222276,0.144228
7664,2025-12,T1,physical assault,52.222276,0.144228
7665,2025-12,T1,physical assault,52.220584,0.136387
7666,2025-12,T1,physical assault,52.2216,0.143844
7667,2025-12,T1,physical assault,52.2216,0.143844
7668,2025-12,T1,physical assault,52.222276,0.144228
7669,2025-12,T1,physical assault,52.218913,0.136805
7670,2025-12,T1,physical assault,52.22089,0.141848
7671,2025-12,T1,physical assault,52.222276,0.144228
7672,2025-12,T1,physical assault,52.222276,0.144228
7673,2025-12,T1,physical assault,52.222276,0.144228
7674,2025-12,T1,physical assault,52.222276,0.144228
7675,2025-12,T1,suspicious activity,52.220209,0.143177
7676,2025-12,T1,suspicious activity,52.220733,0.147492
7677,2025-12,T1,vandalism,52.220209,0.143177
7678,2025-12,T1,physical assault,52.223197,0.145517
7679,2025-12,T1,physical assault,52.223197,0.145517
7680,2025-12,T1,physical assault,52.220733,0.147492
7681,2025-12,T1,physical assault,52.222762,0.14472
7682,2025-12,T1,physical assault,52.223197,0.145517
7683,2025-12,T1,physical assault,52.220733,0.147492
7684,2025-12,T1,suspicious activity,52.217688,0.143363
7685,2025-12,T1,suspicious activity,52.212386,0.13775
7686,2025-12,T1,suspicious activity,52.215551,0.140699
7687,2025-12,T1,vandalism,52.216845,0.142283
7688,2025-12,T1,suspicious activity,52.218054,0.144493
7689,2025-12,T1,suspicious activity,52.219051,0.14706
7690,2025-12,T1,suspicious activity,52.218054,0.144493
7691,2025-12,T1,suspicious activity,52.219051,0.14706
7692,2025-12,T1,suspicious activity,52.219051,0.14706
7693,2025-12,T1,suspicious activity,52.218054,0.144493
7694,2025-12,T1,vandalism,52.218027,0.142545
7695,2025-12,T1,vandalism,52.217287,0.140211
7696,2025-12,T1,vandalism,52.215574,0.137201
7697,2025-12,T1,harassment,52.218876,0.146788
7698,2025-12,T1,harassment,52.217287,0.140211
7699,2025-12,T1,robbery,52.218054,0.144493
7700,2025-12,T1,physical assault,52.218054,0.144493
7701,2025-12,T1,physical assault,52.217651,0.140946
7702,2025-12,T1,physical assault,52.219051,0.14706
7703,2025-12,T1,physical assault,52.218876,0.146788
7704,2025-12,T1,physical assault,52.217287,0.140211
7705,2025-12,T1,physical assault,52.219051,0.14706
7706,2025-12,T1,physical assault,52.217651,0.140946
7707,2025-12,T1,physical assault,52.217889,0.140694
7708,2025-12,T1,physical assault,52.218054,0.144493
7709,2025-12,T1,physical assault,52.218965,0.144332
7710,2025-12,T1,physical assault,52.219051,0.14706
7711,2025-12,T1,suspicious activity,52.220903,0.129712
7712,2025-12,T1,suspicious activity,52.220903,0.129712
7713,2025-12,T1,vandalism,52.219663,0.123635
7714,2025-12,T1,harassment,52.222028,0.128624
7715,2025-12,T1,suspicious activity,52.219264,0.132298
7716,2025-12,T1,suspicious activity,52.219264,0.132298
7717,2025-12,T1,suspicious activity,52.217347,0.131913
7718,2025-12,T1,suspicious activity,52.219264,0.132298
7719,2025-12,T1,suspicious activity,52.215762,0.13254
7720,2025-12,T1,suspicious activity,52.219264,0.132298
7721,2025-12,T1,robbery,52.215475,0.134488
7722,2025-12,T1,physical assault,52.215762,0.13254
7723,2025-12,T1,physical assault,52.219264,0.132298
7724,2025-12,T1,physical assault,52.215762,0.13254
7725,2025-12,T1,physical assault,52.219264,0.132298
7726,2025-12,T1,suspicious activity,52.218793,0.119055
7727,2025-12,T1,vandalism,52.214919,0.123424
7728,2025-12,T1,vandalism,52.218793,0.119055
7729,2025-12,T1,vandalism,52.213852,0.125803
7730,2025-12,T1,harassment,52.214999,0.127497
7731,2025-12,T1,harassment,52.214999,0.127497
7732,2025-12,T1,harassment,52.214705,0.124822
7733,2025-12,T1,harassment,52.214032,0.1218
7734,2025-12,T1,harassment,52.214032,0.1218
7735,2025-12,T1,physical assault,52.218793,0.119055
7736,2025-12,T1,physical assault,52.218793,0.119055
7737,2025-12,T1,suspicious activity,52.211258,0.133993
7738,2025-12,T1,vandalism,52.212891,0.128714
7739,2025-12,T1,physical assault,52.212797,0.129939
7740,2025-12,T1,physical assault,52.212891,0.128714
7741,2025-12,T1,physical assault,52.212335,0.136079
7742,2025-12,T1,physical assault,52.225017,0.111943
7743,2025-12,T1,physical assault,52.225017,0.111943
7744,2025-12,T1,suspicious activity,52.221597,0.105075
7745,2025-12,T1,suspicious activity,52.224616,0.097619
7746,2025-12,T1,harassment,52.221597,0.105075
7747,2025-12,T1,physical assault,52.22512,0.098594
7748,2025-12,T1,physical assault,52.22512,0.098594
7749,2025-12,T1,physical assault,52.22512,0.098594
7750,2025-12,T1,physical assault,52.218028,0.08627
7751,2025-12,T1,suspicious activity,52.218251,0.103116
7752,2025-12,T1,suspicious activity,52.212073,0.11269
7753,2025-12,T1,suspicious activity,52.210486,0.113434
7754,2025-12,T1,suspicious activity,52.210486,0.113434
7755,2025-12,T1,physical assault,52.206444,0.118219
7756,2025-12,T1,physical assault,52.206444,0.118219
7757,2025-12,T1,physical assault,52.217454,0.106445
7758,2025-12,T1,suspicious activity,52.208484,0.141193
7759,2025-12,T1,suspicious activity,52.209787,0.145932
7760,2025-12,T1,suspicious activity,52.208484,0.141193
7761,2025-12,T1,suspicious activity,52.211411,0.143427
7762,2025-12,T1,suspicious activity,52.210714,0.137202
7763,2025-12,T1,suspicious activity,52.212101,0.142553
7764,2025-12,T1,harassment,52.211411,0.143427
7765,2025-12,T1,physical assault,52.208484,0.141193
7766,2025-12,T1,physical assault,52.208484,0.141193
7767,2025-12,T1,physical assault,52.209815,0.139164
7768,2025-12,T1,physical assault,52.209787,0.145932
7769,2025-12,T1,physical assault,52.208577,0.143978
7770,2025-12,T1,physical assault,52.208484,0.141193
7771,2025-12,T1,physical assault,52.211411,0.143427
7772,2025-12,T1,robbery,52.21731,0.162113
7773,2025-12,T1,suspicious activity,52.208923,0.155075
7774,2025-12,T1,suspicious activity,52.211583,0.157649
7775,2025-12,T1,suspicious activity,52.215859,0.158354
7776,2025-12,T1,suspicious activity,52.213279,0.146503
7777,2025-12,T1,suspicious activity,52.211583,0.157649
7778,2025-12,T1,vandalism,52.213211,0.147773
7779,2025-12,T1,harassment,52.211711,0.147203
7780,2025-12,T1,physical assault,52.211711,0.147203
7781,2025-12,T1,physical assault,52.214904,0.158483
7782,2025-12,T1,physical assault,52.21548,0.156491
7783,2025-12,T1,physical assault,52.215389,0.155535
7784,2025-12,T1,physical assault,52.214904,0.158483
7785,2025-12,T1,physical assault,52.213211,0.147773
7786,2025-12,T1,physical assault,52.215389,0.155535
7787,2025-12,T1,physical assault,52.214904,0.158483
7788,2025-12,T1,suspicious activity,52.213238,0.163042
7789,2025-12,T1,suspicious activity,52.210265,0.158404
7790,2025-12,T1,suspicious activity,52.213238,0.163042
7791,2025-12,T1,vandalism,52.213238,0.163042
7792,2025-12,T1,physical assault,52.215226,0.162466
7793,2025-12,T1,harassment,52.213238,0.163042
7794,2025-12,T1,harassment,52.210265,0.158404
7795,2025-12,T1,harassment,52.213238,0.163042
7796,2025-12,T1,physical assault,52.213238,0.163042
7797,2025-12,T1,physical assault,52.213238,0.163042
7798,2025-12,T1,physical assault,52.210265,0.158404
7799,2025-12,T1,suspicious activity,52.209934,0.162238
7800,2025-12,T1,suspicious activity,52.209934,0.162238
7801,2025-12,T1,physical assault,52.209925,0.165209
7802,2025-12,T1,physical assault,52.209925,0.165209
7803,2025-12,T1,physical assault,52.209934,0.162238
7804,2025-12,T1,physical assault,52.209934,0.162238
7805,2025-12,T1,physical assault,52.209925,0.165209
7806,2025-12,T1,suspicious activity,52.206593,0.133474
7807,2025-12,T1,suspicious activity,52.205896,0.131175
7808,2025-12,T1,suspicious activity,52.2078,0.133798
7809,2025-12,T1,suspicious activity,52.204725,0.127796
7810,2025-12,T1,suspicious activity,52.206982,0.136218
7811,2025-12,T1,vandalism,52.204704,0.131425
7812,2025-12,T1,vandalism,52.207109,0.135185
7813,2025-12,T1,vandalism,52.207489,0.1321
7814,2025-12,T1,vandalism,52.204725,0.127796
7815,2025-12,T1,harassment,52.210274,0.136668
7816,2025-12,T1,harassment,52.206907,0.130462
7817,2025-12,T1,robbery,52.204725,0.127796
7818,2025-12,T1,physical assault,52.206593,0.133474
7819,2025-12,T1,physical assault,52.204725,0.127796
7820,2025-12,T1,physical assault,52.206593,0.133474
7821,2025-12,T1,physical assault,52.206907,0.130462
7822,2025-12,T1,physical assault,52.206053,0.128914
7823,2025-12,T1,physical assault,52.206593,0.133474
7824,2025-12,T1,physical assault,52.204725,0.127796
7825,2025-12,T1,physical assault,52.206907,0.130462
7826,2025-12,T1,suspicious activity,52.195769,0.102215
7827,2025-12,T1,physical assault,52.198353,0.112581
7828,2025-12,T1,physical assault,52.194447,0.10726
7829,2025-12,T1,suspicious activity,52.206447,0.120517
7830,2025-12,T1,suspicious activity,52.2055,0.118203
7831,2025-12,T1,suspicious activity,52.20532,0.123983
7832,2025-12,T1,suspicious activity,52.206447,0.120517
7833,2025-12,T1,suspicious activity,52.205622,0.118912
7834,2025-12,T1,suspicious activity,52.205622,0.118912
7835,2025-12,T1,suspicious activity,52.210019,0.117891
7836,2025-12,T1,vandalism,52.205622,0.118912
7837,2025-12,T1,vandalism,52.20532,0.123983
7838,2025-12,T1,harassment,52.205622,0.118912
7839,2025-12,T1,harassment,52.20532,0.123983
7840,2025-12,T1,robbery,52.207111,0.125627
7841,2025-12,T1,physical assault,52.205622,0.118912
7842,2025-12,T1,physical assault,52.208057,0.122042
7843,2025-12,T1,physical assault,52.208907,0.118234
7844,2025-12,T1,physical assault,52.205622,0.118912
7845,2025-12,T1,physical assault,52.205622,0.118912
7846,2025-12,T1,physical assault,52.207515,0.127125
7847,2025-12,T1,physical assault,52.205622,0.118912
7848,2025-12,T1,physical assault,52.205622,0.118912
7849,2025-12,T1,physical assault,52.206447,0.120517
7850,2025-12,T1,physical assault,52.206447,0.120517
7851,2025-12,T1,physical assault,52.208907,0.118234
7852,2025-12,T1,physical assault,52.206447,0.120517
7853,2025-12,T1,physical assault,52.206447,0.120517
7854,2025-12,T1,physical assault,52.207382,0.124074
7855,2025-12,T1,physical assault,52.205622,0.118912
7856,2025-12,T1,physical assault,52.206447,0.120517
7857,2025-12,T1,physical assault,52.207382,0.124074
7858,2025-12,T1,suspicious activity,52.204567,0.10247
7859,2025-12,T1,harassment,52.20903,0.090195
7860,2025-12,T1,physical assault,52.194312,0.097996
7861,2025-12,T1,suspicious activity,52.20533,0.12364
7862,2025-12,T1,suspicious activity,52.203995,0.11838
7863,2025-12,T1,suspicious activity,52.204215,0.121172
7864,2025-12,T1,suspicious activity,52.204812,0.121976
7865,2025-12,T1,suspicious activity,52.204215,0.121172
7866,2025-12,T1,suspicious activity,52.20533,0.12364
7867,2025-12,T1,suspicious activity,52.199366,0.127262
7868,2025-12,T1,suspicious activity,52.204215,0.121172
7869,2025-12,T1,suspicious activity,52.203995,0.11838
7870,2025-12,T1,suspicious activity,52.200939,0.125816
7871,2025-12,T1,suspicious activity,52.203011,0.125622
7872,2025-12,T1,suspicious activity,52.200939,0.125816
7873,2025-12,T1,suspicious activity,52.203523,0.124124
7874,2025-12,T1,suspicious activity,52.204812,0.121976
7875,2025-12,T1,suspicious activity,52.203523,0.124124
7876,2025-12,T1,suspicious activity,52.204215,0.121172
7877,2025-12,T1,suspicious activity,52.203523,0.124124
7878,2025-12,T1,suspicious activity,52.204812,0.121976
7879,2025-12,T1,suspicious activity,52.204372,0.119408
7880,2025-12,T1,suspicious activity,52.203995,0.11838
7881,2025-12,T1,suspicious activity,52.204215,0.121172
7882,2025-12,T1,suspicious activity,52.199366,0.127262
7883,2025-12,T1,vandalism,52.203523,0.124124
7884,2025-12,T1,vandalism,52.204215,0.121172
7885,2025-12,T1,vandalism,52.201421,0.125173
7886,2025-12,T1,vandalism,52.204662,0.125774
7887,2025-12,T1,vandalism,52.203629,0.120719
7888,2025-12,T1,vandalism,52.203995,0.11838
7889,2025-12,T1,vandalism,52.203247,0.130463
7890,2025-12,T1,vandalism,52.203247,0.130463
7891,2025-12,T1,vandalism,52.201421,0.125173
7892,2025-12,T1,vandalism,52.203247,0.130463
7893,2025-12,T1,vandalism,52.203995,0.11838
7894,2025-12,T1,physical assault,52.203523,0.124124
7895,2025-12,T1,harassment,52.203523,0.124124
7896,2025-12,T1,harassment,52.203097,0.121806
7897,2025-12,T1,harassment,52.203247,0.130463
7898,2025-12,T1,harassment,52.203247,0.130463
7899,2025-12,T1,harassment,52.203523,0.124124
7900,2025-12,T1,harassment,52.203523,0.124124
7901,2025-12,T1,harassment,52.204812,0.121976
7902,2025-12,T1,harassment,52.201421,0.125173
7903,2025-12,T1,harassment,52.203247,0.130463
7904,2025-12,T1,harassment,52.203247,0.130463
7905,2025-12,T1,robbery,52.204662,0.125774
7906,2025-12,T1,robbery,52.206311,0.121593
7907,2025-12,T1,physical assault,52.204812,0.121976
7908,2025-12,T1,physical assault,52.203097,0.121806
7909,2025-12,T1,physical assault,52.204372,0.119408
7910,2025-12,T1,physical assault,52.204812,0.121976
7911,2025-12,T1,physical assault,52.20082,0.12941
7912,2025-12,T1,physical assault,52.206311,0.121593
7913,2025-12,T1,physical assault,52.1984,0.121524
7914,2025-12,T1,physical assault,52.204812,0.121976
7915,2025-12,T1,physical assault,52.203523,0.124124
7916,2025-12,T1,physical assault,52.203523,0.124124
7917,2025-12,T1,physical assault,52.204372,0.119408
7918,2025-12,T1,physical assault,52.204812,0.121976
7919,2025-12,T1,physical assault,52.200769,0.119281
7920,2025-12,T1,physical assault,52.204372,0.119408
7921,2025-12,T1,physical assault,52.204372,0.119408
7922,2025-12,T1,physical assault,52.204372,0.119408
7923,2025-12,T1,physical assault,52.203097,0.121806
7924,2025-12,T1,physical assault,52.203523,0.124124
7925,2025-12,T1,physical assault,52.204812,0.121976
7926,2025-12,T1,physical assault,52.203247,0.130463
7927,2025-12,T1,physical assault,52.204812,0.121976
7928,2025-12,T1,physical assault,52.201421,0.125173
7929,2025-12,T1,physical assault,52.201058,0.126172
7930,2025-12,T1,physical assault,52.203523,0.124124
7931,2025-12,T1,physical assault,52.203523,0.124124
7932,2025-12,T1,physical assault,52.204372,0.119408
7933,2025-12,T1,physical assault,52.204372,0.119408
7934,2025-12,T1,physical assault,52.204372,0.119408
7935,2025-12,T1,physical assault,52.203523,0.124124
7936,2025-12,T1,physical assault,52.204372,0.119408
7937,2025-12,T1,physical assault,52.201421,0.125173
7938,2025-12,T1,physical assault,52.203247,0.130463
7939,2025-12,T1,physical assault,52.204372,0.119408
7940,2025-12,T1,physical assault,52.203523,0.124124
7941,2025-12,T1,physical assault,52.204812,0.121976
7942,2025-12,T1,physical assault,52.203247,0.130463
7943,2025-12,T1,physical assault,52.203523,0.124124
7944,2025-12,T1,physical assault,52.204812,0.121976
7945,2025-12,T1,physical assault,52.204177,0.130756
7946,2025-12,T1,physical assault,52.204812,0.121976
7947,2025-12,T1,physical assault,52.203523,0.124124
7948,2025-12,T1,physical assault,52.203247,0.130463
7949,2025-12,T1,physical assault,52.203523,0.124124
7950,2025-12,T1,suspicious activity,52.194769,0.136334
7951,2025-12,T1,suspicious activity,52.195307,0.136419
7952,2025-12,T1,vandalism,52.195544,0.130984
7953,2025-12,T1,physical assault,52.195544,0.130984
7954,2025-12,T1,harassment,52.195793,0.137905
7955,2025-12,T1,harassment,52.195527,0.131235
7956,2025-12,T1,harassment,52.197496,0.135221
7957,2025-12,T1,physical assault,52.195793,0.137905
7958,2025-12,T1,physical assault,52.195307,0.136419
7959,2025-12,T1,physical assault,52.19578,0.134129
7960,2025-12,T1,physical assault,52.197496,0.135221
7961,2025-12,T1,physical assault,52.195793,0.137905
7962,2025-12,T1,vandalism,52.199242,0.135642
7963,2025-12,T1,vandalism,52.199242,0.135642
7964,2025-12,T1,physical assault,52.201568,0.134319
7965,2025-12,T1,harassment,52.200225,0.134986
7966,2025-12,T1,physical assault,52.201889,0.133456
7967,2025-12,T1,physical assault,52.201889,0.133456
7968,2025-12,T1,suspicious activity,52.207758,0.138582
7969,2025-12,T1,suspicious activity,52.206689,0.141487
7970,2025-12,T1,physical assault,52.206006,0.137986
7971,2025-12,T1,physical assault,52.206031,0.138089
7972,2025-12,T1,harassment,52.204478,0.143444
7973,2025-12,T1,harassment,52.202952,0.143254
7974,2025-12,T1,physical assault,52.199586,0.140458
7975,2025-12,T1,physical assault,52.204478,0.143444
7976,2025-12,T1,physical assault,52.205917,0.145402
7977,2025-12,T1,physical assault,52.202952,0.143254
7978,2025-12,T1,physical assault,52.202952,0.143254
7979,2025-12,T1,physical assault,52.199586,0.140458
7980,2025-12,T1,physical assault,52.199586,0.140458
7981,2025-12,T1,physical assault,52.2012,0.140726
7982,2025-12,T1,physical assault,52.199586,0.140458
7983,2025-12,T1,vandalism,52.204696,0.136357
7984,2025-12,T1,physical assault,52.205203,0.135693
7985,2025-12,T1,physical assault,52.204696,0.136357
7986,2025-12,T1,physical assault,52.205203,0.135693
7987,2025-12,T1,physical assault,52.205203,0.135693
7988,2025-12,T1,physical assault,52.203904,0.136875
7989,2025-12,T1,physical assault,52.203355,0.133453
7990,2025-12,T1,physical assault,52.204696,0.136357
7991,2025-12,T1,vandalism,52.203259,0.148654
7992,2025-12,T1,vandalism,52.204486,0.147909
7993,2025-12,T1,vandalism,52.200537,0.148991
7994,2025-12,T1,physical assault,52.20207,0.148758
7995,2025-12,T1,physical assault,52.204133,0.146589
7996,2025-12,T1,physical assault,52.204133,0.146589
7997,2025-12,T1,vandalism,52.198482,0.143814
7998,2025-12,T1,vandalism,52.197608,0.145426
7999,2025-12,T1,vandalism,52.197608,0.145426
8000,2025-12,T1,vandalism,52.197608,0.145426
8001,2025-12,T1,vandalism,52.200938,0.145235
8002,2025-12,T1,harassment,52.197608,0.145426
8003,2025-12,T1,physical assault,52.198482,0.143814
8004,2025-12,T1,physical assault,52.197608,0.145426
8005,2025-12,T1,physical assault,52.197608,0.145426
8006,2025-12,T1,suspicious activity,52.201006,0.156302
8007,2025-12,T1,suspicious activity,52.200648,0.152743
8008,2025-12,T1,harassment,52.198458,0.156998
8009,2025-12,T1,harassment,52.19609,0.155683
8010,2025-12,T1,harassment,52.195573,0.153961
8011,2025-12,T1,physical assault,52.200577,0.15271
8012,2025-12,T1,physical assault,52.199388,0.155799
8013,2025-12,T1,physical assault,52.199388,0.155799
8014,2025-12,T1,physical assault,52.199388,0.155799
8015,2025-12,T1,physical assault,52.201433,0.153103
8016,2025-12,T1,physical assault,52.199388,0.155799
8017,2025-12,T1,physical assault,52.19609,0.155683
8018,2025-12,T1,physical assault,52.195573,0.153961
8019,2025-12,T1,physical assault,52.199388,0.155799
8020,2025-12,T1,robbery,52.198096,0.142815
8021,2025-12,T1,suspicious activity,52.196149,0.14897
8022,2025-12,T1,vandalism,52.196817,0.146895
8023,2025-12,T1,physical assault,52.196102,0.151558
8024,2025-12,T1,physical assault,52.196675,0.143289
8025,2025-12,T1,physical assault,52.196817,0.146895
8026,2025-12,T1,physical assault,52.198344,0.142008
8027,2025-12,T1,physical assault,52.196133,0.149847
8028,2025-12,T1,suspicious activity,52.19056,0.146813
8029,2025-12,T1,physical assault,52.190083,0.152262
8030,2025-12,T1,physical assault,52.190083,0.152262
8031,2025-12,T1,suspicious activity,52.191975,0.15645
8032,2025-12,T1,vandalism,52.19451,0.157977
8033,2025-12,T1,physical assault,52.195457,0.150444
8034,2025-12,T1,harassment,52.187179,0.153219
8035,2025-12,T1,physical assault,52.192391,0.150925
8036,2025-12,T1,physical assault,52.186631,0.153661
8037,2025-12,T1,suspicious activity,52.189233,0.160882
8038,2025-12,T1,vandalism,52.189235,0.158293
8039,2025-12,T1,vandalism,52.189235,0.158293
8040,2025-12,T1,physical assault,52.189235,0.158293
8041,2025-12,T1,physical assault,52.189235,0.158293
8042,2025-12,T1,physical assault,52.189233,0.160882
8043,2025-12,T1,physical assault,52.189235,0.158293
8044,2025-12,T1,physical assault,52.189235,0.158293
8045,2025-12,T1,vandalism,52.192537,0.140456
8046,2025-12,T1,vandalism,52.195126,0.141458
8047,2025-12,T1,vandalism,52.190164,0.136961
8048,2025-12,T1,physical assault,52.190855,0.13701
8049,2025-12,T1,harassment,52.190164,0.136961
8050,2025-12,T1,harassment,52.195126,0.141458
8051,2025-12,T1,physical assault,52.190164,0.136961
8052,2025-12,T1,physical assault,52.191532,0.138842
8053,2025-12,T1,physical assault,52.190164,0.136961
8054,2025-12,T1,physical assault,52.190164,0.136961
8055,2025-12,T1,physical assault,52.191532,0.138842
8056,2025-12,T1,physical assault,52.195126,0.141458
8057,2025-12,T1,physical assault,52.192367,0.140887
8058,2025-12,T1,physical assault,52.194723,0.140897
8059,2025-12,T1,physical assault,52.192367,0.140887
8060,2025-12,T1,harassment,52.18823,0.146832
8061,2025-12,T1,physical assault,52.190998,0.143001
8062,2025-12,T1,physical assault,52.189542,0.143955
8063,2025-12,T1,physical assault,52.188904,0.1429
8064,2025-12,T1,physical assault,52.189542,0.143955
8065,2025-12,T1,physical assault,52.189412,0.14863
8066,2025-12,T1,physical assault,52.189542,0.143955
8067,2025-12,T1,physical assault,52.189412,0.14863
8068,2025-12,T1,suspicious activity,52.184937,0.160235
8069,2025-12,T1,suspicious activity,52.184937,0.160235
8070,2025-12,T1,suspicious activity,52.190226,0.165568
8071,2025-12,T1,suspicious activity,52.184937,0.160235
8072,2025-12,T1,vandalism,52.190226,0.165568
8073,2025-12,T1,physical assault,52.190226,0.165568
8074,2025-12,T1,physical assault,52.187422,0.162067
8075,2025-12,T1,suspicious activity,52.18108,0.151842
8076,2025-12,T1,suspicious activity,52.18108,0.151842
8077,2025-12,T1,suspicious activity,52.18108,0.151842
8078,2025-12,T1,suspicious activity,52.185163,0.152814
8079,2025-12,T1,suspicious activity,52.185163,0.152814
8080,2025-12,T1,vandalism,52.18108,0.151842
8081,2025-12,T1,vandalism,52.184097,0.149135
8082,2025-12,T1,physical assault,52.18108,0.151842
8083,2025-12,T1,physical assault,52.18108,0.151842
8084,2025-12,T1,suspicious activity,52.183754,0.155116
8085,2025-12,T1,vandalism,52.183754,0.155116
8086,2025-12,T1,harassment,52.183754,0.155116
8087,2025-12,T1,physical assault,52.183754,0.155116
8088,2025-12,T1,physical assault,52.183754,0.155116
8089,2025-12,T1,suspicious activity,52.188097,0.137317
8090,2025-12,T1,harassment,52.188097,0.137317
8091,2025-12,T1,harassment,52.18739,0.134664
8092,2025-12,T1,suspicious activity,52.180875,0.133942
8093,2025-12,T1,suspicious activity,52.19605,0.125685
8094,2025-12,T1,physical assault,52.198821,0.129592
8095,2025-12,T1,physical assault,52.198223,0.124823
8096,2025-12,T1,physical assault,52.194897,0.123303
8097,2025-12,T1,physical assault,52.198223,0.124823
8098,2025-12,T1,physical assault,52.19676,0.129172
8099,2025-12,T1,physical assault,52.199179,0.130648
8100,2025-12,T1,suspicious activity,52.193225,0.136216
8101,2025-12,T1,suspicious activity,52.193527,0.133422
8102,2025-12,T1,suspicious activity,52.193225,0.136216
8103,2025-12,T1,suspicious activity,52.193225,0.136216
8104,2025-12,T1,harassment,52.194644,0.134338
8105,2025-12,T1,robbery,52.193771,0.13535
8106,2025-12,T1,robbery,52.194644,0.134338
8107,2025-12,T1,physical assault,52.193527,0.133422
8108,2025-12,T1,physical assault,52.193771,0.13535
8109,2025-12,T1,physical assault,52.192245,0.134706
8110,2025-12,T1,physical assault,52.194644,0.134338
8111,2025-12,T1,physical assault,52.194644,0.134338
8112,2025-12,T1,suspicious activity,52.191793,0.128379
8113,2025-12,T1,harassment,52.183303,0.121975
8114,2025-12,T1,physical assault,52.191089,0.124029
8115,2025-12,T1,suspicious activity,52.180619,0.116713
8116,2025-12,T1,physical assault,52.231107,0.117328
8117,2025-12,T1,physical assault,52.229463,0.115229
8118,2025-12,T1,physical assault,52.229245,0.116361
8119,2025-12,T1,physical assault,52.231035,0.116314
8120,2025-12,T1,physical assault,52.229245,0.116361
8121,2025-12,T1,physical assault,52.229991,0.115357
8122,2025-12,T1,physical assault,52.228766,0.115957
8123,2025-12,T1,vandalism,52.224518,0.16135
8124,2025-12,T1,physical assault,52.224518,0.16135
8125,2025-12,T1,physical assault,52.224518,0.16135
8126,2025-12,T1,physical assault,52.224155,0.16249
8127,2025-12,T1,physical assault,52.224155,0.16249
8128,2025-12,T1,physical assault,52.224518,0.16135
8129,2025-12,T1,vandalism,52.223637,0.091452
8130,2026-01,T2,physical assault,52.230535,0.130114
8131,2026-01,T2,physical assault,52.22843,0.136618
8132,2026-01,T2,physical assault,52.228813,0.13132
8133,2026-01,T2,physical assault,52.226808,0.133816
8134,2026-01,T2,physical assault,52.22843,0.136618
8135,2026-01,T2,physical assault,52.228813,0.13132
8136,2026-01,T2,physical assault,52.230579,0.132166
8137,2026-01,T2,physical assault,52.226808,0.133816
8138,2026-01,T2,physical assault,52.230535,0.130114
8139,2026-01,T2,physical assault,52.228813,0.13132
8140,2026-01,T2,suspicious activity,52.227077,0.145491
8141,2026-01,T2,vandalism,52.229939,0.143646
8142,2026-01,T2,harassment,52.227077,0.145491
8143,2026-01,T2,harassment,52.227077,0.145491
8144,2026-01,T2,harassment,52.227734,0.142764
8145,2026-01,T2,harassment,52.227077,0.145491
8146,2026-01,T2,harassment,52.227077,0.145491
8147,2026-01,T2,harassment,52.227077,0.145491
8148,2026-01,T2,physical assault,52.227734,0.142764
8149,2026-01,T2,suspicious activity,52.228238,0.138278
8150,2026-01,T2,suspicious activity,52.230802,0.135223
8151,2026-01,T2,vandalism,52.226786,0.139511
8152,2026-01,T2,vandalism,52.230802,0.135223
8153,2026-01,T2,vandalism,52.226786,0.139511
8154,2026-01,T2,physical assault,52.225454,0.139579
8155,2026-01,T2,physical assault,52.225699,0.13697
8156,2026-01,T2,physical assault,52.225454,0.139579
8157,2026-01,T2,physical assault,52.22783,0.137482
8158,2026-01,T2,physical assault,52.22783,0.137482
8159,2026-01,T2,physical assault,52.225263,0.136217
8160,2026-01,T2,physical assault,52.228238,0.138278
8161,2026-01,T2,physical assault,52.230802,0.135223
8162,2026-01,T2,physical assault,52.228238,0.138278
8163,2026-01,T2,physical assault,52.228238,0.138278
8164,2026-01,T2,physical assault,52.228238,0.138278
8165,2026-01,T2,physical assault,52.225454,0.139579
8166,2026-01,T2,suspicious activity,52.22505,0.127114
8167,2026-01,T2,suspicious activity,52.22584,0.126654
8168,2026-01,T2,vandalism,52.229139,0.123238
8169,2026-01,T2,robbery,52.22584,0.126654
8170,2026-01,T2,physical assault,52.229139,0.123238
8171,2026-01,T2,physical assault,52.229139,0.123238
8172,2026-01,T2,physical assault,52.22505,0.127114
8173,2026-01,T2,physical assault,52.229139,0.123238
8174,2026-01,T2,physical assault,52.22505,0.127114
8175,2026-01,T2,physical assault,52.22505,0.127114
8176,2026-01,T2,physical assault,52.22505,0.127114
8177,2026-01,T2,physical assault,52.229139,0.123238
8178,2026-01,T2,physical assault,52.22505,0.127114
8179,2026-01,T2,physical assault,52.22505,0.127114
8180,2026-01,T2,suspicious activity,52.230376,0.12646
8181,2026-01,T2,physical assault,52.231199,0.127173
8182,2026-01,T2,physical assault,52.230376,0.12646
8183,2026-01,T2,physical assault,52.230376,0.12646
8184,2026-01,T2,physical assault,52.231282,0.128583
8185,2026-01,T2,suspicious activity,52.230652,0.137046
8186,2026-01,T2,harassment,52.230652,0.137046
8187,2026-01,T2,physical assault,52.230652,0.137046
8188,2026-01,T2,physical assault,52.230896,0.137483
8189,2026-01,T2,physical assault,52.230987,0.129477
8190,2026-01,T2,suspicious activity,52.217209,0.114588
8191,2026-01,T2,suspicious activity,52.218443,0.117472
8192,2026-01,T2,suspicious activity,52.217209,0.114588
8193,2026-01,T2,physical assault,52.220294,0.111339
8194,2026-01,T2,harassment,52.220294,0.111339
8195,2026-01,T2,physical assault,52.216568,0.113723
8196,2026-01,T2,physical assault,52.220294,0.111339
8197,2026-01,T2,physical assault,52.219497,0.111388
8198,2026-01,T2,physical assault,52.216568,0.113723
8199,2026-01,T2,physical assault,52.215335,0.112274
8200,2026-01,T2,suspicious activity,52.215176,0.113657
8201,2026-01,T2,suspicious activity,52.215176,0.113657
8202,2026-01,T2,harassment,52.215021,0.11526
8203,2026-01,T2,harassment,52.214207,0.118515
8204,2026-01,T2,physical assault,52.215176,0.113657
8205,2026-01,T2,physical assault,52.215176,0.113657
8206,2026-01,T2,physical assault,52.227584,0.114715
8207,2026-01,T2,harassment,52.228945,0.110504
8208,2026-01,T2,physical assault,52.228161,0.111111
8209,2026-01,T2,physical assault,52.227584,0.114715
8210,2026-01,T2,physical assault,52.228945,0.110504
8211,2026-01,T2,physical assault,52.228161,0.111111
8212,2026-01,T2,physical assault,52.228161,0.111111
8213,2026-01,T2,physical assault,52.228945,0.110504
8214,2026-01,T2,physical assault,52.228945,0.110504
8215,2026-01,T2,physical assault,52.229536,0.11062
8216,2026-01,T2,suspicious activity,52.230061,0.11915
8217,2026-01,T2,suspicious activity,52.228415,0.119484
8218,2026-01,T2,suspicious activity,52.224434,0.118841
8219,2026-01,T2,vandalism,52.226817,0.12137
8220,2026-01,T2,vandalism,52.224434,0.118841
8221,2026-01,T2,harassment,52.226546,0.122397
8222,2026-01,T2,robbery,52.226817,0.12137
8223,2026-01,T2,physical assault,52.228415,0.119484
8224,2026-01,T2,physical assault,52.224434,0.118841
8225,2026-01,T2,physical assault,52.228415,0.119484
8226,2026-01,T2,physical assault,52.22818,0.118053
8227,2026-01,T2,physical assault,52.226546,0.122397
8228,2026-01,T2,physical assault,52.228415,0.119484
8229,2026-01,T2,physical assault,52.22818,0.118053
8230,2026-01,T2,physical assault,52.230061,0.11915
8231,2026-01,T2,physical assault,52.22626,0.119806
8232,2026-01,T2,physical assault,52.227524,0.122019
8233,2026-01,T2,physical assault,52.228415,0.119484
8234,2026-01,T2,suspicious activity,52.219596,0.113867
8235,2026-01,T2,physical assault,52.223028,0.112522
8236,2026-01,T2,harassment,52.223014,0.118817
8237,2026-01,T2,harassment,52.223014,0.118817
8238,2026-01,T2,harassment,52.223014,0.118817
8239,2026-01,T2,harassment,52.223014,0.118817
8240,2026-01,T2,physical assault,52.223028,0.112522
8241,2026-01,T2,physical assault,52.223028,0.112522
8242,2026-01,T2,physical assault,52.224082,0.112909
8243,2026-01,T2,physical assault,52.220331,0.115
8244,2026-01,T2,physical assault,52.220331,0.115
8245,2026-01,T2,physical assault,52.219596,0.113867
8246,2026-01,T2,physical assault,52.224082,0.112909
8247,2026-01,T2,physical assault,52.220331,0.115
8248,2026-01,T2,physical assault,52.223028,0.112522
8249,2026-01,T2,physical assault,52.22219,0.118148
8250,2026-01,T2,physical assault,52.220331,0.115
8251,2026-01,T2,physical assault,52.219596,0.113867
8252,2026-01,T2,physical assault,52.220331,0.115
8253,2026-01,T2,suspicious activity,52.224961,0.119583
8254,2026-01,T2,suspicious activity,52.225173,0.125245
8255,2026-01,T2,physical assault,52.223662,0.119273
8256,2026-01,T2,physical assault,52.224961,0.119583
8257,2026-01,T2,suspicious activity,52.225275,0.152368
8258,2026-01,T2,suspicious activity,52.22584,0.151487
8259,2026-01,T2,suspicious activity,52.225275,0.152368
8260,2026-01,T2,suspicious activity,52.222864,0.149015
8261,2026-01,T2,suspicious activity,52.225275,0.152368
8262,2026-01,T2,suspicious activity,52.225275,0.152368
8263,2026-01,T2,vandalism,52.227638,0.14806
8264,2026-01,T2,robbery,52.227638,0.14806
8265,2026-01,T2,physical assault,52.225899,0.149704
8266,2026-01,T2,physical assault,52.223718,0.151487
8267,2026-01,T2,physical assault,52.224728,0.14688
8268,2026-01,T2,physical assault,52.225899,0.149704
8269,2026-01,T2,physical assault,52.226291,0.145945
8270,2026-01,T2,physical assault,52.227778,0.151727
8271,2026-01,T2,suspicious activity,52.222426,0.156256
8272,2026-01,T2,suspicious activity,52.222426,0.156256
8273,2026-01,T2,vandalism,52.221665,0.156556
8274,2026-01,T2,harassment,52.222089,0.149563
8275,2026-01,T2,physical assault,52.222957,0.152255
8276,2026-01,T2,physical assault,52.220094,0.152
8277,2026-01,T2,physical assault,52.220094,0.152
8278,2026-01,T2,physical assault,52.220094,0.152
8279,2026-01,T2,vandalism,52.218889,0.134652
8280,2026-01,T2,robbery,52.218903,0.133876
8281,2026-01,T2,physical assault,52.220584,0.136387
8282,2026-01,T2,physical assault,52.218889,0.134652
8283,2026-01,T2,physical assault,52.221307,0.141166
8284,2026-01,T2,physical assault,52.222276,0.144228
8285,2026-01,T2,physical assault,52.222276,0.144228
8286,2026-01,T2,physical assault,52.222762,0.14472
8287,2026-01,T2,physical assault,52.222762,0.14472
8288,2026-01,T2,physical assault,52.220733,0.147492
8289,2026-01,T2,physical assault,52.220733,0.147492
8290,2026-01,T2,suspicious activity,52.212386,0.13775
8291,2026-01,T2,suspicious activity,52.212386,0.13775
8292,2026-01,T2,suspicious activity,52.213353,0.141218
8293,2026-01,T2,physical assault,52.213353,0.141218
8294,2026-01,T2,physical assault,52.213353,0.141218
8295,2026-01,T2,physical assault,52.213353,0.141218
8296,2026-01,T2,physical assault,52.217688,0.143363
8297,2026-01,T2,physical assault,52.212162,0.138208
8298,2026-01,T2,physical assault,52.213202,0.136897
8299,2026-01,T2,suspicious activity,52.217287,0.140211
8300,2026-01,T2,suspicious activity,52.218054,0.144493
8301,2026-01,T2,suspicious activity,52.218965,0.144332
8302,2026-01,T2,suspicious activity,52.218054,0.144493
8303,2026-01,T2,suspicious activity,52.218054,0.144493
8304,2026-01,T2,vandalism,52.217889,0.140694
8305,2026-01,T2,harassment,52.218054,0.144493
8306,2026-01,T2,physical assault,52.219051,0.14706
8307,2026-01,T2,physical assault,52.215574,0.137201
8308,2026-01,T2,physical assault,52.218965,0.144332
8309,2026-01,T2,physical assault,52.218965,0.144332
8310,2026-01,T2,physical assault,52.220062,0.149319
8311,2026-01,T2,physical assault,52.218965,0.144332
8312,2026-01,T2,suspicious activity,52.223358,0.132157
8313,2026-01,T2,vandalism,52.220903,0.129712
8314,2026-01,T2,physical assault,52.222028,0.128624
8315,2026-01,T2,suspicious activity,52.215475,0.134488
8316,2026-01,T2,suspicious activity,52.219264,0.132298
8317,2026-01,T2,suspicious activity,52.216773,0.13231
8318,2026-01,T2,harassment,52.219264,0.132298
8319,2026-01,T2,harassment,52.219264,0.132298
8320,2026-01,T2,harassment,52.219264,0.132298
8321,2026-01,T2,harassment,52.219264,0.132298
8322,2026-01,T2,physical assault,52.219264,0.132298
8323,2026-01,T2,physical assault,52.215762,0.13254
8324,2026-01,T2,physical assault,52.216093,0.127637
8325,2026-01,T2,physical assault,52.21818,0.131925
8326,2026-01,T2,suspicious activity,52.218793,0.119055
8327,2026-01,T2,vandalism,52.214536,0.126758
8328,2026-01,T2,vandalism,52.213852,0.125803
8329,2026-01,T2,harassment,52.214705,0.124822
8330,2026-01,T2,harassment,52.214705,0.124822
8331,2026-01,T2,harassment,52.214999,0.127497
8332,2026-01,T2,physical assault,52.218793,0.119055
8333,2026-01,T2,physical assault,52.214999,0.127497
8334,2026-01,T2,physical assault,52.218793,0.119055
8335,2026-01,T2,physical assault,52.214705,0.124822
8336,2026-01,T2,physical assault,52.214999,0.127497
8337,2026-01,T2,physical assault,52.218793,0.119055
8338,2026-01,T2,physical assault,52.218793,0.119055
8339,2026-01,T2,physical assault,52.214999,0.127497
8340,2026-01,T2,physical assault,52.216518,0.123061
8341,2026-01,T2,physical assault,52.216518,0.123061
8342,2026-01,T2,physical assault,52.216518,0.123061
8343,2026-01,T2,physical assault,52.214705,0.124822
8344,2026-01,T2,physical assault,52.214511,0.12014
8345,2026-01,T2,suspicious activity,52.214399,0.129825
8346,2026-01,T2,physical assault,52.212335,0.136079
8347,2026-01,T2,physical assault,52.214399,0.129825
8348,2026-01,T2,physical assault,52.212335,0.136079
8349,2026-01,T2,physical assault,52.214399,0.129825
8350,2026-01,T2,physical assault,52.212891,0.128714
8351,2026-01,T2,physical assault,52.210801,0.133386
8352,2026-01,T2,physical assault,52.225017,0.111943
8353,2026-01,T2,physical assault,52.223434,0.10891
8354,2026-01,T2,suspicious activity,52.22512,0.098594
8355,2026-01,T2,physical assault,52.22294,0.095285
8356,2026-01,T2,harassment,52.223042,0.098613
8357,2026-01,T2,physical assault,52.22512,0.098594
8358,2026-01,T2,physical assault,52.22512,0.098594
8359,2026-01,T2,physical assault,52.22294,0.095285
8360,2026-01,T2,suspicious activity,52.218248,0.088066
8361,2026-01,T2,suspicious activity,52.217193,0.088719
8362,2026-01,T2,suspicious activity,52.207966,0.118072
8363,2026-01,T2,suspicious activity,52.212462,0.109471
8364,2026-01,T2,suspicious activity,52.213316,0.113569
8365,2026-01,T2,vandalism,52.214025,0.111626
8366,2026-01,T2,harassment,52.213098,0.11167
8367,2026-01,T2,physical assault,52.210445,0.115769
8368,2026-01,T2,physical assault,52.218945,0.106516
8369,2026-01,T2,physical assault,52.214627,0.106616
8370,2026-01,T2,physical assault,52.206444,0.118219
8371,2026-01,T2,physical assault,52.217017,0.106732
8372,2026-01,T2,physical assault,52.206444,0.118219
8373,2026-01,T2,suspicious activity,52.208484,0.141193
8374,2026-01,T2,suspicious activity,52.210641,0.142717
8375,2026-01,T2,vandalism,52.21159,0.145456
8376,2026-01,T2,physical assault,52.210641,0.142717
8377,2026-01,T2,physical assault,52.209663,0.141601
8378,2026-01,T2,harassment,52.207891,0.146097
8379,2026-01,T2,harassment,52.207891,0.146097
8380,2026-01,T2,harassment,52.207891,0.146097
8381,2026-01,T2,harassment,52.209787,0.145932
8382,2026-01,T2,physical assault,52.208484,0.141193
8383,2026-01,T2,physical assault,52.209787,0.145932
8384,2026-01,T2,physical assault,52.208484,0.141193
8385,2026-01,T2,physical assault,52.208577,0.143978
8386,2026-01,T2,physical assault,52.211411,0.143427
8387,2026-01,T2,physical assault,52.208484,0.141193
8388,2026-01,T2,physical assault,52.208577,0.143978
8389,2026-01,T2,suspicious activity,52.21731,0.162113
8390,2026-01,T2,suspicious activity,52.21731,0.162113
8391,2026-01,T2,physical assault,52.21731,0.162113
8392,2026-01,T2,physical assault,52.213857,0.164083
8393,2026-01,T2,physical assault,52.21731,0.162113
8394,2026-01,T2,suspicious activity,52.21415,0.146545
8395,2026-01,T2,suspicious activity,52.211583,0.157649
8396,2026-01,T2,suspicious activity,52.215859,0.158354
8397,2026-01,T2,suspicious activity,52.214009,0.14787
8398,2026-01,T2,vandalism,52.21415,0.146545
8399,2026-01,T2,physical assault,52.214012,0.154634
8400,2026-01,T2,physical assault,52.212508,0.15178
8401,2026-01,T2,suspicious activity,52.213238,0.163042
8402,2026-01,T2,suspicious activity,52.213238,0.163042
8403,2026-01,T2,suspicious activity,52.213238,0.163042
8404,2026-01,T2,suspicious activity,52.213238,0.163042
8405,2026-01,T2,physical assault,52.215226,0.162466
8406,2026-01,T2,suspicious activity,52.207929,0.164687
8407,2026-01,T2,suspicious activity,52.209934,0.162238
8408,2026-01,T2,vandalism,52.207929,0.164687
8409,2026-01,T2,physical assault,52.207929,0.164687
8410,2026-01,T2,physical assault,52.208121,0.159135
8411,2026-01,T2,physical assault,52.209925,0.165209
8412,2026-01,T2,suspicious activity,52.206593,0.133474
8413,2026-01,T2,vandalism,52.206907,0.130462
8414,2026-01,T2,vandalism,52.205896,0.131175
8415,2026-01,T2,physical assault,52.206593,0.133474
8416,2026-01,T2,harassment,52.208553,0.131887
8417,2026-01,T2,harassment,52.206593,0.133474
8418,2026-01,T2,harassment,52.204911,0.132942
8419,2026-01,T2,robbery,52.204911,0.132942
8420,2026-01,T2,physical assault,52.2078,0.133798
8421,2026-01,T2,physical assault,52.205741,0.131753
8422,2026-01,T2,physical assault,52.205427,0.131255
8423,2026-01,T2,physical assault,52.204911,0.132942
8424,2026-01,T2,physical assault,52.205896,0.131175
8425,2026-01,T2,physical assault,52.210274,0.136668
8426,2026-01,T2,physical assault,52.204911,0.132942
8427,2026-01,T2,physical assault,52.204725,0.127796
8428,2026-01,T2,physical assault,52.206982,0.136218
8429,2026-01,T2,physical assault,52.205741,0.131753
8430,2026-01,T2,physical assault,52.206593,0.133474
8431,2026-01,T2,physical assault,52.204911,0.132942
8432,2026-01,T2,physical assault,52.205741,0.131753
8433,2026-01,T2,physical assault,52.204911,0.132942
8434,2026-01,T2,harassment,52.195674,0.110551
8435,2026-01,T2,suspicious activity,52.205622,0.118912
8436,2026-01,T2,suspicious activity,52.205622,0.118912
8437,2026-01,T2,suspicious activity,52.210019,0.117891
8438,2026-01,T2,suspicious activity,52.2055,0.118203
8439,2026-01,T2,suspicious activity,52.205622,0.118912
8440,2026-01,T2,suspicious activity,52.205622,0.118912
8441,2026-01,T2,suspicious activity,52.205386,0.124037
8442,2026-01,T2,suspicious activity,52.206447,0.120517
8443,2026-01,T2,vandalism,52.206447,0.120517
8444,2026-01,T2,vandalism,52.205622,0.118912
8445,2026-01,T2,physical assault,52.206447,0.120517
8446,2026-01,T2,harassment,52.206447,0.120517
8447,2026-01,T2,harassment,52.205622,0.118912
8448,2026-01,T2,harassment,52.206635,0.119077
8449,2026-01,T2,harassment,52.205622,0.118912
8450,2026-01,T2,physical assault,52.207875,0.123658
8451,2026-01,T2,physical assault,52.210019,0.117891
8452,2026-01,T2,physical assault,52.205622,0.118912
8453,2026-01,T2,physical assault,52.206447,0.120517
8454,2026-01,T2,physical assault,52.206447,0.120517
8455,2026-01,T2,physical assault,52.206447,0.120517
8456,2026-01,T2,physical assault,52.206447,0.120517
8457,2026-01,T2,physical assault,52.207111,0.125627
8458,2026-01,T2,physical assault,52.207382,0.124074
8459,2026-01,T2,physical assault,52.206447,0.120517
8460,2026-01,T2,physical assault,52.20763,0.125754
8461,2026-01,T2,physical assault,52.205386,0.124037
8462,2026-01,T2,physical assault,52.206447,0.120517
8463,2026-01,T2,physical assault,52.207875,0.123658
8464,2026-01,T2,physical assault,52.2071,0.119758
8465,2026-01,T2,physical assault,52.206447,0.120517
8466,2026-01,T2,physical assault,52.206447,0.120517
8467,2026-01,T2,suspicious activity,52.202789,0.10414
8468,2026-01,T2,harassment,52.208913,0.10386
8469,2026-01,T2,physical assault,52.201826,0.10378
8470,2026-01,T2,physical assault,52.200386,0.109531
8471,2026-01,T2,suspicious activity,52.203523,0.124124
8472,2026-01,T2,suspicious activity,52.203097,0.121806
8473,2026-01,T2,suspicious activity,52.203995,0.11838
8474,2026-01,T2,suspicious activity,52.204215,0.121172
8475,2026-01,T2,suspicious activity,52.204372,0.119408
8476,2026-01,T2,suspicious activity,52.204215,0.121172
8477,2026-01,T2,suspicious activity,52.206455,0.121103
8478,2026-01,T2,suspicious activity,52.204215,0.121172
8479,2026-01,T2,suspicious activity,52.203247,0.130463
8480,2026-01,T2,suspicious activity,52.203097,0.121806
8481,2026-01,T2,suspicious activity,52.203523,0.124124
8482,2026-01,T2,suspicious activity,52.203523,0.124124
8483,2026-01,T2,suspicious activity,52.204812,0.121976
8484,2026-01,T2,suspicious activity,52.203247,0.130463
8485,2026-01,T2,suspicious activity,52.204215,0.121172
8486,2026-01,T2,suspicious activity,52.203995,0.11838
8487,2026-01,T2,suspicious activity,52.20121,0.117765
8488,2026-01,T2,suspicious activity,52.204215,0.121172
8489,2026-01,T2,suspicious activity,52.204215,0.121172
8490,2026-01,T2,suspicious activity,52.203097,0.121806
8491,2026-01,T2,suspicious activity,52.204372,0.119408
8492,2026-01,T2,suspicious activity,52.203097,0.121806
8493,2026-01,T2,suspicious activity,52.203523,0.124124
8494,2026-01,T2,suspicious activity,52.204215,0.121172
8495,2026-01,T2,suspicious activity,52.204812,0.121976
8496,2026-01,T2,vandalism,52.203995,0.11838
8497,2026-01,T2,vandalism,52.203247,0.130463
8498,2026-01,T2,vandalism,52.203247,0.130463
8499,2026-01,T2,vandalism,52.204215,0.121172
8500,2026-01,T2,vandalism,52.199366,0.127262
8501,2026-01,T2,vandalism,52.204215,0.121172
8502,2026-01,T2,vandalism,52.204215,0.121172
8503,2026-01,T2,vandalism,52.204812,0.121976
8504,2026-01,T2,physical assault,52.203247,0.130463
8505,2026-01,T2,harassment,52.203523,0.124124
8506,2026-01,T2,harassment,52.204812,0.121976
8507,2026-01,T2,harassment,52.203247,0.130463
8508,2026-01,T2,harassment,52.204215,0.121172
8509,2026-01,T2,harassment,52.203247,0.130463
8510,2026-01,T2,harassment,52.204812,0.121976
8511,2026-01,T2,harassment,52.203097,0.121806
8512,2026-01,T2,harassment,52.203097,0.121806
8513,2026-01,T2,harassment,52.203523,0.124124
8514,2026-01,T2,harassment,52.204215,0.121172
8515,2026-01,T2,robbery,52.204812,0.121976
8516,2026-01,T2,robbery,52.203097,0.121806
8517,2026-01,T2,robbery,52.204215,0.121172
8518,2026-01,T2,robbery,52.204215,0.121172
8519,2026-01,T2,physical assault,52.203247,0.130463
8520,2026-01,T2,physical assault,52.204812,0.121976
8521,2026-01,T2,physical assault,52.203247,0.130463
8522,2026-01,T2,physical assault,52.20082,0.12941
8523,2026-01,T2,physical assault,52.204662,0.125774
8524,2026-01,T2,physical assault,52.204215,0.121172
8525,2026-01,T2,physical assault,52.203247,0.130463
8526,2026-01,T2,physical assault,52.203523,0.124124
8527,2026-01,T2,physical assault,52.204215,0.121172
8528,2026-01,T2,physical assault,52.206455,0.121103
8529,2026-01,T2,physical assault,52.203523,0.124124
8530,2026-01,T2,physical assault,52.203523,0.124124
8531,2026-01,T2,physical assault,52.204215,0.121172
8532,2026-01,T2,physical assault,52.201421,0.125173
8533,2026-01,T2,physical assault,52.206455,0.121103
8534,2026-01,T2,physical assault,52.203523,0.124124
8535,2026-01,T2,physical assault,52.201421,0.125173
8536,2026-01,T2,physical assault,52.199366,0.127262
8537,2026-01,T2,physical assault,52.206455,0.121103
8538,2026-01,T2,physical assault,52.206455,0.121103
8539,2026-01,T2,physical assault,52.204812,0.121976
8540,2026-01,T2,physical assault,52.204812,0.121976
8541,2026-01,T2,physical assault,52.20082,0.12941
8542,2026-01,T2,physical assault,52.204812,0.121976
8543,2026-01,T2,physical assault,52.206455,0.121103
8544,2026-01,T2,physical assault,52.203523,0.124124
8545,2026-01,T2,physical assault,52.204372,0.119408
8546,2026-01,T2,physical assault,52.202438,0.118936
8547,2026-01,T2,physical assault,52.206455,0.121103
8548,2026-01,T2,physical assault,52.1984,0.121524
8549,2026-01,T2,physical assault,52.203523,0.124124
8550,2026-01,T2,physical assault,52.204812,0.121976
8551,2026-01,T2,physical assault,52.203097,0.121806
8552,2026-01,T2,physical assault,52.204372,0.119408
8553,2026-01,T2,physical assault,52.203247,0.130463
8554,2026-01,T2,physical assault,52.204177,0.130756
8555,2026-01,T2,suspicious activity,52.19578,0.134129
8556,2026-01,T2,suspicious activity,52.19644,0.134468
8557,2026-01,T2,vandalism,52.197496,0.135221
8558,2026-01,T2,vandalism,52.197496,0.135221
8559,2026-01,T2,harassment,52.19578,0.134129
8560,2026-01,T2,physical assault,52.195307,0.136419
8561,2026-01,T2,physical assault,52.194769,0.136334
8562,2026-01,T2,physical assault,52.194769,0.136334
8563,2026-01,T2,physical assault,52.196107,0.133443
8564,2026-01,T2,suspicious activity,52.201568,0.134319
8565,2026-01,T2,vandalism,52.200225,0.134986
8566,2026-01,T2,harassment,52.200443,0.134338
8567,2026-01,T2,harassment,52.200443,0.134338
8568,2026-01,T2,harassment,52.200443,0.134338
8569,2026-01,T2,physical assault,52.202223,0.134863
8570,2026-01,T2,physical assault,52.201889,0.133456
8571,2026-01,T2,vandalism,52.207758,0.138582
8572,2026-01,T2,vandalism,52.203566,0.141659
8573,2026-01,T2,robbery,52.206031,0.138089
8574,2026-01,T2,physical assault,52.205548,0.141418
8575,2026-01,T2,physical assault,52.206031,0.138089
8576,2026-01,T2,physical assault,52.206239,0.138553
8577,2026-01,T2,physical assault,52.206689,0.141487
8578,2026-01,T2,physical assault,52.205607,0.137688
8579,2026-01,T2,suspicious activity,52.199586,0.140458
8580,2026-01,T2,suspicious activity,52.202952,0.143254
8581,2026-01,T2,suspicious activity,52.199586,0.140458
8582,2026-01,T2,harassment,52.20641,0.144986
8583,2026-01,T2,physical assault,52.202952,0.143254
8584,2026-01,T2,physical assault,52.20641,0.144986
8585,2026-01,T2,physical assault,52.20641,0.144986
8586,2026-01,T2,suspicious activity,52.201118,0.136785
8587,2026-01,T2,physical assault,52.201118,0.136785
8588,2026-01,T2,physical assault,52.203458,0.132741
8589,2026-01,T2,physical assault,52.203904,0.136875
8590,2026-01,T2,physical assault,52.203355,0.133453
8591,2026-01,T2,suspicious activity,52.205753,0.147984
8592,2026-01,T2,suspicious activity,52.205753,0.147984
8593,2026-01,T2,suspicious activity,52.205101,0.147236
8594,2026-01,T2,vandalism,52.200537,0.148991
8595,2026-01,T2,vandalism,52.200537,0.148991
8596,2026-01,T2,vandalism,52.200537,0.148991
8597,2026-01,T2,vandalism,52.200537,0.148991
8598,2026-01,T2,physical assault,52.20207,0.148758
8599,2026-01,T2,physical assault,52.204133,0.146589
8600,2026-01,T2,physical assault,52.200537,0.148991
8601,2026-01,T2,physical assault,52.205082,0.15122
8602,2026-01,T2,physical assault,52.20207,0.148758
8603,2026-01,T2,physical assault,52.204017,0.152906
8604,2026-01,T2,physical assault,52.200537,0.148991
8605,2026-01,T2,physical assault,52.204133,0.146589
8606,2026-01,T2,physical assault,52.204133,0.146589
8607,2026-01,T2,physical assault,52.205082,0.15122
8608,2026-01,T2,vandalism,52.199357,0.1427
8609,2026-01,T2,harassment,52.197608,0.145426
8610,2026-01,T2,physical assault,52.197608,0.145426
8611,2026-01,T2,physical assault,52.197608,0.145426
8612,2026-01,T2,physical assault,52.200938,0.145235
8613,2026-01,T2,physical assault,52.197608,0.145426
8614,2026-01,T2,suspicious activity,52.201557,0.161597
8615,2026-01,T2,suspicious activity,52.197086,0.1538
8616,2026-01,T2,suspicious activity,52.200234,0.151293
8617,2026-01,T2,suspicious activity,52.202367,0.152168
8618,2026-01,T2,suspicious activity,52.200467,0.160725
8619,2026-01,T2,vandalism,52.200648,0.152743
8620,2026-01,T2,physical assault,52.199388,0.155799
8621,2026-01,T2,physical assault,52.197086,0.1538
8622,2026-01,T2,physical assault,52.198458,0.156998
8623,2026-01,T2,physical assault,52.201557,0.161597
8624,2026-01,T2,physical assault,52.200648,0.152743
8625,2026-01,T2,physical assault,52.198458,0.156998
8626,2026-01,T2,physical assault,52.198458,0.156998
8627,2026-01,T2,suspicious activity,52.196817,0.146895
8628,2026-01,T2,vandalism,52.198344,0.142008
8629,2026-01,T2,robbery,52.196817,0.146895
8630,2026-01,T2,robbery,52.198344,0.142008
8631,2026-01,T2,physical assault,52.196817,0.146895
8632,2026-01,T2,suspicious activity,52.191929,0.148664
8633,2026-01,T2,suspicious activity,52.194376,0.145592
8634,2026-01,T2,vandalism,52.191929,0.148664
8635,2026-01,T2,physical assault,52.190083,0.152262
8636,2026-01,T2,physical assault,52.194376,0.145592
8637,2026-01,T2,physical assault,52.194376,0.145592
8638,2026-01,T2,suspicious activity,52.190593,0.158797
8639,2026-01,T2,suspicious activity,52.194362,0.156727
8640,2026-01,T2,suspicious activity,52.195457,0.150444
8641,2026-01,T2,suspicious activity,52.195303,0.152002
8642,2026-01,T2,suspicious activity,52.190593,0.158797
8643,2026-01,T2,vandalism,52.190593,0.158797
8644,2026-01,T2,vandalism,52.190593,0.158797
8645,2026-01,T2,physical assault,52.195457,0.150444
8646,2026-01,T2,physical assault,52.195457,0.150444
8647,2026-01,T2,suspicious activity,52.191655,0.154313
8648,2026-01,T2,suspicious activity,52.187179,0.153219
8649,2026-01,T2,suspicious activity,52.187179,0.153219
8650,2026-01,T2,physical assault,52.192391,0.150925
8651,2026-01,T2,physical assault,52.191655,0.154313
8652,2026-01,T2,harassment,52.192391,0.150925
8653,2026-01,T2,harassment,52.189719,0.154468
8654,2026-01,T2,harassment,52.187179,0.153219
8655,2026-01,T2,physical assault,52.187179,0.153219
8656,2026-01,T2,physical assault,52.191655,0.154313
8657,2026-01,T2,physical assault,52.18827,0.149614
8658,2026-01,T2,physical assault,52.189235,0.158293
8659,2026-01,T2,physical assault,52.189235,0.158293
8660,2026-01,T2,physical assault,52.189235,0.158293
8661,2026-01,T2,physical assault,52.185533,0.155699
8662,2026-01,T2,physical assault,52.189235,0.158293
8663,2026-01,T2,suspicious activity,52.194723,0.140897
8664,2026-01,T2,suspicious activity,52.189096,0.135331
8665,2026-01,T2,suspicious activity,52.190567,0.137011
8666,2026-01,T2,vandalism,52.190164,0.136961
8667,2026-01,T2,harassment,52.190164,0.136961
8668,2026-01,T2,physical assault,52.195126,0.141458
8669,2026-01,T2,vandalism,52.190998,0.143001
8670,2026-01,T2,physical assault,52.192935,0.146723
8671,2026-01,T2,physical assault,52.190061,0.141595
8672,2026-01,T2,harassment,52.18823,0.146832
8673,2026-01,T2,harassment,52.189542,0.143955
8674,2026-01,T2,robbery,52.192935,0.146723
8675,2026-01,T2,suspicious activity,52.185539,0.162268
8676,2026-01,T2,suspicious activity,52.187422,0.162067
8677,2026-01,T2,harassment,52.185539,0.162268
8678,2026-01,T2,harassment,52.190226,0.165568
8679,2026-01,T2,harassment,52.185539,0.162268
8680,2026-01,T2,physical assault,52.185539,0.162268
8681,2026-01,T2,physical assault,52.185539,0.162268
8682,2026-01,T2,physical assault,52.184937,0.160235
8683,2026-01,T2,physical assault,52.185539,0.162268
8684,2026-01,T2,physical assault,52.184824,0.161517
8685,2026-01,T2,physical assault,52.185539,0.162268
8686,2026-01,T2,suspicious activity,52.18108,0.151842
8687,2026-01,T2,suspicious activity,52.18108,0.151842
8688,2026-01,T2,physical assault,52.185163,0.152814
8689,2026-01,T2,suspicious activity,52.182909,0.160005
8690,2026-01,T2,suspicious activity,52.182071,0.156702
8691,2026-01,T2,physical assault,52.182909,0.160005
8692,2026-01,T2,suspicious activity,52.178683,0.153145
8693,2026-01,T2,physical assault,52.178683,0.153145
8694,2026-01,T2,harassment,52.188097,0.137317
8695,2026-01,T2,harassment,52.188097,0.137317
8696,2026-01,T2,physical assault,52.188097,0.137317
8697,2026-01,T2,suspicious activity,52.180389,0.143383
8698,2026-01,T2,harassment,52.180875,0.133942
8699,2026-01,T2,suspicious activity,52.19676,0.129172
8700,2026-01,T2,harassment,52.198821,0.129592
8701,2026-01,T2,harassment,52.19676,0.129172
8702,2026-01,T2,physical assault,52.197767,0.127669
8703,2026-01,T2,physical assault,52.199179,0.130648
8704,2026-01,T2,physical assault,52.19676,0.129172
8705,2026-01,T2,vandalism,52.194644,0.134338
8706,2026-01,T2,physical assault,52.190238,0.132796
8707,2026-01,T2,physical assault,52.190238,0.132796
8708,2026-01,T2,physical assault,52.192245,0.134706
8709,2026-01,T2,physical assault,52.192245,0.134706
8710,2026-01,T2,physical assault,52.190238,0.132796
8711,2026-01,T2,suspicious activity,52.18963,0.128158
8712,2026-01,T2,physical assault,52.189914,0.12883
8713,2026-01,T2,physical assault,52.191326,0.132321
8714,2026-01,T2,suspicious activity,52.190054,0.126203
8715,2026-01,T2,vandalism,52.187133,0.121997
8716,2026-01,T2,physical assault,52.18432,0.125418
8717,2026-01,T2,physical assault,52.181205,0.125138
8718,2026-01,T2,vandalism,52.1793,0.120556
8719,2026-01,T2,harassment,52.1793,0.120556
8720,2026-01,T2,harassment,52.179409,0.123487
8721,2026-01,T2,physical assault,52.1793,0.120556
8722,2026-01,T2,physical assault,52.1793,0.120556
8723,2026-01,T2,physical assault,52.1793,0.120556
8724,2026-01,T2,physical assault,52.1793,0.120556
8725,2026-01,T2,harassment,52.180619,0.116713
8726,2026-01,T2,suspicious activity,52.231107,0.117328
8727,2026-01,T2,physical assault,52.229245,0.116361
8728,2026-01,T2,physical assault,52.229245,0.116361
8729,2026-01,T2,physical assault,52.231123,0.114415
8730,2026-01,T2,suspicious activity,52.224518,0.16135
8731,2026-01,T2,physical assault,52.224155,0.16249
8732,2026-01,T2,physical assault,52.224155,0.16249
8733,2026-01,T2,physical assault,52.224155,0.16249
8734,2026-01,T2,physical assault,52.224518,0.16135
8735,2026-01,T2,suspicious activity,52.230662,0.086247
8736,2026-01,T2,suspicious activity,52.230662,0.086247
8737,2026-01,T2,vandalism,52.228585,0.09539
8738,2026-01,T2,harassment,52.180632,0.092315
8739,2026-02,T2,suspicious activity,52.228862,0.133124
8740,2026-02,T2,vandalism,52.228862,0.133124
8741,2026-02,T2,physical assault,52.230579,0.132166
8742,2026-02,T2,physical assault,52.226808,0.133816
8743,2026-02,T2,physical assault,52.230579,0.132166
8744,2026-02,T2,suspicious activity,52.229939,0.143646
8745,2026-02,T2,vandalism,52.227077,0.145491
8746,2026-02,T2,harassment,52.227077,0.145491
8747,2026-02,T2,harassment,52.227077,0.145491
8748,2026-02,T2,harassment,52.227077,0.145491
8749,2026-02,T2,harassment,52.227077,0.145491
8750,2026-02,T2,harassment,52.227077,0.145491
8751,2026-02,T2,harassment,52.226709,0.144237
8752,2026-02,T2,harassment,52.227077,0.145491
8753,2026-02,T2,harassment,52.227077,0.145491
8754,2026-02,T2,suspicious activity,52.230802,0.135223
8755,2026-02,T2,vandalism,52.228238,0.138278
8756,2026-02,T2,vandalism,52.230802,0.135223
8757,2026-02,T2,vandalism,52.225454,0.139579
8758,2026-02,T2,physical assault,52.229847,0.140317
8759,2026-02,T2,harassment,52.230802,0.135223
8760,2026-02,T2,physical assault,52.22783,0.137482
8761,2026-02,T2,physical assault,52.228238,0.138278
8762,2026-02,T2,suspicious activity,52.22505,0.127114
8763,2026-02,T2,suspicious activity,52.22584,0.126654
8764,2026-02,T2,suspicious activity,52.230318,0.121698
8765,2026-02,T2,vandalism,52.228196,0.126664
8766,2026-02,T2,vandalism,52.228196,0.126664
8767,2026-02,T2,vandalism,52.228148,0.128843
8768,2026-02,T2,physical assault,52.229521,0.125512
8769,2026-02,T2,physical assault,52.229139,0.123238
8770,2026-02,T2,physical assault,52.228196,0.126664
8771,2026-02,T2,physical assault,52.228772,0.127628
8772,2026-02,T2,physical assault,52.229139,0.123238
8773,2026-02,T2,physical assault,52.229139,0.123238
8774,2026-02,T2,suspicious activity,52.230376,0.12646
8775,2026-02,T2,suspicious activity,52.231199,0.127173
8776,2026-02,T2,vandalism,52.231282,0.128583
8777,2026-02,T2,physical assault,52.231577,0.122183
8778,2026-02,T2,physical assault,52.231282,0.128583
8779,2026-02,T2,suspicious activity,52.230652,0.137046
8780,2026-02,T2,vandalism,52.230896,0.137483
8781,2026-02,T2,physical assault,52.232015,0.140217
8782,2026-02,T2,physical assault,52.230987,0.129477
8783,2026-02,T2,physical assault,52.230652,0.137046
8784,2026-02,T2,suspicious activity,52.219497,0.111388
8785,2026-02,T2,suspicious activity,52.216568,0.113723
8786,2026-02,T2,physical assault,52.219497,0.111388
8787,2026-02,T2,physical assault,52.220294,0.111339
8788,2026-02,T2,harassment,52.215176,0.113657
8789,2026-02,T2,harassment,52.215346,0.117691
8790,2026-02,T2,physical assault,52.21468,0.118713
8791,2026-02,T2,suspicious activity,52.229536,0.11062
8792,2026-02,T2,suspicious activity,52.229536,0.11062
8793,2026-02,T2,harassment,52.224428,0.116673
8794,2026-02,T2,physical assault,52.225144,0.115858
8795,2026-02,T2,physical assault,52.228945,0.110504
8796,2026-02,T2,physical assault,52.224459,0.11647
8797,2026-02,T2,physical assault,52.224428,0.116673
8798,2026-02,T2,physical assault,52.228945,0.110504
8799,2026-02,T2,suspicious activity,52.228415,0.119484
8800,2026-02,T2,vandalism,52.226817,0.12137
8801,2026-02,T2,harassment,52.230061,0.11915
8802,2026-02,T2,physical assault,52.22818,0.118053
8803,2026-02,T2,physical assault,52.230061,0.11915
8804,2026-02,T2,physical assault,52.226546,0.122397
8805,2026-02,T2,physical assault,52.226817,0.12137
8806,2026-02,T2,physical assault,52.226546,0.122397
8807,2026-02,T2,physical assault,52.230061,0.11915
8808,2026-02,T2,physical assault,52.224434,0.118841
8809,2026-02,T2,physical assault,52.230061,0.11915
8810,2026-02,T2,suspicious activity,52.220331,0.115
8811,2026-02,T2,suspicious activity,52.219596,0.113867
8812,2026-02,T2,suspicious activity,52.22219,0.118148
8813,2026-02,T2,vandalism,52.224082,0.112909
8814,2026-02,T2,vandalism,52.224082,0.112909
8815,2026-02,T2,vandalism,52.219596,0.113867
8816,2026-02,T2,physical assault,52.219596,0.113867
8817,2026-02,T2,physical assault,52.22219,0.118148
8818,2026-02,T2,physical assault,52.22219,0.118148
8819,2026-02,T2,physical assault,52.224082,0.112909
8820,2026-02,T2,physical assault,52.224082,0.112909
8821,2026-02,T2,physical assault,52.223028,0.112522
8822,2026-02,T2,physical assault,52.224082,0.112909
8823,2026-02,T2,suspicious activity,52.224961,0.119583
8824,2026-02,T2,suspicious activity,52.22584,0.151487
8825,2026-02,T2,suspicious activity,52.227638,0.14806
8826,2026-02,T2,suspicious activity,52.225899,0.149704
8827,2026-02,T2,suspicious activity,52.22584,0.151487
8828,2026-02,T2,suspicious activity,52.226291,0.145945
8829,2026-02,T2,vandalism,52.227638,0.14806
8830,2026-02,T2,vandalism,52.225899,0.149704
8831,2026-02,T2,physical assault,52.224192,0.149665
8832,2026-02,T2,harassment,52.225899,0.149704
8833,2026-02,T2,harassment,52.225275,0.152368
8834,2026-02,T2,robbery,52.22601,0.153501
8835,2026-02,T2,physical assault,52.224728,0.14688
8836,2026-02,T2,physical assault,52.225275,0.152368
8837,2026-02,T2,physical assault,52.224192,0.149665
8838,2026-02,T2,physical assault,52.225275,0.152368
8839,2026-02,T2,physical assault,52.225899,0.149704
8840,2026-02,T2,physical assault,52.224192,0.149665
8841,2026-02,T2,suspicious activity,52.222426,0.156256
8842,2026-02,T2,suspicious activity,52.222426,0.156256
8843,2026-02,T2,suspicious activity,52.222426,0.156256
8844,2026-02,T2,suspicious activity,52.220094,0.152
8845,2026-02,T2,suspicious activity,52.222426,0.156256
8846,2026-02,T2,physical assault,52.222089,0.149563
8847,2026-02,T2,physical assault,52.222089,0.149563
8848,2026-02,T2,physical assault,52.222089,0.149563
8849,2026-02,T2,physical assault,52.222089,0.149563
8850,2026-02,T2,suspicious activity,52.222276,0.144228
8851,2026-02,T2,suspicious activity,52.219997,0.140005
8852,2026-02,T2,vandalism,52.219997,0.140005
8853,2026-02,T2,physical assault,52.219886,0.138682
8854,2026-02,T2,physical assault,52.221307,0.141166
8855,2026-02,T2,suspicious activity,52.223261,0.141479
8856,2026-02,T2,suspicious activity,52.21541,0.142565
8857,2026-02,T2,suspicious activity,52.213202,0.136897
8858,2026-02,T2,vandalism,52.215551,0.140699
8859,2026-02,T2,physical assault,52.213819,0.139034
8860,2026-02,T2,harassment,52.21541,0.142565
8861,2026-02,T2,harassment,52.215551,0.140699
8862,2026-02,T2,harassment,52.21541,0.142565
8863,2026-02,T2,robbery,52.213202,0.136897
8864,2026-02,T2,physical assault,52.215551,0.140699
8865,2026-02,T2,physical assault,52.21541,0.142565
8866,2026-02,T2,suspicious activity,52.215574,0.137201
8867,2026-02,T2,suspicious activity,52.215574,0.137201
8868,2026-02,T2,suspicious activity,52.218054,0.144493
8869,2026-02,T2,suspicious activity,52.218054,0.144493
8870,2026-02,T2,suspicious activity,52.218965,0.144332
8871,2026-02,T2,harassment,52.217889,0.140694
8872,2026-02,T2,robbery,52.218054,0.144493
8873,2026-02,T2,physical assault,52.218876,0.146788
8874,2026-02,T2,physical assault,52.218054,0.144493
8875,2026-02,T2,suspicious activity,52.222962,0.136648
8876,2026-02,T2,physical assault,52.223048,0.133899
8877,2026-02,T2,vandalism,52.217916,0.125806
8878,2026-02,T2,harassment,52.217916,0.125806
8879,2026-02,T2,physical assault,52.222723,0.129975
8880,2026-02,T2,suspicious activity,52.219264,0.132298
8881,2026-02,T2,suspicious activity,52.219264,0.132298
8882,2026-02,T2,suspicious activity,52.213552,0.13643
8883,2026-02,T2,suspicious activity,52.219264,0.132298
8884,2026-02,T2,vandalism,52.215762,0.13254
8885,2026-02,T2,vandalism,52.21818,0.131925
8886,2026-02,T2,harassment,52.219264,0.132298
8887,2026-02,T2,harassment,52.219264,0.132298
8888,2026-02,T2,physical assault,52.215762,0.13254
8889,2026-02,T2,physical assault,52.215762,0.13254
8890,2026-02,T2,physical assault,52.215267,0.126602
8891,2026-02,T2,physical assault,52.215475,0.134488
8892,2026-02,T2,suspicious activity,52.214511,0.12014
8893,2026-02,T2,suspicious activity,52.214281,0.122954
8894,2026-02,T2,suspicious activity,52.213852,0.125803
8895,2026-02,T2,suspicious activity,52.214511,0.12014
8896,2026-02,T2,vandalism,52.214705,0.124822
8897,2026-02,T2,harassment,52.214705,0.124822
8898,2026-02,T2,physical assault,52.216837,0.118274
8899,2026-02,T2,physical assault,52.213852,0.125803
8900,2026-02,T2,physical assault,52.218793,0.119055
8901,2026-02,T2,physical assault,52.214999,0.127497
8902,2026-02,T2,suspicious activity,52.214399,0.129825
8903,2026-02,T2,physical assault,52.212797,0.129939
8904,2026-02,T2,physical assault,52.213512,0.13315
8905,2026-02,T2,physical assault,52.223891,0.106516
8906,2026-02,T2,physical assault,52.222976,0.10741
8907,2026-02,T2,physical assault,52.222976,0.10741
8908,2026-02,T2,physical assault,52.223891,0.106516
8909,2026-02,T2,physical assault,52.224349,0.108543
8910,2026-02,T2,physical assault,52.2235,0.097127
8911,2026-02,T2,physical assault,52.223781,0.094988
8912,2026-02,T2,physical assault,52.224616,0.097619
8913,2026-02,T2,vandalism,52.21468,0.084429
8914,2026-02,T2,vandalism,52.214225,0.098929
8915,2026-02,T2,physical assault,52.214225,0.098929
8916,2026-02,T2,suspicious activity,52.206444,0.118219
8917,2026-02,T2,suspicious activity,52.214025,0.111626
8918,2026-02,T2,suspicious activity,52.206444,0.118219
8919,2026-02,T2,suspicious activity,52.214025,0.111626
8920,2026-02,T2,vandalism,52.215155,0.109821
8921,2026-02,T2,vandalism,52.206444,0.118219
8922,2026-02,T2,harassment,52.213316,0.113569
8923,2026-02,T2,harassment,52.216087,0.107976
8924,2026-02,T2,harassment,52.214025,0.111626
8925,2026-02,T2,physical assault,52.212778,0.110952
8926,2026-02,T2,vandalism,52.211411,0.143427
8927,2026-02,T2,vandalism,52.208484,0.141193
8928,2026-02,T2,vandalism,52.213326,0.143944
8929,2026-02,T2,vandalism,52.208577,0.143978
8930,2026-02,T2,harassment,52.209787,0.145932
8931,2026-02,T2,physical assault,52.208577,0.143978
8932,2026-02,T2,physical assault,52.213326,0.143944
8933,2026-02,T2,physical assault,52.211158,0.141512
8934,2026-02,T2,physical assault,52.209517,0.140745
8935,2026-02,T2,physical assault,52.208577,0.143978
8936,2026-02,T2,suspicious activity,52.21731,0.162113
8937,2026-02,T2,suspicious activity,52.21731,0.162113
8938,2026-02,T2,vandalism,52.21731,0.162113
8939,2026-02,T2,harassment,52.21731,0.162113
8940,2026-02,T2,physical assault,52.21731,0.162113
8941,2026-02,T2,physical assault,52.21731,0.162113
8942,2026-02,T2,physical assault,52.213857,0.164083
8943,2026-02,T2,physical assault,52.21731,0.162113
8944,2026-02,T2,physical assault,52.21731,0.162113
8945,2026-02,T2,physical assault,52.21731,0.162113
8946,2026-02,T2,physical assault,52.217006,0.165465
8947,2026-02,T2,suspicious activity,52.214467,0.156295
8948,2026-02,T2,suspicious activity,52.212508,0.15178
8949,2026-02,T2,suspicious activity,52.213279,0.146503
8950,2026-02,T2,physical assault,52.215589,0.157887
8951,2026-02,T2,harassment,52.211711,0.147203
8952,2026-02,T2,harassment,52.211711,0.147203
8953,2026-02,T2,harassment,52.212508,0.15178
8954,2026-02,T2,harassment,52.213279,0.146503
8955,2026-02,T2,physical assault,52.214904,0.158483
8956,2026-02,T2,suspicious activity,52.215226,0.162466
8957,2026-02,T2,suspicious activity,52.210265,0.158404
8958,2026-02,T2,suspicious activity,52.215226,0.162466
8959,2026-02,T2,vandalism,52.215226,0.162466
8960,2026-02,T2,harassment,52.212379,0.160849
8961,2026-02,T2,physical assault,52.215226,0.162466
8962,2026-02,T2,physical assault,52.215226,0.162466
8963,2026-02,T2,physical assault,52.215226,0.162466
8964,2026-02,T2,physical assault,52.215226,0.162466
8965,2026-02,T2,physical assault,52.213238,0.163042
8966,2026-02,T2,physical assault,52.215226,0.162466
8967,2026-02,T2,physical assault,52.215226,0.162466
8968,2026-02,T2,physical assault,52.215226,0.162466
8969,2026-02,T2,physical assault,52.212379,0.160849
8970,2026-02,T2,suspicious activity,52.209619,0.157875
8971,2026-02,T2,physical assault,52.209934,0.162238
8972,2026-02,T2,physical assault,52.208013,0.160593
8973,2026-02,T2,physical assault,52.209934,0.162238
8974,2026-02,T2,physical assault,52.208013,0.160593
8975,2026-02,T2,physical assault,52.209925,0.165209
8976,2026-02,T2,physical assault,52.209934,0.162238
8977,2026-02,T2,suspicious activity,52.207109,0.135185
8978,2026-02,T2,suspicious activity,52.207489,0.1321
8979,2026-02,T2,suspicious activity,52.206907,0.130462
8980,2026-02,T2,suspicious activity,52.208936,0.131101
8981,2026-02,T2,vandalism,52.205866,0.129344
8982,2026-02,T2,vandalism,52.208071,0.134704
8983,2026-02,T2,vandalism,52.206982,0.136218
8984,2026-02,T2,harassment,52.206907,0.130462
8985,2026-02,T2,harassment,52.204911,0.132942
8986,2026-02,T2,physical assault,52.205427,0.131255
8987,2026-02,T2,physical assault,52.207623,0.131609
8988,2026-02,T2,physical assault,52.206593,0.133474
8989,2026-02,T2,physical assault,52.206593,0.133474
8990,2026-02,T2,physical assault,52.208553,0.131887
8991,2026-02,T2,physical assault,52.206593,0.133474
8992,2026-02,T2,physical assault,52.207516,0.130608
8993,2026-02,T2,physical assault,52.205741,0.131753
8994,2026-02,T2,suspicious activity,52.196078,0.110073
8995,2026-02,T2,harassment,52.198353,0.112581
8996,2026-02,T2,harassment,52.194447,0.10726
8997,2026-02,T2,physical assault,52.194447,0.10726
8998,2026-02,T2,physical assault,52.194447,0.10726
8999,2026-02,T2,physical assault,52.19857,0.105977
9000,2026-02,T2,suspicious activity,52.205622,0.118912
9001,2026-02,T2,suspicious activity,52.205622,0.118912
9002,2026-02,T2,suspicious activity,52.205622,0.118912
9003,2026-02,T2,suspicious activity,52.207111,0.125627
9004,2026-02,T2,suspicious activity,52.205622,0.118912
9005,2026-02,T2,suspicious activity,52.205622,0.118912
9006,2026-02,T2,suspicious activity,52.207875,0.123658
9007,2026-02,T2,suspicious activity,52.205622,0.118912
9008,2026-02,T2,suspicious activity,52.206447,0.120517
9009,2026-02,T2,suspicious activity,52.205622,0.118912
9010,2026-02,T2,suspicious activity,52.210311,0.118198
9011,2026-02,T2,vandalism,52.206447,0.120517
9012,2026-02,T2,vandalism,52.2071,0.119758
9013,2026-02,T2,harassment,52.208057,0.122042
9014,2026-02,T2,harassment,52.2071,0.119758
9015,2026-02,T2,harassment,52.205622,0.118912
9016,2026-02,T2,harassment,52.205622,0.118912
9017,2026-02,T2,harassment,52.2071,0.119758
9018,2026-02,T2,harassment,52.206447,0.120517
9019,2026-02,T2,harassment,52.205622,0.118912
9020,2026-02,T2,robbery,52.205622,0.118912
9021,2026-02,T2,physical assault,52.2071,0.119758
9022,2026-02,T2,physical assault,52.205622,0.118912
9023,2026-02,T2,physical assault,52.20844,0.119704
9024,2026-02,T2,physical assault,52.206447,0.120517
9025,2026-02,T2,physical assault,52.205622,0.118912
9026,2026-02,T2,physical assault,52.208057,0.122042
9027,2026-02,T2,physical assault,52.205622,0.118912
9028,2026-02,T2,physical assault,52.206447,0.120517
9029,2026-02,T2,physical assault,52.208057,0.122042
9030,2026-02,T2,physical assault,52.206447,0.120517
9031,2026-02,T2,physical assault,52.206447,0.120517
9032,2026-02,T2,physical assault,52.207382,0.124074
9033,2026-02,T2,physical assault,52.205622,0.118912
9034,2026-02,T2,physical assault,52.208907,0.118234
9035,2026-02,T2,physical assault,52.206447,0.120517
9036,2026-02,T2,physical assault,52.206447,0.120517
9037,2026-02,T2,physical assault,52.206447,0.120517
9038,2026-02,T2,physical assault,52.207382,0.124074
9039,2026-02,T2,physical assault,52.206447,0.120517
9040,2026-02,T2,physical assault,52.206447,0.120517
9041,2026-02,T2,physical assault,52.206447,0.120517
9042,2026-02,T2,physical assault,52.206447,0.120517
9043,2026-02,T2,physical assault,52.2071,0.119758
9044,2026-02,T2,physical assault,52.20906,0.121754
9045,2026-02,T2,physical assault,52.205622,0.118912
9046,2026-02,T2,physical assault,52.206447,0.120517
9047,2026-02,T2,physical assault,52.2071,0.119758
9048,2026-02,T2,vandalism,52.20433,0.11724
9049,2026-02,T2,vandalism,52.201237,0.099118
9050,2026-02,T2,vandalism,52.20936,0.084939
9051,2026-02,T2,robbery,52.208355,0.105356
9052,2026-02,T2,robbery,52.20936,0.084939
9053,2026-02,T2,physical assault,52.210373,0.095074
9054,2026-02,T2,physical assault,52.211156,0.097072
9055,2026-02,T2,physical assault,52.203983,0.104476
9056,2026-02,T2,suspicious activity,52.205594,0.133429
9057,2026-02,T2,suspicious activity,52.204215,0.121172
9058,2026-02,T2,suspicious activity,52.204812,0.121976
9059,2026-02,T2,suspicious activity,52.203523,0.124124
9060,2026-02,T2,suspicious activity,52.204215,0.121172
9061,2026-02,T2,suspicious activity,52.201421,0.125173
9062,2026-02,T2,suspicious activity,52.204215,0.121172
9063,2026-02,T2,suspicious activity,52.204812,0.121976
9064,2026-02,T2,suspicious activity,52.199366,0.127262
9065,2026-02,T2,suspicious activity,52.199366,0.127262
9066,2026-02,T2,suspicious activity,52.203523,0.124124
9067,2026-02,T2,suspicious activity,52.203097,0.121806
9068,2026-02,T2,suspicious activity,52.204215,0.121172
9069,2026-02,T2,suspicious activity,52.203995,0.11838
9070,2026-02,T2,suspicious activity,52.203629,0.120719
9071,2026-02,T2,suspicious activity,52.20533,0.12364
9072,2026-02,T2,suspicious activity,52.204215,0.121172
9073,2026-02,T2,suspicious activity,52.204215,0.121172
9074,2026-02,T2,vandalism,52.204215,0.121172
9075,2026-02,T2,vandalism,52.203247,0.130463
9076,2026-02,T2,vandalism,52.20121,0.117765
9077,2026-02,T2,vandalism,52.203097,0.121806
9078,2026-02,T2,vandalism,52.201058,0.126172
9079,2026-02,T2,vandalism,52.203523,0.124124
9080,2026-02,T2,vandalism,52.203247,0.130463
9081,2026-02,T2,physical assault,52.202989,0.126294
9082,2026-02,T2,harassment,52.204215,0.121172
9083,2026-02,T2,harassment,52.20533,0.12364
9084,2026-02,T2,harassment,52.203247,0.130463
9085,2026-02,T2,harassment,52.20533,0.12364
9086,2026-02,T2,harassment,52.204215,0.121172
9087,2026-02,T2,harassment,52.203247,0.130463
9088,2026-02,T2,physical assault,52.205594,0.133429
9089,2026-02,T2,physical assault,52.204215,0.121172
9090,2026-02,T2,physical assault,52.203097,0.121806
9091,2026-02,T2,physical assault,52.204513,0.132572
9092,2026-02,T2,physical assault,52.203523,0.124124
9093,2026-02,T2,physical assault,52.203523,0.124124
9094,2026-02,T2,physical assault,52.206455,0.121103
9095,2026-02,T2,physical assault,52.203097,0.121806
9096,2026-02,T2,physical assault,52.203523,0.124124
9097,2026-02,T2,physical assault,52.203523,0.124124
9098,2026-02,T2,physical assault,52.199366,0.127262
9099,2026-02,T2,physical assault,52.20082,0.12941
9100,2026-02,T2,physical assault,52.203247,0.130463
9101,2026-02,T2,physical assault,52.199366,0.127262
9102,2026-02,T2,physical assault,52.203523,0.124124
9103,2026-02,T2,physical assault,52.199366,0.127262
9104,2026-02,T2,physical assault,52.204812,0.121976
9105,2026-02,T2,physical assault,52.20533,0.12364
9106,2026-02,T2,physical assault,52.203523,0.124124
9107,2026-02,T2,physical assault,52.203097,0.121806
9108,2026-02,T2,physical assault,52.204215,0.121172
9109,2026-02,T2,physical assault,52.203247,0.130463
9110,2026-02,T2,physical assault,52.203523,0.124124
9111,2026-02,T2,physical assault,52.203523,0.124124
9112,2026-02,T2,physical assault,52.203523,0.124124
9113,2026-02,T2,physical assault,52.203523,0.124124
9114,2026-02,T2,physical assault,52.201919,0.117863
9115,2026-02,T2,physical assault,52.204215,0.121172
9116,2026-02,T2,physical assault,52.206455,0.121103
9117,2026-02,T2,physical assault,52.204372,0.119408
9118,2026-02,T2,physical assault,52.199366,0.127262
9119,2026-02,T2,physical assault,52.203247,0.130463
9120,2026-02,T2,physical assault,52.204372,0.119408
9121,2026-02,T2,physical assault,52.203247,0.130463
9122,2026-02,T2,physical assault,52.206311,0.121593
9123,2026-02,T2,suspicious activity,52.19578,0.134129
9124,2026-02,T2,suspicious activity,52.196089,0.138944
9125,2026-02,T2,suspicious activity,52.194769,0.136334
9126,2026-02,T2,vandalism,52.195979,0.136085
9127,2026-02,T2,vandalism,52.194769,0.136334
9128,2026-02,T2,vandalism,52.194769,0.136334
9129,2026-02,T2,physical assault,52.19644,0.134468
9130,2026-02,T2,physical assault,52.19644,0.134468
9131,2026-02,T2,physical assault,52.195793,0.137905
9132,2026-02,T2,physical assault,52.195979,0.136085
9133,2026-02,T2,physical assault,52.195979,0.136085
9134,2026-02,T2,physical assault,52.195793,0.137905
9135,2026-02,T2,suspicious activity,52.20199,0.13151
9136,2026-02,T2,suspicious activity,52.200225,0.134986
9137,2026-02,T2,suspicious activity,52.201443,0.135264
9138,2026-02,T2,suspicious activity,52.200225,0.134986
9139,2026-02,T2,robbery,52.200733,0.133225
9140,2026-02,T2,physical assault,52.200225,0.134986
9141,2026-02,T2,physical assault,52.201323,0.135932
9142,2026-02,T2,physical assault,52.200225,0.134986
9143,2026-02,T2,suspicious activity,52.20272,0.14216
9144,2026-02,T2,suspicious activity,52.207758,0.138582
9145,2026-02,T2,suspicious activity,52.207758,0.138582
9146,2026-02,T2,vandalism,52.207758,0.138582
9147,2026-02,T2,physical assault,52.207435,0.137527
9148,2026-02,T2,physical assault,52.205548,0.141418
9149,2026-02,T2,harassment,52.204478,0.143444
9150,2026-02,T2,physical assault,52.199586,0.140458
9151,2026-02,T2,physical assault,52.202022,0.142478
9152,2026-02,T2,physical assault,52.199586,0.140458
9153,2026-02,T2,suspicious activity,52.205387,0.134429
9154,2026-02,T2,suspicious activity,52.205396,0.13642
9155,2026-02,T2,vandalism,52.199829,0.138962
9156,2026-02,T2,physical assault,52.199829,0.138962
9157,2026-02,T2,physical assault,52.205203,0.135693
9158,2026-02,T2,physical assault,52.205082,0.15122
9159,2026-02,T2,physical assault,52.200537,0.148991
9160,2026-02,T2,physical assault,52.200537,0.148991
9161,2026-02,T2,physical assault,52.205753,0.147984
9162,2026-02,T2,suspicious activity,52.198458,0.156998
9163,2026-02,T2,suspicious activity,52.195289,0.155718
9164,2026-02,T2,suspicious activity,52.198458,0.156998
9165,2026-02,T2,suspicious activity,52.195657,0.153263
9166,2026-02,T2,vandalism,52.200648,0.152743
9167,2026-02,T2,vandalism,52.198339,0.154651
9168,2026-02,T2,harassment,52.199388,0.155799
9169,2026-02,T2,physical assault,52.200648,0.152743
9170,2026-02,T2,physical assault,52.200577,0.15271
9171,2026-02,T2,physical assault,52.197086,0.1538
9172,2026-02,T2,physical assault,52.198339,0.154651
9173,2026-02,T2,physical assault,52.200577,0.15271
9174,2026-02,T2,physical assault,52.198647,0.14909
9175,2026-02,T2,physical assault,52.198096,0.142815
9176,2026-02,T2,physical assault,52.198096,0.142815
9177,2026-02,T2,suspicious activity,52.196817,0.146895
9178,2026-02,T2,suspicious activity,52.196991,0.144723
9179,2026-02,T2,vandalism,52.196102,0.151558
9180,2026-02,T2,harassment,52.198344,0.142008
9181,2026-02,T2,physical assault,52.190083,0.152262
9182,2026-02,T2,suspicious activity,52.190593,0.158797
9183,2026-02,T2,physical assault,52.190593,0.158797
9184,2026-02,T2,suspicious activity,52.185533,0.155699
9185,2026-02,T2,suspicious activity,52.189233,0.160882
9186,2026-02,T2,physical assault,52.189233,0.160882
9187,2026-02,T2,physical assault,52.189235,0.158293
9188,2026-02,T2,physical assault,52.186501,0.15933
9189,2026-02,T2,physical assault,52.186501,0.15933
9190,2026-02,T2,suspicious activity,52.189096,0.135331
9191,2026-02,T2,vandalism,52.194723,0.140897
9192,2026-02,T2,harassment,52.190164,0.136961
9193,2026-02,T2,robbery,52.194723,0.140897
9194,2026-02,T2,physical assault,52.190164,0.136961
9195,2026-02,T2,physical assault,52.194723,0.140897
9196,2026-02,T2,physical assault,52.195126,0.141458
9197,2026-02,T2,physical assault,52.190164,0.136961
9198,2026-02,T2,suspicious activity,52.192935,0.146723
9199,2026-02,T2,suspicious activity,52.192935,0.146723
9200,2026-02,T2,harassment,52.189542,0.143955
9201,2026-02,T2,robbery,52.189412,0.14863
9202,2026-02,T2,physical assault,52.190998,0.143001
9203,2026-02,T2,suspicious activity,52.185539,0.162268
9204,2026-02,T2,physical assault,52.190226,0.165568
9205,2026-02,T2,physical assault,52.190226,0.165568
9206,2026-02,T2,physical assault,52.190226,0.165568
9207,2026-02,T2,physical assault,52.185539,0.162268
9208,2026-02,T2,suspicious activity,52.183991,0.145092
9209,2026-02,T2,physical assault,52.18108,0.151842
9210,2026-02,T2,physical assault,52.184206,0.145103
9211,2026-02,T2,harassment,52.183754,0.155116
9212,2026-02,T2,physical assault,52.182446,0.160743
9213,2026-02,T2,physical assault,52.182558,0.154619
9214,2026-02,T2,physical assault,52.182558,0.154619
9215,2026-02,T2,physical assault,52.182071,0.156702
9216,2026-02,T2,physical assault,52.182558,0.154619
9217,2026-02,T2,physical assault,52.182909,0.160005
9218,2026-02,T2,physical assault,52.182446,0.160743
9219,2026-02,T2,physical assault,52.178683,0.153145
9220,2026-02,T2,vandalism,52.187291,0.141637
9221,2026-02,T2,physical assault,52.186198,0.139434
9222,2026-02,T2,physical assault,52.186198,0.139434
9223,2026-02,T2,suspicious activity,52.19676,0.129172
9224,2026-02,T2,suspicious activity,52.198358,0.126322
9225,2026-02,T2,physical assault,52.19676,0.129172
9226,2026-02,T2,physical assault,52.198821,0.129592
9227,2026-02,T2,physical assault,52.200225,0.129513
9228,2026-02,T2,physical assault,52.200225,0.129513
9229,2026-02,T2,physical assault,52.19676,0.129172
9230,2026-02,T2,suspicious activity,52.193225,0.136216
9231,2026-02,T2,vandalism,52.192353,0.134003
9232,2026-02,T2,vandalism,52.192245,0.134706
9233,2026-02,T2,vandalism,52.194644,0.134338
9234,2026-02,T2,harassment,52.190238,0.132796
9235,2026-02,T2,physical assault,52.193225,0.136216
9236,2026-02,T2,physical assault,52.192353,0.134003
9237,2026-02,T2,physical assault,52.190238,0.132796
9238,2026-02,T2,suspicious activity,52.188031,0.128535
9239,2026-02,T2,physical assault,52.188031,0.128535
9240,2026-02,T2,physical assault,52.189948,0.13148
9241,2026-02,T2,physical assault,52.19061,0.130151
9242,2026-02,T2,physical assault,52.191089,0.124029
9243,2026-02,T2,physical assault,52.191089,0.124029
9244,2026-02,T2,suspicious activity,52.180619,0.116713
9245,2026-02,T2,suspicious activity,52.231035,0.116314
9246,2026-02,T2,suspicious activity,52.229245,0.116361
9247,2026-02,T2,suspicious activity,52.231107,0.117328
9248,2026-02,T2,suspicious activity,52.231107,0.117328
9249,2026-02,T2,vandalism,52.231107,0.117328
9250,2026-02,T2,physical assault,52.231035,0.116314
9251,2026-02,T2,physical assault,52.231035,0.116314
9252,2026-02,T2,physical assault,52.231035,0.116314
9253,2026-02,T2,physical assault,52.231035,0.116314
9254,2026-02,T2,physical assault,52.231107,0.117328
9255,2026-02,T2,physical assault,52.231035,0.116314
9256,2026-02,T2,physical assault,52.231035,0.116314
9257,2026-02,T2,physical assault,52.231035,0.116314
9258,2026-02,T2,physical assault,52.231336,0.114586
9259,2026-02,T2,vandalism,52.224518,0.16135
9260,2026-02,T2,physical assault,52.224518,0.16135
9261,2026-02,T2,physical assault,52.224518,0.16135
9262,2026-02,T2,physical assault,52.224518,0.16135
9263,2026-02,T2,physical assault,52.224518,0.16135
9264,2026-02,T2,suspicious activity,52.223637,0.091452
9265,2026-02,T2,suspicious activity,52.223637,0.091452
9266,2026-02,T2,suspicious activity,52.227982,0.090851
9267,2026-02,T2,suspicious activity,52.224623,0.092143
9268,2026-02,T2,suspicious activity,52.229811,0.080467
9269,2026-02,T2,suspicious activity,52.230662,0.086247
9270,2026-02,T2,vandalism,52.228585,0.09539
9271,2026-02,T2,harassment,52.227982,0.090851
9272,2026-02,T2,harassment,52.228317,0.083589
9273,2026-02,T2,physical assault,52.230198,0.089593
9274,2026-02,T2,physical assault,52.230198,0.089593
9275,2026-02,T2,harassment,52.182601,0.087229
9276,2026-03,T2,suspicious activity,52.226808,0.133816
9277,2026-03,T2,suspicious activity,52.231891,0.132834
9278,2026-03,T2,vandalism,52.230535,0.130114
9279,2026-03,T2,harassment,52.230535,0.130114
9280,2026-03,T2,physical assault,52.230579,0.132166
9281,2026-03,T2,physical assault,52.230535,0.130114
9282,2026-03,T2,physical assault,52.228065,0.133437
9283,2026-03,T2,physical assault,52.230579,0.132166
9284,2026-03,T2,physical assault,52.230278,0.131874
9285,2026-03,T2,physical assault,52.23006,0.128525
9286,2026-03,T2,suspicious activity,52.227077,0.145491
9287,2026-03,T2,suspicious activity,52.227077,0.145491
9288,2026-03,T2,suspicious activity,52.229939,0.143646
9289,2026-03,T2,vandalism,52.227077,0.145491
9290,2026-03,T2,harassment,52.227077,0.145491
9291,2026-03,T2,harassment,52.227077,0.145491
9292,2026-03,T2,harassment,52.227077,0.145491
9293,2026-03,T2,physical assault,52.227077,0.145491
9294,2026-03,T2,physical assault,52.227077,0.145491
9295,2026-03,T2,physical assault,52.227734,0.142764
9296,2026-03,T2,physical assault,52.226709,0.144237
9297,2026-03,T2,physical assault,52.227734,0.142764
9298,2026-03,T2,physical assault,52.227077,0.145491
9299,2026-03,T2,physical assault,52.227077,0.145491
9300,2026-03,T2,suspicious activity,52.228238,0.138278
9301,2026-03,T2,suspicious activity,52.230802,0.135223
9302,2026-03,T2,suspicious activity,52.225263,0.136217
9303,2026-03,T2,suspicious activity,52.225263,0.136217
9304,2026-03,T2,suspicious activity,52.225532,0.13724
9305,2026-03,T2,vandalism,52.230802,0.135223
9306,2026-03,T2,vandalism,52.230747,0.135806
9307,2026-03,T2,harassment,52.229588,0.139675
9308,2026-03,T2,physical assault,52.228238,0.138278
9309,2026-03,T2,physical assault,52.228238,0.138278
9310,2026-03,T2,physical assault,52.230802,0.135223
9311,2026-03,T2,physical assault,52.22783,0.137482
9312,2026-03,T2,physical assault,52.229847,0.140317
9313,2026-03,T2,physical assault,52.230802,0.135223
9314,2026-03,T2,physical assault,52.226786,0.139511
9315,2026-03,T2,physical assault,52.230802,0.135223
9316,2026-03,T2,physical assault,52.229588,0.139675
9317,2026-03,T2,suspicious activity,52.229521,0.125512
9318,2026-03,T2,suspicious activity,52.229521,0.125512
9319,2026-03,T2,suspicious activity,52.228288,0.129055
9320,2026-03,T2,vandalism,52.230053,0.122901
9321,2026-03,T2,vandalism,52.226495,0.127754
9322,2026-03,T2,vandalism,52.228196,0.126664
9323,2026-03,T2,harassment,52.22584,0.126654
9324,2026-03,T2,harassment,52.22505,0.127114
9325,2026-03,T2,physical assault,52.228288,0.129055
9326,2026-03,T2,physical assault,52.226495,0.127754
9327,2026-03,T2,physical assault,52.22505,0.127114
9328,2026-03,T2,physical assault,52.229139,0.123238
9329,2026-03,T2,physical assault,52.226495,0.127754
9330,2026-03,T2,physical assault,52.22505,0.127114
9331,2026-03,T2,physical assault,52.22505,0.127114
9332,2026-03,T2,physical assault,52.229521,0.125512
9333,2026-03,T2,suspicious activity,52.231199,0.127173
9334,2026-03,T2,vandalism,52.231282,0.128583
9335,2026-03,T2,physical assault,52.232179,0.12372
9336,2026-03,T2,physical assault,52.231199,0.127173
9337,2026-03,T2,physical assault,52.232179,0.12372
9338,2026-03,T2,physical assault,52.230376,0.12646
9339,2026-03,T2,suspicious activity,52.230896,0.137483
9340,2026-03,T2,vandalism,52.230896,0.137483
9341,2026-03,T2,vandalism,52.232015,0.140217
9342,2026-03,T2,vandalism,52.230896,0.137483
9343,2026-03,T2,physical assault,52.232015,0.140217
9344,2026-03,T2,physical assault,52.230896,0.137483
9345,2026-03,T2,suspicious activity,52.217209,0.114588
9346,2026-03,T2,suspicious activity,52.219497,0.111388
9347,2026-03,T2,suspicious activity,52.217209,0.114588
9348,2026-03,T2,suspicious activity,52.220294,0.111339
9349,2026-03,T2,suspicious activity,52.219497,0.111388
9350,2026-03,T2,vandalism,52.216568,0.113723
9351,2026-03,T2,harassment,52.218365,0.116312
9352,2026-03,T2,physical assault,52.219314,0.110766
9353,2026-03,T2,physical assault,52.215335,0.112274
9354,2026-03,T2,physical assault,52.220294,0.111339
9355,2026-03,T2,physical assault,52.219497,0.111388
9356,2026-03,T2,physical assault,52.220294,0.111339
9357,2026-03,T2,suspicious activity,52.211545,0.116061
9358,2026-03,T2,physical assault,52.215021,0.11526
9359,2026-03,T2,physical assault,52.211545,0.116061
9360,2026-03,T2,vandalism,52.227584,0.114715
9361,2026-03,T2,vandalism,52.227584,0.114715
9362,2026-03,T2,vandalism,52.225144,0.115858
9363,2026-03,T2,vandalism,52.228161,0.111111
9364,2026-03,T2,vandalism,52.227584,0.114715
9365,2026-03,T2,vandalism,52.226389,0.109094
9366,2026-03,T2,physical assault,52.228392,0.114285
9367,2026-03,T2,physical assault,52.228945,0.110504
9368,2026-03,T2,suspicious activity,52.226817,0.12137
9369,2026-03,T2,vandalism,52.226817,0.12137
9370,2026-03,T2,vandalism,52.230061,0.11915
9371,2026-03,T2,vandalism,52.22626,0.119806
9372,2026-03,T2,vandalism,52.230061,0.11915
9373,2026-03,T2,vandalism,52.224434,0.118841
9374,2026-03,T2,robbery,52.230061,0.11915
9375,2026-03,T2,physical assault,52.230061,0.11915
9376,2026-03,T2,physical assault,52.227888,0.120792
9377,2026-03,T2,physical assault,52.226817,0.12137
9378,2026-03,T2,physical assault,52.230061,0.11915
9379,2026-03,T2,physical assault,52.230061,0.11915
9380,2026-03,T2,physical assault,52.226546,0.122397
9381,2026-03,T2,physical assault,52.226546,0.122397
9382,2026-03,T2,physical assault,52.226546,0.122397
9383,2026-03,T2,physical assault,52.230061,0.11915
9384,2026-03,T2,suspicious activity,52.220712,0.11329
9385,2026-03,T2,suspicious activity,52.219596,0.113867
9386,2026-03,T2,vandalism,52.223028,0.112522
9387,2026-03,T2,physical assault,52.220331,0.115
9388,2026-03,T2,physical assault,52.223028,0.112522
9389,2026-03,T2,physical assault,52.2236,0.11924
9390,2026-03,T2,physical assault,52.22219,0.118148
9391,2026-03,T2,physical assault,52.224082,0.112909
9392,2026-03,T2,physical assault,52.224961,0.119583
9393,2026-03,T2,physical assault,52.224961,0.119583
9394,2026-03,T2,physical assault,52.224961,0.119583
9395,2026-03,T2,physical assault,52.223591,0.123237
9396,2026-03,T2,physical assault,52.223622,0.121994
9397,2026-03,T2,physical assault,52.224961,0.119583
9398,2026-03,T2,physical assault,52.226451,0.124706
9399,2026-03,T2,physical assault,52.224961,0.119583
9400,2026-03,T2,suspicious activity,52.22584,0.151487
9401,2026-03,T2,suspicious activity,52.227778,0.151727
9402,2026-03,T2,suspicious activity,52.223718,0.151487
9403,2026-03,T2,suspicious activity,52.22584,0.151487
9404,2026-03,T2,vandalism,52.227638,0.14806
9405,2026-03,T2,vandalism,52.226291,0.145945
9406,2026-03,T2,vandalism,52.224192,0.149665
9407,2026-03,T2,harassment,52.227778,0.151727
9408,2026-03,T2,physical assault,52.225899,0.149704
9409,2026-03,T2,physical assault,52.223625,0.150663
9410,2026-03,T2,physical assault,52.223044,0.150488
9411,2026-03,T2,physical assault,52.225899,0.149704
9412,2026-03,T2,physical assault,52.225899,0.149704
9413,2026-03,T2,physical assault,52.223625,0.150663
9414,2026-03,T2,physical assault,52.224192,0.149665
9415,2026-03,T2,physical assault,52.225544,0.148998
9416,2026-03,T2,physical assault,52.226941,0.149798
9417,2026-03,T2,physical assault,52.226941,0.149798
9418,2026-03,T2,suspicious activity,52.220094,0.152
9419,2026-03,T2,suspicious activity,52.219484,0.150419
9420,2026-03,T2,suspicious activity,52.222426,0.156256
9421,2026-03,T2,suspicious activity,52.222426,0.156256
9422,2026-03,T2,vandalism,52.222089,0.149563
9423,2026-03,T2,harassment,52.220094,0.152
9424,2026-03,T2,harassment,52.222426,0.156256
9425,2026-03,T2,physical assault,52.219484,0.150419
9426,2026-03,T2,physical assault,52.22122,0.157764
9427,2026-03,T2,suspicious activity,52.218903,0.133876
9428,2026-03,T2,suspicious activity,52.220584,0.136387
9429,2026-03,T2,suspicious activity,52.220584,0.136387
9430,2026-03,T2,vandalism,52.217847,0.134119
9431,2026-03,T2,vandalism,52.217847,0.134119
9432,2026-03,T2,vandalism,52.219997,0.140005
9433,2026-03,T2,vandalism,52.219468,0.137959
9434,2026-03,T2,physical assault,52.219468,0.137959
9435,2026-03,T2,physical assault,52.220584,0.136387
9436,2026-03,T2,physical assault,52.219468,0.137959
9437,2026-03,T2,physical assault,52.220584,0.136387
9438,2026-03,T2,physical assault,52.221307,0.141166
9439,2026-03,T2,physical assault,52.219886,0.138682
9440,2026-03,T2,physical assault,52.221307,0.141166
9441,2026-03,T2,physical assault,52.221307,0.141166
9442,2026-03,T2,physical assault,52.222276,0.144228
9443,2026-03,T2,physical assault,52.220584,0.136387
9444,2026-03,T2,physical assault,52.222276,0.144228
9445,2026-03,T2,physical assault,52.220584,0.136387
9446,2026-03,T2,suspicious activity,52.220162,0.144815
9447,2026-03,T2,vandalism,52.220806,0.144963
9448,2026-03,T2,vandalism,52.223291,0.143326
9449,2026-03,T2,physical assault,52.221535,0.146433
9450,2026-03,T2,physical assault,52.220806,0.144963
9451,2026-03,T2,suspicious activity,52.213353,0.141218
9452,2026-03,T2,suspicious activity,52.216661,0.140518
9453,2026-03,T2,harassment,52.213353,0.141218
9454,2026-03,T2,harassment,52.217483,0.142797
9455,2026-03,T2,harassment,52.213202,0.136897
9456,2026-03,T2,harassment,52.213353,0.141218
9457,2026-03,T2,physical assault,52.213353,0.141218
9458,2026-03,T2,physical assault,52.213353,0.141218
9459,2026-03,T2,physical assault,52.213353,0.141218
9460,2026-03,T2,physical assault,52.215551,0.140699
9461,2026-03,T2,suspicious activity,52.218054,0.144493
9462,2026-03,T2,suspicious activity,52.218965,0.144332
9463,2026-03,T2,suspicious activity,52.219051,0.14706
9464,2026-03,T2,suspicious activity,52.218965,0.144332
9465,2026-03,T2,suspicious activity,52.218054,0.144493
9466,2026-03,T2,suspicious activity,52.218479,0.147354
9467,2026-03,T2,suspicious activity,52.218054,0.144493
9468,2026-03,T2,suspicious activity,52.218054,0.144493
9469,2026-03,T2,suspicious activity,52.217287,0.140211
9470,2026-03,T2,suspicious activity,52.218054,0.144493
9471,2026-03,T2,suspicious activity,52.218479,0.147354
9472,2026-03,T2,harassment,52.215574,0.137201
9473,2026-03,T2,harassment,52.214478,0.137909
9474,2026-03,T2,physical assault,52.218054,0.144493
9475,2026-03,T2,physical assault,52.218965,0.144332
9476,2026-03,T2,physical assault,52.218054,0.144493
9477,2026-03,T2,physical assault,52.218054,0.144493
9478,2026-03,T2,physical assault,52.219051,0.14706
9479,2026-03,T2,physical assault,52.218054,0.144493
9480,2026-03,T2,physical assault,52.218054,0.144493
9481,2026-03,T2,physical assault,52.218054,0.144493
9482,2026-03,T2,physical assault,52.218054,0.144493
9483,2026-03,T2,physical assault,52.219051,0.14706
9484,2026-03,T2,physical assault,52.218054,0.144493
9485,2026-03,T2,suspicious activity,52.221955,0.132178
9486,2026-03,T2,suspicious activity,52.224153,0.133952
9487,2026-03,T2,suspicious activity,52.221089,0.131331
9488,2026-03,T2,physical assault,52.223978,0.13718
9489,2026-03,T2,physical assault,52.223978,0.13718
9490,2026-03,T2,physical assault,52.223048,0.133899
9491,2026-03,T2,physical assault,52.220903,0.129712
9492,2026-03,T2,physical assault,52.220903,0.129712
9493,2026-03,T2,physical assault,52.223978,0.13718
9494,2026-03,T2,physical assault,52.223048,0.133899
9495,2026-03,T2,physical assault,52.220903,0.129712
9496,2026-03,T2,physical assault,52.220903,0.129712
9497,2026-03,T2,physical assault,52.220903,0.129712
9498,2026-03,T2,physical assault,52.220903,0.129712
9499,2026-03,T2,harassment,52.222908,0.127729
9500,2026-03,T2,harassment,52.222908,0.127729
9501,2026-03,T2,physical assault,52.222908,0.127729
9502,2026-03,T2,physical assault,52.218686,0.128464
9503,2026-03,T2,suspicious activity,52.219264,0.132298
9504,2026-03,T2,vandalism,52.215762,0.13254
9505,2026-03,T2,physical assault,52.219264,0.132298
9506,2026-03,T2,harassment,52.215475,0.134488
9507,2026-03,T2,physical assault,52.213552,0.13643
9508,2026-03,T2,physical assault,52.215762,0.13254
9509,2026-03,T2,physical assault,52.215475,0.134488
9510,2026-03,T2,physical assault,52.213552,0.13643
9511,2026-03,T2,physical assault,52.213552,0.13643
9512,2026-03,T2,physical assault,52.215762,0.13254
9513,2026-03,T2,physical assault,52.215762,0.13254
9514,2026-03,T2,suspicious activity,52.214281,0.122954
9515,2026-03,T2,suspicious activity,52.214281,0.122954
9516,2026-03,T2,suspicious activity,52.214032,0.1218
9517,2026-03,T2,vandalism,52.213852,0.125803
9518,2026-03,T2,physical assault,52.216518,0.123061
9519,2026-03,T2,physical assault,52.214705,0.124822
9520,2026-03,T2,physical assault,52.216518,0.123061
9521,2026-03,T2,physical assault,52.213852,0.125803
9522,2026-03,T2,physical assault,52.214281,0.122954
9523,2026-03,T2,physical assault,52.216518,0.123061
9524,2026-03,T2,physical assault,52.214705,0.124822
9525,2026-03,T2,physical assault,52.218793,0.119055
9526,2026-03,T2,physical assault,52.216518,0.123061
9527,2026-03,T2,physical assault,52.214919,0.123424
9528,2026-03,T2,physical assault,52.216518,0.123061
9529,2026-03,T2,suspicious activity,52.214399,0.129825
9530,2026-03,T2,harassment,52.212891,0.128714
9531,2026-03,T2,robbery,52.212335,0.136079
9532,2026-03,T2,physical assault,52.210801,0.133386
9533,2026-03,T2,vandalism,52.219851,0.109165
9534,2026-03,T2,harassment,52.221938,0.112119
9535,2026-03,T2,harassment,52.221035,0.108343
9536,2026-03,T2,physical assault,52.219851,0.109165
9537,2026-03,T2,physical assault,52.219851,0.109165
9538,2026-03,T2,physical assault,52.225017,0.111943
9539,2026-03,T2,physical assault,52.225017,0.111943
9540,2026-03,T2,suspicious activity,52.22512,0.098594
9541,2026-03,T2,vandalism,52.223364,0.0957
9542,2026-03,T2,physical assault,52.223364,0.0957
9543,2026-03,T2,physical assault,52.223675,0.099463
9544,2026-03,T2,physical assault,52.223956,0.09933
9545,2026-03,T2,physical assault,52.223956,0.09933
9546,2026-03,T2,physical assault,52.22294,0.095285
9547,2026-03,T2,physical assault,52.22294,0.095285
9548,2026-03,T2,robbery,52.214365,0.090007
9549,2026-03,T2,suspicious activity,52.214025,0.111626
9550,2026-03,T2,suspicious activity,52.214025,0.111626
9551,2026-03,T2,vandalism,52.211217,0.112781
9552,2026-03,T2,physical assault,52.211148,0.110128
9553,2026-03,T2,harassment,52.212778,0.110952
9554,2026-03,T2,physical assault,52.212589,0.104942
9555,2026-03,T2,physical assault,52.210445,0.115769
9556,2026-03,T2,physical assault,52.206444,0.118219
9557,2026-03,T2,physical assault,52.213316,0.113569
9558,2026-03,T2,physical assault,52.206444,0.118219
9559,2026-03,T2,physical assault,52.211148,0.110128
9560,2026-03,T2,physical assault,52.214025,0.111626
9561,2026-03,T2,physical assault,52.214627,0.106616
9562,2026-03,T2,physical assault,52.207966,0.118072
9563,2026-03,T2,suspicious activity,52.213326,0.143944
9564,2026-03,T2,suspicious activity,52.213326,0.143944
9565,2026-03,T2,suspicious activity,52.209663,0.141601
9566,2026-03,T2,suspicious activity,52.208484,0.141193
9567,2026-03,T2,suspicious activity,52.209787,0.145932
9568,2026-03,T2,suspicious activity,52.209787,0.145932
9569,2026-03,T2,suspicious activity,52.210354,0.14222
9570,2026-03,T2,suspicious activity,52.210102,0.143188
9571,2026-03,T2,physical assault,52.211411,0.143427
9572,2026-03,T2,physical assault,52.207245,0.143534
9573,2026-03,T2,physical assault,52.211411,0.143427
9574,2026-03,T2,harassment,52.208577,0.143978
9575,2026-03,T2,harassment,52.208484,0.141193
9576,2026-03,T2,harassment,52.209787,0.145932
9577,2026-03,T2,physical assault,52.210714,0.137202
9578,2026-03,T2,physical assault,52.208577,0.143978
9579,2026-03,T2,physical assault,52.211158,0.141512
9580,2026-03,T2,physical assault,52.21159,0.145456
9581,2026-03,T2,physical assault,52.211158,0.141512
9582,2026-03,T2,suspicious activity,52.21731,0.162113
9583,2026-03,T2,suspicious activity,52.217006,0.165465
9584,2026-03,T2,vandalism,52.218058,0.164477
9585,2026-03,T2,physical assault,52.21731,0.162113
9586,2026-03,T2,physical assault,52.213857,0.164083
9587,2026-03,T2,suspicious activity,52.214272,0.150723
9588,2026-03,T2,suspicious activity,52.208923,0.155075
9589,2026-03,T2,vandalism,52.211711,0.147203
9590,2026-03,T2,vandalism,52.214904,0.158483
9591,2026-03,T2,vandalism,52.213279,0.146503
9592,2026-03,T2,harassment,52.214272,0.150723
9593,2026-03,T2,physical assault,52.21415,0.146545
9594,2026-03,T2,physical assault,52.215589,0.157887
9595,2026-03,T2,physical assault,52.212508,0.15178
9596,2026-03,T2,suspicious activity,52.213238,0.163042
9597,2026-03,T2,suspicious activity,52.213238,0.163042
9598,2026-03,T2,harassment,52.213238,0.163042
9599,2026-03,T2,physical assault,52.213238,0.163042
9600,2026-03,T2,physical assault,52.213238,0.163042
9601,2026-03,T2,suspicious activity,52.210173,0.160976
9602,2026-03,T2,vandalism,52.209934,0.162238
9603,2026-03,T2,physical assault,52.208121,0.159135
9604,2026-03,T2,physical assault,52.208121,0.159135
9605,2026-03,T2,suspicious activity,52.204725,0.127796
9606,2026-03,T2,suspicious activity,52.205896,0.133634
9607,2026-03,T2,suspicious activity,52.208553,0.131887
9608,2026-03,T2,suspicious activity,52.204725,0.127796
9609,2026-03,T2,vandalism,52.204911,0.132942
9610,2026-03,T2,vandalism,52.204725,0.127796
9611,2026-03,T2,physical assault,52.208978,0.135757
9612,2026-03,T2,harassment,52.207516,0.130608
9613,2026-03,T2,harassment,52.206593,0.133474
9614,2026-03,T2,harassment,52.206982,0.136218
9615,2026-03,T2,robbery,52.208553,0.131887
9616,2026-03,T2,robbery,52.206907,0.130462
9617,2026-03,T2,physical assault,52.206593,0.133474
9618,2026-03,T2,physical assault,52.204911,0.132942
9619,2026-03,T2,physical assault,52.206982,0.136218
9620,2026-03,T2,physical assault,52.205427,0.131255
9621,2026-03,T2,physical assault,52.210274,0.136668
9622,2026-03,T2,physical assault,52.206593,0.133474
9623,2026-03,T2,physical assault,52.208553,0.131887
9624,2026-03,T2,physical assault,52.204725,0.127796
9625,2026-03,T2,physical assault,52.210274,0.136668
9626,2026-03,T2,physical assault,52.210274,0.136668
9627,2026-03,T2,physical assault,52.206982,0.136218
9628,2026-03,T2,physical assault,52.208467,0.130712
9629,2026-03,T2,physical assault,52.210274,0.136668
9630,2026-03,T2,suspicious activity,52.199938,0.111343
9631,2026-03,T2,physical assault,52.195769,0.102215
9632,2026-03,T2,physical assault,52.19939,0.112908
9633,2026-03,T2,physical assault,52.199938,0.111343
9634,2026-03,T2,suspicious activity,52.206781,0.118952
9635,2026-03,T2,suspicious activity,52.205386,0.124037
9636,2026-03,T2,suspicious activity,52.205622,0.118912
9637,2026-03,T2,suspicious activity,52.205622,0.118912
9638,2026-03,T2,suspicious activity,52.209422,0.119092
9639,2026-03,T2,suspicious activity,52.205386,0.124037
9640,2026-03,T2,suspicious activity,52.209422,0.119092
9641,2026-03,T2,suspicious activity,52.206635,0.119077
9642,2026-03,T2,suspicious activity,52.205622,0.118912
9643,2026-03,T2,suspicious activity,52.205622,0.118912
9644,2026-03,T2,suspicious activity,52.205622,0.118912
9645,2026-03,T2,suspicious activity,52.20532,0.123983
9646,2026-03,T2,suspicious activity,52.205622,0.118912
9647,2026-03,T2,suspicious activity,52.206447,0.120517
9648,2026-03,T2,suspicious activity,52.206781,0.118952
9649,2026-03,T2,suspicious activity,52.205622,0.118912
9650,2026-03,T2,suspicious activity,52.210359,0.119517
9651,2026-03,T2,suspicious activity,52.205622,0.118912
9652,2026-03,T2,suspicious activity,52.209069,0.119749
9653,2026-03,T2,suspicious activity,52.206447,0.120517
9654,2026-03,T2,vandalism,52.205622,0.118912
9655,2026-03,T2,vandalism,52.208907,0.118234
9656,2026-03,T2,physical assault,52.206447,0.120517
9657,2026-03,T2,harassment,52.2055,0.118203
9658,2026-03,T2,harassment,52.207875,0.123658
9659,2026-03,T2,physical assault,52.207111,0.125627
9660,2026-03,T2,physical assault,52.205622,0.118912
9661,2026-03,T2,physical assault,52.208057,0.122042
9662,2026-03,T2,physical assault,52.2071,0.119758
9663,2026-03,T2,physical assault,52.205622,0.118912
9664,2026-03,T2,physical assault,52.210019,0.117891
9665,2026-03,T2,physical assault,52.206447,0.120517
9666,2026-03,T2,physical assault,52.20532,0.123983
9667,2026-03,T2,physical assault,52.205622,0.118912
9668,2026-03,T2,physical assault,52.205622,0.118912
9669,2026-03,T2,physical assault,52.206447,0.120517
9670,2026-03,T2,physical assault,52.206447,0.120517
9671,2026-03,T2,physical assault,52.206447,0.120517
9672,2026-03,T2,physical assault,52.205622,0.118912
9673,2026-03,T2,physical assault,52.208907,0.118234
9674,2026-03,T2,physical assault,52.20844,0.119704
9675,2026-03,T2,physical assault,52.208057,0.122042
9676,2026-03,T2,physical assault,52.208907,0.118234
9677,2026-03,T2,physical assault,52.206635,0.119077
9678,2026-03,T2,physical assault,52.208907,0.118234
9679,2026-03,T2,physical assault,52.2055,0.118203
9680,2026-03,T2,physical assault,52.210019,0.117891
9681,2026-03,T2,physical assault,52.205622,0.118912
9682,2026-03,T2,physical assault,52.205622,0.118912
9683,2026-03,T2,physical assault,52.2055,0.118203
9684,2026-03,T2,physical assault,52.206781,0.118952
9685,2026-03,T2,physical assault,52.205622,0.118912
9686,2026-03,T2,suspicious activity,52.195482,0.099656
9687,2026-03,T2,harassment,52.209287,0.086033
9688,2026-03,T2,physical assault,52.205716,0.101602
9689,2026-03,T2,physical assault,52.198992,0.097934
9690,2026-03,T2,physical assault,52.196143,0.100404
9691,2026-03,T2,physical assault,52.196143,0.100404
9692,2026-03,T2,physical assault,52.205716,0.101602
9693,2026-03,T2,suspicious activity,52.20121,0.117765
9694,2026-03,T2,suspicious activity,52.205594,0.133429
9695,2026-03,T2,suspicious activity,52.204372,0.119408
9696,2026-03,T2,suspicious activity,52.204812,0.121976
9697,2026-03,T2,suspicious activity,52.204812,0.121976
9698,2026-03,T2,suspicious activity,52.202906,0.120465
9699,2026-03,T2,suspicious activity,52.206455,0.121103
9700,2026-03,T2,suspicious activity,52.203097,0.121806
9701,2026-03,T2,suspicious activity,52.204372,0.119408
9702,2026-03,T2,suspicious activity,52.204536,0.117821
9703,2026-03,T2,suspicious activity,52.199366,0.127262
9704,2026-03,T2,suspicious activity,52.202906,0.120465
9705,2026-03,T2,suspicious activity,52.204372,0.119408
9706,2026-03,T2,suspicious activity,52.201421,0.125173
9707,2026-03,T2,suspicious activity,52.204372,0.119408
9708,2026-03,T2,suspicious activity,52.204372,0.119408
9709,2026-03,T2,suspicious activity,52.203523,0.124124
9710,2026-03,T2,suspicious activity,52.201058,0.126172
9711,2026-03,T2,suspicious activity,52.202906,0.120465
9712,2026-03,T2,suspicious activity,52.204215,0.121172
9713,2026-03,T2,suspicious activity,52.203247,0.130463
9714,2026-03,T2,vandalism,52.204812,0.121976
9715,2026-03,T2,vandalism,52.203247,0.130463
9716,2026-03,T2,vandalism,52.203523,0.124124
9717,2026-03,T2,vandalism,52.202989,0.126294
9718,2026-03,T2,vandalism,52.203523,0.124124
9719,2026-03,T2,vandalism,52.203097,0.121806
9720,2026-03,T2,physical assault,52.203334,0.129106
9721,2026-03,T2,harassment,52.203334,0.129106
9722,2026-03,T2,harassment,52.204812,0.121976
9723,2026-03,T2,harassment,52.205594,0.133429
9724,2026-03,T2,harassment,52.204372,0.119408
9725,2026-03,T2,harassment,52.203523,0.124124
9726,2026-03,T2,harassment,52.20446,0.118051
9727,2026-03,T2,harassment,52.203247,0.130463
9728,2026-03,T2,harassment,52.203097,0.121806
9729,2026-03,T2,harassment,52.204812,0.121976
9730,2026-03,T2,robbery,52.204372,0.119408
9731,2026-03,T2,robbery,52.203097,0.121806
9732,2026-03,T2,physical assault,52.203523,0.124124
9733,2026-03,T2,physical assault,52.203523,0.124124
9734,2026-03,T2,physical assault,52.203523,0.124124
9735,2026-03,T2,physical assault,52.201421,0.125173
9736,2026-03,T2,physical assault,52.203523,0.124124
9737,2026-03,T2,physical assault,52.20446,0.118051
9738,2026-03,T2,physical assault,52.203523,0.124124
9739,2026-03,T2,physical assault,52.204662,0.125774
9740,2026-03,T2,physical assault,52.204812,0.121976
9741,2026-03,T2,physical assault,52.203523,0.124124
9742,2026-03,T2,physical assault,52.204513,0.132572
9743,2026-03,T2,physical assault,52.203247,0.130463
9744,2026-03,T2,physical assault,52.203523,0.124124
9745,2026-03,T2,physical assault,52.201421,0.125173
9746,2026-03,T2,physical assault,52.203523,0.124124
9747,2026-03,T2,physical assault,52.203247,0.130463
9748,2026-03,T2,physical assault,52.205594,0.133429
9749,2026-03,T2,physical assault,52.203097,0.121806
9750,2026-03,T2,physical assault,52.203523,0.124124
9751,2026-03,T2,physical assault,52.20533,0.12364
9752,2026-03,T2,physical assault,52.204372,0.119408
9753,2026-03,T2,physical assault,52.203523,0.124124
9754,2026-03,T2,physical assault,52.20446,0.118051
9755,2026-03,T2,physical assault,52.206455,0.121103
9756,2026-03,T2,physical assault,52.203523,0.124124
9757,2026-03,T2,physical assault,52.204812,0.121976
9758,2026-03,T2,physical assault,52.206455,0.121103
9759,2026-03,T2,physical assault,52.203523,0.124124
9760,2026-03,T2,physical assault,52.203247,0.130463
9761,2026-03,T2,physical assault,52.204215,0.121172
9762,2026-03,T2,physical assault,52.203247,0.130463
9763,2026-03,T2,physical assault,52.203523,0.124124
9764,2026-03,T2,physical assault,52.203523,0.124124
9765,2026-03,T2,physical assault,52.205594,0.133429
9766,2026-03,T2,physical assault,52.203523,0.124124
9767,2026-03,T2,physical assault,52.204372,0.119408
9768,2026-03,T2,physical assault,52.204812,0.121976
9769,2026-03,T2,physical assault,52.203523,0.124124
9770,2026-03,T2,physical assault,52.200939,0.125816
9771,2026-03,T2,physical assault,52.203523,0.124124
9772,2026-03,T2,physical assault,52.204372,0.119408
9773,2026-03,T2,physical assault,52.206311,0.121593
9774,2026-03,T2,physical assault,52.204812,0.121976
9775,2026-03,T2,physical assault,52.204372,0.119408
9776,2026-03,T2,suspicious activity,52.194769,0.136334
9777,2026-03,T2,suspicious activity,52.194769,0.136334
9778,2026-03,T2,suspicious activity,52.196089,0.138944
9779,2026-03,T2,suspicious activity,52.195979,0.136085
9780,2026-03,T2,suspicious activity,52.19578,0.134129
9781,2026-03,T2,harassment,52.19578,0.134129
9782,2026-03,T2,harassment,52.195793,0.137905
9783,2026-03,T2,physical assault,52.195793,0.137905
9784,2026-03,T2,physical assault,52.19578,0.134129
9785,2026-03,T2,physical assault,52.19578,0.134129
9786,2026-03,T2,suspicious activity,52.19851,0.134816
9787,2026-03,T2,suspicious activity,52.198807,0.13483
9788,2026-03,T2,suspicious activity,52.202223,0.134863
9789,2026-03,T2,suspicious activity,52.201568,0.134319
9790,2026-03,T2,suspicious activity,52.201337,0.130181
9791,2026-03,T2,suspicious activity,52.20199,0.13151
9792,2026-03,T2,suspicious activity,52.20199,0.13151
9793,2026-03,T2,vandalism,52.200225,0.134986
9794,2026-03,T2,harassment,52.200225,0.134986
9795,2026-03,T2,harassment,52.200225,0.134986
9796,2026-03,T2,harassment,52.201337,0.130181
9797,2026-03,T2,harassment,52.201337,0.130181
9798,2026-03,T2,harassment,52.20199,0.13151
9799,2026-03,T2,physical assault,52.201337,0.130181
9800,2026-03,T2,physical assault,52.200443,0.134338
9801,2026-03,T2,suspicious activity,52.207758,0.138582
9802,2026-03,T2,suspicious activity,52.207758,0.138582
9803,2026-03,T2,harassment,52.207758,0.138582
9804,2026-03,T2,harassment,52.205548,0.141418
9805,2026-03,T2,suspicious activity,52.199586,0.140458
9806,2026-03,T2,suspicious activity,52.202952,0.143254
9807,2026-03,T2,suspicious activity,52.205917,0.145402
9808,2026-03,T2,suspicious activity,52.199957,0.140315
9809,2026-03,T2,suspicious activity,52.199586,0.140458
9810,2026-03,T2,suspicious activity,52.202952,0.143254
9811,2026-03,T2,vandalism,52.202952,0.143254
9812,2026-03,T2,vandalism,52.2012,0.140726
9813,2026-03,T2,harassment,52.204617,0.144183
9814,2026-03,T2,harassment,52.199957,0.140315
9815,2026-03,T2,physical assault,52.202022,0.142478
9816,2026-03,T2,physical assault,52.205917,0.145402
9817,2026-03,T2,physical assault,52.202952,0.143254
9818,2026-03,T2,physical assault,52.202952,0.143254
9819,2026-03,T2,suspicious activity,52.204696,0.136357
9820,2026-03,T2,suspicious activity,52.205203,0.135693
9821,2026-03,T2,suspicious activity,52.201118,0.136785
9822,2026-03,T2,vandalism,52.199829,0.138962
9823,2026-03,T2,harassment,52.201118,0.136785
9824,2026-03,T2,physical assault,52.203355,0.133453
9825,2026-03,T2,physical assault,52.205396,0.13642
9826,2026-03,T2,physical assault,52.203904,0.136875
9827,2026-03,T2,physical assault,52.203904,0.136875
9828,2026-03,T2,suspicious activity,52.200537,0.148991
9829,2026-03,T2,vandalism,52.204486,0.147909
9830,2026-03,T2,vandalism,52.204017,0.152906
9831,2026-03,T2,harassment,52.201621,0.157093
9832,2026-03,T2,physical assault,52.205101,0.147236
9833,2026-03,T2,suspicious activity,52.200111,0.145737
9834,2026-03,T2,suspicious activity,52.200938,0.145235
9835,2026-03,T2,suspicious activity,52.197608,0.145426
9836,2026-03,T2,physical assault,52.199572,0.143706
9837,2026-03,T2,physical assault,52.197608,0.145426
9838,2026-03,T2,physical assault,52.197608,0.145426
9839,2026-03,T2,physical assault,52.197608,0.145426
9840,2026-03,T2,suspicious activity,52.198339,0.154651
9841,2026-03,T2,suspicious activity,52.197086,0.1538
9842,2026-03,T2,suspicious activity,52.197086,0.1538
9843,2026-03,T2,suspicious activity,52.200648,0.152743
9844,2026-03,T2,vandalism,52.200648,0.152743
9845,2026-03,T2,physical assault,52.200467,0.160725
9846,2026-03,T2,harassment,52.19609,0.155683
9847,2026-03,T2,physical assault,52.197086,0.1538
9848,2026-03,T2,physical assault,52.198458,0.156998
9849,2026-03,T2,physical assault,52.200648,0.152743
9850,2026-03,T2,physical assault,52.201557,0.161597
9851,2026-03,T2,physical assault,52.201557,0.161597
9852,2026-03,T2,physical assault,52.19609,0.155683
9853,2026-03,T2,suspicious activity,52.198095,0.153249
9854,2026-03,T2,suspicious activity,52.198096,0.142815
9855,2026-03,T2,suspicious activity,52.198095,0.153249
9856,2026-03,T2,physical assault,52.198095,0.153249
9857,2026-03,T2,physical assault,52.197784,0.150088
9858,2026-03,T2,physical assault,52.198647,0.14909
9859,2026-03,T2,physical assault,52.198096,0.142815
9860,2026-03,T2,physical assault,52.198095,0.153249
9861,2026-03,T2,suspicious activity,52.196149,0.14897
9862,2026-03,T2,suspicious activity,52.196817,0.146895
9863,2026-03,T2,suspicious activity,52.196817,0.146895
9864,2026-03,T2,suspicious activity,52.196348,0.142
9865,2026-03,T2,harassment,52.196817,0.146895
9866,2026-03,T2,physical assault,52.196817,0.146895
9867,2026-03,T2,physical assault,52.198344,0.142008
9868,2026-03,T2,physical assault,52.196991,0.144723
9869,2026-03,T2,physical assault,52.195482,0.145645
9870,2026-03,T2,physical assault,52.196817,0.146895
9871,2026-03,T2,physical assault,52.196102,0.151558
9872,2026-03,T2,physical assault,52.198344,0.142008
9873,2026-03,T2,suspicious activity,52.19056,0.146813
9874,2026-03,T2,suspicious activity,52.19056,0.146813
9875,2026-03,T2,suspicious activity,52.19056,0.146813
9876,2026-03,T2,suspicious activity,52.19056,0.146813
9877,2026-03,T2,suspicious activity,52.193309,0.143961
9878,2026-03,T2,suspicious activity,52.19056,0.146813
9879,2026-03,T2,suspicious activity,52.193309,0.143961
9880,2026-03,T2,suspicious activity,52.19056,0.146813
9881,2026-03,T2,suspicious activity,52.19056,0.146813
9882,2026-03,T2,vandalism,52.193309,0.143961
9883,2026-03,T2,vandalism,52.191929,0.148664
9884,2026-03,T2,physical assault,52.19056,0.146813
9885,2026-03,T2,physical assault,52.19056,0.146813
9886,2026-03,T2,physical assault,52.19056,0.146813
9887,2026-03,T2,physical assault,52.190083,0.152262
9888,2026-03,T2,physical assault,52.193309,0.143961
9889,2026-03,T2,physical assault,52.19056,0.146813
9890,2026-03,T2,vandalism,52.193072,0.156503
9891,2026-03,T2,physical assault,52.195303,0.152002
9892,2026-03,T2,harassment,52.191743,0.153937
9893,2026-03,T2,vandalism,52.189235,0.158293
9894,2026-03,T2,physical assault,52.189235,0.158293
9895,2026-03,T2,physical assault,52.189235,0.158293
9896,2026-03,T2,suspicious activity,52.192367,0.140887
9897,2026-03,T2,suspicious activity,52.190855,0.13701
9898,2026-03,T2,harassment,52.190164,0.136961
9899,2026-03,T2,physical assault,52.190164,0.136961
9900,2026-03,T2,physical assault,52.195126,0.141458
9901,2026-03,T2,physical assault,52.189096,0.135331
9902,2026-03,T2,physical assault,52.190164,0.136961
9903,2026-03,T2,physical assault,52.190567,0.137011
9904,2026-03,T2,physical assault,52.192367,0.140887
9905,2026-03,T2,physical assault,52.190164,0.136961
9906,2026-03,T2,vandalism,52.189534,0.14732
9907,2026-03,T2,vandalism,52.189542,0.143955
9908,2026-03,T2,physical assault,52.189542,0.143955
9909,2026-03,T2,physical assault,52.188904,0.1429
9910,2026-03,T2,physical assault,52.188904,0.1429
9911,2026-03,T2,physical assault,52.189412,0.14863
9912,2026-03,T2,physical assault,52.188904,0.1429
9913,2026-03,T2,suspicious activity,52.187422,0.162067
9914,2026-03,T2,suspicious activity,52.185539,0.162268
9915,2026-03,T2,suspicious activity,52.184937,0.160235
9916,2026-03,T2,harassment,52.185539,0.162268
9917,2026-03,T2,physical assault,52.187422,0.162067
9918,2026-03,T2,physical assault,52.185539,0.162268
9919,2026-03,T2,physical assault,52.185539,0.162268
9920,2026-03,T2,suspicious activity,52.185163,0.152814
9921,2026-03,T2,vandalism,52.185163,0.152814
9922,2026-03,T2,vandalism,52.183212,0.150804
9923,2026-03,T2,vandalism,52.183212,0.150804
9924,2026-03,T2,vandalism,52.183991,0.145092
9925,2026-03,T2,harassment,52.18108,0.151842
9926,2026-03,T2,physical assault,52.185222,0.150593
9927,2026-03,T2,physical assault,52.18108,0.151842
9928,2026-03,T2,physical assault,52.18108,0.151842
9929,2026-03,T2,physical assault,52.183856,0.157915
9930,2026-03,T2,physical assault,52.182558,0.154619
9931,2026-03,T2,physical assault,52.178683,0.153145
9932,2026-03,T2,suspicious activity,52.186036,0.142894
9933,2026-03,T2,vandalism,52.186736,0.137529
9934,2026-03,T2,harassment,52.188097,0.137317
9935,2026-03,T2,harassment,52.188097,0.137317
9936,2026-03,T2,physical assault,52.186749,0.133346
9937,2026-03,T2,physical assault,52.185267,0.137383
9938,2026-03,T2,physical assault,52.186307,0.133769
9939,2026-03,T2,physical assault,52.180875,0.133942
9940,2026-03,T2,harassment,52.180875,0.133942
9941,2026-03,T2,physical assault,52.183618,0.136429
9942,2026-03,T2,suspicious activity,52.199179,0.130648
9943,2026-03,T2,harassment,52.19676,0.129172
9944,2026-03,T2,physical assault,52.19676,0.129172
9945,2026-03,T2,physical assault,52.192421,0.120464
9946,2026-03,T2,physical assault,52.194897,0.123303
9947,2026-03,T2,physical assault,52.19676,0.129172
9948,2026-03,T2,physical assault,52.19676,0.129172
9949,2026-03,T2,suspicious activity,52.193225,0.136216
9950,2026-03,T2,suspicious activity,52.194644,0.134338
9951,2026-03,T2,suspicious activity,52.190238,0.132796
9952,2026-03,T2,suspicious activity,52.193225,0.136216
9953,2026-03,T2,physical assault,52.192245,0.134706
9954,2026-03,T2,physical assault,52.190238,0.132796
9955,2026-03,T2,suspicious activity,52.190552,0.12788
9956,2026-03,T2,suspicious activity,52.19158,0.117732
9957,2026-03,T2,suspicious activity,52.191089,0.124029
9958,2026-03,T2,suspicious activity,52.179258,0.122426
9959,2026-03,T2,suspicious activity,52.229245,0.116361
9960,2026-03,T2,vandalism,52.228766,0.115957
9961,2026-03,T2,vandalism,52.229042,0.114594
9962,2026-03,T2,harassment,52.231107,0.117328
9963,2026-03,T2,physical assault,52.231107,0.117328
9964,2026-03,T2,physical assault,52.231035,0.116314
9965,2026-03,T2,physical assault,52.231107,0.117328
9966,2026-03,T2,physical assault,52.231336,0.114586
9967,2026-03,T2,physical assault,52.231336,0.114586
9968,2026-03,T2,physical assault,52.224155,0.16249
9969,2026-03,T2,physical assault,52.224518,0.16135
9970,2026-03,T2,suspicious activity,52.230662,0.086247
9971,2026-03,T2,suspicious activity,52.223637,0.091452
9972,2026-03,T2,vandalism,52.228585,0.09539
9973,2026-03,T2,vandalism,52.228585,0.09539
9974,2026-03,T2,physical assault,52.227982,0.090851
9975,2026-03,T2,vandalism,52.182601,0.087229
9976,2026-04,T2,vandalism,52.226808,0.133816
9977,2026-04,T2,vandalism,52.228862,0.133124
9978,2026-04,T2,harassment,52.231891,0.132834
9979,2026-04,T2,physical assault,52.230579,0.132166
9980,2026-04,T2,physical assault,52.22843,0.136618
9981,2026-04,T2,physical assault,52.228862,0.133124
9982,2026-04,T2,physical assault,52.226808,0.133816
9983,2026-04,T2,physical assault,52.226808,0.133816
9984,2026-04,T2,physical assault,52.230535,0.130114
9985,2026-04,T2,physical assault,52.228862,0.133124
9986,2026-04,T2,physical assault,52.228862,0.133124
9987,2026-04,T2,physical assault,52.228065,0.133437
9988,2026-04,T2,physical assault,52.22843,0.136618
9989,2026-04,T2,physical assault,52.228248,0.136243
9990,2026-04,T2,suspicious activity,52.226709,0.144237
9991,2026-04,T2,suspicious activity,52.226709,0.144237
9992,2026-04,T2,suspicious activity,52.227077,0.145491
9993,2026-04,T2,suspicious activity,52.229939,0.143646
9994,2026-04,T2,suspicious activity,52.227077,0.145491
9995,2026-04,T2,suspicious activity,52.224435,0.138754
9996,2026-04,T2,vandalism,52.226709,0.144237
9997,2026-04,T2,vandalism,52.227077,0.145491
9998,2026-04,T2,harassment,52.226709,0.144237
9999,2026-04,T2,harassment,52.227734,0.142764
10000,2026-04,T2,physical assault,52.227325,0.138556
10001,2026-04,T2,physical assault,52.226709,0.144237
10002,2026-04,T2,physical assault,52.227077,0.145491
10003,2026-04,T2,physical assault,52.227077,0.145491
10004,2026-04,T2,physical assault,52.227077,0.145491
10005,2026-04,T2,suspicious activity,52.230802,0.135223
10006,2026-04,T2,suspicious activity,52.225263,0.136217
10007,2026-04,T2,suspicious activity,52.229847,0.140317
10008,2026-04,T2,suspicious activity,52.225263,0.136217
10009,2026-04,T2,suspicious activity,52.230802,0.135223
10010,2026-04,T2,vandalism,52.229879,0.138532
10011,2026-04,T2,vandalism,52.228238,0.138278
10012,2026-04,T2,vandalism,52.229847,0.140317
10013,2026-04,T2,physical assault,52.225454,0.139579
10014,2026-04,T2,physical assault,52.225454,0.139579
10015,2026-04,T2,physical assault,52.228238,0.138278
10016,2026-04,T2,physical assault,52.230802,0.135223
10017,2026-04,T2,physical assault,52.225454,0.139579
10018,2026-04,T2,physical assault,52.225454,0.139579
10019,2026-04,T2,physical assault,52.225454,0.139579
10020,2026-04,T2,physical assault,52.229847,0.140317
10021,2026-04,T2,suspicious activity,52.22505,0.127114
10022,2026-04,T2,suspicious activity,52.22584,0.126654
10023,2026-04,T2,physical assault,52.230318,0.121698
10024,2026-04,T2,harassment,52.230318,0.121698
10025,2026-04,T2,physical assault,52.228196,0.126664
10026,2026-04,T2,physical assault,52.229521,0.125512
10027,2026-04,T2,physical assault,52.228196,0.126664
10028,2026-04,T2,physical assault,52.228288,0.129055
10029,2026-04,T2,physical assault,52.226495,0.127754
10030,2026-04,T2,physical assault,52.22505,0.127114
10031,2026-04,T2,physical assault,52.22505,0.127114
10032,2026-04,T2,physical assault,52.229521,0.125512
10033,2026-04,T2,physical assault,52.22505,0.127114
10034,2026-04,T2,suspicious activity,52.231282,0.128583
10035,2026-04,T2,physical assault,52.231953,0.127737
10036,2026-04,T2,physical assault,52.230376,0.12646
10037,2026-04,T2,physical assault,52.231199,0.127173
10038,2026-04,T2,physical assault,52.231282,0.128583
10039,2026-04,T2,physical assault,52.231199,0.127173
10040,2026-04,T2,suspicious activity,52.232015,0.140217
10041,2026-04,T2,physical assault,52.232015,0.140217
10042,2026-04,T2,suspicious activity,52.215335,0.112274
10043,2026-04,T2,suspicious activity,52.219497,0.111388
10044,2026-04,T2,suspicious activity,52.219497,0.111388
10045,2026-04,T2,harassment,52.220294,0.111339
10046,2026-04,T2,physical assault,52.215335,0.112274
10047,2026-04,T2,physical assault,52.216447,0.115489
10048,2026-04,T2,vandalism,52.215176,0.113657
10049,2026-04,T2,physical assault,52.21468,0.118713
10050,2026-04,T2,physical assault,52.215176,0.113657
10051,2026-04,T2,suspicious activity,52.228392,0.114285
10052,2026-04,T2,suspicious activity,52.229536,0.11062
10053,2026-04,T2,vandalism,52.228392,0.114285
10054,2026-04,T2,vandalism,52.228392,0.114285
10055,2026-04,T2,harassment,52.227024,0.110837
10056,2026-04,T2,physical assault,52.225144,0.115858
10057,2026-04,T2,physical assault,52.229536,0.11062
10058,2026-04,T2,physical assault,52.228945,0.110504
10059,2026-04,T2,suspicious activity,52.227888,0.120792
10060,2026-04,T2,suspicious activity,52.226817,0.12137
10061,2026-04,T2,suspicious activity,52.227356,0.119902
10062,2026-04,T2,suspicious activity,52.226817,0.12137
10063,2026-04,T2,vandalism,52.227524,0.122019
10064,2026-04,T2,vandalism,52.227888,0.120792
10065,2026-04,T2,vandalism,52.226817,0.12137
10066,2026-04,T2,harassment,52.226546,0.122397
10067,2026-04,T2,harassment,52.227888,0.120792
10068,2026-04,T2,robbery,52.230061,0.11915
10069,2026-04,T2,physical assault,52.228415,0.119484
10070,2026-04,T2,physical assault,52.227356,0.119902
10071,2026-04,T2,physical assault,52.230061,0.11915
10072,2026-04,T2,physical assault,52.226817,0.12137
10073,2026-04,T2,physical assault,52.226817,0.12137
10074,2026-04,T2,physical assault,52.226817,0.12137
10075,2026-04,T2,suspicious activity,52.219596,0.113867
10076,2026-04,T2,suspicious activity,52.224961,0.119583
10077,2026-04,T2,suspicious activity,52.226451,0.124706
10078,2026-04,T2,physical assault,52.224961,0.119583
10079,2026-04,T2,physical assault,52.224961,0.119583
10080,2026-04,T2,physical assault,52.224961,0.119583
10081,2026-04,T2,suspicious activity,52.225275,0.152368
10082,2026-04,T2,suspicious activity,52.223713,0.148848
10083,2026-04,T2,suspicious activity,52.224728,0.14688
10084,2026-04,T2,vandalism,52.225899,0.149704
10085,2026-04,T2,vandalism,52.223044,0.150488
10086,2026-04,T2,harassment,52.225275,0.152368
10087,2026-04,T2,harassment,52.225275,0.152368
10088,2026-04,T2,robbery,52.226994,0.147867
10089,2026-04,T2,physical assault,52.22601,0.153501
10090,2026-04,T2,physical assault,52.225275,0.152368
10091,2026-04,T2,physical assault,52.223044,0.150488
10092,2026-04,T2,physical assault,52.224234,0.147354
10093,2026-04,T2,physical assault,52.22584,0.151487
10094,2026-04,T2,physical assault,52.227638,0.14806
10095,2026-04,T2,physical assault,52.224728,0.14688
10096,2026-04,T2,physical assault,52.22601,0.153501
10097,2026-04,T2,physical assault,52.22584,0.151487
10098,2026-04,T2,physical assault,52.223416,0.15178
10099,2026-04,T2,physical assault,52.223625,0.150663
10100,2026-04,T2,physical assault,52.225899,0.149704
10101,2026-04,T2,suspicious activity,52.219484,0.150419
10102,2026-04,T2,suspicious activity,52.222426,0.156256
10103,2026-04,T2,suspicious activity,52.221374,0.151784
10104,2026-04,T2,suspicious activity,52.222426,0.156256
10105,2026-04,T2,physical assault,52.219484,0.150419
10106,2026-04,T2,physical assault,52.220094,0.152
10107,2026-04,T2,physical assault,52.221665,0.156556
10108,2026-04,T2,physical assault,52.220094,0.152
10109,2026-04,T2,physical assault,52.220094,0.152
10110,2026-04,T2,suspicious activity,52.221307,0.141166
10111,2026-04,T2,suspicious activity,52.217847,0.134119
10112,2026-04,T2,suspicious activity,52.221307,0.141166
10113,2026-04,T2,suspicious activity,52.219997,0.140005
10114,2026-04,T2,suspicious activity,52.220584,0.136387
10115,2026-04,T2,vandalism,52.222276,0.144228
10116,2026-04,T2,harassment,52.217847,0.134119
10117,2026-04,T2,physical assault,52.220584,0.136387
10118,2026-04,T2,physical assault,52.222276,0.144228
10119,2026-04,T2,physical assault,52.22089,0.141848
10120,2026-04,T2,physical assault,52.22089,0.141848
10121,2026-04,T2,physical assault,52.217847,0.134119
10122,2026-04,T2,physical assault,52.222276,0.144228
10123,2026-04,T2,physical assault,52.219997,0.140005
10124,2026-04,T2,physical assault,52.220162,0.144815
10125,2026-04,T2,physical assault,52.220733,0.147492
10126,2026-04,T2,suspicious activity,52.217483,0.142797
10127,2026-04,T2,suspicious activity,52.217483,0.142797
10128,2026-04,T2,physical assault,52.215086,0.141057
10129,2026-04,T2,physical assault,52.215086,0.141057
10130,2026-04,T2,physical assault,52.213819,0.139034
10131,2026-04,T2,suspicious activity,52.218965,0.144332
10132,2026-04,T2,suspicious activity,52.218479,0.147354
10133,2026-04,T2,suspicious activity,52.217287,0.140211
10134,2026-04,T2,suspicious activity,52.218479,0.147354
10135,2026-04,T2,suspicious activity,52.217287,0.140211
10136,2026-04,T2,vandalism,52.217287,0.140211
10137,2026-04,T2,physical assault,52.217889,0.140694
10138,2026-04,T2,harassment,52.220062,0.149319
10139,2026-04,T2,physical assault,52.217889,0.140694
10140,2026-04,T2,physical assault,52.217287,0.140211
10141,2026-04,T2,vandalism,52.223978,0.13718
10142,2026-04,T2,physical assault,52.223048,0.133899
10143,2026-04,T2,physical assault,52.220903,0.129712
10144,2026-04,T2,physical assault,52.222333,0.134626
10145,2026-04,T2,physical assault,52.223048,0.133899
10146,2026-04,T2,physical assault,52.223048,0.133899
10147,2026-04,T2,physical assault,52.222333,0.134626
10148,2026-04,T2,physical assault,52.222333,0.134626
10149,2026-04,T2,physical assault,52.220903,0.129712
10150,2026-04,T2,vandalism,52.222908,0.127729
10151,2026-04,T2,physical assault,52.219663,0.123635
10152,2026-04,T2,suspicious activity,52.219264,0.132298
10153,2026-04,T2,suspicious activity,52.219264,0.132298
10154,2026-04,T2,physical assault,52.215942,0.127088
10155,2026-04,T2,physical assault,52.215475,0.134488
10156,2026-04,T2,physical assault,52.215475,0.134488
10157,2026-04,T2,suspicious activity,52.216157,0.119633
10158,2026-04,T2,suspicious activity,52.216157,0.119633
10159,2026-04,T2,vandalism,52.216157,0.119633
10160,2026-04,T2,physical assault,52.216518,0.123061
10161,2026-04,T2,physical assault,52.214032,0.1218
10162,2026-04,T2,physical assault,52.214705,0.124822
10163,2026-04,T2,physical assault,52.218793,0.119055
10164,2026-04,T2,physical assault,52.214032,0.1218
10165,2026-04,T2,physical assault,52.218793,0.119055
10166,2026-04,T2,suspicious activity,52.211399,0.131658
10167,2026-04,T2,vandalism,52.212335,0.136079
10168,2026-04,T2,vandalism,52.212335,0.136079
10169,2026-04,T2,harassment,52.214399,0.129825
10170,2026-04,T2,physical assault,52.212941,0.134923
10171,2026-04,T2,physical assault,52.212335,0.136079
10172,2026-04,T2,physical assault,52.212225,0.129267
10173,2026-04,T2,physical assault,52.212891,0.128714
10174,2026-04,T2,harassment,52.225017,0.111943
10175,2026-04,T2,physical assault,52.221938,0.112119
10176,2026-04,T2,physical assault,52.225017,0.111943
10177,2026-04,T2,vandalism,52.223956,0.09933
10178,2026-04,T2,physical assault,52.223364,0.0957
10179,2026-04,T2,physical assault,52.222187,0.097167
10180,2026-04,T2,physical assault,52.223364,0.0957
10181,2026-04,T2,physical assault,52.223956,0.09933
10182,2026-04,T2,physical assault,52.223956,0.09933
10183,2026-04,T2,suspicious activity,52.21468,0.084429
10184,2026-04,T2,suspicious activity,52.21468,0.084429
10185,2026-04,T2,suspicious activity,52.21468,0.084429
10186,2026-04,T2,suspicious activity,52.218945,0.106516
10187,2026-04,T2,suspicious activity,52.213316,0.113569
10188,2026-04,T2,suspicious activity,52.210486,0.113434
10189,2026-04,T2,suspicious activity,52.210237,0.115794
10190,2026-04,T2,suspicious activity,52.206444,0.118219
10191,2026-04,T2,physical assault,52.206444,0.118219
10192,2026-04,T2,physical assault,52.211025,0.11346
10193,2026-04,T2,physical assault,52.216087,0.107976
10194,2026-04,T2,physical assault,52.216682,0.10635
10195,2026-04,T2,physical assault,52.212837,0.112712
10196,2026-04,T2,suspicious activity,52.208164,0.139509
10197,2026-04,T2,suspicious activity,52.211411,0.143427
10198,2026-04,T2,suspicious activity,52.211411,0.143427
10199,2026-04,T2,suspicious activity,52.210641,0.142717
10200,2026-04,T2,suspicious activity,52.211411,0.143427
10201,2026-04,T2,suspicious activity,52.213326,0.143944
10202,2026-04,T2,suspicious activity,52.211411,0.143427
10203,2026-04,T2,suspicious activity,52.208164,0.139509
10204,2026-04,T2,vandalism,52.213326,0.143944
10205,2026-04,T2,harassment,52.208577,0.143978
10206,2026-04,T2,suspicious activity,52.21781,0.162328
10207,2026-04,T2,suspicious activity,52.213857,0.164083
10208,2026-04,T2,suspicious activity,52.218058,0.164477
10209,2026-04,T2,suspicious activity,52.213857,0.164083
10210,2026-04,T2,vandalism,52.213857,0.164083
10211,2026-04,T2,physical assault,52.214774,0.165064
10212,2026-04,T2,physical assault,52.213857,0.164083
10213,2026-04,T2,physical assault,52.214774,0.165064
10214,2026-04,T2,suspicious activity,52.211711,0.147203
10215,2026-04,T2,suspicious activity,52.209911,0.153665
10216,2026-04,T2,suspicious activity,52.214012,0.154634
10217,2026-04,T2,physical assault,52.211711,0.147203
10218,2026-04,T2,physical assault,52.215859,0.158354
10219,2026-04,T2,harassment,52.211711,0.147203
10220,2026-04,T2,robbery,52.211711,0.147203
10221,2026-04,T2,physical assault,52.215859,0.158354
10222,2026-04,T2,physical assault,52.215859,0.158354
10223,2026-04,T2,physical assault,52.214904,0.158483
10224,2026-04,T2,physical assault,52.214904,0.158483
10225,2026-04,T2,physical assault,52.215859,0.158354
10226,2026-04,T2,physical assault,52.215589,0.157887
10227,2026-04,T2,physical assault,52.215589,0.157887
10228,2026-04,T2,physical assault,52.214904,0.158483
10229,2026-04,T2,physical assault,52.214904,0.158483
10230,2026-04,T2,suspicious activity,52.210286,0.158757
10231,2026-04,T2,harassment,52.212379,0.160849
10232,2026-04,T2,physical assault,52.215226,0.162466
10233,2026-04,T2,physical assault,52.213238,0.163042
10234,2026-04,T2,suspicious activity,52.209068,0.158976
10235,2026-04,T2,physical assault,52.210173,0.160976
10236,2026-04,T2,physical assault,52.209068,0.158976
10237,2026-04,T2,physical assault,52.208013,0.160593
10238,2026-04,T2,physical assault,52.209925,0.165209
10239,2026-04,T2,physical assault,52.210714,0.1609
10240,2026-04,T2,suspicious activity,52.205741,0.131753
10241,2026-04,T2,suspicious activity,52.207067,0.129548
10242,2026-04,T2,suspicious activity,52.207067,0.129548
10243,2026-04,T2,suspicious activity,52.207516,0.130608
10244,2026-04,T2,suspicious activity,52.204911,0.132942
10245,2026-04,T2,suspicious activity,52.207067,0.129548
10246,2026-04,T2,suspicious activity,52.208936,0.131101
10247,2026-04,T2,vandalism,52.207489,0.1321
10248,2026-04,T2,vandalism,52.205741,0.131753
10249,2026-04,T2,vandalism,52.207067,0.129548
10250,2026-04,T2,vandalism,52.206593,0.133474
10251,2026-04,T2,vandalism,52.207067,0.129548
10252,2026-04,T2,vandalism,52.207109,0.135185
10253,2026-04,T2,physical assault,52.207436,0.133034
10254,2026-04,T2,harassment,52.204911,0.132942
10255,2026-04,T2,harassment,52.207516,0.130608
10256,2026-04,T2,physical assault,52.208141,0.129804
10257,2026-04,T2,physical assault,52.207436,0.133034
10258,2026-04,T2,physical assault,52.209056,0.132921
10259,2026-04,T2,physical assault,52.209056,0.132921
10260,2026-04,T2,physical assault,52.208141,0.129804
10261,2026-04,T2,suspicious activity,52.196036,0.108915
10262,2026-04,T2,suspicious activity,52.200671,0.113715
10263,2026-04,T2,suspicious activity,52.200671,0.113715
10264,2026-04,T2,physical assault,52.198353,0.112581
10265,2026-04,T2,physical assault,52.199938,0.111343
10266,2026-04,T2,physical assault,52.195769,0.102215
10267,2026-04,T2,physical assault,52.197476,0.11788
10268,2026-04,T2,physical assault,52.195769,0.102215
10269,2026-04,T2,suspicious activity,52.2055,0.118203
10270,2026-04,T2,suspicious activity,52.210311,0.118198
10271,2026-04,T2,suspicious activity,52.205622,0.118912
10272,2026-04,T2,suspicious activity,52.206635,0.119077
10273,2026-04,T2,suspicious activity,52.205622,0.118912
10274,2026-04,T2,suspicious activity,52.205622,0.118912
10275,2026-04,T2,suspicious activity,52.205622,0.118912
10276,2026-04,T2,suspicious activity,52.206635,0.119077
10277,2026-04,T2,suspicious activity,52.210019,0.117891
10278,2026-04,T2,suspicious activity,52.205622,0.118912
10279,2026-04,T2,suspicious activity,52.205622,0.118912
10280,2026-04,T2,suspicious activity,52.208907,0.118234
10281,2026-04,T2,suspicious activity,52.205622,0.118912
10282,2026-04,T2,suspicious activity,52.207875,0.123658
10283,2026-04,T2,suspicious activity,52.205622,0.118912
10284,2026-04,T2,vandalism,52.209422,0.119092
10285,2026-04,T2,vandalism,52.205622,0.118912
10286,2026-04,T2,vandalism,52.205622,0.118912
10287,2026-04,T2,harassment,52.20532,0.123983
10288,2026-04,T2,harassment,52.2071,0.119758
10289,2026-04,T2,robbery,52.206447,0.120517
10290,2026-04,T2,robbery,52.20532,0.123983
10291,2026-04,T2,robbery,52.206447,0.120517
10292,2026-04,T2,physical assault,52.205622,0.118912
10293,2026-04,T2,physical assault,52.205622,0.118912
10294,2026-04,T2,physical assault,52.206635,0.119077
10295,2026-04,T2,physical assault,52.207111,0.125627
10296,2026-04,T2,physical assault,52.207382,0.124074
10297,2026-04,T2,physical assault,52.20532,0.123983
10298,2026-04,T2,physical assault,52.206447,0.120517
10299,2026-04,T2,physical assault,52.208396,0.122688
10300,2026-04,T2,physical assault,52.205622,0.118912
10301,2026-04,T2,physical assault,52.206447,0.120517
10302,2026-04,T2,physical assault,52.206447,0.120517
10303,2026-04,T2,physical assault,52.207111,0.125627
10304,2026-04,T2,physical assault,52.206447,0.120517
10305,2026-04,T2,physical assault,52.205622,0.118912
10306,2026-04,T2,physical assault,52.206447,0.120517
10307,2026-04,T2,physical assault,52.20532,0.123983
10308,2026-04,T2,physical assault,52.2071,0.119758
10309,2026-04,T2,physical assault,52.206447,0.120517
10310,2026-04,T2,physical assault,52.20532,0.123983
10311,2026-04,T2,physical assault,52.207515,0.127125
10312,2026-04,T2,physical assault,52.20532,0.123983
10313,2026-04,T2,physical assault,52.206447,0.120517
10314,2026-04,T2,suspicious activity,52.200978,0.105608
10315,2026-04,T2,harassment,52.213438,0.084503
10316,2026-04,T2,robbery,52.20433,0.11724
10317,2026-04,T2,physical assault,52.208355,0.105356
10318,2026-04,T2,suspicious activity,52.198954,0.120204
10319,2026-04,T2,suspicious activity,52.204372,0.119408
10320,2026-04,T2,suspicious activity,52.204372,0.119408
10321,2026-04,T2,suspicious activity,52.201058,0.126172
10322,2026-04,T2,suspicious activity,52.203247,0.130463
10323,2026-04,T2,suspicious activity,52.204812,0.121976
10324,2026-04,T2,suspicious activity,52.204372,0.119408
10325,2026-04,T2,suspicious activity,52.202989,0.126294
10326,2026-04,T2,suspicious activity,52.204812,0.121976
10327,2026-04,T2,suspicious activity,52.206455,0.121103
10328,2026-04,T2,suspicious activity,52.20533,0.12364
10329,2026-04,T2,suspicious activity,52.204536,0.117821
10330,2026-04,T2,suspicious activity,52.201919,0.117863
10331,2026-04,T2,suspicious activity,52.201421,0.125173
10332,2026-04,T2,suspicious activity,52.199366,0.127262
10333,2026-04,T2,vandalism,52.204215,0.121172
10334,2026-04,T2,vandalism,52.202989,0.126294
10335,2026-04,T2,vandalism,52.203523,0.124124
10336,2026-04,T2,vandalism,52.204372,0.119408
10337,2026-04,T2,vandalism,52.203097,0.121806
10338,2026-04,T2,vandalism,52.204812,0.121976
10339,2026-04,T2,vandalism,52.204812,0.121976
10340,2026-04,T2,vandalism,52.203247,0.130463
10341,2026-04,T2,vandalism,52.203247,0.130463
10342,2026-04,T2,vandalism,52.204215,0.121172
10343,2026-04,T2,vandalism,52.201058,0.126172
10344,2026-04,T2,vandalism,52.203523,0.124124
10345,2026-04,T2,vandalism,52.203097,0.121806
10346,2026-04,T2,vandalism,52.204372,0.119408
10347,2026-04,T2,vandalism,52.203247,0.130463
10348,2026-04,T2,physical assault,52.203097,0.121806
10349,2026-04,T2,physical assault,52.20533,0.12364
10350,2026-04,T2,physical assault,52.203247,0.130463
10351,2026-04,T2,harassment,52.203247,0.130463
10352,2026-04,T2,harassment,52.200769,0.119281
10353,2026-04,T2,harassment,52.203247,0.130463
10354,2026-04,T2,harassment,52.203247,0.130463
10355,2026-04,T2,harassment,52.204372,0.119408
10356,2026-04,T2,harassment,52.204812,0.121976
10357,2026-04,T2,harassment,52.204812,0.121976
10358,2026-04,T2,harassment,52.204513,0.132572
10359,2026-04,T2,harassment,52.203334,0.129106
10360,2026-04,T2,harassment,52.203247,0.130463
10361,2026-04,T2,harassment,52.20082,0.12941
10362,2026-04,T2,harassment,52.204372,0.119408
10363,2026-04,T2,harassment,52.203334,0.129106
10364,2026-04,T2,robbery,52.203097,0.121806
10365,2026-04,T2,robbery,52.204372,0.119408
10366,2026-04,T2,robbery,52.204662,0.125774
10367,2026-04,T2,physical assault,52.203523,0.124124
10368,2026-04,T2,physical assault,52.201919,0.117863
10369,2026-04,T2,physical assault,52.203247,0.130463
10370,2026-04,T2,physical assault,52.204462,0.130916
10371,2026-04,T2,physical assault,52.199366,0.127262
10372,2026-04,T2,physical assault,52.204372,0.119408
10373,2026-04,T2,physical assault,52.203247,0.130463
10374,2026-04,T2,physical assault,52.203247,0.130463
10375,2026-04,T2,physical assault,52.203247,0.130463
10376,2026-04,T2,physical assault,52.203097,0.121806
10377,2026-04,T2,physical assault,52.20082,0.12941
10378,2026-04,T2,physical assault,52.201421,0.125173
10379,2026-04,T2,physical assault,52.204662,0.125774
10380,2026-04,T2,physical assault,52.204372,0.119408
10381,2026-04,T2,physical assault,52.203247,0.130463
10382,2026-04,T2,physical assault,52.203247,0.130463
10383,2026-04,T2,physical assault,52.20082,0.12941
10384,2026-04,T2,physical assault,52.203523,0.124124
10385,2026-04,T2,physical assault,52.203523,0.124124
10386,2026-04,T2,physical assault,52.20533,0.12364
10387,2026-04,T2,physical assault,52.201058,0.126172
10388,2026-04,T2,physical assault,52.200506,0.121917
10389,2026-04,T2,physical assault,52.204662,0.125774
10390,2026-04,T2,physical assault,52.20082,0.12941
10391,2026-04,T2,physical assault,52.204372,0.119408
10392,2026-04,T2,physical assault,52.203247,0.130463
10393,2026-04,T2,physical assault,52.203247,0.130463
10394,2026-04,T2,physical assault,52.203247,0.130463
10395,2026-04,T2,physical assault,52.203523,0.124124
10396,2026-04,T2,physical assault,52.204662,0.125774
10397,2026-04,T2,physical assault,52.206455,0.121103
10398,2026-04,T2,physical assault,52.203247,0.130463
10399,2026-04,T2,physical assault,52.203247,0.130463
10400,2026-04,T2,physical assault,52.204215,0.121172
10401,2026-04,T2,physical assault,52.20082,0.12941
10402,2026-04,T2,physical assault,52.203334,0.129106
10403,2026-04,T2,physical assault,52.203247,0.130463
10404,2026-04,T2,physical assault,52.203247,0.130463
10405,2026-04,T2,physical assault,52.204372,0.119408
10406,2026-04,T2,physical assault,52.203247,0.130463
10407,2026-04,T2,physical assault,52.203097,0.121806
10408,2026-04,T2,physical assault,52.204215,0.121172
10409,2026-04,T2,physical assault,52.20082,0.12941
10410,2026-04,T2,physical assault,52.204662,0.125774
10411,2026-04,T2,physical assault,52.203334,0.129106
10412,2026-04,T2,suspicious activity,52.195307,0.136419
10413,2026-04,T2,suspicious activity,52.19644,0.134468
10414,2026-04,T2,suspicious activity,52.194769,0.136334
10415,2026-04,T2,suspicious activity,52.195979,0.136085
10416,2026-04,T2,suspicious activity,52.194769,0.136334
10417,2026-04,T2,suspicious activity,52.194769,0.136334
10418,2026-04,T2,suspicious activity,52.19578,0.134129
10419,2026-04,T2,vandalism,52.195527,0.131235
10420,2026-04,T2,vandalism,52.195793,0.137905
10421,2026-04,T2,physical assault,52.194769,0.136334
10422,2026-04,T2,physical assault,52.195793,0.137905
10423,2026-04,T2,physical assault,52.195979,0.136085
10424,2026-04,T2,physical assault,52.195793,0.137905
10425,2026-04,T2,suspicious activity,52.201889,0.133456
10426,2026-04,T2,suspicious activity,52.201337,0.130181
10427,2026-04,T2,suspicious activity,52.200443,0.134338
10428,2026-04,T2,harassment,52.20199,0.13151
10429,2026-04,T2,harassment,52.20199,0.13151
10430,2026-04,T2,robbery,52.20199,0.13151
10431,2026-04,T2,physical assault,52.202223,0.134863
10432,2026-04,T2,physical assault,52.201889,0.133456
10433,2026-04,T2,physical assault,52.201568,0.134319
10434,2026-04,T2,physical assault,52.200443,0.134338
10435,2026-04,T2,suspicious activity,52.20614,0.140056
10436,2026-04,T2,vandalism,52.204066,0.140337
10437,2026-04,T2,physical assault,52.207758,0.138582
10438,2026-04,T2,physical assault,52.207758,0.138582
10439,2026-04,T2,suspicious activity,52.199586,0.140458
10440,2026-04,T2,suspicious activity,52.199586,0.140458
10441,2026-04,T2,suspicious activity,52.202952,0.143254
10442,2026-04,T2,physical assault,52.202952,0.143254
10443,2026-04,T2,physical assault,52.204478,0.143444
10444,2026-04,T2,physical assault,52.204478,0.143444
10445,2026-04,T2,physical assault,52.202022,0.142478
10446,2026-04,T2,suspicious activity,52.205387,0.134429
10447,2026-04,T2,suspicious activity,52.205387,0.134429
10448,2026-04,T2,suspicious activity,52.200861,0.137109
10449,2026-04,T2,suspicious activity,52.205387,0.134429
10450,2026-04,T2,suspicious activity,52.205387,0.134429
10451,2026-04,T2,vandalism,52.200861,0.137109
10452,2026-04,T2,harassment,52.199829,0.138962
10453,2026-04,T2,physical assault,52.200861,0.137109
10454,2026-04,T2,physical assault,52.204133,0.146589
10455,2026-04,T2,physical assault,52.204017,0.152906
10456,2026-04,T2,physical assault,52.204133,0.146589
10457,2026-04,T2,physical assault,52.205082,0.15122
10458,2026-04,T2,physical assault,52.200537,0.148991
10459,2026-04,T2,physical assault,52.200537,0.148991
10460,2026-04,T2,physical assault,52.205082,0.15122
10461,2026-04,T2,physical assault,52.205082,0.15122
10462,2026-04,T2,physical assault,52.205753,0.147984
10463,2026-04,T2,physical assault,52.200537,0.148991
10464,2026-04,T2,suspicious activity,52.197608,0.145426
10465,2026-04,T2,vandalism,52.199231,0.146133
10466,2026-04,T2,vandalism,52.200938,0.145235
10467,2026-04,T2,physical assault,52.200938,0.145235
10468,2026-04,T2,harassment,52.197608,0.145426
10469,2026-04,T2,physical assault,52.199572,0.143706
10470,2026-04,T2,physical assault,52.197608,0.145426
10471,2026-04,T2,physical assault,52.197608,0.145426
10472,2026-04,T2,physical assault,52.199231,0.146133
10473,2026-04,T2,suspicious activity,52.200577,0.15271
10474,2026-04,T2,suspicious activity,52.200234,0.151293
10475,2026-04,T2,suspicious activity,52.200467,0.160725
10476,2026-04,T2,suspicious activity,52.200577,0.15271
10477,2026-04,T2,suspicious activity,52.200577,0.15271
10478,2026-04,T2,vandalism,52.200234,0.151293
10479,2026-04,T2,vandalism,52.201006,0.156302
10480,2026-04,T2,harassment,52.200577,0.15271
10481,2026-04,T2,harassment,52.195573,0.153961
10482,2026-04,T2,harassment,52.201006,0.156302
10483,2026-04,T2,harassment,52.202367,0.152168
10484,2026-04,T2,physical assault,52.197086,0.1538
10485,2026-04,T2,physical assault,52.19609,0.155683
10486,2026-04,T2,physical assault,52.201544,0.151938
10487,2026-04,T2,physical assault,52.195573,0.153961
10488,2026-04,T2,physical assault,52.197086,0.1538
10489,2026-04,T2,physical assault,52.202367,0.152168
10490,2026-04,T2,physical assault,52.198458,0.156998
10491,2026-04,T2,physical assault,52.195657,0.153263
10492,2026-04,T2,vandalism,52.197397,0.142679
10493,2026-04,T2,physical assault,52.198647,0.14909
10494,2026-04,T2,physical assault,52.198095,0.153249
10495,2026-04,T2,suspicious activity,52.196149,0.14897
10496,2026-04,T2,suspicious activity,52.196817,0.146895
10497,2026-04,T2,suspicious activity,52.196102,0.151558
10498,2026-04,T2,suspicious activity,52.196817,0.146895
10499,2026-04,T2,suspicious activity,52.196817,0.146895
10500,2026-04,T2,physical assault,52.196817,0.146895
10501,2026-04,T2,physical assault,52.198344,0.142008
10502,2026-04,T2,physical assault,52.197536,0.141428
10503,2026-04,T2,suspicious activity,52.19056,0.146813
10504,2026-04,T2,suspicious activity,52.19056,0.146813
10505,2026-04,T2,suspicious activity,52.190083,0.152262
10506,2026-04,T2,suspicious activity,52.19056,0.146813
10507,2026-04,T2,physical assault,52.19056,0.146813
10508,2026-04,T2,physical assault,52.191929,0.148664
10509,2026-04,T2,physical assault,52.190083,0.152262
10510,2026-04,T2,physical assault,52.190083,0.152262
10511,2026-04,T2,suspicious activity,52.194055,0.157809
10512,2026-04,T2,physical assault,52.19451,0.157977
10513,2026-04,T2,physical assault,52.192391,0.150925
10514,2026-04,T2,physical assault,52.191655,0.154313
10515,2026-04,T2,physical assault,52.192391,0.150925
10516,2026-04,T2,physical assault,52.189235,0.158293
10517,2026-04,T2,physical assault,52.189235,0.158293
10518,2026-04,T2,physical assault,52.189235,0.158293
10519,2026-04,T2,physical assault,52.189235,0.158293
10520,2026-04,T2,physical assault,52.189233,0.160882
10521,2026-04,T2,physical assault,52.189235,0.158293
10522,2026-04,T2,physical assault,52.189235,0.158293
10523,2026-04,T2,physical assault,52.189235,0.158293
10524,2026-04,T2,physical assault,52.186442,0.155626
10525,2026-04,T2,suspicious activity,52.190164,0.136961
10526,2026-04,T2,suspicious activity,52.189096,0.135331
10527,2026-04,T2,harassment,52.190164,0.136961
10528,2026-04,T2,harassment,52.189096,0.135331
10529,2026-04,T2,physical assault,52.194723,0.140897
10530,2026-04,T2,physical assault,52.191299,0.1363
10531,2026-04,T2,physical assault,52.189096,0.135331
10532,2026-04,T2,physical assault,52.194723,0.140897
10533,2026-04,T2,physical assault,52.195126,0.141458
10534,2026-04,T2,physical assault,52.190164,0.136961
10535,2026-04,T2,physical assault,52.190164,0.136961
10536,2026-04,T2,physical assault,52.191299,0.1363
10537,2026-04,T2,physical assault,52.190164,0.136961
10538,2026-04,T2,physical assault,52.190855,0.13701
10539,2026-04,T2,suspicious activity,52.189412,0.14863
10540,2026-04,T2,suspicious activity,52.184937,0.160235
10541,2026-04,T2,suspicious activity,52.190226,0.165568
10542,2026-04,T2,vandalism,52.185539,0.162268
10543,2026-04,T2,physical assault,52.185539,0.162268
10544,2026-04,T2,physical assault,52.18108,0.151842
10545,2026-04,T2,physical assault,52.18108,0.151842
10546,2026-04,T2,physical assault,52.184097,0.149135
10547,2026-04,T2,physical assault,52.18108,0.151842
10548,2026-04,T2,suspicious activity,52.182823,0.156388
10549,2026-04,T2,suspicious activity,52.182446,0.160743
10550,2026-04,T2,suspicious activity,52.182558,0.154619
10551,2026-04,T2,suspicious activity,52.183754,0.155116
10552,2026-04,T2,suspicious activity,52.182953,0.153205
10553,2026-04,T2,physical assault,52.182953,0.153205
10554,2026-04,T2,suspicious activity,52.188097,0.137317
10555,2026-04,T2,harassment,52.188097,0.137317
10556,2026-04,T2,harassment,52.187946,0.140206
10557,2026-04,T2,suspicious activity,52.180635,0.145662
10558,2026-04,T2,suspicious activity,52.180875,0.133942
10559,2026-04,T2,suspicious activity,52.199179,0.130648
10560,2026-04,T2,suspicious activity,52.19605,0.125685
10561,2026-04,T2,suspicious activity,52.200225,0.129513
10562,2026-04,T2,harassment,52.200225,0.129513
10563,2026-04,T2,harassment,52.196625,0.122683
10564,2026-04,T2,harassment,52.19676,0.129172
10565,2026-04,T2,physical assault,52.197767,0.127669
10566,2026-04,T2,physical assault,52.198821,0.129592
10567,2026-04,T2,suspicious activity,52.194644,0.134338
10568,2026-04,T2,physical assault,52.193225,0.136216
10569,2026-04,T2,physical assault,52.193225,0.136216
10570,2026-04,T2,physical assault,52.193771,0.13535
10571,2026-04,T2,physical assault,52.192245,0.134706
10572,2026-04,T2,physical assault,52.193225,0.136216
10573,2026-04,T2,physical assault,52.193225,0.136216
10574,2026-04,T2,physical assault,52.192353,0.134003
10575,2026-04,T2,physical assault,52.194644,0.134338
10576,2026-04,T2,suspicious activity,52.191453,0.129796
10577,2026-04,T2,suspicious activity,52.189948,0.13148
10578,2026-04,T2,physical assault,52.188031,0.128535
10579,2026-04,T2,vandalism,52.191089,0.124029
10580,2026-04,T2,robbery,52.190972,0.122019
10581,2026-04,T2,physical assault,52.191089,0.124029
10582,2026-04,T2,physical assault,52.191089,0.124029
10583,2026-04,T2,physical assault,52.190986,0.121741
10584,2026-04,T2,suspicious activity,52.179258,0.122426
10585,2026-04,T2,suspicious activity,52.179258,0.122426
10586,2026-04,T2,physical assault,52.17934,0.121333
10587,2026-04,T2,suspicious activity,52.180619,0.116713
10588,2026-04,T2,suspicious activity,52.231107,0.117328
10589,2026-04,T2,vandalism,52.229684,0.116953
10590,2026-04,T2,physical assault,52.231035,0.116314
10591,2026-04,T2,physical assault,52.231035,0.116314
10592,2026-04,T2,physical assault,52.231107,0.117328
10593,2026-04,T2,physical assault,52.231035,0.116314
10594,2026-04,T2,physical assault,52.231035,0.116314
10595,2026-04,T2,physical assault,52.231107,0.117328
10596,2026-04,T2,harassment,52.231336,0.114586
10597,2026-04,T2,harassment,52.231336,0.114586
10598,2026-04,T2,physical assault,52.231336,0.114586
10599,2026-04,T2,vandalism,52.224155,0.16249
10600,2026-04,T2,physical assault,52.224518,0.16135
10601,2026-04,T2,physical assault,52.224518,0.16135
10602,2026-04,T2,physical assault,52.224518,0.16135
10603,2026-04,T2,physical assault,52.224518,0.16135
10604,2026-04,T2,suspicious activity,52.229811,0.080467
10605,2026-04,T2,suspicious activity,52.223637,0.091452
10606,2026-04,T2,physical assault,52.230662,0.086247
10607,2026-04,T2,physical assault,52.229811,0.080467
10608,2026-04,T2,suspicious activity,52.179876,0.094898
10609,2026-04,T2,vandalism,52.182261,0.087652
10610,2026-04,T2,physical assault,52.180411,0.091062
10611,2026-04,T2,physical assault,52.182261,0.087652
10612,2026-04,T2,physical assault,52.182261,0.087652
10613,2026-04,T2,physical assault,52.182261,0.087652
10614,2026-05,T2,suspicious activity,52.230535,0.130114
10615,2026-05,T2,suspicious activity,52.230579,0.132166
10616,2026-05,T2,vandalism,52.228813,0.13132
10617,2026-05,T2,harassment,52.228813,0.13132
10618,2026-05,T2,robbery,52.228813,0.13132
10619,2026-05,T2,physical assault,52.230579,0.132166
10620,2026-05,T2,physical assault,52.230579,0.132166
10621,2026-05,T2,physical assault,52.228813,0.13132
10622,2026-05,T2,physical assault,52.230278,0.131874
10623,2026-05,T2,physical assault,52.23006,0.128525
10624,2026-05,T2,physical assault,52.228813,0.13132
10625,2026-05,T2,suspicious activity,52.227325,0.138556
10626,2026-05,T2,suspicious activity,52.227734,0.142764
10627,2026-05,T2,suspicious activity,52.227734,0.142764
10628,2026-05,T2,harassment,52.227077,0.145491
10629,2026-05,T2,physical assault,52.227077,0.145491
10630,2026-05,T2,physical assault,52.227077,0.145491
10631,2026-05,T2,suspicious activity,52.228238,0.138278
10632,2026-05,T2,suspicious activity,52.230802,0.135223
10633,2026-05,T2,vandalism,52.225263,0.136217
10634,2026-05,T2,physical assault,52.229847,0.140317
10635,2026-05,T2,physical assault,52.228238,0.138278
10636,2026-05,T2,physical assault,52.228238,0.138278
10637,2026-05,T2,physical assault,52.225454,0.139579
10638,2026-05,T2,physical assault,52.229588,0.139675
10639,2026-05,T2,physical assault,52.228238,0.138278
10640,2026-05,T2,physical assault,52.225454,0.139579
10641,2026-05,T2,physical assault,52.226786,0.139511
10642,2026-05,T2,suspicious activity,52.230318,0.121698
10643,2026-05,T2,suspicious activity,52.22505,0.127114
10644,2026-05,T2,suspicious activity,52.230053,0.122901
10645,2026-05,T2,suspicious activity,52.229139,0.123238
10646,2026-05,T2,suspicious activity,52.229139,0.123238
10647,2026-05,T2,vandalism,52.228288,0.129055
10648,2026-05,T2,vandalism,52.226495,0.127754
10649,2026-05,T2,physical assault,52.226495,0.127754
10650,2026-05,T2,physical assault,52.229521,0.125512
10651,2026-05,T2,physical assault,52.229521,0.125512
10652,2026-05,T2,physical assault,52.22505,0.127114
10653,2026-05,T2,physical assault,52.229521,0.125512
10654,2026-05,T2,suspicious activity,52.230376,0.12646
10655,2026-05,T2,suspicious activity,52.231282,0.128583
10656,2026-05,T2,vandalism,52.231953,0.127737
10657,2026-05,T2,vandalism,52.231953,0.127737
10658,2026-05,T2,harassment,52.230376,0.12646
10659,2026-05,T2,physical assault,52.230376,0.12646
10660,2026-05,T2,physical assault,52.231282,0.128583
10661,2026-05,T2,suspicious activity,52.230652,0.137046
10662,2026-05,T2,suspicious activity,52.231944,0.137211
10663,2026-05,T2,suspicious activity,52.230987,0.129477
10664,2026-05,T2,vandalism,52.231944,0.137211
10665,2026-05,T2,vandalism,52.231536,0.136401
10666,2026-05,T2,physical assault,52.230652,0.137046
10667,2026-05,T2,physical assault,52.230652,0.137046
10668,2026-05,T2,physical assault,52.232015,0.140217
10669,2026-05,T2,physical assault,52.231944,0.137211
10670,2026-05,T2,physical assault,52.231944,0.137211
10671,2026-05,T2,physical assault,52.231536,0.136401
10672,2026-05,T2,physical assault,52.230652,0.137046
10673,2026-05,T2,physical assault,52.231944,0.137211
10674,2026-05,T2,physical assault,52.230652,0.137046
10675,2026-05,T2,physical assault,52.231944,0.137211
10676,2026-05,T2,physical assault,52.230652,0.137046
10677,2026-05,T2,physical assault,52.231944,0.137211
10678,2026-05,T2,physical assault,52.231944,0.137211
10679,2026-05,T2,suspicious activity,52.217209,0.114588
10680,2026-05,T2,suspicious activity,52.215335,0.112274
10681,2026-05,T2,suspicious activity,52.219497,0.111388
10682,2026-05,T2,vandalism,52.219497,0.111388
10683,2026-05,T2,vandalism,52.218443,0.117472
10684,2026-05,T2,vandalism,52.215335,0.112274
10685,2026-05,T2,harassment,52.219497,0.111388
10686,2026-05,T2,harassment,52.215335,0.112274
10687,2026-05,T2,robbery,52.217598,0.111957
10688,2026-05,T2,physical assault,52.216568,0.113723
10689,2026-05,T2,physical assault,52.216568,0.113723
10690,2026-05,T2,physical assault,52.215335,0.112274
10691,2026-05,T2,physical assault,52.215335,0.112274
10692,2026-05,T2,physical assault,52.216568,0.113723
10693,2026-05,T2,physical assault,52.215335,0.112274
10694,2026-05,T2,physical assault,52.218365,0.116312
10695,2026-05,T2,suspicious activity,52.211545,0.116061
10696,2026-05,T2,suspicious activity,52.213686,0.116514
10697,2026-05,T2,harassment,52.215346,0.117691
10698,2026-05,T2,physical assault,52.215176,0.113657
10699,2026-05,T2,physical assault,52.215176,0.113657
10700,2026-05,T2,suspicious activity,52.229536,0.11062
10701,2026-05,T2,suspicious activity,52.227024,0.110837
10702,2026-05,T2,suspicious activity,52.228945,0.110504
10703,2026-05,T2,physical assault,52.226059,0.116502
10704,2026-05,T2,harassment,52.228945,0.110504
10705,2026-05,T2,physical assault,52.227584,0.114715
10706,2026-05,T2,physical assault,52.226389,0.109094
10707,2026-05,T2,physical assault,52.229536,0.11062
10708,2026-05,T2,physical assault,52.227024,0.110837
10709,2026-05,T2,suspicious activity,52.224434,0.118841
10710,2026-05,T2,harassment,52.226817,0.12137
10711,2026-05,T2,physical assault,52.226817,0.12137
10712,2026-05,T2,physical assault,52.226817,0.12137
10713,2026-05,T2,physical assault,52.226817,0.12137
10714,2026-05,T2,physical assault,52.230061,0.11915
10715,2026-05,T2,suspicious activity,52.223028,0.112522
10716,2026-05,T2,suspicious activity,52.223028,0.112522
10717,2026-05,T2,suspicious activity,52.22219,0.118148
10718,2026-05,T2,vandalism,52.223028,0.112522
10719,2026-05,T2,physical assault,52.223028,0.112522
10720,2026-05,T2,harassment,52.220259,0.117002
10721,2026-05,T2,physical assault,52.22219,0.118148
10722,2026-05,T2,physical assault,52.223014,0.118817
10723,2026-05,T2,physical assault,52.223014,0.118817
10724,2026-05,T2,physical assault,52.224082,0.112909
10725,2026-05,T2,physical assault,52.220259,0.117002
10726,2026-05,T2,physical assault,52.22219,0.118148
10727,2026-05,T2,physical assault,52.224082,0.112909
10728,2026-05,T2,physical assault,52.223344,0.11548
10729,2026-05,T2,physical assault,52.223028,0.112522
10730,2026-05,T2,suspicious activity,52.223917,0.123121
10731,2026-05,T2,suspicious activity,52.226451,0.124706
10732,2026-05,T2,suspicious activity,52.224197,0.122065
10733,2026-05,T2,physical assault,52.226451,0.124706
10734,2026-05,T2,physical assault,52.226451,0.124706
10735,2026-05,T2,physical assault,52.224961,0.119583
10736,2026-05,T2,physical assault,52.226451,0.124706
10737,2026-05,T2,physical assault,52.224961,0.119583
10738,2026-05,T2,suspicious activity,52.225275,0.152368
10739,2026-05,T2,suspicious activity,52.225275,0.152368
10740,2026-05,T2,suspicious activity,52.226291,0.145945
10741,2026-05,T2,suspicious activity,52.224192,0.149665
10742,2026-05,T2,suspicious activity,52.225275,0.152368
10743,2026-05,T2,suspicious activity,52.227638,0.14806
10744,2026-05,T2,suspicious activity,52.22584,0.151487
10745,2026-05,T2,vandalism,52.224728,0.14688
10746,2026-05,T2,vandalism,52.224192,0.149665
10747,2026-05,T2,vandalism,52.224728,0.14688
10748,2026-05,T2,harassment,52.224728,0.14688
10749,2026-05,T2,physical assault,52.226291,0.145945
10750,2026-05,T2,physical assault,52.225899,0.149704
10751,2026-05,T2,physical assault,52.226291,0.145945
10752,2026-05,T2,physical assault,52.225899,0.149704
10753,2026-05,T2,physical assault,52.225899,0.149704
10754,2026-05,T2,physical assault,52.227778,0.151727
10755,2026-05,T2,physical assault,52.224192,0.149665
10756,2026-05,T2,suspicious activity,52.219484,0.150419
10757,2026-05,T2,suspicious activity,52.222426,0.156256
10758,2026-05,T2,suspicious activity,52.223258,0.153515
10759,2026-05,T2,suspicious activity,52.219484,0.150419
10760,2026-05,T2,suspicious activity,52.222426,0.156256
10761,2026-05,T2,suspicious activity,52.221374,0.151784
10762,2026-05,T2,suspicious activity,52.221401,0.154274
10763,2026-05,T2,suspicious activity,52.221374,0.151784
10764,2026-05,T2,physical assault,52.222662,0.15413
10765,2026-05,T2,physical assault,52.222089,0.149563
10766,2026-05,T2,physical assault,52.221374,0.151784
10767,2026-05,T2,physical assault,52.221374,0.151784
10768,2026-05,T2,physical assault,52.221374,0.151784
10769,2026-05,T2,suspicious activity,52.219997,0.140005
10770,2026-05,T2,suspicious activity,52.22089,0.141848
10771,2026-05,T2,suspicious activity,52.220584,0.136387
10772,2026-05,T2,vandalism,52.218903,0.133876
10773,2026-05,T2,physical assault,52.218913,0.136805
10774,2026-05,T2,physical assault,52.222276,0.144228
10775,2026-05,T2,physical assault,52.221307,0.141166
10776,2026-05,T2,physical assault,52.219997,0.140005
10777,2026-05,T2,physical assault,52.219468,0.137959
10778,2026-05,T2,physical assault,52.221307,0.141166
10779,2026-05,T2,physical assault,52.219886,0.138682
10780,2026-05,T2,physical assault,52.218538,0.136187
10781,2026-05,T2,suspicious activity,52.220733,0.147492
10782,2026-05,T2,vandalism,52.223197,0.145517
10783,2026-05,T2,vandalism,52.224394,0.141973
10784,2026-05,T2,physical assault,52.220806,0.144963
10785,2026-05,T2,harassment,52.221535,0.146433
10786,2026-05,T2,harassment,52.221535,0.146433
10787,2026-05,T2,robbery,52.220733,0.147492
10788,2026-05,T2,physical assault,52.220806,0.144963
10789,2026-05,T2,physical assault,52.223197,0.145517
10790,2026-05,T2,physical assault,52.220806,0.144963
10791,2026-05,T2,vandalism,52.217483,0.142797
10792,2026-05,T2,suspicious activity,52.218054,0.144493
10793,2026-05,T2,suspicious activity,52.218479,0.147354
10794,2026-05,T2,suspicious activity,52.218054,0.144493
10795,2026-05,T2,vandalism,52.218965,0.144332
10796,2026-05,T2,robbery,52.218054,0.144493
10797,2026-05,T2,robbery,52.218054,0.144493
10798,2026-05,T2,physical assault,52.218054,0.144493
10799,2026-05,T2,physical assault,52.220062,0.149319
10800,2026-05,T2,physical assault,52.218054,0.144493
10801,2026-05,T2,physical assault,52.218054,0.144493
10802,2026-05,T2,physical assault,52.218965,0.144332
10803,2026-05,T2,physical assault,52.218054,0.144493
10804,2026-05,T2,suspicious activity,52.223978,0.13718
10805,2026-05,T2,suspicious activity,52.224153,0.133952
10806,2026-05,T2,physical assault,52.223978,0.13718
10807,2026-05,T2,harassment,52.223978,0.13718
10808,2026-05,T2,physical assault,52.223048,0.133899
10809,2026-05,T2,physical assault,52.223048,0.133899
10810,2026-05,T2,physical assault,52.222962,0.136648
10811,2026-05,T2,physical assault,52.222962,0.136648
10812,2026-05,T2,physical assault,52.223048,0.133899
10813,2026-05,T2,physical assault,52.223048,0.133899
10814,2026-05,T2,physical assault,52.223048,0.133899
10815,2026-05,T2,physical assault,52.223048,0.133899
10816,2026-05,T2,physical assault,52.223048,0.133899
10817,2026-05,T2,suspicious activity,52.222004,0.13098
10818,2026-05,T2,vandalism,52.218512,0.128133
10819,2026-05,T2,physical assault,52.219663,0.123635
10820,2026-05,T2,suspicious activity,52.213552,0.13643
10821,2026-05,T2,suspicious activity,52.219264,0.132298
10822,2026-05,T2,suspicious activity,52.219264,0.132298
10823,2026-05,T2,vandalism,52.213552,0.13643
10824,2026-05,T2,physical assault,52.213552,0.13643
10825,2026-05,T2,physical assault,52.215762,0.13254
10826,2026-05,T2,physical assault,52.215762,0.13254
10827,2026-05,T2,physical assault,52.215762,0.13254
10828,2026-05,T2,suspicious activity,52.214999,0.127497
10829,2026-05,T2,suspicious activity,52.214999,0.127497
10830,2026-05,T2,vandalism,52.213852,0.125803
10831,2026-05,T2,vandalism,52.214536,0.126758
10832,2026-05,T2,robbery,52.214999,0.127497
10833,2026-05,T2,physical assault,52.214536,0.126758
10834,2026-05,T2,physical assault,52.214536,0.126758
10835,2026-05,T2,physical assault,52.214536,0.126758
10836,2026-05,T2,physical assault,52.214281,0.122954
10837,2026-05,T2,physical assault,52.216518,0.123061
10838,2026-05,T2,physical assault,52.218793,0.119055
10839,2026-05,T2,physical assault,52.215494,0.121504
10840,2026-05,T2,physical assault,52.216518,0.123061
10841,2026-05,T2,physical assault,52.214536,0.126758
10842,2026-05,T2,physical assault,52.216518,0.123061
10843,2026-05,T2,suspicious activity,52.212941,0.134923
10844,2026-05,T2,suspicious activity,52.212941,0.134923
10845,2026-05,T2,vandalism,52.21149,0.135058
10846,2026-05,T2,harassment,52.211399,0.131658
10847,2026-05,T2,physical assault,52.214399,0.129825
10848,2026-05,T2,physical assault,52.214399,0.129825
10849,2026-05,T2,physical assault,52.214399,0.129825
10850,2026-05,T2,suspicious activity,52.225017,0.111943
10851,2026-05,T2,suspicious activity,52.223255,0.106852
10852,2026-05,T2,vandalism,52.222002,0.110555
10853,2026-05,T2,harassment,52.222701,0.110208
10854,2026-05,T2,harassment,52.222701,0.110208
10855,2026-05,T2,physical assault,52.219851,0.109165
10856,2026-05,T2,suspicious activity,52.22512,0.098594
10857,2026-05,T2,suspicious activity,52.223956,0.09933
10858,2026-05,T2,suspicious activity,52.223956,0.09933
10859,2026-05,T2,vandalism,52.223364,0.0957
10860,2026-05,T2,vandalism,52.223364,0.0957
10861,2026-05,T2,vandalism,52.22512,0.098594
10862,2026-05,T2,physical assault,52.223956,0.09933
10863,2026-05,T2,physical assault,52.223956,0.09933
10864,2026-05,T2,physical assault,52.223956,0.09933
10865,2026-05,T2,physical assault,52.22512,0.098594
10866,2026-05,T2,physical assault,52.223364,0.0957
10867,2026-05,T2,suspicious activity,52.21468,0.084429
10868,2026-05,T2,vandalism,52.214225,0.098929
10869,2026-05,T2,suspicious activity,52.206444,0.118219
10870,2026-05,T2,suspicious activity,52.215823,0.11016
10871,2026-05,T2,suspicious activity,52.218586,0.106499
10872,2026-05,T2,suspicious activity,52.210486,0.113434
10873,2026-05,T2,harassment,52.211025,0.11346
10874,2026-05,T2,harassment,52.211025,0.11346
10875,2026-05,T2,physical assault,52.211025,0.11346
10876,2026-05,T2,physical assault,52.206444,0.118219
10877,2026-05,T2,physical assault,52.215823,0.11016
10878,2026-05,T2,physical assault,52.212778,0.110952
10879,2026-05,T2,physical assault,52.215823,0.11016
10880,2026-05,T2,physical assault,52.206444,0.118219
10881,2026-05,T2,physical assault,52.206444,0.118219
10882,2026-05,T2,physical assault,52.214025,0.111626
10883,2026-05,T2,physical assault,52.207966,0.118072
10884,2026-05,T2,suspicious activity,52.211411,0.143427
10885,2026-05,T2,suspicious activity,52.209787,0.145932
10886,2026-05,T2,suspicious activity,52.212101,0.142553
10887,2026-05,T2,suspicious activity,52.208484,0.141193
10888,2026-05,T2,suspicious activity,52.208164,0.139509
10889,2026-05,T2,suspicious activity,52.207891,0.146097
10890,2026-05,T2,vandalism,52.210569,0.140254
10891,2026-05,T2,robbery,52.211411,0.143427
10892,2026-05,T2,physical assault,52.213326,0.143944
10893,2026-05,T2,physical assault,52.208164,0.139509
10894,2026-05,T2,physical assault,52.208484,0.141193
10895,2026-05,T2,physical assault,52.208164,0.139509
10896,2026-05,T2,physical assault,52.208484,0.141193
10897,2026-05,T2,physical assault,52.211411,0.143427
10898,2026-05,T2,physical assault,52.208484,0.141193
10899,2026-05,T2,suspicious activity,52.21781,0.162328
10900,2026-05,T2,suspicious activity,52.21781,0.162328
10901,2026-05,T2,suspicious activity,52.213857,0.164083
10902,2026-05,T2,vandalism,52.21731,0.162113
10903,2026-05,T2,vandalism,52.21731,0.162113
10904,2026-05,T2,harassment,52.21731,0.162113
10905,2026-05,T2,harassment,52.21731,0.162113
10906,2026-05,T2,robbery,52.214774,0.165064
10907,2026-05,T2,physical assault,52.213857,0.164083
10908,2026-05,T2,physical assault,52.21731,0.162113
10909,2026-05,T2,physical assault,52.21731,0.162113
10910,2026-05,T2,physical assault,52.21731,0.162113
10911,2026-05,T2,physical assault,52.213857,0.164083
10912,2026-05,T2,physical assault,52.214774,0.165064
10913,2026-05,T2,suspicious activity,52.211161,0.157101
10914,2026-05,T2,suspicious activity,52.211583,0.157649
10915,2026-05,T2,suspicious activity,52.214904,0.158483
10916,2026-05,T2,vandalism,52.215859,0.158354
10917,2026-05,T2,physical assault,52.215589,0.157887
10918,2026-05,T2,physical assault,52.214467,0.156295
10919,2026-05,T2,physical assault,52.21548,0.156491
10920,2026-05,T2,physical assault,52.214904,0.158483
10921,2026-05,T2,physical assault,52.215589,0.157887
10922,2026-05,T2,physical assault,52.208923,0.155075
10923,2026-05,T2,suspicious activity,52.213238,0.163042
10924,2026-05,T2,suspicious activity,52.213238,0.163042
10925,2026-05,T2,suspicious activity,52.215226,0.162466
10926,2026-05,T2,harassment,52.213238,0.163042
10927,2026-05,T2,harassment,52.213238,0.163042
10928,2026-05,T2,physical assault,52.213238,0.163042
10929,2026-05,T2,physical assault,52.213238,0.163042
10930,2026-05,T2,physical assault,52.21137,0.160946
10931,2026-05,T2,physical assault,52.211938,0.160828
10932,2026-05,T2,physical assault,52.215226,0.162466
10933,2026-05,T2,physical assault,52.215226,0.162466
10934,2026-05,T2,physical assault,52.213238,0.163042
10935,2026-05,T2,physical assault,52.215226,0.162466
10936,2026-05,T2,physical assault,52.215226,0.162466
10937,2026-05,T2,physical assault,52.209681,0.158874
10938,2026-05,T2,physical assault,52.215226,0.162466
10939,2026-05,T2,physical assault,52.215226,0.162466
10940,2026-05,T2,physical assault,52.209925,0.165209
10941,2026-05,T2,harassment,52.209925,0.165209
10942,2026-05,T2,physical assault,52.210714,0.1609
10943,2026-05,T2,physical assault,52.209068,0.158976
10944,2026-05,T2,physical assault,52.207929,0.164687
10945,2026-05,T2,physical assault,52.207463,0.160669
10946,2026-05,T2,suspicious activity,52.210274,0.136668
10947,2026-05,T2,suspicious activity,52.208553,0.131887
10948,2026-05,T2,suspicious activity,52.205741,0.131753
10949,2026-05,T2,suspicious activity,52.210274,0.136668
10950,2026-05,T2,suspicious activity,52.210274,0.136668
10951,2026-05,T2,suspicious activity,52.208553,0.131887
10952,2026-05,T2,suspicious activity,52.208553,0.131887
10953,2026-05,T2,suspicious activity,52.206907,0.130462
10954,2026-05,T2,suspicious activity,52.210274,0.136668
10955,2026-05,T2,suspicious activity,52.206593,0.133474
10956,2026-05,T2,vandalism,52.206907,0.130462
10957,2026-05,T2,vandalism,52.207489,0.1321
10958,2026-05,T2,vandalism,52.206907,0.130462
10959,2026-05,T2,physical assault,52.207243,0.129249
10960,2026-05,T2,harassment,52.205544,0.126738
10961,2026-05,T2,harassment,52.208978,0.135757
10962,2026-05,T2,harassment,52.205544,0.126738
10963,2026-05,T2,harassment,52.206593,0.133474
10964,2026-05,T2,harassment,52.208978,0.135757
10965,2026-05,T2,robbery,52.204911,0.132942
10966,2026-05,T2,physical assault,52.205741,0.131753
10967,2026-05,T2,physical assault,52.206982,0.136218
10968,2026-05,T2,physical assault,52.208618,0.135301
10969,2026-05,T2,physical assault,52.210274,0.136668
10970,2026-05,T2,physical assault,52.207623,0.131609
10971,2026-05,T2,physical assault,52.204813,0.131884
10972,2026-05,T2,physical assault,52.207243,0.129249
10973,2026-05,T2,physical assault,52.210274,0.136668
10974,2026-05,T2,physical assault,52.20576,0.127714
10975,2026-05,T2,physical assault,52.204911,0.132942
10976,2026-05,T2,suspicious activity,52.193388,0.108629
10977,2026-05,T2,suspicious activity,52.198353,0.112581
10978,2026-05,T2,suspicious activity,52.195674,0.110551
10979,2026-05,T2,suspicious activity,52.197476,0.11788
10980,2026-05,T2,suspicious activity,52.196263,0.104243
10981,2026-05,T2,suspicious activity,52.196263,0.104243
10982,2026-05,T2,suspicious activity,52.201717,0.115052
10983,2026-05,T2,suspicious activity,52.196078,0.110073
10984,2026-05,T2,suspicious activity,52.195221,0.114773
10985,2026-05,T2,robbery,52.193388,0.108629
10986,2026-05,T2,physical assault,52.198353,0.112581
10987,2026-05,T2,physical assault,52.198102,0.112057
10988,2026-05,T2,physical assault,52.195769,0.102215
10989,2026-05,T2,physical assault,52.201717,0.115052
10990,2026-05,T2,physical assault,52.19857,0.105977
10991,2026-05,T2,physical assault,52.195769,0.102215
10992,2026-05,T2,physical assault,52.196078,0.110073
10993,2026-05,T2,physical assault,52.19857,0.105977
10994,2026-05,T2,physical assault,52.19857,0.105977
10995,2026-05,T2,suspicious activity,52.2071,0.119758
10996,2026-05,T2,suspicious activity,52.207515,0.127125
10997,2026-05,T2,suspicious activity,52.205386,0.124037
10998,2026-05,T2,suspicious activity,52.206447,0.120517
10999,2026-05,T2,suspicious activity,52.205622,0.118912
11000,2026-05,T2,suspicious activity,52.205622,0.118912
11001,2026-05,T2,suspicious activity,52.207515,0.127125
11002,2026-05,T2,suspicious activity,52.205622,0.118912
11003,2026-05,T2,suspicious activity,52.2071,0.119758
11004,2026-05,T2,suspicious activity,52.205622,0.118912
11005,2026-05,T2,suspicious activity,52.205622,0.118912
11006,2026-05,T2,suspicious activity,52.2071,0.119758
11007,2026-05,T2,suspicious activity,52.205622,0.118912
11008,2026-05,T2,suspicious activity,52.206635,0.119077
11009,2026-05,T2,suspicious activity,52.208907,0.118234
11010,2026-05,T2,physical assault,52.206447,0.120517
11011,2026-05,T2,physical assault,52.205622,0.118912
11012,2026-05,T2,harassment,52.205622,0.118912
11013,2026-05,T2,robbery,52.207111,0.125627
11014,2026-05,T2,physical assault,52.211178,0.126992
11015,2026-05,T2,physical assault,52.208396,0.122688
11016,2026-05,T2,physical assault,52.205622,0.118912
11017,2026-05,T2,physical assault,52.206447,0.120517
11018,2026-05,T2,physical assault,52.2055,0.118203
11019,2026-05,T2,physical assault,52.208907,0.118234
11020,2026-05,T2,physical assault,52.207111,0.125627
11021,2026-05,T2,physical assault,52.206447,0.120517
11022,2026-05,T2,physical assault,52.205622,0.118912
11023,2026-05,T2,physical assault,52.205622,0.118912
11024,2026-05,T2,physical assault,52.20763,0.125754
11025,2026-05,T2,physical assault,52.206447,0.120517
11026,2026-05,T2,physical assault,52.205622,0.118912
11027,2026-05,T2,physical assault,52.207382,0.124074
11028,2026-05,T2,physical assault,52.206781,0.118952
11029,2026-05,T2,physical assault,52.205622,0.118912
11030,2026-05,T2,physical assault,52.206447,0.120517
11031,2026-05,T2,physical assault,52.21018,0.117957
11032,2026-05,T2,physical assault,52.205622,0.118912
11033,2026-05,T2,physical assault,52.206447,0.120517
11034,2026-05,T2,physical assault,52.205622,0.118912
11035,2026-05,T2,physical assault,52.206447,0.120517
11036,2026-05,T2,physical assault,52.207382,0.124074
11037,2026-05,T2,physical assault,52.2055,0.118203
11038,2026-05,T2,suspicious activity,52.20433,0.11724
11039,2026-05,T2,vandalism,52.199871,0.096585
11040,2026-05,T2,physical assault,52.200386,0.109531
11041,2026-05,T2,suspicious activity,52.20533,0.12364
11042,2026-05,T2,suspicious activity,52.203011,0.125622
11043,2026-05,T2,suspicious activity,52.1984,0.121524
11044,2026-05,T2,suspicious activity,52.204215,0.121172
11045,2026-05,T2,suspicious activity,52.204812,0.121976
11046,2026-05,T2,suspicious activity,52.204215,0.121172
11047,2026-05,T2,suspicious activity,52.20121,0.117765
11048,2026-05,T2,suspicious activity,52.199366,0.127262
11049,2026-05,T2,suspicious activity,52.204812,0.121976
11050,2026-05,T2,suspicious activity,52.203995,0.11838
11051,2026-05,T2,suspicious activity,52.204215,0.121172
11052,2026-05,T2,suspicious activity,52.201696,0.117203
11053,2026-05,T2,suspicious activity,52.204372,0.119408
11054,2026-05,T2,suspicious activity,52.205594,0.133429
11055,2026-05,T2,suspicious activity,52.203995,0.11838
11056,2026-05,T2,suspicious activity,52.20082,0.12941
11057,2026-05,T2,suspicious activity,52.203995,0.11838
11058,2026-05,T2,suspicious activity,52.203523,0.124124
11059,2026-05,T2,vandalism,52.199366,0.127262
11060,2026-05,T2,vandalism,52.204215,0.121172
11061,2026-05,T2,vandalism,52.204812,0.121976
11062,2026-05,T2,vandalism,52.205594,0.133429
11063,2026-05,T2,vandalism,52.203247,0.130463
11064,2026-05,T2,vandalism,52.203247,0.130463
11065,2026-05,T2,vandalism,52.204372,0.119408
11066,2026-05,T2,vandalism,52.201058,0.126172
11067,2026-05,T2,physical assault,52.204662,0.125774
11068,2026-05,T2,physical assault,52.204662,0.125774
11069,2026-05,T2,harassment,52.20533,0.12364
11070,2026-05,T2,harassment,52.204215,0.121172
11071,2026-05,T2,harassment,52.203097,0.121806
11072,2026-05,T2,harassment,52.204812,0.121976
11073,2026-05,T2,harassment,52.204662,0.125774
11074,2026-05,T2,harassment,52.201919,0.117863
11075,2026-05,T2,harassment,52.203097,0.121806
11076,2026-05,T2,harassment,52.203334,0.129106
11077,2026-05,T2,harassment,52.204177,0.130756
11078,2026-05,T2,harassment,52.203247,0.130463
11079,2026-05,T2,robbery,52.201058,0.126172
11080,2026-05,T2,robbery,52.204372,0.119408
11081,2026-05,T2,robbery,52.20533,0.12364
11082,2026-05,T2,robbery,52.204812,0.121976
11083,2026-05,T2,robbery,52.204662,0.125774
11084,2026-05,T2,robbery,52.203334,0.129106
11085,2026-05,T2,robbery,52.204215,0.121172
11086,2026-05,T2,physical assault,52.204372,0.119408
11087,2026-05,T2,physical assault,52.201421,0.125173
11088,2026-05,T2,physical assault,52.204372,0.119408
11089,2026-05,T2,physical assault,52.206311,0.121593
11090,2026-05,T2,physical assault,52.204812,0.121976
11091,2026-05,T2,physical assault,52.203247,0.130463
11092,2026-05,T2,physical assault,52.203523,0.124124
11093,2026-05,T2,physical assault,52.204372,0.119408
11094,2026-05,T2,physical assault,52.20082,0.12941
11095,2026-05,T2,physical assault,52.204372,0.119408
11096,2026-05,T2,physical assault,52.204372,0.119408
11097,2026-05,T2,physical assault,52.204372,0.119408
11098,2026-05,T2,physical assault,52.20082,0.12941
11099,2026-05,T2,physical assault,52.203247,0.130463
11100,2026-05,T2,physical assault,52.201421,0.125173
11101,2026-05,T2,physical assault,52.20533,0.12364
11102,2026-05,T2,physical assault,52.204812,0.121976
11103,2026-05,T2,physical assault,52.201058,0.126172
11104,2026-05,T2,physical assault,52.203995,0.11838
11105,2026-05,T2,physical assault,52.20082,0.12941
11106,2026-05,T2,physical assault,52.204812,0.121976
11107,2026-05,T2,physical assault,52.204812,0.121976
11108,2026-05,T2,physical assault,52.203247,0.130463
11109,2026-05,T2,physical assault,52.203523,0.124124
11110,2026-05,T2,physical assault,52.203247,0.130463
11111,2026-05,T2,physical assault,52.204812,0.121976
11112,2026-05,T2,physical assault,52.204812,0.121976
11113,2026-05,T2,physical assault,52.201058,0.126172
11114,2026-05,T2,physical assault,52.203247,0.130463
11115,2026-05,T2,physical assault,52.204215,0.121172
11116,2026-05,T2,physical assault,52.203523,0.124124
11117,2026-05,T2,physical assault,52.203247,0.130463
11118,2026-05,T2,physical assault,52.204372,0.119408
11119,2026-05,T2,physical assault,52.204372,0.119408
11120,2026-05,T2,physical assault,52.203247,0.130463
11121,2026-05,T2,physical assault,52.203247,0.130463
11122,2026-05,T2,physical assault,52.204372,0.119408
11123,2026-05,T2,physical assault,52.20533,0.12364
11124,2026-05,T2,physical assault,52.204812,0.121976
11125,2026-05,T2,physical assault,52.204215,0.121172
11126,2026-05,T2,physical assault,52.204215,0.121172
11127,2026-05,T2,physical assault,52.201421,0.125173
11128,2026-05,T2,physical assault,52.204812,0.121976
11129,2026-05,T2,physical assault,52.204372,0.119408
11130,2026-05,T2,physical assault,52.204372,0.119408
11131,2026-05,T2,physical assault,52.203247,0.130463
11132,2026-05,T2,physical assault,52.204812,0.121976
11133,2026-05,T2,physical assault,52.204372,0.119408
11134,2026-05,T2,physical assault,52.203523,0.124124
11135,2026-05,T2,physical assault,52.203247,0.130463
11136,2026-05,T2,physical assault,52.203523,0.124124
11137,2026-05,T2,physical assault,52.204372,0.119408
11138,2026-05,T2,physical assault,52.203995,0.11838
11139,2026-05,T2,physical assault,52.204215,0.121172
11140,2026-05,T2,physical assault,52.204372,0.119408
11141,2026-05,T2,physical assault,52.203334,0.129106
11142,2026-05,T2,physical assault,52.205594,0.133429
11143,2026-05,T2,physical assault,52.203247,0.130463
11144,2026-05,T2,physical assault,52.203247,0.130463
11145,2026-05,T2,physical assault,52.1984,0.121524
11146,2026-05,T2,physical assault,52.203247,0.130463
11147,2026-05,T2,physical assault,52.203523,0.124124
11148,2026-05,T2,physical assault,52.1984,0.121524
11149,2026-05,T2,physical assault,52.203247,0.130463
11150,2026-05,T2,suspicious activity,52.194769,0.136334
11151,2026-05,T2,suspicious activity,52.197361,0.129786
11152,2026-05,T2,suspicious activity,52.197361,0.129786
11153,2026-05,T2,suspicious activity,52.194769,0.136334
11154,2026-05,T2,suspicious activity,52.196107,0.133443
11155,2026-05,T2,suspicious activity,52.194769,0.136334
11156,2026-05,T2,vandalism,52.197496,0.135221
11157,2026-05,T2,harassment,52.197496,0.135221
11158,2026-05,T2,harassment,52.194769,0.136334
11159,2026-05,T2,harassment,52.194769,0.136334
11160,2026-05,T2,harassment,52.195793,0.137905
11161,2026-05,T2,harassment,52.195793,0.137905
11162,2026-05,T2,physical assault,52.195793,0.137905
11163,2026-05,T2,physical assault,52.195307,0.136419
11164,2026-05,T2,physical assault,52.197496,0.135221
11165,2026-05,T2,physical assault,52.195793,0.137905
11166,2026-05,T2,physical assault,52.197361,0.129786
11167,2026-05,T2,physical assault,52.195307,0.136419
11168,2026-05,T2,suspicious activity,52.20199,0.13151
11169,2026-05,T2,suspicious activity,52.20199,0.13151
11170,2026-05,T2,suspicious activity,52.201889,0.133456
11171,2026-05,T2,suspicious activity,52.200443,0.134338
11172,2026-05,T2,suspicious activity,52.199242,0.135642
11173,2026-05,T2,vandalism,52.201568,0.134319
11174,2026-05,T2,vandalism,52.199242,0.135642
11175,2026-05,T2,harassment,52.200225,0.134986
11176,2026-05,T2,harassment,52.201889,0.133456
11177,2026-05,T2,robbery,52.200225,0.134986
11178,2026-05,T2,physical assault,52.200225,0.134986
11179,2026-05,T2,physical assault,52.200225,0.134986
11180,2026-05,T2,physical assault,52.199242,0.135642
11181,2026-05,T2,physical assault,52.200225,0.134986
11182,2026-05,T2,physical assault,52.199242,0.135642
11183,2026-05,T2,physical assault,52.201337,0.130181
11184,2026-05,T2,physical assault,52.199242,0.135642
11185,2026-05,T2,physical assault,52.201583,0.131993
11186,2026-05,T2,physical assault,52.199242,0.135642
11187,2026-05,T2,physical assault,52.202223,0.134863
11188,2026-05,T2,suspicious activity,52.204523,0.138954
11189,2026-05,T2,suspicious activity,52.207758,0.138582
11190,2026-05,T2,harassment,52.204066,0.140337
11191,2026-05,T2,physical assault,52.205607,0.137688
11192,2026-05,T2,physical assault,52.205607,0.137688
11193,2026-05,T2,vandalism,52.202952,0.143254
11194,2026-05,T2,physical assault,52.202022,0.142478
11195,2026-05,T2,physical assault,52.202022,0.142478
11196,2026-05,T2,physical assault,52.202022,0.142478
11197,2026-05,T2,physical assault,52.204478,0.143444
11198,2026-05,T2,physical assault,52.202022,0.142478
11199,2026-05,T2,physical assault,52.202022,0.142478
11200,2026-05,T2,physical assault,52.199586,0.140458
11201,2026-05,T2,suspicious activity,52.204696,0.136357
11202,2026-05,T2,suspicious activity,52.204696,0.136357
11203,2026-05,T2,suspicious activity,52.199829,0.138962
11204,2026-05,T2,suspicious activity,52.199829,0.138962
11205,2026-05,T2,suspicious activity,52.205387,0.134429
11206,2026-05,T2,suspicious activity,52.199829,0.138962
11207,2026-05,T2,suspicious activity,52.200861,0.137109
11208,2026-05,T2,suspicious activity,52.204696,0.136357
11209,2026-05,T2,vandalism,52.205387,0.134429
11210,2026-05,T2,robbery,52.203458,0.132741
11211,2026-05,T2,robbery,52.200861,0.137109
11212,2026-05,T2,physical assault,52.199829,0.138962
11213,2026-05,T2,physical assault,52.199829,0.138962
11214,2026-05,T2,physical assault,52.203672,0.133322
11215,2026-05,T2,physical assault,52.205396,0.13642
11216,2026-05,T2,physical assault,52.205387,0.134429
11217,2026-05,T2,suspicious activity,52.204133,0.146589
11218,2026-05,T2,suspicious activity,52.200537,0.148991
11219,2026-05,T2,vandalism,52.204133,0.146589
11220,2026-05,T2,physical assault,52.204133,0.146589
11221,2026-05,T2,physical assault,52.200537,0.148991
11222,2026-05,T2,physical assault,52.20207,0.148758
11223,2026-05,T2,suspicious activity,52.198482,0.143814
11224,2026-05,T2,suspicious activity,52.198554,0.141857
11225,2026-05,T2,physical assault,52.199572,0.143706
11226,2026-05,T2,suspicious activity,52.199388,0.155799
11227,2026-05,T2,suspicious activity,52.202367,0.152168
11228,2026-05,T2,vandalism,52.195289,0.155718
11229,2026-05,T2,physical assault,52.198458,0.156998
11230,2026-05,T2,physical assault,52.197086,0.1538
11231,2026-05,T2,physical assault,52.197086,0.1538
11232,2026-05,T2,physical assault,52.195289,0.155718
11233,2026-05,T2,suspicious activity,52.198095,0.153249
11234,2026-05,T2,vandalism,52.198095,0.153249
11235,2026-05,T2,physical assault,52.19825,0.151135
11236,2026-05,T2,physical assault,52.19825,0.151135
11237,2026-05,T2,physical assault,52.19825,0.151135
11238,2026-05,T2,physical assault,52.19825,0.151135
11239,2026-05,T2,suspicious activity,52.196817,0.146895
11240,2026-05,T2,suspicious activity,52.198344,0.142008
11241,2026-05,T2,suspicious activity,52.196102,0.151558
11242,2026-05,T2,suspicious activity,52.196817,0.146895
11243,2026-05,T2,suspicious activity,52.196817,0.146895
11244,2026-05,T2,vandalism,52.198344,0.142008
11245,2026-05,T2,vandalism,52.196991,0.144723
11246,2026-05,T2,harassment,52.195482,0.145645
11247,2026-05,T2,physical assault,52.196348,0.142
11248,2026-05,T2,physical assault,52.196149,0.14897
11249,2026-05,T2,physical assault,52.195482,0.145645
11250,2026-05,T2,physical assault,52.196149,0.14897
11251,2026-05,T2,physical assault,52.198344,0.142008
11252,2026-05,T2,suspicious activity,52.19056,0.146813
11253,2026-05,T2,suspicious activity,52.19056,0.146813
11254,2026-05,T2,suspicious activity,52.19056,0.146813
11255,2026-05,T2,suspicious activity,52.19056,0.146813
11256,2026-05,T2,suspicious activity,52.19056,0.146813
11257,2026-05,T2,vandalism,52.19056,0.146813
11258,2026-05,T2,vandalism,52.190083,0.152262
11259,2026-05,T2,physical assault,52.190083,0.152262
11260,2026-05,T2,harassment,52.19056,0.146813
11261,2026-05,T2,physical assault,52.19056,0.146813
11262,2026-05,T2,physical assault,52.191929,0.148664
11263,2026-05,T2,physical assault,52.190083,0.152262
11264,2026-05,T2,physical assault,52.19056,0.146813
11265,2026-05,T2,suspicious activity,52.190593,0.158797
11266,2026-05,T2,suspicious activity,52.193072,0.156503
11267,2026-05,T2,vandalism,52.191975,0.15645
11268,2026-05,T2,harassment,52.190593,0.158797
11269,2026-05,T2,harassment,52.19451,0.157977
11270,2026-05,T2,harassment,52.19451,0.157977
11271,2026-05,T2,physical assault,52.195303,0.152002
11272,2026-05,T2,physical assault,52.194362,0.156727
11273,2026-05,T2,physical assault,52.194362,0.156727
11274,2026-05,T2,physical assault,52.194007,0.161889
11275,2026-05,T2,suspicious activity,52.187179,0.153219
11276,2026-05,T2,vandalism,52.186631,0.153661
11277,2026-05,T2,vandalism,52.186631,0.153661
11278,2026-05,T2,physical assault,52.191655,0.154313
11279,2026-05,T2,physical assault,52.187179,0.153219
11280,2026-05,T2,physical assault,52.191655,0.154313
11281,2026-05,T2,physical assault,52.191655,0.154313
11282,2026-05,T2,suspicious activity,52.190495,0.157256
11283,2026-05,T2,suspicious activity,52.189235,0.158293
11284,2026-05,T2,vandalism,52.189235,0.158293
11285,2026-05,T2,physical assault,52.189233,0.160882
11286,2026-05,T2,physical assault,52.189235,0.158293
11287,2026-05,T2,suspicious activity,52.190164,0.136961
11288,2026-05,T2,suspicious activity,52.192455,0.144152
11289,2026-05,T2,suspicious activity,52.195126,0.141458
11290,2026-05,T2,suspicious activity,52.192455,0.144152
11291,2026-05,T2,suspicious activity,52.190164,0.136961
11292,2026-05,T2,vandalism,52.190164,0.136961
11293,2026-05,T2,harassment,52.190164,0.136961
11294,2026-05,T2,harassment,52.194723,0.140897
11295,2026-05,T2,physical assault,52.189096,0.135331
11296,2026-05,T2,physical assault,52.190567,0.137011
11297,2026-05,T2,physical assault,52.195126,0.141458
11298,2026-05,T2,physical assault,52.190164,0.136961
11299,2026-05,T2,physical assault,52.195126,0.141458
11300,2026-05,T2,physical assault,52.189096,0.135331
11301,2026-05,T2,suspicious activity,52.192935,0.146723
11302,2026-05,T2,suspicious activity,52.189542,0.143955
11303,2026-05,T2,vandalism,52.192935,0.146723
11304,2026-05,T2,vandalism,52.192935,0.146723
11305,2026-05,T2,harassment,52.192935,0.146723
11306,2026-05,T2,physical assault,52.190998,0.143001
11307,2026-05,T2,physical assault,52.189542,0.143955
11308,2026-05,T2,suspicious activity,52.184937,0.160235
11309,2026-05,T2,suspicious activity,52.187422,0.162067
11310,2026-05,T2,physical assault,52.184475,0.163372
11311,2026-05,T2,suspicious activity,52.18108,0.151842
11312,2026-05,T2,suspicious activity,52.181988,0.144469
11313,2026-05,T2,suspicious activity,52.181988,0.144469
11314,2026-05,T2,vandalism,52.186185,0.146061
11315,2026-05,T2,physical assault,52.18108,0.151842
11316,2026-05,T2,physical assault,52.18108,0.151842
11317,2026-05,T2,physical assault,52.185222,0.150593
11318,2026-05,T2,physical assault,52.184097,0.149135
11319,2026-05,T2,vandalism,52.183754,0.155116
11320,2026-05,T2,physical assault,52.182446,0.160743
11321,2026-05,T2,physical assault,52.181663,0.159813
11322,2026-05,T2,physical assault,52.182558,0.154619
11323,2026-05,T2,physical assault,52.183754,0.155116
11324,2026-05,T2,physical assault,52.183754,0.155116
11325,2026-05,T2,physical assault,52.182558,0.154619
11326,2026-05,T2,physical assault,52.183754,0.155116
11327,2026-05,T2,physical assault,52.178683,0.153145
11328,2026-05,T2,physical assault,52.178683,0.153145
11329,2026-05,T2,suspicious activity,52.187291,0.141637
11330,2026-05,T2,suspicious activity,52.187946,0.140206
11331,2026-05,T2,vandalism,52.186198,0.139434
11332,2026-05,T2,vandalism,52.186307,0.133769
11333,2026-05,T2,harassment,52.188097,0.137317
11334,2026-05,T2,harassment,52.187291,0.141637
11335,2026-05,T2,harassment,52.188097,0.137317
11336,2026-05,T2,physical assault,52.187291,0.141637
11337,2026-05,T2,physical assault,52.187291,0.141637
11338,2026-05,T2,physical assault,52.187291,0.141637
11339,2026-05,T2,suspicious activity,52.183618,0.136429
11340,2026-05,T2,vandalism,52.180875,0.133942
11341,2026-05,T2,physical assault,52.180389,0.143383
11342,2026-05,T2,physical assault,52.179151,0.144245
11343,2026-05,T2,suspicious activity,52.19676,0.129172
11344,2026-05,T2,suspicious activity,52.196625,0.122683
11345,2026-05,T2,suspicious activity,52.197767,0.127669
11346,2026-05,T2,harassment,52.19676,0.129172
11347,2026-05,T2,harassment,52.19676,0.129172
11348,2026-05,T2,harassment,52.19676,0.129172
11349,2026-05,T2,physical assault,52.19652,0.128546
11350,2026-05,T2,physical assault,52.19652,0.128546
11351,2026-05,T2,physical assault,52.19676,0.129172
11352,2026-05,T2,physical assault,52.196625,0.122683
11353,2026-05,T2,physical assault,52.199179,0.130648
11354,2026-05,T2,physical assault,52.195795,0.12737
11355,2026-05,T2,physical assault,52.196612,0.123429
11356,2026-05,T2,physical assault,52.19652,0.128546
11357,2026-05,T2,physical assault,52.195795,0.12737
11358,2026-05,T2,physical assault,52.196625,0.122683
11359,2026-05,T2,physical assault,52.199179,0.130648
11360,2026-05,T2,physical assault,52.198821,0.129592
11361,2026-05,T2,suspicious activity,52.193225,0.136216
11362,2026-05,T2,suspicious activity,52.193745,0.134822
11363,2026-05,T2,suspicious activity,52.193225,0.136216
11364,2026-05,T2,suspicious activity,52.190238,0.132796
11365,2026-05,T2,physical assault,52.190238,0.132796
11366,2026-05,T2,physical assault,52.193771,0.13535
11367,2026-05,T2,vandalism,52.188031,0.128535
11368,2026-05,T2,harassment,52.189948,0.13148
11369,2026-05,T2,physical assault,52.191089,0.124029
11370,2026-05,T2,suspicious activity,52.179258,0.122426
11371,2026-05,T2,suspicious activity,52.179258,0.122426
11372,2026-05,T2,harassment,52.179409,0.123487
11373,2026-05,T2,physical assault,52.179258,0.122426
11374,2026-05,T2,physical assault,52.1793,0.120556
11375,2026-05,T2,suspicious activity,52.231107,0.117328
11376,2026-05,T2,suspicious activity,52.231107,0.117328
11377,2026-05,T2,physical assault,52.231035,0.116314
11378,2026-05,T2,physical assault,52.229003,0.117272
11379,2026-05,T2,harassment,52.224518,0.16135
11380,2026-05,T2,physical assault,52.224518,0.16135
11381,2026-05,T2,physical assault,52.224518,0.16135
11382,2026-05,T2,suspicious activity,52.223637,0.091452
11383,2026-05,T2,suspicious activity,52.220896,0.088351
11384,2026-05,T2,vandalism,52.225875,0.089493
11385,2026-05,T2,physical assault,52.221307,0.090025
11386,2026-05,T2,physical assault,52.221307,0.090025
11387,2026-05,T2,physical assault,52.221307,0.090025
11388,2026-05,T2,suspicious activity,52.180411,0.091062
11389,2026-05,T2,physical assault,52.178455,0.096382
11390,2026-06,T2,suspicious activity,52.230278,0.131874
11391,2026-06,T2,suspicious activity,52.231891,0.132834
11392,2026-06,T2,suspicious activity,52.231891,0.132834
11393,2026-06,T2,suspicious activity,52.231891,0.132834
11394,2026-06,T2,suspicious activity,52.226808,0.133816
11395,2026-06,T2,physical assault,52.230579,0.132166
11396,2026-06,T2,physical assault,52.230579,0.132166
11397,2026-06,T2,physical assault,52.230278,0.131874
11398,2026-06,T2,physical assault,52.22843,0.136618
11399,2026-06,T2,physical assault,52.228862,0.133124
11400,2026-06,T2,physical assault,52.231891,0.132834
11401,2026-06,T2,suspicious activity,52.226709,0.144237
11402,2026-06,T2,suspicious activity,52.223974,0.139361
11403,2026-06,T2,suspicious activity,52.227077,0.145491
11404,2026-06,T2,suspicious activity,52.227077,0.145491
11405,2026-06,T2,suspicious activity,52.229939,0.143646
11406,2026-06,T2,vandalism,52.223974,0.139361
11407,2026-06,T2,physical assault,52.227734,0.142764
11408,2026-06,T2,robbery,52.227077,0.145491
11409,2026-06,T2,physical assault,52.226709,0.144237
11410,2026-06,T2,physical assault,52.227325,0.138556
11411,2026-06,T2,physical assault,52.227325,0.138556
11412,2026-06,T2,physical assault,52.227325,0.138556
11413,2026-06,T2,suspicious activity,52.228238,0.138278
11414,2026-06,T2,suspicious activity,52.231138,0.135547
11415,2026-06,T2,suspicious activity,52.231138,0.135547
11416,2026-06,T2,physical assault,52.229879,0.138532
11417,2026-06,T2,physical assault,52.22783,0.137482
11418,2026-06,T2,physical assault,52.229879,0.138532
11419,2026-06,T2,physical assault,52.230802,0.135223
11420,2026-06,T2,physical assault,52.228238,0.138278
11421,2026-06,T2,physical assault,52.229879,0.138532
11422,2026-06,T2,physical assault,52.226786,0.139511
11423,2026-06,T2,physical assault,52.22783,0.137482
11424,2026-06,T2,physical assault,52.229847,0.140317
11425,2026-06,T2,suspicious activity,52.229139,0.123238
11426,2026-06,T2,suspicious activity,52.229139,0.123238
11427,2026-06,T2,suspicious activity,52.22584,0.126654
11428,2026-06,T2,suspicious activity,52.226495,0.127754
11429,2026-06,T2,suspicious activity,52.229521,0.125512
11430,2026-06,T2,robbery,52.22505,0.127114
11431,2026-06,T2,physical assault,52.226495,0.127754
11432,2026-06,T2,physical assault,52.22584,0.126654
11433,2026-06,T2,physical assault,52.22505,0.127114
11434,2026-06,T2,physical assault,52.22584,0.126654
11435,2026-06,T2,physical assault,52.22584,0.126654
11436,2026-06,T2,physical assault,52.22584,0.126654
11437,2026-06,T2,suspicious activity,52.231199,0.127173
11438,2026-06,T2,suspicious activity,52.230376,0.12646
11439,2026-06,T2,suspicious activity,52.230376,0.12646
11440,2026-06,T2,physical assault,52.231577,0.122183
11441,2026-06,T2,physical assault,52.231199,0.127173
11442,2026-06,T2,suspicious activity,52.231944,0.137211
11443,2026-06,T2,suspicious activity,52.230896,0.137483
11444,2026-06,T2,suspicious activity,52.230652,0.137046
11445,2026-06,T2,suspicious activity,52.232015,0.140217
11446,2026-06,T2,vandalism,52.232015,0.140217
11447,2026-06,T2,vandalism,52.232015,0.140217
11448,2026-06,T2,harassment,52.232015,0.140217
11449,2026-06,T2,physical assault,52.230896,0.137483
11450,2026-06,T2,physical assault,52.230383,0.137985
11451,2026-06,T2,physical assault,52.230383,0.137985
11452,2026-06,T2,physical assault,52.231944,0.137211
11453,2026-06,T2,physical assault,52.230652,0.137046
11454,2026-06,T2,physical assault,52.230896,0.137483
11455,2026-06,T2,physical assault,52.232015,0.140217
11456,2026-06,T2,physical assault,52.231944,0.137211
11457,2026-06,T2,physical assault,52.232015,0.140217
11458,2026-06,T2,physical assault,52.232015,0.140217
11459,2026-06,T2,physical assault,52.232015,0.140217
11460,2026-06,T2,physical assault,52.232015,0.140217
11461,2026-06,T2,physical assault,52.231944,0.137211
11462,2026-06,T2,suspicious activity,52.219497,0.111388
11463,2026-06,T2,vandalism,52.219497,0.111388
11464,2026-06,T2,harassment,52.220294,0.111339
11465,2026-06,T2,harassment,52.215335,0.112274
11466,2026-06,T2,physical assault,52.216568,0.113723
11467,2026-06,T2,physical assault,52.216568,0.113723
11468,2026-06,T2,suspicious activity,52.212594,0.117253
11469,2026-06,T2,suspicious activity,52.214207,0.118515
11470,2026-06,T2,suspicious activity,52.213686,0.116514
11471,2026-06,T2,harassment,52.214692,0.118055
11472,2026-06,T2,physical assault,52.215021,0.11526
11473,2026-06,T2,physical assault,52.212594,0.117253
11474,2026-06,T2,physical assault,52.215021,0.11526
11475,2026-06,T2,physical assault,52.211545,0.116061
11476,2026-06,T2,physical assault,52.215021,0.11526
11477,2026-06,T2,physical assault,52.212594,0.117253
11478,2026-06,T2,physical assault,52.21468,0.118713
11479,2026-06,T2,physical assault,52.215021,0.11526
11480,2026-06,T2,suspicious activity,52.228945,0.110504
11481,2026-06,T2,suspicious activity,52.228945,0.110504
11482,2026-06,T2,robbery,52.224428,0.116673
11483,2026-06,T2,physical assault,52.229536,0.11062
11484,2026-06,T2,physical assault,52.227584,0.114715
11485,2026-06,T2,physical assault,52.227584,0.114715
11486,2026-06,T2,physical assault,52.229536,0.11062
11487,2026-06,T2,physical assault,52.225144,0.115858
11488,2026-06,T2,physical assault,52.227584,0.114715
11489,2026-06,T2,suspicious activity,52.226546,0.122397
11490,2026-06,T2,suspicious activity,52.226546,0.122397
11491,2026-06,T2,physical assault,52.22626,0.119806
11492,2026-06,T2,physical assault,52.226817,0.12137
11493,2026-06,T2,physical assault,52.226817,0.12137
11494,2026-06,T2,physical assault,52.226817,0.12137
11495,2026-06,T2,physical assault,52.22626,0.119806
11496,2026-06,T2,vandalism,52.223028,0.112522
11497,2026-06,T2,vandalism,52.223028,0.112522
11498,2026-06,T2,physical assault,52.223028,0.112522
11499,2026-06,T2,physical assault,52.220712,0.11329
11500,2026-06,T2,physical assault,52.223028,0.112522
11501,2026-06,T2,suspicious activity,52.226451,0.124706
11502,2026-06,T2,vandalism,52.226189,0.123771
11503,2026-06,T2,physical assault,52.225173,0.125245
11504,2026-06,T2,physical assault,52.224197,0.122065
11505,2026-06,T2,physical assault,52.225173,0.125245
11506,2026-06,T2,physical assault,52.225173,0.125245
11507,2026-06,T2,physical assault,52.225173,0.125245
11508,2026-06,T2,physical assault,52.226189,0.123771
11509,2026-06,T2,physical assault,52.223622,0.121994
11510,2026-06,T2,physical assault,52.223429,0.120272
11511,2026-06,T2,physical assault,52.226451,0.124706
11512,2026-06,T2,suspicious activity,52.223713,0.148848
11513,2026-06,T2,suspicious activity,52.225899,0.149704
11514,2026-06,T2,suspicious activity,52.227638,0.14806
11515,2026-06,T2,suspicious activity,52.225275,0.152368
11516,2026-06,T2,suspicious activity,52.225275,0.152368
11517,2026-06,T2,suspicious activity,52.225275,0.152368
11518,2026-06,T2,suspicious activity,52.225899,0.149704
11519,2026-06,T2,suspicious activity,52.225275,0.152368
11520,2026-06,T2,vandalism,52.22584,0.151487
11521,2026-06,T2,vandalism,52.224234,0.147354
11522,2026-06,T2,vandalism,52.224728,0.14688
11523,2026-06,T2,vandalism,52.224728,0.14688
11524,2026-06,T2,vandalism,52.227638,0.14806
11525,2026-06,T2,physical assault,52.225899,0.149704
11526,2026-06,T2,physical assault,52.225899,0.149704
11527,2026-06,T2,physical assault,52.224192,0.149665
11528,2026-06,T2,physical assault,52.22601,0.153501
11529,2026-06,T2,physical assault,52.224728,0.14688
11530,2026-06,T2,physical assault,52.224728,0.14688
11531,2026-06,T2,physical assault,52.224728,0.14688
11532,2026-06,T2,physical assault,52.225899,0.149704
11533,2026-06,T2,physical assault,52.224728,0.14688
11534,2026-06,T2,physical assault,52.225899,0.149704
11535,2026-06,T2,physical assault,52.224728,0.14688
11536,2026-06,T2,suspicious activity,52.219484,0.150419
11537,2026-06,T2,suspicious activity,52.221665,0.156556
11538,2026-06,T2,suspicious activity,52.222426,0.156256
11539,2026-06,T2,vandalism,52.222592,0.155049
11540,2026-06,T2,vandalism,52.222426,0.156256
11541,2026-06,T2,vandalism,52.220094,0.152
11542,2026-06,T2,physical assault,52.220094,0.152
11543,2026-06,T2,physical assault,52.222426,0.156256
11544,2026-06,T2,physical assault,52.220094,0.152
11545,2026-06,T2,physical assault,52.221374,0.151784
11546,2026-06,T2,physical assault,52.222426,0.156256
11547,2026-06,T2,physical assault,52.219484,0.150419
11548,2026-06,T2,physical assault,52.222426,0.156256
11549,2026-06,T2,physical assault,52.222426,0.156256
11550,2026-06,T2,suspicious activity,52.2216,0.143844
11551,2026-06,T2,suspicious activity,52.218538,0.136187
11552,2026-06,T2,vandalism,52.218538,0.136187
11553,2026-06,T2,vandalism,52.219997,0.140005
11554,2026-06,T2,physical assault,52.220584,0.136387
11555,2026-06,T2,harassment,52.218538,0.136187
11556,2026-06,T2,physical assault,52.219997,0.140005
11557,2026-06,T2,physical assault,52.219997,0.140005
11558,2026-06,T2,physical assault,52.2216,0.143844
11559,2026-06,T2,physical assault,52.221307,0.141166
11560,2026-06,T2,physical assault,52.220209,0.143177
11561,2026-06,T2,harassment,52.222762,0.14472
11562,2026-06,T2,harassment,52.223197,0.145517
11563,2026-06,T2,physical assault,52.224394,0.141973
11564,2026-06,T2,physical assault,52.223197,0.145517
11565,2026-06,T2,physical assault,52.220162,0.144815
11566,2026-06,T2,physical assault,52.220162,0.144815
11567,2026-06,T2,physical assault,52.220162,0.144815
11568,2026-06,T2,physical assault,52.220162,0.144815
11569,2026-06,T2,physical assault,52.224394,0.141973
11570,2026-06,T2,physical assault,52.224394,0.141973
11571,2026-06,T2,suspicious activity,52.213202,0.136897
11572,2026-06,T2,vandalism,52.215086,0.141057
11573,2026-06,T2,harassment,52.213202,0.136897
11574,2026-06,T2,physical assault,52.217483,0.142797
11575,2026-06,T2,physical assault,52.217688,0.143363
11576,2026-06,T2,suspicious activity,52.215574,0.137201
11577,2026-06,T2,suspicious activity,52.218054,0.144493
11578,2026-06,T2,suspicious activity,52.219392,0.143138
11579,2026-06,T2,vandalism,52.220062,0.149319
11580,2026-06,T2,harassment,52.215574,0.137201
11581,2026-06,T2,harassment,52.219051,0.14706
11582,2026-06,T2,robbery,52.219307,0.142329
11583,2026-06,T2,physical assault,52.215574,0.137201
11584,2026-06,T2,physical assault,52.220062,0.149319
11585,2026-06,T2,physical assault,52.218965,0.144332
11586,2026-06,T2,physical assault,52.219307,0.142329
11587,2026-06,T2,physical assault,52.219051,0.14706
11588,2026-06,T2,physical assault,52.220062,0.149319
11589,2026-06,T2,physical assault,52.219051,0.14706
11590,2026-06,T2,physical assault,52.218054,0.144493
11591,2026-06,T2,physical assault,52.219051,0.14706
11592,2026-06,T2,suspicious activity,52.223358,0.132157
11593,2026-06,T2,vandalism,52.220903,0.129712
11594,2026-06,T2,vandalism,52.221955,0.132178
11595,2026-06,T2,vandalism,52.223048,0.133899
11596,2026-06,T2,physical assault,52.220903,0.129712
11597,2026-06,T2,physical assault,52.221955,0.132178
11598,2026-06,T2,vandalism,52.218686,0.128464
11599,2026-06,T2,suspicious activity,52.219264,0.132298
11600,2026-06,T2,suspicious activity,52.219264,0.132298
11601,2026-06,T2,suspicious activity,52.21645,0.130319
11602,2026-06,T2,suspicious activity,52.219264,0.132298
11603,2026-06,T2,suspicious activity,52.219264,0.132298
11604,2026-06,T2,suspicious activity,52.219264,0.132298
11605,2026-06,T2,suspicious activity,52.215267,0.126602
11606,2026-06,T2,suspicious activity,52.214032,0.1218
11607,2026-06,T2,suspicious activity,52.213852,0.125803
11608,2026-06,T2,suspicious activity,52.215494,0.121504
11609,2026-06,T2,suspicious activity,52.214999,0.127497
11610,2026-06,T2,suspicious activity,52.214705,0.124822
11611,2026-06,T2,suspicious activity,52.213921,0.126933
11612,2026-06,T2,suspicious activity,52.214032,0.1218
11613,2026-06,T2,vandalism,52.213852,0.125803
11614,2026-06,T2,vandalism,52.216518,0.123061
11615,2026-06,T2,harassment,52.218793,0.119055
11616,2026-06,T2,physical assault,52.218793,0.119055
11617,2026-06,T2,physical assault,52.216518,0.123061
11618,2026-06,T2,physical assault,52.214032,0.1218
11619,2026-06,T2,physical assault,52.218793,0.119055
11620,2026-06,T2,physical assault,52.214999,0.127497
11621,2026-06,T2,physical assault,52.218793,0.119055
11622,2026-06,T2,physical assault,52.214032,0.1218
11623,2026-06,T2,physical assault,52.214281,0.122954
11624,2026-06,T2,physical assault,52.214536,0.126758
11625,2026-06,T2,physical assault,52.214281,0.122954
11626,2026-06,T2,physical assault,52.214281,0.122954
11627,2026-06,T2,suspicious activity,52.212689,0.131441
11628,2026-06,T2,vandalism,52.212797,0.129939
11629,2026-06,T2,physical assault,52.214399,0.129825
11630,2026-06,T2,physical assault,52.212891,0.128714
11631,2026-06,T2,physical assault,52.211055,0.133764
11632,2026-06,T2,physical assault,52.212335,0.136079
11633,2026-06,T2,suspicious activity,52.221938,0.112119
11634,2026-06,T2,physical assault,52.225017,0.111943
11635,2026-06,T2,suspicious activity,52.22512,0.098594
11636,2026-06,T2,vandalism,52.22294,0.095285
11637,2026-06,T2,harassment,52.222187,0.097167
11638,2026-06,T2,harassment,52.222187,0.097167
11639,2026-06,T2,physical assault,52.223042,0.098613
11640,2026-06,T2,physical assault,52.223675,0.099463
11641,2026-06,T2,vandalism,52.219342,0.086727
11642,2026-06,T2,physical assault,52.219342,0.086727
11643,2026-06,T2,physical assault,52.219342,0.086727
11644,2026-06,T2,physical assault,52.218061,0.087643
11645,2026-06,T2,physical assault,52.21728,0.086879
11646,2026-06,T2,physical assault,52.219342,0.086727
11647,2026-06,T2,suspicious activity,52.21612,0.102919
11648,2026-06,T2,vandalism,52.218251,0.103116
11649,2026-06,T2,physical assault,52.218251,0.103116
11650,2026-06,T2,harassment,52.218251,0.103116
11651,2026-06,T2,suspicious activity,52.211025,0.11346
11652,2026-06,T2,suspicious activity,52.211898,0.112916
11653,2026-06,T2,suspicious activity,52.212837,0.112712
11654,2026-06,T2,suspicious activity,52.215155,0.109821
11655,2026-06,T2,suspicious activity,52.217454,0.106445
11656,2026-06,T2,vandalism,52.211217,0.112781
11657,2026-06,T2,harassment,52.212462,0.109471
11658,2026-06,T2,harassment,52.215155,0.109821
11659,2026-06,T2,harassment,52.215155,0.109821
11660,2026-06,T2,physical assault,52.210445,0.115769
11661,2026-06,T2,physical assault,52.210237,0.115794
11662,2026-06,T2,physical assault,52.214025,0.111626
11663,2026-06,T2,physical assault,52.211025,0.11346
11664,2026-06,T2,physical assault,52.206091,0.115831
11665,2026-06,T2,physical assault,52.207966,0.118072
11666,2026-06,T2,physical assault,52.213316,0.113569
11667,2026-06,T2,physical assault,52.206444,0.118219
11668,2026-06,T2,suspicious activity,52.209663,0.141601
11669,2026-06,T2,suspicious activity,52.208484,0.141193
11670,2026-06,T2,harassment,52.208577,0.143978
11671,2026-06,T2,harassment,52.210354,0.14222
11672,2026-06,T2,harassment,52.211158,0.141512
11673,2026-06,T2,harassment,52.207891,0.146097
11674,2026-06,T2,harassment,52.211411,0.143427
11675,2026-06,T2,harassment,52.211158,0.141512
11676,2026-06,T2,harassment,52.208164,0.139509
11677,2026-06,T2,physical assault,52.210714,0.137202
11678,2026-06,T2,physical assault,52.208484,0.141193
11679,2026-06,T2,physical assault,52.208484,0.141193
11680,2026-06,T2,physical assault,52.208484,0.141193
11681,2026-06,T2,physical assault,52.210354,0.14222
11682,2026-06,T2,suspicious activity,52.217006,0.165465
11683,2026-06,T2,physical assault,52.21731,0.162113
11684,2026-06,T2,physical assault,52.21731,0.162113
11685,2026-06,T2,physical assault,52.21731,0.162113
11686,2026-06,T2,physical assault,52.21731,0.162113
11687,2026-06,T2,suspicious activity,52.21425,0.147472
11688,2026-06,T2,suspicious activity,52.214272,0.150723
11689,2026-06,T2,suspicious activity,52.211711,0.147203
11690,2026-06,T2,suspicious activity,52.21074,0.157037
11691,2026-06,T2,suspicious activity,52.208923,0.155075
11692,2026-06,T2,vandalism,52.208923,0.155075
11693,2026-06,T2,vandalism,52.208923,0.155075
11694,2026-06,T2,harassment,52.216674,0.14774
11695,2026-06,T2,harassment,52.213211,0.147773
11696,2026-06,T2,robbery,52.208923,0.155075
11697,2026-06,T2,robbery,52.215859,0.158354
11698,2026-06,T2,physical assault,52.212508,0.15178
11699,2026-06,T2,physical assault,52.211583,0.157649
11700,2026-06,T2,physical assault,52.214272,0.150723
11701,2026-06,T2,physical assault,52.208923,0.155075
11702,2026-06,T2,suspicious activity,52.215226,0.162466
11703,2026-06,T2,suspicious activity,52.213238,0.163042
11704,2026-06,T2,suspicious activity,52.215226,0.162466
11705,2026-06,T2,suspicious activity,52.213238,0.163042
11706,2026-06,T2,vandalism,52.213238,0.163042
11707,2026-06,T2,vandalism,52.213238,0.163042
11708,2026-06,T2,harassment,52.215226,0.162466
11709,2026-06,T2,harassment,52.215226,0.162466
11710,2026-06,T2,physical assault,52.213238,0.163042
11711,2026-06,T2,physical assault,52.213238,0.163042
11712,2026-06,T2,physical assault,52.213238,0.163042
11713,2026-06,T2,physical assault,52.213238,0.163042
11714,2026-06,T2,physical assault,52.212379,0.160849
11715,2026-06,T2,physical assault,52.212379,0.160849
11716,2026-06,T2,suspicious activity,52.209934,0.162238
11717,2026-06,T2,suspicious activity,52.208121,0.159135
11718,2026-06,T2,suspicious activity,52.208121,0.159135
11719,2026-06,T2,physical assault,52.208121,0.159135
11720,2026-06,T2,physical assault,52.209925,0.165209
11721,2026-06,T2,physical assault,52.208121,0.159135
11722,2026-06,T2,suspicious activity,52.206593,0.133474
11723,2026-06,T2,suspicious activity,52.208141,0.129804
11724,2026-06,T2,suspicious activity,52.206593,0.133474
11725,2026-06,T2,suspicious activity,52.207489,0.1321
11726,2026-06,T2,suspicious activity,52.207844,0.129863
11727,2026-06,T2,suspicious activity,52.206982,0.136218
11728,2026-06,T2,suspicious activity,52.210274,0.136668
11729,2026-06,T2,suspicious activity,52.207243,0.129249
11730,2026-06,T2,suspicious activity,52.210274,0.136668
11731,2026-06,T2,suspicious activity,52.207243,0.129249
11732,2026-06,T2,suspicious activity,52.207109,0.135185
11733,2026-06,T2,suspicious activity,52.210274,0.136668
11734,2026-06,T2,suspicious activity,52.206982,0.136218
11735,2026-06,T2,vandalism,52.208553,0.131887
11736,2026-06,T2,vandalism,52.205806,0.130175
11737,2026-06,T2,vandalism,52.20863,0.133135
11738,2026-06,T2,vandalism,52.207243,0.129249
11739,2026-06,T2,vandalism,52.206982,0.136218
11740,2026-06,T2,vandalism,52.210274,0.136668
11741,2026-06,T2,vandalism,52.206907,0.130462
11742,2026-06,T2,harassment,52.204911,0.132942
11743,2026-06,T2,harassment,52.207243,0.129249
11744,2026-06,T2,harassment,52.208141,0.129804
11745,2026-06,T2,harassment,52.209056,0.132921
11746,2026-06,T2,robbery,52.207489,0.1321
11747,2026-06,T2,robbery,52.204911,0.132942
11748,2026-06,T2,robbery,52.207067,0.129548
11749,2026-06,T2,physical assault,52.206982,0.136218
11750,2026-06,T2,physical assault,52.204911,0.132942
11751,2026-06,T2,physical assault,52.206982,0.136218
11752,2026-06,T2,physical assault,52.206982,0.136218
11753,2026-06,T2,physical assault,52.206982,0.136218
11754,2026-06,T2,physical assault,52.207243,0.129249
11755,2026-06,T2,physical assault,52.206982,0.136218
11756,2026-06,T2,physical assault,52.204725,0.127796
11757,2026-06,T2,physical assault,52.206324,0.127873
11758,2026-06,T2,physical assault,52.207067,0.129548
11759,2026-06,T2,physical assault,52.206982,0.136218
11760,2026-06,T2,physical assault,52.204725,0.127796
11761,2026-06,T2,physical assault,52.206982,0.136218
11762,2026-06,T2,physical assault,52.207489,0.1321
11763,2026-06,T2,physical assault,52.204911,0.132942
11764,2026-06,T2,physical assault,52.206982,0.136218
11765,2026-06,T2,physical assault,52.205806,0.130175
11766,2026-06,T2,physical assault,52.206982,0.136218
11767,2026-06,T2,physical assault,52.206982,0.136218
11768,2026-06,T2,physical assault,52.208141,0.129804
11769,2026-06,T2,physical assault,52.206907,0.130462
11770,2026-06,T2,physical assault,52.205806,0.130175
11771,2026-06,T2,physical assault,52.206053,0.128914
11772,2026-06,T2,physical assault,52.207067,0.129548
11773,2026-06,T2,physical assault,52.209056,0.132921
11774,2026-06,T2,physical assault,52.205544,0.126738
11775,2026-06,T2,physical assault,52.204911,0.132942
11776,2026-06,T2,physical assault,52.206712,0.130292
11777,2026-06,T2,suspicious activity,52.195221,0.114773
11778,2026-06,T2,suspicious activity,52.195221,0.114773
11779,2026-06,T2,suspicious activity,52.200671,0.113715
11780,2026-06,T2,suspicious activity,52.195221,0.114773
11781,2026-06,T2,suspicious activity,52.195221,0.114773
11782,2026-06,T2,suspicious activity,52.195221,0.114773
11783,2026-06,T2,suspicious activity,52.195674,0.110551
11784,2026-06,T2,vandalism,52.196263,0.104243
11785,2026-06,T2,harassment,52.195674,0.110551
11786,2026-06,T2,harassment,52.198102,0.112057
11787,2026-06,T2,harassment,52.198102,0.112057
11788,2026-06,T2,physical assault,52.198102,0.112057
11789,2026-06,T2,physical assault,52.195221,0.114773
11790,2026-06,T2,physical assault,52.196078,0.110073
11791,2026-06,T2,physical assault,52.198102,0.112057
11792,2026-06,T2,physical assault,52.201717,0.115052
11793,2026-06,T2,physical assault,52.19939,0.112908
11794,2026-06,T2,physical assault,52.195221,0.114773
11795,2026-06,T2,physical assault,52.195221,0.114773
11796,2026-06,T2,physical assault,52.198102,0.112057
11797,2026-06,T2,physical assault,52.201717,0.115052
11798,2026-06,T2,suspicious activity,52.207515,0.127125
11799,2026-06,T2,suspicious activity,52.205622,0.118912
11800,2026-06,T2,suspicious activity,52.206447,0.120517
11801,2026-06,T2,suspicious activity,52.205622,0.118912
11802,2026-06,T2,suspicious activity,52.205622,0.118912
11803,2026-06,T2,suspicious activity,52.2071,0.119758
11804,2026-06,T2,suspicious activity,52.205622,0.118912
11805,2026-06,T2,suspicious activity,52.207382,0.124074
11806,2026-06,T2,suspicious activity,52.205622,0.118912
11807,2026-06,T2,suspicious activity,52.205386,0.124037
11808,2026-06,T2,suspicious activity,52.205622,0.118912
11809,2026-06,T2,suspicious activity,52.205622,0.118912
11810,2026-06,T2,suspicious activity,52.206447,0.120517
11811,2026-06,T2,suspicious activity,52.207382,0.124074
11812,2026-06,T2,vandalism,52.207382,0.124074
11813,2026-06,T2,vandalism,52.20844,0.119704
11814,2026-06,T2,vandalism,52.209422,0.119092
11815,2026-06,T2,vandalism,52.205386,0.124037
11816,2026-06,T2,vandalism,52.209069,0.119749
11817,2026-06,T2,physical assault,52.206447,0.120517
11818,2026-06,T2,harassment,52.206447,0.120517
11819,2026-06,T2,harassment,52.211178,0.126992
11820,2026-06,T2,harassment,52.2071,0.119758
11821,2026-06,T2,harassment,52.205622,0.118912
11822,2026-06,T2,harassment,52.2071,0.119758
11823,2026-06,T2,harassment,52.209069,0.119749
11824,2026-06,T2,robbery,52.205622,0.118912
11825,2026-06,T2,robbery,52.205386,0.124037
11826,2026-06,T2,physical assault,52.205622,0.118912
11827,2026-06,T2,physical assault,52.207382,0.124074
11828,2026-06,T2,physical assault,52.205622,0.118912
11829,2026-06,T2,physical assault,52.206447,0.120517
11830,2026-06,T2,physical assault,52.207382,0.124074
11831,2026-06,T2,physical assault,52.205622,0.118912
11832,2026-06,T2,physical assault,52.206447,0.120517
11833,2026-06,T2,physical assault,52.205386,0.124037
11834,2026-06,T2,physical assault,52.209938,0.120434
11835,2026-06,T2,physical assault,52.207875,0.123658
11836,2026-06,T2,physical assault,52.207111,0.125627
11837,2026-06,T2,physical assault,52.206447,0.120517
11838,2026-06,T2,physical assault,52.206447,0.120517
11839,2026-06,T2,physical assault,52.207111,0.125627
11840,2026-06,T2,physical assault,52.20844,0.119704
11841,2026-06,T2,physical assault,52.20532,0.123983
11842,2026-06,T2,physical assault,52.20763,0.125754
11843,2026-06,T2,physical assault,52.206447,0.120517
11844,2026-06,T2,physical assault,52.207515,0.127125
11845,2026-06,T2,physical assault,52.207382,0.124074
11846,2026-06,T2,physical assault,52.206447,0.120517
11847,2026-06,T2,physical assault,52.206447,0.120517
11848,2026-06,T2,suspicious activity,52.202789,0.10414
11849,2026-06,T2,suspicious activity,52.201237,0.099118
11850,2026-06,T2,suspicious activity,52.193672,0.105833
11851,2026-06,T2,harassment,52.205004,0.110262
11852,2026-06,T2,physical assault,52.205004,0.110262
11853,2026-06,T2,physical assault,52.207693,0.098124
11854,2026-06,T2,suspicious activity,52.204372,0.119408
11855,2026-06,T2,suspicious activity,52.199366,0.127262
11856,2026-06,T2,suspicious activity,52.203523,0.124124
11857,2026-06,T2,suspicious activity,52.204215,0.121172
11858,2026-06,T2,suspicious activity,52.200548,0.121041
11859,2026-06,T2,suspicious activity,52.204812,0.121976
11860,2026-06,T2,suspicious activity,52.204372,0.119408
11861,2026-06,T2,suspicious activity,52.203523,0.124124
11862,2026-06,T2,suspicious activity,52.204812,0.121976
11863,2026-06,T2,suspicious activity,52.204372,0.119408
11864,2026-06,T2,suspicious activity,52.199366,0.127262
11865,2026-06,T2,suspicious activity,52.20533,0.12364
11866,2026-06,T2,suspicious activity,52.204372,0.119408
11867,2026-06,T2,suspicious activity,52.204215,0.121172
11868,2026-06,T2,suspicious activity,52.202123,0.121965
11869,2026-06,T2,suspicious activity,52.204215,0.121172
11870,2026-06,T2,suspicious activity,52.204372,0.119408
11871,2026-06,T2,suspicious activity,52.203334,0.129106
11872,2026-06,T2,suspicious activity,52.201696,0.117203
11873,2026-06,T2,suspicious activity,52.205594,0.133429
11874,2026-06,T2,suspicious activity,52.199366,0.127262
11875,2026-06,T2,suspicious activity,52.204372,0.119408
11876,2026-06,T2,suspicious activity,52.199366,0.127262
11877,2026-06,T2,suspicious activity,52.1984,0.121524
11878,2026-06,T2,suspicious activity,52.203011,0.125622
11879,2026-06,T2,suspicious activity,52.204215,0.121172
11880,2026-06,T2,vandalism,52.203097,0.121806
11881,2026-06,T2,vandalism,52.203247,0.130463
11882,2026-06,T2,vandalism,52.204513,0.132572
11883,2026-06,T2,vandalism,52.203011,0.125622
11884,2026-06,T2,vandalism,52.201919,0.117863
11885,2026-06,T2,vandalism,52.204215,0.121172
11886,2026-06,T2,vandalism,52.203247,0.130463
11887,2026-06,T2,vandalism,52.203247,0.130463
11888,2026-06,T2,vandalism,52.204513,0.132572
11889,2026-06,T2,vandalism,52.204372,0.119408
11890,2026-06,T2,vandalism,52.203523,0.124124
11891,2026-06,T2,vandalism,52.201421,0.125173
11892,2026-06,T2,vandalism,52.204812,0.121976
11893,2026-06,T2,vandalism,52.203995,0.11838
11894,2026-06,T2,physical assault,52.206455,0.121103
11895,2026-06,T2,physical assault,52.206455,0.121103
11896,2026-06,T2,physical assault,52.204662,0.125774
11897,2026-06,T2,physical assault,52.1984,0.121524
11898,2026-06,T2,physical assault,52.204177,0.130756
11899,2026-06,T2,harassment,52.203523,0.124124
11900,2026-06,T2,harassment,52.201421,0.125173
11901,2026-06,T2,harassment,52.205594,0.133429
11902,2026-06,T2,harassment,52.204215,0.121172
11903,2026-06,T2,harassment,52.20082,0.12941
11904,2026-06,T2,harassment,52.203247,0.130463
11905,2026-06,T2,harassment,52.204215,0.121172
11906,2026-06,T2,harassment,52.204662,0.125774
11907,2026-06,T2,harassment,52.203247,0.130463
11908,2026-06,T2,harassment,52.203247,0.130463
11909,2026-06,T2,harassment,52.203247,0.130463
11910,2026-06,T2,harassment,52.199366,0.127262
11911,2026-06,T2,harassment,52.206311,0.121593
11912,2026-06,T2,harassment,52.203247,0.130463
11913,2026-06,T2,harassment,52.203334,0.129106
11914,2026-06,T2,harassment,52.204812,0.121976
11915,2026-06,T2,harassment,52.204812,0.121976
11916,2026-06,T2,harassment,52.203247,0.130463
11917,2026-06,T2,harassment,52.20533,0.12364
11918,2026-06,T2,harassment,52.203097,0.121806
11919,2026-06,T2,robbery,52.204372,0.119408
11920,2026-06,T2,robbery,52.203011,0.125622
11921,2026-06,T2,robbery,52.203097,0.121806
11922,2026-06,T2,robbery,52.204372,0.119408
11923,2026-06,T2,physical assault,52.204662,0.125774
11924,2026-06,T2,physical assault,52.204662,0.125774
11925,2026-06,T2,physical assault,52.204372,0.119408
11926,2026-06,T2,physical assault,52.203523,0.124124
11927,2026-06,T2,physical assault,52.203247,0.130463
11928,2026-06,T2,physical assault,52.206311,0.121593
11929,2026-06,T2,physical assault,52.204372,0.119408
11930,2026-06,T2,physical assault,52.203995,0.11838
11931,2026-06,T2,physical assault,52.203523,0.124124
11932,2026-06,T2,physical assault,52.1984,0.121524
11933,2026-06,T2,physical assault,52.203247,0.130463
11934,2026-06,T2,physical assault,52.203247,0.130463
11935,2026-06,T2,physical assault,52.204215,0.121172
11936,2026-06,T2,physical assault,52.203247,0.130463
11937,2026-06,T2,physical assault,52.203011,0.125622
11938,2026-06,T2,physical assault,52.204372,0.119408
11939,2026-06,T2,physical assault,52.204215,0.121172
11940,2026-06,T2,physical assault,52.203097,0.121806
11941,2026-06,T2,physical assault,52.203247,0.130463
11942,2026-06,T2,physical assault,52.205594,0.133429
11943,2026-06,T2,physical assault,52.203523,0.124124
11944,2026-06,T2,physical assault,52.202989,0.126294
11945,2026-06,T2,physical assault,52.199366,0.127262
11946,2026-06,T2,physical assault,52.203247,0.130463
11947,2026-06,T2,physical assault,52.203247,0.130463
11948,2026-06,T2,physical assault,52.200769,0.119281
11949,2026-06,T2,physical assault,52.203247,0.130463
11950,2026-06,T2,physical assault,52.203011,0.125622
11951,2026-06,T2,physical assault,52.204372,0.119408
11952,2026-06,T2,physical assault,52.203523,0.124124
11953,2026-06,T2,physical assault,52.203247,0.130463
11954,2026-06,T2,physical assault,52.204215,0.121172
11955,2026-06,T2,physical assault,52.203523,0.124124
11956,2026-06,T2,physical assault,52.203011,0.125622
11957,2026-06,T2,physical assault,52.204812,0.121976
11958,2026-06,T2,physical assault,52.204513,0.132572
11959,2026-06,T2,physical assault,52.1984,0.121524
11960,2026-06,T2,physical assault,52.201421,0.125173
11961,2026-06,T2,physical assault,52.203247,0.130463
11962,2026-06,T2,physical assault,52.203247,0.130463
11963,2026-06,T2,physical assault,52.1984,0.121524
11964,2026-06,T2,physical assault,52.204215,0.121172
11965,2026-06,T2,physical assault,52.203247,0.130463
11966,2026-06,T2,physical assault,52.203247,0.130463
11967,2026-06,T2,physical assault,52.204662,0.125774
11968,2026-06,T2,physical assault,52.203995,0.11838
11969,2026-06,T2,suspicious activity,52.194769,0.136334
11970,2026-06,T2,suspicious activity,52.195793,0.137905
11971,2026-06,T2,suspicious activity,52.194769,0.136334
11972,2026-06,T2,suspicious activity,52.196089,0.138944
11973,2026-06,T2,suspicious activity,52.194769,0.136334
11974,2026-06,T2,suspicious activity,52.194769,0.136334
11975,2026-06,T2,suspicious activity,52.194769,0.136334
11976,2026-06,T2,suspicious activity,52.194769,0.136334
11977,2026-06,T2,vandalism,52.197226,0.136745
11978,2026-06,T2,vandalism,52.195544,0.130984
11979,2026-06,T2,harassment,52.194769,0.136334
11980,2026-06,T2,harassment,52.195793,0.137905
11981,2026-06,T2,robbery,52.195307,0.136419
11982,2026-06,T2,physical assault,52.197496,0.135221
11983,2026-06,T2,physical assault,52.197361,0.129786
11984,2026-06,T2,physical assault,52.19644,0.134468
11985,2026-06,T2,physical assault,52.197226,0.136745
11986,2026-06,T2,physical assault,52.196107,0.133443
11987,2026-06,T2,physical assault,52.197361,0.129786
11988,2026-06,T2,physical assault,52.195307,0.136419
11989,2026-06,T2,physical assault,52.19578,0.134129
11990,2026-06,T2,physical assault,52.19644,0.134468
11991,2026-06,T2,physical assault,52.196525,0.138672
11992,2026-06,T2,suspicious activity,52.200443,0.134338
11993,2026-06,T2,suspicious activity,52.20199,0.13151
11994,2026-06,T2,suspicious activity,52.201337,0.130181
11995,2026-06,T2,suspicious activity,52.200443,0.134338
11996,2026-06,T2,suspicious activity,52.199242,0.135642
11997,2026-06,T2,suspicious activity,52.197275,0.133045
11998,2026-06,T2,vandalism,52.199242,0.135642
11999,2026-06,T2,harassment,52.201889,0.133456
12000,2026-06,T2,harassment,52.201568,0.134319
12001,2026-06,T2,harassment,52.200225,0.134986
12002,2026-06,T2,harassment,52.200443,0.134338
12003,2026-06,T2,robbery,52.200225,0.134986
12004,2026-06,T2,robbery,52.200443,0.134338
12005,2026-06,T2,robbery,52.197275,0.133045
12006,2026-06,T2,physical assault,52.20199,0.13151
12007,2026-06,T2,physical assault,52.201889,0.133456
12008,2026-06,T2,physical assault,52.20199,0.13151
12009,2026-06,T2,physical assault,52.202223,0.134863
12010,2026-06,T2,physical assault,52.201889,0.133456
12011,2026-06,T2,suspicious activity,52.207758,0.138582
12012,2026-06,T2,vandalism,52.207758,0.138582
12013,2026-06,T2,harassment,52.204066,0.140337
12014,2026-06,T2,suspicious activity,52.202022,0.142478
12015,2026-06,T2,suspicious activity,52.2012,0.140726
12016,2026-06,T2,suspicious activity,52.203916,0.139232
12017,2026-06,T2,harassment,52.204478,0.143444
12018,2026-06,T2,robbery,52.205917,0.145402
12019,2026-06,T2,physical assault,52.204478,0.143444
12020,2026-06,T2,physical assault,52.202023,0.140941
12021,2026-06,T2,physical assault,52.204478,0.143444
12022,2026-06,T2,physical assault,52.2012,0.140726
12023,2026-06,T2,physical assault,52.2012,0.140726
12024,2026-06,T2,physical assault,52.204478,0.143444
12025,2026-06,T2,suspicious activity,52.203904,0.136875
12026,2026-06,T2,suspicious activity,52.199829,0.138962
12027,2026-06,T2,suspicious activity,52.200861,0.137109
12028,2026-06,T2,suspicious activity,52.201118,0.136785
12029,2026-06,T2,suspicious activity,52.205396,0.13642
12030,2026-06,T2,suspicious activity,52.203458,0.132741
12031,2026-06,T2,suspicious activity,52.204696,0.136357
12032,2026-06,T2,suspicious activity,52.200861,0.137109
12033,2026-06,T2,vandalism,52.203904,0.136875
12034,2026-06,T2,vandalism,52.200861,0.137109
12035,2026-06,T2,vandalism,52.200861,0.137109
12036,2026-06,T2,physical assault,52.203904,0.136875
12037,2026-06,T2,harassment,52.203458,0.132741
12038,2026-06,T2,harassment,52.199829,0.138962
12039,2026-06,T2,physical assault,52.204696,0.136357
12040,2026-06,T2,physical assault,52.203904,0.136875
12041,2026-06,T2,physical assault,52.203458,0.132741
12042,2026-06,T2,physical assault,52.205203,0.135693
12043,2026-06,T2,physical assault,52.203355,0.133453
12044,2026-06,T2,physical assault,52.204696,0.136357
12045,2026-06,T2,physical assault,52.201621,0.157093
12046,2026-06,T2,physical assault,52.206339,0.151315
12047,2026-06,T2,physical assault,52.205753,0.147984
12048,2026-06,T2,physical assault,52.205082,0.15122
12049,2026-06,T2,suspicious activity,52.197608,0.145426
12050,2026-06,T2,vandalism,52.200938,0.145235
12051,2026-06,T2,physical assault,52.197608,0.145426
12052,2026-06,T2,harassment,52.199035,0.147031
12053,2026-06,T2,harassment,52.198482,0.143814
12054,2026-06,T2,harassment,52.197608,0.145426
12055,2026-06,T2,physical assault,52.197608,0.145426
12056,2026-06,T2,physical assault,52.200152,0.145446
12057,2026-06,T2,physical assault,52.197608,0.145426
12058,2026-06,T2,physical assault,52.198482,0.143814
12059,2026-06,T2,physical assault,52.199572,0.143706
12060,2026-06,T2,suspicious activity,52.198458,0.156998
12061,2026-06,T2,suspicious activity,52.19609,0.155683
12062,2026-06,T2,suspicious activity,52.197086,0.1538
12063,2026-06,T2,vandalism,52.199388,0.155799
12064,2026-06,T2,vandalism,52.198458,0.156998
12065,2026-06,T2,vandalism,52.201006,0.156302
12066,2026-06,T2,vandalism,52.195573,0.153961
12067,2026-06,T2,harassment,52.19609,0.155683
12068,2026-06,T2,physical assault,52.200577,0.15271
12069,2026-06,T2,physical assault,52.19609,0.155683
12070,2026-06,T2,physical assault,52.200648,0.152743
12071,2026-06,T2,physical assault,52.198339,0.154651
12072,2026-06,T2,physical assault,52.197086,0.1538
12073,2026-06,T2,physical assault,52.202367,0.152168
12074,2026-06,T2,physical assault,52.195289,0.155718
12075,2026-06,T2,physical assault,52.198458,0.156998
12076,2026-06,T2,suspicious activity,52.198095,0.153249
12077,2026-06,T2,harassment,52.197784,0.150088
12078,2026-06,T2,suspicious activity,52.196817,0.146895
12079,2026-06,T2,suspicious activity,52.196102,0.151558
12080,2026-06,T2,harassment,52.196102,0.151558
12081,2026-06,T2,robbery,52.196102,0.151558
12082,2026-06,T2,physical assault,52.197795,0.141557
12083,2026-06,T2,physical assault,52.195963,0.141411
12084,2026-06,T2,suspicious activity,52.19056,0.146813
12085,2026-06,T2,suspicious activity,52.19056,0.146813
12086,2026-06,T2,suspicious activity,52.190083,0.152262
12087,2026-06,T2,suspicious activity,52.19056,0.146813
12088,2026-06,T2,suspicious activity,52.191929,0.148664
12089,2026-06,T2,suspicious activity,52.19056,0.146813
12090,2026-06,T2,suspicious activity,52.19056,0.146813
12091,2026-06,T2,suspicious activity,52.190083,0.152262
12092,2026-06,T2,suspicious activity,52.19056,0.146813
12093,2026-06,T2,vandalism,52.191929,0.148664
12094,2026-06,T2,physical assault,52.19056,0.146813
12095,2026-06,T2,physical assault,52.19056,0.146813
12096,2026-06,T2,physical assault,52.190083,0.152262
12097,2026-06,T2,physical assault,52.190083,0.152262
12098,2026-06,T2,suspicious activity,52.190593,0.158797
12099,2026-06,T2,physical assault,52.193102,0.156285
12100,2026-06,T2,physical assault,52.190593,0.158797
12101,2026-06,T2,physical assault,52.190593,0.158797
12102,2026-06,T2,suspicious activity,52.192391,0.150925
12103,2026-06,T2,robbery,52.191743,0.153937
12104,2026-06,T2,physical assault,52.187179,0.153219
12105,2026-06,T2,physical assault,52.191655,0.154313
12106,2026-06,T2,suspicious activity,52.189235,0.158293
12107,2026-06,T2,suspicious activity,52.190495,0.157256
12108,2026-06,T2,vandalism,52.189235,0.158293
12109,2026-06,T2,vandalism,52.190495,0.157256
12110,2026-06,T2,physical assault,52.189235,0.158293
12111,2026-06,T2,physical assault,52.189235,0.158293
12112,2026-06,T2,physical assault,52.185156,0.157129
12113,2026-06,T2,physical assault,52.189235,0.158293
12114,2026-06,T2,physical assault,52.189235,0.158293
12115,2026-06,T2,suspicious activity,52.190164,0.136961
12116,2026-06,T2,suspicious activity,52.190164,0.136961
12117,2026-06,T2,suspicious activity,52.194723,0.140897
12118,2026-06,T2,suspicious activity,52.189096,0.135331
12119,2026-06,T2,suspicious activity,52.191299,0.1363
12120,2026-06,T2,vandalism,52.190567,0.137011
12121,2026-06,T2,vandalism,52.190164,0.136961
12122,2026-06,T2,harassment,52.190164,0.136961
12123,2026-06,T2,harassment,52.190164,0.136961
12124,2026-06,T2,robbery,52.190164,0.136961
12125,2026-06,T2,physical assault,52.190164,0.136961
12126,2026-06,T2,physical assault,52.190164,0.136961
12127,2026-06,T2,physical assault,52.190164,0.136961
12128,2026-06,T2,physical assault,52.189096,0.135331
12129,2026-06,T2,physical assault,52.192455,0.144152
12130,2026-06,T2,physical assault,52.192455,0.144152
12131,2026-06,T2,physical assault,52.195126,0.141458
12132,2026-06,T2,suspicious activity,52.18823,0.146832
12133,2026-06,T2,vandalism,52.192935,0.146723
12134,2026-06,T2,physical assault,52.192935,0.146723
12135,2026-06,T2,suspicious activity,52.184937,0.160235
12136,2026-06,T2,vandalism,52.190226,0.165568
12137,2026-06,T2,vandalism,52.185539,0.162268
12138,2026-06,T2,physical assault,52.190226,0.165568
12139,2026-06,T2,physical assault,52.190226,0.165568
12140,2026-06,T2,physical assault,52.185539,0.162268
12141,2026-06,T2,physical assault,52.184824,0.161517
12142,2026-06,T2,physical assault,52.185539,0.162268
12143,2026-06,T2,physical assault,52.190226,0.165568
12144,2026-06,T2,physical assault,52.190226,0.165568
12145,2026-06,T2,physical assault,52.187422,0.162067
12146,2026-06,T2,physical assault,52.185539,0.162268
12147,2026-06,T2,physical assault,52.187422,0.162067
12148,2026-06,T2,physical assault,52.184824,0.161517
12149,2026-06,T2,physical assault,52.18108,0.151842
12150,2026-06,T2,physical assault,52.18108,0.151842
12151,2026-06,T2,suspicious activity,52.182558,0.154619
12152,2026-06,T2,suspicious activity,52.182558,0.154619
12153,2026-06,T2,suspicious activity,52.183754,0.155116
12154,2026-06,T2,vandalism,52.182953,0.153205
12155,2026-06,T2,physical assault,52.181663,0.159813
12156,2026-06,T2,physical assault,52.182909,0.160005
12157,2026-06,T2,physical assault,52.182909,0.160005
12158,2026-06,T2,suspicious activity,52.186736,0.137529
12159,2026-06,T2,suspicious activity,52.187946,0.140206
12160,2026-06,T2,vandalism,52.185129,0.144811
12161,2026-06,T2,vandalism,52.186995,0.141565
12162,2026-06,T2,vandalism,52.187946,0.140206
12163,2026-06,T2,physical assault,52.186198,0.139434
12164,2026-06,T2,physical assault,52.188097,0.137317
12165,2026-06,T2,physical assault,52.185267,0.137383
12166,2026-06,T2,physical assault,52.186198,0.139434
12167,2026-06,T2,suspicious activity,52.179151,0.144245
12168,2026-06,T2,physical assault,52.180875,0.133942
12169,2026-06,T2,suspicious activity,52.195795,0.12737
12170,2026-06,T2,suspicious activity,52.194897,0.123303
12171,2026-06,T2,physical assault,52.195795,0.12737
12172,2026-06,T2,harassment,52.197718,0.12294
12173,2026-06,T2,physical assault,52.198821,0.129592
12174,2026-06,T2,physical assault,52.195499,0.120119
12175,2026-06,T2,physical assault,52.197767,0.127669
12176,2026-06,T2,physical assault,52.195795,0.12737
12177,2026-06,T2,physical assault,52.195795,0.12737
12178,2026-06,T2,suspicious activity,52.193225,0.136216
12179,2026-06,T2,suspicious activity,52.193225,0.136216
12180,2026-06,T2,suspicious activity,52.192353,0.134003
12181,2026-06,T2,suspicious activity,52.193225,0.136216
12182,2026-06,T2,suspicious activity,52.193225,0.136216
12183,2026-06,T2,suspicious activity,52.193225,0.136216
12184,2026-06,T2,vandalism,52.193225,0.136216
12185,2026-06,T2,harassment,52.193745,0.134822
12186,2026-06,T2,robbery,52.194644,0.134338
12187,2026-06,T2,physical assault,52.192353,0.134003
12188,2026-06,T2,physical assault,52.193771,0.13535
12189,2026-06,T2,physical assault,52.19061,0.130151
12190,2026-06,T2,physical assault,52.191326,0.132321
12191,2026-06,T2,physical assault,52.188031,0.128535
12192,2026-06,T2,suspicious activity,52.181205,0.125138
12193,2026-06,T2,suspicious activity,52.190054,0.126203
12194,2026-06,T2,physical assault,52.191089,0.124029
12195,2026-06,T2,physical assault,52.191089,0.124029
12196,2026-06,T2,suspicious activity,52.179731,0.129075
12197,2026-06,T2,vandalism,52.1793,0.120556
12198,2026-06,T2,physical assault,52.1793,0.120556
12199,2026-06,T2,suspicious activity,52.180619,0.116713
12200,2026-06,T2,vandalism,52.180619,0.116713
12201,2026-06,T2,harassment,52.180619,0.116713
12202,2026-06,T2,suspicious activity,52.229684,0.116953
12203,2026-06,T2,suspicious activity,52.231107,0.117328
12204,2026-06,T2,harassment,52.231107,0.117328
12205,2026-06,T2,physical assault,52.231107,0.117328
12206,2026-06,T2,physical assault,52.224518,0.16135
12207,2026-06,T2,physical assault,52.224518,0.16135
12208,2026-06,T2,suspicious activity,52.230662,0.086247
12209,2026-06,T2,suspicious activity,52.230662,0.086247
12210,2026-06,T2,suspicious activity,52.223637,0.091452
12211,2026-06,T2,suspicious activity,52.227982,0.090851
12212,2026-06,T2,harassment,52.221307,0.090025
12213,2026-06,T2,physical assault,52.230662,0.086247
12214,2026-06,T2,physical assault,52.227982,0.090851
12215,2026-06,T2,physical assault,52.225875,0.089493
12216,2026-06,T2,physical assault,52.229811,0.080467
12217,2026-06,T2,physical assault,52.225875,0.089493
12218,2026-06,T2,robbery,52.182741,0.094067
