incident_id,month,period,category,lat,lng
1,2025-01,T1,suspicious activity,53.981876,-1.063171
2,2025-01,T1,harassment,53.983517,-1.067267
3,2025-01,T1,physical assault,53.983517,-1.067267
4,2025-01,T1,physical assault,53.98496,-1.063285
5,2025-01,T1,suspicious activity,53.979331,-1.060712
6,2025-01,T1,suspicious activity,53.978373,-1.064591
7,2025-01,T1,suspicious activity,53.978373,-1.064591
8,2025-01,T1,vandalism,53.979349,-1.069983
9,2025-01,T1,physical assault,53.979349,-1.069983
10,2025-01,T1,physical assault,53.978373,-1.064591
11,2025-01,T1,physical assault,53.978373,-1.064591
12,2025-01,T1,physical assault,53.979331,-1.060712
13,2025-01,T1,physical assault,53.978843,-1.063758
14,2025-01,T1,physical assault,53.978373,-1.064591
15,2025-01,T1,physical assault,53.979349,-1.069983
16,2025-01,T1,physical assault,53.979349,-1.069983
17,2025-01,T1,physical assault,53.979349,-1.069983
18,2025-01,T1,physical assault,53.979349,-1.069983
19,2025-01,T1,physical assault,53.979349,-1.069983
20,2025-01,T1,physical assault,53.979349,-1.069983
21,2025-01,T1,suspicious activity,53.982568,-1.051993
22,2025-01,T1,suspicious activity,53.982568,-1.051993
23,2025-01,T1,suspicious activity,53.98508,-1.048282
24,2025-01,T1,suspicious activity,53.982568,-1.051993
25,2025-01,T1,harassment,53.982568,-1.051993
26,2025-01,T1,physical assault,53.986004,-1.055453
27,2025-01,T1,physical assault,53.9835,-1.049362
28,2025-01,T1,physical assault,53.976965,-1.100317
29,2025-01,T1,physical assault,53.977675,-1.094386
30,2025-01,T1,physical assault,53.983763,-1.095509
31,2025-01,T1,suspicious activity,53.977581,-1.107043
32,2025-01,T1,physical assault,53.976629,-1.101163
33,2025-01,T1,suspicious activity,53.967519,-1.101649
34,2025-01,T1,vandalism,53.969049,-1.097088
35,2025-01,T1,harassment,53.972728,-1.097512
36,2025-01,T1,harassment,53.972276,-1.097064
37,2025-01,T1,physical assault,53.967342,-1.096027
38,2025-01,T1,suspicious activity,53.982811,-1.108045
39,2025-01,T1,physical assault,53.986021,-1.114397
40,2025-01,T1,physical assault,53.983086,-1.104043
41,2025-01,T1,physical assault,53.985404,-1.106235
42,2025-01,T1,suspicious activity,53.975158,-1.102704
43,2025-01,T1,suspicious activity,53.978738,-1.106698
44,2025-01,T1,physical assault,53.976915,-1.115382
45,2025-01,T1,physical assault,53.981171,-1.107576
46,2025-01,T1,physical assault,53.976911,-1.107622
47,2025-01,T1,suspicious activity,53.965632,-1.063993
48,2025-01,T1,suspicious activity,53.96606,-1.065812
49,2025-01,T1,harassment,53.96606,-1.065812
50,2025-01,T1,physical assault,53.965632,-1.063993
51,2025-01,T1,physical assault,53.965309,-1.066317
52,2025-01,T1,suspicious activity,53.976827,-1.062263
53,2025-01,T1,suspicious activity,53.973784,-1.065136
54,2025-01,T1,suspicious activity,53.976841,-1.064153
55,2025-01,T1,vandalism,53.973784,-1.065136
56,2025-01,T1,harassment,53.977651,-1.060811
57,2025-01,T1,physical assault,53.976827,-1.062263
58,2025-01,T1,physical assault,53.975207,-1.065547
59,2025-01,T1,physical assault,53.976668,-1.059156
60,2025-01,T1,physical assault,53.973784,-1.065136
61,2025-01,T1,physical assault,53.976827,-1.062263
62,2025-01,T1,physical assault,53.977651,-1.060811
63,2025-01,T1,physical assault,53.977651,-1.060811
64,2025-01,T1,physical assault,53.976827,-1.062263
65,2025-01,T1,physical assault,53.978055,-1.063028
66,2025-01,T1,physical assault,53.97811,-1.059733
67,2025-01,T1,suspicious activity,53.971516,-1.05184
68,2025-01,T1,suspicious activity,53.970595,-1.080514
69,2025-01,T1,suspicious activity,53.968952,-1.084285
70,2025-01,T1,suspicious activity,53.968952,-1.084285
71,2025-01,T1,vandalism,53.97115,-1.084953
72,2025-01,T1,vandalism,53.968952,-1.084285
73,2025-01,T1,harassment,53.968952,-1.084285
74,2025-01,T1,physical assault,53.969333,-1.083514
75,2025-01,T1,physical assault,53.968952,-1.084285
76,2025-01,T1,physical assault,53.969333,-1.083514
77,2025-01,T1,physical assault,53.968952,-1.084285
78,2025-01,T1,physical assault,53.969333,-1.083514
79,2025-01,T1,physical assault,53.971848,-1.086844
80,2025-01,T1,suspicious activity,53.974162,-1.084994
81,2025-01,T1,suspicious activity,53.970245,-1.091254
82,2025-01,T1,vandalism,53.972001,-1.090423
83,2025-01,T1,harassment,53.971342,-1.087769
84,2025-01,T1,harassment,53.972255,-1.088329
85,2025-01,T1,physical assault,53.972766,-1.086976
86,2025-01,T1,physical assault,53.974162,-1.084994
87,2025-01,T1,physical assault,53.972766,-1.086976
88,2025-01,T1,physical assault,53.972766,-1.086976
89,2025-01,T1,physical assault,53.973887,-1.091464
90,2025-01,T1,physical assault,53.974117,-1.089752
91,2025-01,T1,physical assault,53.973887,-1.091464
92,2025-01,T1,suspicious activity,53.973855,-1.093127
93,2025-01,T1,vandalism,53.975967,-1.094316
94,2025-01,T1,physical assault,53.975967,-1.094316
95,2025-01,T1,physical assault,53.973855,-1.093127
96,2025-01,T1,physical assault,53.974164,-1.096017
97,2025-01,T1,physical assault,53.974164,-1.096017
98,2025-01,T1,physical assault,53.974164,-1.096017
99,2025-01,T1,physical assault,53.975967,-1.094316
100,2025-01,T1,physical assault,53.975967,-1.094316
101,2025-01,T1,harassment,53.976082,-1.083366
102,2025-01,T1,harassment,53.976532,-1.088251
103,2025-01,T1,physical assault,53.976082,-1.083366
104,2025-01,T1,physical assault,53.976532,-1.088251
105,2025-01,T1,physical assault,53.979806,-1.085007
106,2025-01,T1,suspicious activity,53.972734,-1.074582
107,2025-01,T1,suspicious activity,53.973989,-1.073029
108,2025-01,T1,vandalism,53.97316,-1.077362
109,2025-01,T1,vandalism,53.972258,-1.078129
110,2025-01,T1,physical assault,53.973989,-1.073029
111,2025-01,T1,physical assault,53.971603,-1.077168
112,2025-01,T1,physical assault,53.972258,-1.078129
113,2025-01,T1,physical assault,53.972975,-1.081468
114,2025-01,T1,physical assault,53.971603,-1.077168
115,2025-01,T1,physical assault,53.977759,-1.081759
116,2025-01,T1,physical assault,53.970918,-1.075735
117,2025-01,T1,physical assault,53.977759,-1.081759
118,2025-01,T1,vandalism,53.967821,-1.07623
119,2025-01,T1,physical assault,53.968368,-1.074892
120,2025-01,T1,physical assault,53.968368,-1.074892
121,2025-01,T1,physical assault,53.969984,-1.077051
122,2025-01,T1,physical assault,53.968743,-1.079228
123,2025-01,T1,suspicious activity,53.965587,-1.072042
124,2025-01,T1,suspicious activity,53.965587,-1.072042
125,2025-01,T1,suspicious activity,53.966341,-1.068474
126,2025-01,T1,suspicious activity,53.965587,-1.072042
127,2025-01,T1,suspicious activity,53.965587,-1.072042
128,2025-01,T1,vandalism,53.965587,-1.072042
129,2025-01,T1,physical assault,53.970844,-1.071925
130,2025-01,T1,physical assault,53.970844,-1.071925
131,2025-01,T1,physical assault,53.969475,-1.070385
132,2025-01,T1,physical assault,53.970844,-1.071925
133,2025-01,T1,physical assault,53.969475,-1.070385
134,2025-01,T1,suspicious activity,53.964473,-1.063544
135,2025-01,T1,suspicious activity,53.964125,-1.071373
136,2025-01,T1,suspicious activity,53.964125,-1.071373
137,2025-01,T1,suspicious activity,53.964125,-1.071373
138,2025-01,T1,suspicious activity,53.962786,-1.071388
139,2025-01,T1,suspicious activity,53.960859,-1.070836
140,2025-01,T1,suspicious activity,53.960859,-1.070836
141,2025-01,T1,suspicious activity,53.964689,-1.067504
142,2025-01,T1,suspicious activity,53.964473,-1.063544
143,2025-01,T1,suspicious activity,53.963874,-1.058632
144,2025-01,T1,physical assault,53.962786,-1.071388
145,2025-01,T1,physical assault,53.963628,-1.066385
146,2025-01,T1,physical assault,53.96274,-1.072425
147,2025-01,T1,physical assault,53.961624,-1.067588
148,2025-01,T1,physical assault,53.963012,-1.065713
149,2025-01,T1,physical assault,53.963874,-1.058632
150,2025-01,T1,physical assault,53.96274,-1.072425
151,2025-01,T1,physical assault,53.964943,-1.067864
152,2025-01,T1,physical assault,53.963155,-1.059887
153,2025-01,T1,physical assault,53.960859,-1.070836
154,2025-01,T1,physical assault,53.963155,-1.059887
155,2025-01,T1,physical assault,53.963155,-1.059887
156,2025-01,T1,suspicious activity,53.975807,-1.068689
157,2025-01,T1,vandalism,53.975493,-1.072249
158,2025-01,T1,vandalism,53.973348,-1.069141
159,2025-01,T1,robbery,53.977928,-1.068718
160,2025-01,T1,physical assault,53.972665,-1.068012
161,2025-01,T1,physical assault,53.975807,-1.068689
162,2025-01,T1,physical assault,53.973348,-1.069141
163,2025-01,T1,physical assault,53.977928,-1.068718
164,2025-01,T1,physical assault,53.975807,-1.068689
165,2025-01,T1,physical assault,53.975807,-1.068689
166,2025-01,T1,physical assault,53.961091,-1.127027
167,2025-01,T1,physical assault,53.962838,-1.126304
168,2025-01,T1,vandalism,53.96644,-1.122174
169,2025-01,T1,physical assault,53.964774,-1.126691
170,2025-01,T1,physical assault,53.966792,-1.123706
171,2025-01,T1,suspicious activity,53.965236,-1.083726
172,2025-01,T1,suspicious activity,53.961067,-1.082827
173,2025-01,T1,suspicious activity,53.961067,-1.082827
174,2025-01,T1,suspicious activity,53.962948,-1.085422
175,2025-01,T1,suspicious activity,53.961067,-1.082827
176,2025-01,T1,suspicious activity,53.957537,-1.083087
177,2025-01,T1,suspicious activity,53.962239,-1.085545
178,2025-01,T1,suspicious activity,53.964249,-1.08512
179,2025-01,T1,suspicious activity,53.959662,-1.081996
180,2025-01,T1,suspicious activity,53.960122,-1.084517
181,2025-01,T1,suspicious activity,53.963989,-1.085262
182,2025-01,T1,suspicious activity,53.966468,-1.079095
183,2025-01,T1,suspicious activity,53.961677,-1.084962
184,2025-01,T1,suspicious activity,53.961067,-1.082827
185,2025-01,T1,suspicious activity,53.961067,-1.082827
186,2025-01,T1,suspicious activity,53.957537,-1.083087
187,2025-01,T1,suspicious activity,53.961067,-1.082827
188,2025-01,T1,suspicious activity,53.960122,-1.084517
189,2025-01,T1,suspicious activity,53.960722,-1.081082
190,2025-01,T1,suspicious activity,53.960387,-1.085585
191,2025-01,T1,suspicious activity,53.961677,-1.084962
192,2025-01,T1,suspicious activity,53.959782,-1.083212
193,2025-01,T1,suspicious activity,53.966683,-1.082505
194,2025-01,T1,suspicious activity,53.959782,-1.083212
195,2025-01,T1,suspicious activity,53.960793,-1.084601
196,2025-01,T1,suspicious activity,53.961677,-1.084962
197,2025-01,T1,vandalism,53.960387,-1.085585
198,2025-01,T1,vandalism,53.959662,-1.081996
199,2025-01,T1,vandalism,53.958528,-1.083246
200,2025-01,T1,vandalism,53.960793,-1.084601
201,2025-01,T1,vandalism,53.959662,-1.081996
202,2025-01,T1,vandalism,53.959782,-1.083212
203,2025-01,T1,vandalism,53.961611,-1.079797
204,2025-01,T1,vandalism,53.966876,-1.080794
205,2025-01,T1,vandalism,53.963813,-1.085693
206,2025-01,T1,physical assault,53.961067,-1.082827
207,2025-01,T1,physical assault,53.963813,-1.085693
208,2025-01,T1,harassment,53.966683,-1.082505
209,2025-01,T1,harassment,53.968124,-1.081757
210,2025-01,T1,harassment,53.961677,-1.084962
211,2025-01,T1,harassment,53.966683,-1.082505
212,2025-01,T1,harassment,53.957537,-1.083087
213,2025-01,T1,harassment,53.965236,-1.083726
214,2025-01,T1,harassment,53.963813,-1.085693
215,2025-01,T1,harassment,53.962948,-1.085422
216,2025-01,T1,harassment,53.959662,-1.081996
217,2025-01,T1,harassment,53.963813,-1.085693
218,2025-01,T1,harassment,53.962948,-1.085422
219,2025-01,T1,robbery,53.966683,-1.082505
220,2025-01,T1,robbery,53.960122,-1.084517
221,2025-01,T1,physical assault,53.960793,-1.084601
222,2025-01,T1,physical assault,53.959782,-1.083212
223,2025-01,T1,physical assault,53.962526,-1.089105
224,2025-01,T1,physical assault,53.964079,-1.084041
225,2025-01,T1,physical assault,53.958528,-1.083246
226,2025-01,T1,physical assault,53.964249,-1.08512
227,2025-01,T1,physical assault,53.961067,-1.082827
228,2025-01,T1,physical assault,53.959662,-1.081996
229,2025-01,T1,physical assault,53.957537,-1.083087
230,2025-01,T1,physical assault,53.961067,-1.082827
231,2025-01,T1,physical assault,53.965783,-1.078821
232,2025-01,T1,physical assault,53.962948,-1.085422
233,2025-01,T1,physical assault,53.960722,-1.081082
234,2025-01,T1,physical assault,53.967625,-1.082393
235,2025-01,T1,physical assault,53.960387,-1.085585
236,2025-01,T1,physical assault,53.965236,-1.083726
237,2025-01,T1,physical assault,53.959782,-1.083212
238,2025-01,T1,physical assault,53.957537,-1.083087
239,2025-01,T1,physical assault,53.959662,-1.081996
240,2025-01,T1,physical assault,53.964249,-1.08512
241,2025-01,T1,physical assault,53.960722,-1.081082
242,2025-01,T1,physical assault,53.960793,-1.084601
243,2025-01,T1,physical assault,53.960387,-1.085585
244,2025-01,T1,physical assault,53.966683,-1.082505
245,2025-01,T1,physical assault,53.965783,-1.078821
246,2025-01,T1,physical assault,53.959782,-1.083212
247,2025-01,T1,physical assault,53.961067,-1.082827
248,2025-01,T1,physical assault,53.958528,-1.083246
249,2025-01,T1,physical assault,53.959662,-1.081996
250,2025-01,T1,physical assault,53.964079,-1.084041
251,2025-01,T1,physical assault,53.957537,-1.083087
252,2025-01,T1,physical assault,53.965236,-1.083726
253,2025-01,T1,suspicious activity,53.963636,-1.076673
254,2025-01,T1,suspicious activity,53.962781,-1.078902
255,2025-01,T1,suspicious activity,53.962781,-1.078902
256,2025-01,T1,suspicious activity,53.963375,-1.074271
257,2025-01,T1,suspicious activity,53.964749,-1.078768
258,2025-01,T1,suspicious activity,53.963636,-1.076673
259,2025-01,T1,suspicious activity,53.966575,-1.077782
260,2025-01,T1,suspicious activity,53.963636,-1.076673
261,2025-01,T1,suspicious activity,53.962781,-1.078902
262,2025-01,T1,suspicious activity,53.961524,-1.075501
263,2025-01,T1,suspicious activity,53.965454,-1.074713
264,2025-01,T1,vandalism,53.962102,-1.078216
265,2025-01,T1,robbery,53.961524,-1.075501
266,2025-01,T1,physical assault,53.96503,-1.076825
267,2025-01,T1,physical assault,53.960778,-1.079084
268,2025-01,T1,physical assault,53.965454,-1.074713
269,2025-01,T1,physical assault,53.962781,-1.078902
270,2025-01,T1,physical assault,53.96619,-1.07683
271,2025-01,T1,physical assault,53.96503,-1.076825
272,2025-01,T1,suspicious activity,53.953497,-1.090765
273,2025-01,T1,suspicious activity,53.954804,-1.092428
274,2025-01,T1,suspicious activity,53.954804,-1.092428
275,2025-01,T1,suspicious activity,53.954621,-1.093194
276,2025-01,T1,suspicious activity,53.953729,-1.091781
277,2025-01,T1,suspicious activity,53.954621,-1.093194
278,2025-01,T1,suspicious activity,53.951848,-1.089094
279,2025-01,T1,suspicious activity,53.953159,-1.086536
280,2025-01,T1,suspicious activity,53.954621,-1.093194
281,2025-01,T1,suspicious activity,53.951281,-1.090173
282,2025-01,T1,suspicious activity,53.954621,-1.093194
283,2025-01,T1,suspicious activity,53.952467,-1.085332
284,2025-01,T1,suspicious activity,53.954621,-1.093194
285,2025-01,T1,suspicious activity,53.954264,-1.092378
286,2025-01,T1,suspicious activity,53.953497,-1.090765
287,2025-01,T1,suspicious activity,53.954621,-1.093194
288,2025-01,T1,suspicious activity,53.954621,-1.093194
289,2025-01,T1,suspicious activity,53.951281,-1.090173
290,2025-01,T1,suspicious activity,53.954621,-1.093194
291,2025-01,T1,vandalism,53.953497,-1.090765
292,2025-01,T1,vandalism,53.956259,-1.092335
293,2025-01,T1,vandalism,53.951848,-1.089094
294,2025-01,T1,physical assault,53.954621,-1.093194
295,2025-01,T1,harassment,53.954621,-1.093194
296,2025-01,T1,physical assault,53.953702,-1.088139
297,2025-01,T1,physical assault,53.954264,-1.092378
298,2025-01,T1,physical assault,53.954264,-1.092378
299,2025-01,T1,physical assault,53.952955,-1.088079
300,2025-01,T1,physical assault,53.954621,-1.093194
301,2025-01,T1,physical assault,53.952733,-1.088374
302,2025-01,T1,physical assault,53.954621,-1.093194
303,2025-01,T1,physical assault,53.953709,-1.089145
304,2025-01,T1,physical assault,53.951793,-1.08655
305,2025-01,T1,physical assault,53.954621,-1.093194
306,2025-01,T1,physical assault,53.952955,-1.088079
307,2025-01,T1,physical assault,53.953702,-1.088139
308,2025-01,T1,physical assault,53.953677,-1.087195
309,2025-01,T1,suspicious activity,53.955489,-1.073882
310,2025-01,T1,suspicious activity,53.958399,-1.068879
311,2025-01,T1,suspicious activity,53.955489,-1.073882
312,2025-01,T1,suspicious activity,53.959245,-1.078355
313,2025-01,T1,suspicious activity,53.955333,-1.074647
314,2025-01,T1,suspicious activity,53.959245,-1.078355
315,2025-01,T1,suspicious activity,53.959245,-1.078355
316,2025-01,T1,suspicious activity,53.95439,-1.07524
317,2025-01,T1,suspicious activity,53.957344,-1.071981
318,2025-01,T1,suspicious activity,53.95439,-1.07524
319,2025-01,T1,suspicious activity,53.95439,-1.07524
320,2025-01,T1,suspicious activity,53.955489,-1.073882
321,2025-01,T1,suspicious activity,53.958317,-1.071167
322,2025-01,T1,suspicious activity,53.958317,-1.071167
323,2025-01,T1,suspicious activity,53.959053,-1.079183
324,2025-01,T1,suspicious activity,53.955333,-1.074647
325,2025-01,T1,suspicious activity,53.956372,-1.074106
326,2025-01,T1,suspicious activity,53.95439,-1.07524
327,2025-01,T1,suspicious activity,53.959245,-1.078355
328,2025-01,T1,vandalism,53.955489,-1.073882
329,2025-01,T1,physical assault,53.956109,-1.071475
330,2025-01,T1,physical assault,53.9554,-1.072431
331,2025-01,T1,harassment,53.95612,-1.067162
332,2025-01,T1,harassment,53.956109,-1.071475
333,2025-01,T1,harassment,53.959245,-1.078355
334,2025-01,T1,physical assault,53.954973,-1.068788
335,2025-01,T1,physical assault,53.955489,-1.073882
336,2025-01,T1,physical assault,53.958399,-1.068879
337,2025-01,T1,physical assault,53.954784,-1.073394
338,2025-01,T1,physical assault,53.954784,-1.073394
339,2025-01,T1,physical assault,53.954784,-1.073394
340,2025-01,T1,physical assault,53.956109,-1.071475
341,2025-01,T1,suspicious activity,53.958398,-1.092228
342,2025-01,T1,suspicious activity,53.955925,-1.089752
343,2025-01,T1,suspicious activity,53.957139,-1.088597
344,2025-01,T1,suspicious activity,53.95615,-1.090996
345,2025-01,T1,suspicious activity,53.957139,-1.088597
346,2025-01,T1,suspicious activity,53.957139,-1.088597
347,2025-01,T1,suspicious activity,53.957585,-1.089426
348,2025-01,T1,suspicious activity,53.958167,-1.085481
349,2025-01,T1,suspicious activity,53.958398,-1.092228
350,2025-01,T1,suspicious activity,53.958732,-1.087694
351,2025-01,T1,suspicious activity,53.95816,-1.088164
352,2025-01,T1,suspicious activity,53.95615,-1.090996
353,2025-01,T1,suspicious activity,53.957775,-1.093125
354,2025-01,T1,suspicious activity,53.957831,-1.087409
355,2025-01,T1,suspicious activity,53.957139,-1.088597
356,2025-01,T1,vandalism,53.958398,-1.092228
357,2025-01,T1,vandalism,53.957585,-1.089426
358,2025-01,T1,vandalism,53.957831,-1.087409
359,2025-01,T1,physical assault,53.958167,-1.085481
360,2025-01,T1,physical assault,53.95615,-1.090996
361,2025-01,T1,harassment,53.957585,-1.089426
362,2025-01,T1,harassment,53.955925,-1.089752
363,2025-01,T1,harassment,53.958796,-1.086732
364,2025-01,T1,harassment,53.957585,-1.089426
365,2025-01,T1,harassment,53.958167,-1.085481
366,2025-01,T1,harassment,53.95615,-1.090996
367,2025-01,T1,physical assault,53.95615,-1.090996
368,2025-01,T1,physical assault,53.957808,-1.086785
369,2025-01,T1,physical assault,53.95615,-1.090996
370,2025-01,T1,physical assault,53.959055,-1.087626
371,2025-01,T1,physical assault,53.958796,-1.086732
372,2025-01,T1,physical assault,53.958796,-1.086732
373,2025-01,T1,physical assault,53.956767,-1.085832
374,2025-01,T1,physical assault,53.95816,-1.088164
375,2025-01,T1,physical assault,53.96043,-1.091223
376,2025-01,T1,physical assault,53.959055,-1.087626
377,2025-01,T1,physical assault,53.96043,-1.091223
378,2025-01,T1,physical assault,53.96043,-1.091223
379,2025-01,T1,physical assault,53.95615,-1.090996
380,2025-01,T1,physical assault,53.958796,-1.086732
381,2025-01,T1,physical assault,53.958796,-1.086732
382,2025-01,T1,physical assault,53.958398,-1.092228
383,2025-01,T1,physical assault,53.96043,-1.091223
384,2025-01,T1,physical assault,53.957273,-1.084983
385,2025-01,T1,physical assault,53.96043,-1.091223
386,2025-01,T1,physical assault,53.96043,-1.091223
387,2025-01,T1,physical assault,53.96043,-1.091223
388,2025-01,T1,physical assault,53.957585,-1.089426
389,2025-01,T1,physical assault,53.958398,-1.092228
390,2025-01,T1,physical assault,53.958167,-1.085481
391,2025-01,T1,suspicious activity,53.955365,-1.083485
392,2025-01,T1,suspicious activity,53.956813,-1.087157
393,2025-01,T1,harassment,53.954533,-1.084006
394,2025-01,T1,harassment,53.954533,-1.084006
395,2025-01,T1,harassment,53.956495,-1.08788
396,2025-01,T1,suspicious activity,53.956836,-1.079597
397,2025-01,T1,suspicious activity,53.957819,-1.079324
398,2025-01,T1,suspicious activity,53.957139,-1.076817
399,2025-01,T1,suspicious activity,53.957588,-1.080126
400,2025-01,T1,suspicious activity,53.960121,-1.080058
401,2025-01,T1,suspicious activity,53.958346,-1.080242
402,2025-01,T1,suspicious activity,53.957588,-1.080126
403,2025-01,T1,suspicious activity,53.958346,-1.080242
404,2025-01,T1,suspicious activity,53.960121,-1.080058
405,2025-01,T1,suspicious activity,53.959281,-1.084118
406,2025-01,T1,suspicious activity,53.954439,-1.077608
407,2025-01,T1,suspicious activity,53.957862,-1.082339
408,2025-01,T1,suspicious activity,53.957819,-1.079324
409,2025-01,T1,suspicious activity,53.957819,-1.079324
410,2025-01,T1,suspicious activity,53.95706,-1.080659
411,2025-01,T1,suspicious activity,53.95728,-1.082376
412,2025-01,T1,suspicious activity,53.957819,-1.079324
413,2025-01,T1,suspicious activity,53.958064,-1.08143
414,2025-01,T1,suspicious activity,53.956623,-1.077529
415,2025-01,T1,suspicious activity,53.95728,-1.082376
416,2025-01,T1,suspicious activity,53.958064,-1.08143
417,2025-01,T1,suspicious activity,53.958064,-1.08143
418,2025-01,T1,suspicious activity,53.957819,-1.079324
419,2025-01,T1,suspicious activity,53.958346,-1.080242
420,2025-01,T1,suspicious activity,53.958346,-1.080242
421,2025-01,T1,suspicious activity,53.95728,-1.082376
422,2025-01,T1,suspicious activity,53.957819,-1.079324
423,2025-01,T1,suspicious activity,53.95728,-1.082376
424,2025-01,T1,suspicious activity,53.958346,-1.080242
425,2025-01,T1,suspicious activity,53.957159,-1.078249
426,2025-01,T1,suspicious activity,53.958346,-1.080242
427,2025-01,T1,suspicious activity,53.955888,-1.078993
428,2025-01,T1,suspicious activity,53.957588,-1.080126
429,2025-01,T1,suspicious activity,53.957819,-1.079324
430,2025-01,T1,suspicious activity,53.957819,-1.079324
431,2025-01,T1,suspicious activity,53.959281,-1.084118
432,2025-01,T1,suspicious activity,53.959658,-1.080632
433,2025-01,T1,vandalism,53.958303,-1.078605
434,2025-01,T1,vandalism,53.959559,-1.075956
435,2025-01,T1,vandalism,53.958303,-1.078605
436,2025-01,T1,vandalism,53.957819,-1.079324
437,2025-01,T1,vandalism,53.95728,-1.082376
438,2025-01,T1,vandalism,53.95869,-1.082269
439,2025-01,T1,vandalism,53.955888,-1.078993
440,2025-01,T1,harassment,53.959281,-1.084118
441,2025-01,T1,harassment,53.959281,-1.084118
442,2025-01,T1,harassment,53.959281,-1.084118
443,2025-01,T1,harassment,53.960121,-1.080058
444,2025-01,T1,harassment,53.960121,-1.080058
445,2025-01,T1,harassment,53.958919,-1.080451
446,2025-01,T1,robbery,53.957139,-1.076817
447,2025-01,T1,physical assault,53.958346,-1.080242
448,2025-01,T1,physical assault,53.959658,-1.080632
449,2025-01,T1,physical assault,53.95728,-1.082376
450,2025-01,T1,physical assault,53.960121,-1.080058
451,2025-01,T1,physical assault,53.95728,-1.082376
452,2025-01,T1,physical assault,53.957159,-1.078249
453,2025-01,T1,physical assault,53.959281,-1.084118
454,2025-01,T1,physical assault,53.95728,-1.082376
455,2025-01,T1,physical assault,53.957862,-1.082339
456,2025-01,T1,physical assault,53.959658,-1.080632
457,2025-01,T1,physical assault,53.958346,-1.080242
458,2025-01,T1,physical assault,53.957159,-1.078249
459,2025-01,T1,physical assault,53.95728,-1.082376
460,2025-01,T1,physical assault,53.958919,-1.080451
461,2025-01,T1,physical assault,53.957093,-1.079119
462,2025-01,T1,physical assault,53.957006,-1.072492
463,2025-01,T1,physical assault,53.959281,-1.084118
464,2025-01,T1,physical assault,53.957006,-1.072492
465,2025-01,T1,physical assault,53.958919,-1.080451
466,2025-01,T1,physical assault,53.957,-1.075189
467,2025-01,T1,physical assault,53.95728,-1.082376
468,2025-01,T1,physical assault,53.95869,-1.082269
469,2025-01,T1,physical assault,53.959281,-1.084118
470,2025-01,T1,physical assault,53.958064,-1.08143
471,2025-01,T1,physical assault,53.959658,-1.080632
472,2025-01,T1,physical assault,53.956866,-1.08234
473,2025-01,T1,physical assault,53.959658,-1.080632
474,2025-01,T1,physical assault,53.95869,-1.082269
475,2025-01,T1,physical assault,53.959281,-1.084118
476,2025-01,T1,physical assault,53.957808,-1.080917
477,2025-01,T1,physical assault,53.964242,-1.0484
478,2025-01,T1,physical assault,53.964242,-1.0484
479,2025-01,T1,physical assault,53.965936,-1.047828
480,2025-01,T1,physical assault,53.961974,-1.048025
481,2025-01,T1,physical assault,53.964242,-1.0484
482,2025-01,T1,physical assault,53.960178,-1.057287
483,2025-01,T1,suspicious activity,53.950621,-1.037723
484,2025-01,T1,suspicious activity,53.950621,-1.037723
485,2025-01,T1,suspicious activity,53.950621,-1.037723
486,2025-01,T1,physical assault,53.953803,-1.045575
487,2025-01,T1,physical assault,53.951034,-1.039908
488,2025-01,T1,physical assault,53.951034,-1.039908
489,2025-01,T1,physical assault,53.951034,-1.039908
490,2025-01,T1,physical assault,53.951034,-1.039908
491,2025-01,T1,physical assault,53.951034,-1.039908
492,2025-01,T1,physical assault,53.951034,-1.039908
493,2025-01,T1,physical assault,53.950621,-1.037723
494,2025-01,T1,physical assault,53.951034,-1.039908
495,2025-01,T1,suspicious activity,53.959398,-1.043938
496,2025-01,T1,vandalism,53.959724,-1.038626
497,2025-01,T1,vandalism,53.959398,-1.043938
498,2025-01,T1,physical assault,53.959724,-1.038626
499,2025-01,T1,physical assault,53.959724,-1.038626
500,2025-01,T1,suspicious activity,53.963647,-1.053825
501,2025-01,T1,suspicious activity,53.960342,-1.057618
502,2025-01,T1,vandalism,53.961232,-1.05423
503,2025-01,T1,vandalism,53.961232,-1.05423
504,2025-01,T1,physical assault,53.964326,-1.053367
505,2025-01,T1,physical assault,53.962852,-1.055595
506,2025-01,T1,physical assault,53.964326,-1.053367
507,2025-01,T1,physical assault,53.964326,-1.053367
508,2025-01,T1,physical assault,53.961232,-1.05423
509,2025-01,T1,vandalism,53.955176,-1.045345
510,2025-01,T1,physical assault,53.956894,-1.044315
511,2025-01,T1,suspicious activity,53.957905,-1.052827
512,2025-01,T1,suspicious activity,53.957038,-1.059247
513,2025-01,T1,vandalism,53.957885,-1.059518
514,2025-01,T1,physical assault,53.957905,-1.052827
515,2025-01,T1,physical assault,53.958134,-1.056815
516,2025-01,T1,physical assault,53.959111,-1.054202
517,2025-01,T1,physical assault,53.956544,-1.06159
518,2025-01,T1,physical assault,53.958134,-1.056815
519,2025-01,T1,physical assault,53.957885,-1.059518
520,2025-01,T1,physical assault,53.957905,-1.052827
521,2025-01,T1,suspicious activity,53.954825,-1.060135
522,2025-01,T1,suspicious activity,53.955589,-1.061322
523,2025-01,T1,suspicious activity,53.954668,-1.061922
524,2025-01,T1,physical assault,53.955128,-1.06438
525,2025-01,T1,harassment,53.959091,-1.049464
526,2025-01,T1,physical assault,53.959091,-1.049464
527,2025-01,T1,suspicious activity,53.954403,-1.05446
528,2025-01,T1,suspicious activity,53.952826,-1.047134
529,2025-01,T1,suspicious activity,53.952826,-1.047134
530,2025-01,T1,suspicious activity,53.952826,-1.047134
531,2025-01,T1,vandalism,53.95342,-1.05177
532,2025-01,T1,harassment,53.952826,-1.047134
533,2025-01,T1,physical assault,53.952826,-1.047134
534,2025-01,T1,suspicious activity,53.95853,-1.114751
535,2025-01,T1,suspicious activity,53.960507,-1.114785
536,2025-01,T1,vandalism,53.959764,-1.115166
537,2025-01,T1,vandalism,53.960591,-1.116444
538,2025-01,T1,physical assault,53.961335,-1.113746
539,2025-01,T1,physical assault,53.961335,-1.113746
540,2025-01,T1,physical assault,53.960828,-1.115693
541,2025-01,T1,suspicious activity,53.95807,-1.115873
542,2025-01,T1,suspicious activity,53.956966,-1.118502
543,2025-01,T1,suspicious activity,53.95863,-1.122277
544,2025-01,T1,suspicious activity,53.960586,-1.118212
545,2025-01,T1,suspicious activity,53.958393,-1.116963
546,2025-01,T1,suspicious activity,53.956194,-1.111234
547,2025-01,T1,suspicious activity,53.95699,-1.111979
548,2025-01,T1,harassment,53.95513,-1.107127
549,2025-01,T1,physical assault,53.954329,-1.10943
550,2025-01,T1,suspicious activity,53.956402,-1.120136
551,2025-01,T1,suspicious activity,53.952719,-1.112908
552,2025-01,T1,physical assault,53.956182,-1.116964
553,2025-01,T1,physical assault,53.951687,-1.116892
554,2025-01,T1,suspicious activity,53.955363,-1.125394
555,2025-01,T1,suspicious activity,53.952246,-1.126861
556,2025-01,T1,suspicious activity,53.955363,-1.125394
557,2025-01,T1,harassment,53.951451,-1.11903
558,2025-01,T1,physical assault,53.951451,-1.11903
559,2025-01,T1,suspicious activity,53.950359,-1.124478
560,2025-01,T1,suspicious activity,53.950359,-1.124478
561,2025-01,T1,suspicious activity,53.950359,-1.124478
562,2025-01,T1,suspicious activity,53.950359,-1.124478
563,2025-01,T1,suspicious activity,53.950359,-1.124478
564,2025-01,T1,vandalism,53.950359,-1.124478
565,2025-01,T1,harassment,53.950359,-1.124478
566,2025-01,T1,suspicious activity,53.964808,-1.104435
567,2025-01,T1,suspicious activity,53.964808,-1.104435
568,2025-01,T1,vandalism,53.964026,-1.104513
569,2025-01,T1,physical assault,53.963392,-1.104984
570,2025-01,T1,physical assault,53.963488,-1.10579
571,2025-01,T1,suspicious activity,53.961269,-1.103597
572,2025-01,T1,suspicious activity,53.954773,-1.101511
573,2025-01,T1,suspicious activity,53.954564,-1.108404
574,2025-01,T1,vandalism,53.960716,-1.10053
575,2025-01,T1,vandalism,53.957817,-1.108395
576,2025-01,T1,vandalism,53.957817,-1.108395
577,2025-01,T1,physical assault,53.963103,-1.107215
578,2025-01,T1,physical assault,53.961269,-1.103597
579,2025-01,T1,physical assault,53.961435,-1.101688
580,2025-01,T1,physical assault,53.954922,-1.102133
581,2025-01,T1,physical assault,53.952409,-1.102674
582,2025-01,T1,suspicious activity,53.947287,-1.084942
583,2025-01,T1,vandalism,53.950772,-1.088172
584,2025-01,T1,physical assault,53.946381,-1.08868
585,2025-01,T1,suspicious activity,53.952811,-1.092761
586,2025-01,T1,physical assault,53.95015,-1.098639
587,2025-01,T1,physical assault,53.95015,-1.098639
588,2025-01,T1,physical assault,53.95015,-1.098639
589,2025-01,T1,physical assault,53.95015,-1.098639
590,2025-01,T1,physical assault,53.95015,-1.098639
591,2025-01,T1,physical assault,53.952811,-1.092761
592,2025-01,T1,suspicious activity,53.946346,-1.11897
593,2025-01,T1,suspicious activity,53.947197,-1.119851
594,2025-01,T1,harassment,53.945775,-1.120825
595,2025-01,T1,harassment,53.942931,-1.1264
596,2025-01,T1,physical assault,53.947482,-1.120637
597,2025-01,T1,physical assault,53.945307,-1.124431
598,2025-01,T1,physical assault,53.948397,-1.122964
599,2025-01,T1,physical assault,53.946346,-1.11897
600,2025-01,T1,physical assault,53.947772,-1.118574
601,2025-01,T1,suspicious activity,53.948905,-1.127266
602,2025-01,T1,physical assault,53.948567,-1.125231
603,2025-01,T1,physical assault,53.948567,-1.125231
604,2025-01,T1,physical assault,53.948567,-1.125231
605,2025-01,T1,physical assault,53.948567,-1.125231
606,2025-01,T1,physical assault,53.940081,-1.064214
607,2025-01,T1,physical assault,53.9496,-1.074444
608,2025-01,T1,suspicious activity,53.946614,-1.074596
609,2025-01,T1,suspicious activity,53.94649,-1.072405
610,2025-01,T1,vandalism,53.946614,-1.074596
611,2025-01,T1,harassment,53.94649,-1.072405
612,2025-01,T1,harassment,53.94649,-1.072405
613,2025-01,T1,harassment,53.94649,-1.072405
614,2025-01,T1,harassment,53.94649,-1.072405
615,2025-01,T1,harassment,53.94649,-1.072405
616,2025-01,T1,physical assault,53.943681,-1.075316
617,2025-01,T1,physical assault,53.94649,-1.072405
618,2025-01,T1,physical assault,53.946614,-1.074596
619,2025-01,T1,physical assault,53.943681,-1.075316
620,2025-01,T1,physical assault,53.944344,-1.073869
621,2025-01,T1,suspicious activity,53.953574,-1.063348
622,2025-01,T1,suspicious activity,53.95192,-1.061888
623,2025-01,T1,suspicious activity,53.95192,-1.061888
624,2025-01,T1,suspicious activity,53.953425,-1.074263
625,2025-01,T1,suspicious activity,53.954454,-1.064411
626,2025-01,T1,vandalism,53.954522,-1.069651
627,2025-01,T1,vandalism,53.95192,-1.061888
628,2025-01,T1,harassment,53.95405,-1.059787
629,2025-01,T1,physical assault,53.95192,-1.061888
630,2025-01,T1,physical assault,53.953425,-1.074263
631,2025-01,T1,physical assault,53.954522,-1.069651
632,2025-01,T1,physical assault,53.952753,-1.067527
633,2025-01,T1,physical assault,53.952753,-1.067527
634,2025-01,T1,physical assault,53.95405,-1.059787
635,2025-01,T1,suspicious activity,53.951661,-1.071696
636,2025-01,T1,suspicious activity,53.9534,-1.06989
637,2025-01,T1,vandalism,53.951661,-1.071696
638,2025-01,T1,harassment,53.951661,-1.071696
639,2025-01,T1,harassment,53.953663,-1.076771
640,2025-01,T1,suspicious activity,53.952009,-1.08298
641,2025-01,T1,suspicious activity,53.952103,-1.083618
642,2025-01,T1,suspicious activity,53.952009,-1.08298
643,2025-01,T1,suspicious activity,53.952103,-1.083618
644,2025-01,T1,suspicious activity,53.948497,-1.081744
645,2025-01,T1,vandalism,53.951879,-1.081276
646,2025-01,T1,harassment,53.952103,-1.083618
647,2025-01,T1,physical assault,53.952009,-1.08298
648,2025-01,T1,physical assault,53.952103,-1.083618
649,2025-01,T1,physical assault,53.950088,-1.083403
650,2025-01,T1,physical assault,53.952103,-1.083618
651,2025-01,T1,physical assault,53.932133,-1.106429
652,2025-01,T1,physical assault,53.936796,-1.107381
653,2025-01,T1,vandalism,53.946879,-1.10357
654,2025-01,T1,physical assault,53.940592,-1.113866
655,2025-01,T1,physical assault,53.940592,-1.113866
656,2025-01,T1,suspicious activity,53.948118,-1.092573
657,2025-01,T1,suspicious activity,53.945269,-1.08782
658,2025-01,T1,suspicious activity,53.942659,-1.089812
659,2025-01,T1,suspicious activity,53.945959,-1.092345
660,2025-01,T1,physical assault,53.946441,-1.096693
661,2025-01,T1,physical assault,53.945959,-1.092345
662,2025-01,T1,physical assault,53.946441,-1.096693
663,2025-01,T1,suspicious activity,53.945119,-1.082553
664,2025-01,T1,suspicious activity,53.942202,-1.088755
665,2025-01,T1,suspicious activity,53.943429,-1.091745
666,2025-01,T1,suspicious activity,53.943429,-1.091745
667,2025-01,T1,suspicious activity,53.945042,-1.091162
668,2025-01,T1,physical assault,53.945921,-1.085033
669,2025-01,T1,physical assault,53.947807,-1.084778
670,2025-01,T1,harassment,53.938171,-1.120726
671,2025-01,T1,physical assault,53.938171,-1.120726
672,2025-01,T1,physical assault,53.938611,-1.115781
673,2025-01,T1,physical assault,53.937495,-1.120466
674,2025-01,T1,physical assault,53.938171,-1.120726
675,2025-01,T1,physical assault,53.938171,-1.120726
676,2025-01,T1,physical assault,53.938171,-1.120726
677,2025-01,T1,physical assault,53.938901,-1.121
678,2025-01,T1,suspicious activity,53.937061,-1.123872
679,2025-01,T1,suspicious activity,53.940302,-1.117254
680,2025-01,T1,vandalism,53.940162,-1.121477
681,2025-01,T1,physical assault,53.941595,-1.12201
682,2025-01,T1,physical assault,53.944068,-1.05119
683,2025-01,T1,physical assault,53.948815,-1.052454
684,2025-01,T1,physical assault,53.934797,-1.062119
685,2025-01,T1,vandalism,53.939796,-1.074069
686,2025-01,T1,physical assault,53.936094,-1.072818
687,2025-02,T1,physical assault,53.98432,-1.064214
688,2025-02,T1,suspicious activity,53.978373,-1.064591
689,2025-02,T1,suspicious activity,53.978373,-1.064591
690,2025-02,T1,suspicious activity,53.978373,-1.064591
691,2025-02,T1,suspicious activity,53.980928,-1.06028
692,2025-02,T1,suspicious activity,53.978373,-1.064591
693,2025-02,T1,vandalism,53.979349,-1.069983
694,2025-02,T1,harassment,53.979349,-1.069983
695,2025-02,T1,physical assault,53.979349,-1.069983
696,2025-02,T1,physical assault,53.979349,-1.069983
697,2025-02,T1,physical assault,53.979349,-1.069983
698,2025-02,T1,physical assault,53.979312,-1.064006
699,2025-02,T1,physical assault,53.979349,-1.069983
700,2025-02,T1,physical assault,53.97945,-1.067861
701,2025-02,T1,physical assault,53.978373,-1.064591
702,2025-02,T1,physical assault,53.979349,-1.069983
703,2025-02,T1,physical assault,53.980357,-1.065416
704,2025-02,T1,suspicious activity,53.98508,-1.048282
705,2025-02,T1,suspicious activity,53.982728,-1.048285
706,2025-02,T1,suspicious activity,53.982728,-1.048285
707,2025-02,T1,suspicious activity,53.982728,-1.048285
708,2025-02,T1,suspicious activity,53.982728,-1.048285
709,2025-02,T1,suspicious activity,53.982568,-1.051993
710,2025-02,T1,suspicious activity,53.982728,-1.048285
711,2025-02,T1,physical assault,53.986004,-1.055453
712,2025-02,T1,harassment,53.982568,-1.051993
713,2025-02,T1,harassment,53.982568,-1.051993
714,2025-02,T1,physical assault,53.986004,-1.055453
715,2025-02,T1,physical assault,53.982568,-1.051993
716,2025-02,T1,physical assault,53.9835,-1.049362
717,2025-02,T1,physical assault,53.98596,-1.063598
718,2025-02,T1,suspicious activity,53.978662,-1.096575
719,2025-02,T1,suspicious activity,53.980148,-1.098159
720,2025-02,T1,suspicious activity,53.979586,-1.095091
721,2025-02,T1,suspicious activity,53.976965,-1.100317
722,2025-02,T1,vandalism,53.974178,-1.097861
723,2025-02,T1,harassment,53.976716,-1.094696
724,2025-02,T1,physical assault,53.978434,-1.099691
725,2025-02,T1,physical assault,53.974178,-1.097861
726,2025-02,T1,physical assault,53.982241,-1.096757
727,2025-02,T1,physical assault,53.983477,-1.093741
728,2025-02,T1,physical assault,53.979147,-1.094034
729,2025-02,T1,suspicious activity,53.976629,-1.101163
730,2025-02,T1,physical assault,53.979366,-1.104123
731,2025-02,T1,physical assault,53.976629,-1.101163
732,2025-02,T1,physical assault,53.976629,-1.101163
733,2025-02,T1,suspicious activity,53.961942,-1.093782
734,2025-02,T1,physical assault,53.961942,-1.093782
735,2025-02,T1,suspicious activity,53.972728,-1.097512
736,2025-02,T1,suspicious activity,53.971403,-1.095757
737,2025-02,T1,vandalism,53.969871,-1.095256
738,2025-02,T1,vandalism,53.967519,-1.101649
739,2025-02,T1,vandalism,53.969871,-1.095256
740,2025-02,T1,physical assault,53.969049,-1.097088
741,2025-02,T1,physical assault,53.969871,-1.095256
742,2025-02,T1,physical assault,53.967519,-1.101649
743,2025-02,T1,physical assault,53.967519,-1.101649
744,2025-02,T1,physical assault,53.969871,-1.095256
745,2025-02,T1,physical assault,53.967519,-1.101649
746,2025-02,T1,suspicious activity,53.982656,-1.115063
747,2025-02,T1,suspicious activity,53.982811,-1.108045
748,2025-02,T1,suspicious activity,53.978749,-1.108177
749,2025-02,T1,harassment,53.978738,-1.106698
750,2025-02,T1,physical assault,53.978738,-1.106698
751,2025-02,T1,suspicious activity,53.963424,-1.057427
752,2025-02,T1,suspicious activity,53.966957,-1.062134
753,2025-02,T1,suspicious activity,53.965632,-1.063993
754,2025-02,T1,vandalism,53.965309,-1.066317
755,2025-02,T1,physical assault,53.966353,-1.064297
756,2025-02,T1,physical assault,53.966233,-1.064939
757,2025-02,T1,physical assault,53.96606,-1.065812
758,2025-02,T1,physical assault,53.965825,-1.066869
759,2025-02,T1,physical assault,53.965825,-1.066869
760,2025-02,T1,suspicious activity,53.978691,-1.059263
761,2025-02,T1,suspicious activity,53.976827,-1.062263
762,2025-02,T1,suspicious activity,53.976841,-1.064153
763,2025-02,T1,suspicious activity,53.976827,-1.062263
764,2025-02,T1,vandalism,53.976827,-1.062263
765,2025-02,T1,physical assault,53.977651,-1.060811
766,2025-02,T1,physical assault,53.972996,-1.056266
767,2025-02,T1,physical assault,53.972996,-1.056266
768,2025-02,T1,suspicious activity,53.968952,-1.084285
769,2025-02,T1,suspicious activity,53.972301,-1.081498
770,2025-02,T1,vandalism,53.972301,-1.081498
771,2025-02,T1,vandalism,53.968952,-1.084285
772,2025-02,T1,vandalism,53.971848,-1.086844
773,2025-02,T1,vandalism,53.968952,-1.084285
774,2025-02,T1,harassment,53.968952,-1.084285
775,2025-02,T1,harassment,53.968952,-1.084285
776,2025-02,T1,physical assault,53.968952,-1.084285
777,2025-02,T1,physical assault,53.968952,-1.084285
778,2025-02,T1,physical assault,53.968952,-1.084285
779,2025-02,T1,vandalism,53.972402,-1.089942
780,2025-02,T1,vandalism,53.972402,-1.089942
781,2025-02,T1,physical assault,53.974162,-1.084994
782,2025-02,T1,physical assault,53.969599,-1.086603
783,2025-02,T1,robbery,53.972766,-1.086976
784,2025-02,T1,physical assault,53.969599,-1.086603
785,2025-02,T1,physical assault,53.969599,-1.086603
786,2025-02,T1,physical assault,53.971087,-1.087257
787,2025-02,T1,suspicious activity,53.973404,-1.089432
788,2025-02,T1,suspicious activity,53.975407,-1.086888
789,2025-02,T1,suspicious activity,53.974117,-1.089752
790,2025-02,T1,vandalism,53.974117,-1.089752
791,2025-02,T1,physical assault,53.973404,-1.089432
792,2025-02,T1,physical assault,53.975407,-1.086888
793,2025-02,T1,physical assault,53.974117,-1.089752
794,2025-02,T1,physical assault,53.975407,-1.086888
795,2025-02,T1,suspicious activity,53.975967,-1.094316
796,2025-02,T1,physical assault,53.975967,-1.094316
797,2025-02,T1,physical assault,53.974675,-1.094573
798,2025-02,T1,physical assault,53.974675,-1.094573
799,2025-02,T1,physical assault,53.974675,-1.094573
800,2025-02,T1,physical assault,53.974675,-1.094573
801,2025-02,T1,suspicious activity,53.976532,-1.088251
802,2025-02,T1,suspicious activity,53.976532,-1.088251
803,2025-02,T1,suspicious activity,53.976532,-1.088251
804,2025-02,T1,suspicious activity,53.974407,-1.082976
805,2025-02,T1,suspicious activity,53.976532,-1.088251
806,2025-02,T1,vandalism,53.979806,-1.085007
807,2025-02,T1,vandalism,53.976532,-1.088251
808,2025-02,T1,harassment,53.976532,-1.088251
809,2025-02,T1,physical assault,53.976189,-1.084446
810,2025-02,T1,physical assault,53.976532,-1.088251
811,2025-02,T1,suspicious activity,53.971747,-1.073704
812,2025-02,T1,suspicious activity,53.974407,-1.075902
813,2025-02,T1,suspicious activity,53.972975,-1.081468
814,2025-02,T1,physical assault,53.971603,-1.077168
815,2025-02,T1,physical assault,53.973171,-1.07535
816,2025-02,T1,physical assault,53.973171,-1.07535
817,2025-02,T1,physical assault,53.970714,-1.074977
818,2025-02,T1,physical assault,53.974407,-1.075902
819,2025-02,T1,physical assault,53.972258,-1.078129
820,2025-02,T1,vandalism,53.967599,-1.071906
821,2025-02,T1,vandalism,53.968213,-1.07924
822,2025-02,T1,vandalism,53.969214,-1.078532
823,2025-02,T1,physical assault,53.967599,-1.071906
824,2025-02,T1,physical assault,53.968213,-1.07924
825,2025-02,T1,physical assault,53.968213,-1.07924
826,2025-02,T1,suspicious activity,53.968138,-1.066132
827,2025-02,T1,suspicious activity,53.9705,-1.070454
828,2025-02,T1,vandalism,53.965587,-1.072042
829,2025-02,T1,harassment,53.9705,-1.070454
830,2025-02,T1,physical assault,53.966849,-1.069057
831,2025-02,T1,physical assault,53.970504,-1.069829
832,2025-02,T1,physical assault,53.9705,-1.070454
833,2025-02,T1,physical assault,53.969475,-1.070385
834,2025-02,T1,physical assault,53.9705,-1.070454
835,2025-02,T1,suspicious activity,53.960859,-1.070836
836,2025-02,T1,suspicious activity,53.960859,-1.070836
837,2025-02,T1,vandalism,53.963155,-1.059887
838,2025-02,T1,vandalism,53.959688,-1.070588
839,2025-02,T1,physical assault,53.962083,-1.071114
840,2025-02,T1,harassment,53.96274,-1.072425
841,2025-02,T1,physical assault,53.962786,-1.071388
842,2025-02,T1,physical assault,53.96177,-1.064414
843,2025-02,T1,physical assault,53.96274,-1.072425
844,2025-02,T1,physical assault,53.960859,-1.070836
845,2025-02,T1,physical assault,53.962508,-1.063377
846,2025-02,T1,suspicious activity,53.977928,-1.068718
847,2025-02,T1,suspicious activity,53.975807,-1.068689
848,2025-02,T1,suspicious activity,53.975807,-1.068689
849,2025-02,T1,suspicious activity,53.975807,-1.068689
850,2025-02,T1,vandalism,53.977258,-1.06916
851,2025-02,T1,vandalism,53.977258,-1.06916
852,2025-02,T1,vandalism,53.977258,-1.06916
853,2025-02,T1,vandalism,53.975807,-1.068689
854,2025-02,T1,vandalism,53.973612,-1.070736
855,2025-02,T1,vandalism,53.974363,-1.071435
856,2025-02,T1,vandalism,53.974363,-1.071435
857,2025-02,T1,vandalism,53.977258,-1.06916
858,2025-02,T1,vandalism,53.977258,-1.06916
859,2025-02,T1,vandalism,53.975807,-1.068689
860,2025-02,T1,vandalism,53.977258,-1.06916
861,2025-02,T1,vandalism,53.973612,-1.070736
862,2025-02,T1,vandalism,53.975807,-1.068689
863,2025-02,T1,vandalism,53.973612,-1.070736
864,2025-02,T1,physical assault,53.973612,-1.070736
865,2025-02,T1,harassment,53.972665,-1.068012
866,2025-02,T1,physical assault,53.977928,-1.068718
867,2025-02,T1,physical assault,53.976417,-1.073219
868,2025-02,T1,suspicious activity,53.961091,-1.127027
869,2025-02,T1,vandalism,53.961091,-1.127027
870,2025-02,T1,harassment,53.961663,-1.126557
871,2025-02,T1,physical assault,53.961355,-1.12507
872,2025-02,T1,suspicious activity,53.960895,-1.124821
873,2025-02,T1,suspicious activity,53.967842,-1.125864
874,2025-02,T1,suspicious activity,53.966215,-1.123383
875,2025-02,T1,suspicious activity,53.967603,-1.125183
876,2025-02,T1,suspicious activity,53.967603,-1.125183
877,2025-02,T1,suspicious activity,53.963587,-1.120542
878,2025-02,T1,suspicious activity,53.966354,-1.120347
879,2025-02,T1,suspicious activity,53.966149,-1.11936
880,2025-02,T1,suspicious activity,53.960793,-1.084601
881,2025-02,T1,suspicious activity,53.960793,-1.084601
882,2025-02,T1,suspicious activity,53.966683,-1.082505
883,2025-02,T1,suspicious activity,53.960793,-1.084601
884,2025-02,T1,suspicious activity,53.960122,-1.084517
885,2025-02,T1,suspicious activity,53.968124,-1.081757
886,2025-02,T1,suspicious activity,53.960793,-1.084601
887,2025-02,T1,suspicious activity,53.966683,-1.082505
888,2025-02,T1,suspicious activity,53.967163,-1.079446
889,2025-02,T1,suspicious activity,53.961677,-1.084962
890,2025-02,T1,suspicious activity,53.960722,-1.081082
891,2025-02,T1,suspicious activity,53.960793,-1.084601
892,2025-02,T1,suspicious activity,53.960122,-1.084517
893,2025-02,T1,suspicious activity,53.959782,-1.083212
894,2025-02,T1,suspicious activity,53.960122,-1.084517
895,2025-02,T1,suspicious activity,53.962948,-1.085422
896,2025-02,T1,suspicious activity,53.968124,-1.081757
897,2025-02,T1,suspicious activity,53.966683,-1.082505
898,2025-02,T1,suspicious activity,53.957537,-1.083087
899,2025-02,T1,suspicious activity,53.966683,-1.082505
900,2025-02,T1,suspicious activity,53.966683,-1.082505
901,2025-02,T1,suspicious activity,53.959662,-1.081996
902,2025-02,T1,suspicious activity,53.958528,-1.083246
903,2025-02,T1,suspicious activity,53.968124,-1.081757
904,2025-02,T1,suspicious activity,53.962109,-1.083886
905,2025-02,T1,suspicious activity,53.960793,-1.084601
906,2025-02,T1,suspicious activity,53.966683,-1.082505
907,2025-02,T1,vandalism,53.967202,-1.081046
908,2025-02,T1,vandalism,53.957868,-1.082866
909,2025-02,T1,vandalism,53.960793,-1.084601
910,2025-02,T1,vandalism,53.962669,-1.080749
911,2025-02,T1,vandalism,53.965783,-1.078821
912,2025-02,T1,vandalism,53.967625,-1.082393
913,2025-02,T1,vandalism,53.959662,-1.081996
914,2025-02,T1,vandalism,53.967202,-1.081046
915,2025-02,T1,physical assault,53.960793,-1.084601
916,2025-02,T1,harassment,53.960722,-1.081082
917,2025-02,T1,harassment,53.957537,-1.083087
918,2025-02,T1,harassment,53.960793,-1.084601
919,2025-02,T1,harassment,53.966683,-1.082505
920,2025-02,T1,harassment,53.961611,-1.079797
921,2025-02,T1,physical assault,53.960122,-1.084517
922,2025-02,T1,physical assault,53.967163,-1.079446
923,2025-02,T1,physical assault,53.962948,-1.085422
924,2025-02,T1,physical assault,53.961505,-1.088365
925,2025-02,T1,physical assault,53.961067,-1.082827
926,2025-02,T1,physical assault,53.957537,-1.083087
927,2025-02,T1,physical assault,53.960793,-1.084601
928,2025-02,T1,physical assault,53.965236,-1.083726
929,2025-02,T1,physical assault,53.966468,-1.079095
930,2025-02,T1,physical assault,53.966468,-1.079095
931,2025-02,T1,physical assault,53.959662,-1.081996
932,2025-02,T1,physical assault,53.966683,-1.082505
933,2025-02,T1,physical assault,53.964189,-1.087895
934,2025-02,T1,physical assault,53.962948,-1.085422
935,2025-02,T1,physical assault,53.966683,-1.082505
936,2025-02,T1,physical assault,53.958528,-1.083246
937,2025-02,T1,physical assault,53.966876,-1.080794
938,2025-02,T1,physical assault,53.959662,-1.081996
939,2025-02,T1,physical assault,53.959662,-1.081996
940,2025-02,T1,physical assault,53.966683,-1.082505
941,2025-02,T1,physical assault,53.960722,-1.081082
942,2025-02,T1,physical assault,53.966468,-1.079095
943,2025-02,T1,physical assault,53.965236,-1.083726
944,2025-02,T1,physical assault,53.968124,-1.081757
945,2025-02,T1,physical assault,53.960122,-1.084517
946,2025-02,T1,physical assault,53.961611,-1.079797
947,2025-02,T1,physical assault,53.960793,-1.084601
948,2025-02,T1,physical assault,53.960793,-1.084601
949,2025-02,T1,physical assault,53.959662,-1.081996
950,2025-02,T1,physical assault,53.959662,-1.081996
951,2025-02,T1,physical assault,53.961677,-1.084962
952,2025-02,T1,physical assault,53.964079,-1.084041
953,2025-02,T1,physical assault,53.957537,-1.083087
954,2025-02,T1,physical assault,53.962239,-1.085545
955,2025-02,T1,physical assault,53.959662,-1.081996
956,2025-02,T1,physical assault,53.961067,-1.082827
957,2025-02,T1,physical assault,53.957537,-1.083087
958,2025-02,T1,physical assault,53.961677,-1.084962
959,2025-02,T1,physical assault,53.966468,-1.079095
960,2025-02,T1,physical assault,53.960793,-1.084601
961,2025-02,T1,suspicious activity,53.961524,-1.075501
962,2025-02,T1,suspicious activity,53.965454,-1.074713
963,2025-02,T1,suspicious activity,53.962781,-1.078902
964,2025-02,T1,suspicious activity,53.966859,-1.077395
965,2025-02,T1,suspicious activity,53.962102,-1.078216
966,2025-02,T1,suspicious activity,53.966575,-1.077782
967,2025-02,T1,suspicious activity,53.960778,-1.079084
968,2025-02,T1,vandalism,53.965454,-1.074713
969,2025-02,T1,harassment,53.96619,-1.07683
970,2025-02,T1,physical assault,53.962781,-1.078902
971,2025-02,T1,physical assault,53.965027,-1.075255
972,2025-02,T1,physical assault,53.964749,-1.078768
973,2025-02,T1,physical assault,53.961524,-1.075501
974,2025-02,T1,suspicious activity,53.953729,-1.091781
975,2025-02,T1,suspicious activity,53.955025,-1.089634
976,2025-02,T1,suspicious activity,53.953497,-1.090765
977,2025-02,T1,suspicious activity,53.953497,-1.090765
978,2025-02,T1,suspicious activity,53.954621,-1.093194
979,2025-02,T1,suspicious activity,53.953729,-1.091781
980,2025-02,T1,suspicious activity,53.952733,-1.088374
981,2025-02,T1,suspicious activity,53.954621,-1.093194
982,2025-02,T1,suspicious activity,53.954621,-1.093194
983,2025-02,T1,suspicious activity,53.954685,-1.095692
984,2025-02,T1,vandalism,53.954621,-1.093194
985,2025-02,T1,vandalism,53.954128,-1.097014
986,2025-02,T1,physical assault,53.953702,-1.088139
987,2025-02,T1,physical assault,53.954804,-1.092428
988,2025-02,T1,physical assault,53.954128,-1.097014
989,2025-02,T1,physical assault,53.955025,-1.089634
990,2025-02,T1,physical assault,53.954621,-1.093194
991,2025-02,T1,suspicious activity,53.960274,-1.076595
992,2025-02,T1,suspicious activity,53.956741,-1.071873
993,2025-02,T1,suspicious activity,53.959245,-1.078355
994,2025-02,T1,suspicious activity,53.9554,-1.072431
995,2025-02,T1,suspicious activity,53.956741,-1.071873
996,2025-02,T1,suspicious activity,53.960274,-1.076595
997,2025-02,T1,suspicious activity,53.955333,-1.074647
998,2025-02,T1,suspicious activity,53.956109,-1.071475
999,2025-02,T1,suspicious activity,53.959053,-1.079183
1000,2025-02,T1,suspicious activity,53.959053,-1.079183
1001,2025-02,T1,suspicious activity,53.956067,-1.068398
1002,2025-02,T1,suspicious activity,53.959053,-1.079183
1003,2025-02,T1,suspicious activity,53.958317,-1.071167
1004,2025-02,T1,vandalism,53.95439,-1.07524
1005,2025-02,T1,vandalism,53.9554,-1.072431
1006,2025-02,T1,vandalism,53.954489,-1.073538
1007,2025-02,T1,vandalism,53.959167,-1.064838
1008,2025-02,T1,physical assault,53.956725,-1.069846
1009,2025-02,T1,physical assault,53.959068,-1.074092
1010,2025-02,T1,physical assault,53.954784,-1.073394
1011,2025-02,T1,physical assault,53.959245,-1.078355
1012,2025-02,T1,physical assault,53.959053,-1.079183
1013,2025-02,T1,physical assault,53.960783,-1.06858
1014,2025-02,T1,physical assault,53.95439,-1.07524
1015,2025-02,T1,physical assault,53.958399,-1.068879
1016,2025-02,T1,physical assault,53.960274,-1.076595
1017,2025-02,T1,physical assault,53.95439,-1.07524
1018,2025-02,T1,physical assault,53.9554,-1.072431
1019,2025-02,T1,physical assault,53.954784,-1.073394
1020,2025-02,T1,physical assault,53.959245,-1.078355
1021,2025-02,T1,physical assault,53.956741,-1.071873
1022,2025-02,T1,physical assault,53.959068,-1.074092
1023,2025-02,T1,physical assault,53.959068,-1.074092
1024,2025-02,T1,suspicious activity,53.957273,-1.084983
1025,2025-02,T1,suspicious activity,53.957273,-1.084983
1026,2025-02,T1,suspicious activity,53.958398,-1.092228
1027,2025-02,T1,suspicious activity,53.958732,-1.087694
1028,2025-02,T1,suspicious activity,53.957585,-1.089426
1029,2025-02,T1,suspicious activity,53.958398,-1.092228
1030,2025-02,T1,suspicious activity,53.958398,-1.092228
1031,2025-02,T1,suspicious activity,53.957377,-1.089263
1032,2025-02,T1,suspicious activity,53.957273,-1.084983
1033,2025-02,T1,suspicious activity,53.957377,-1.089263
1034,2025-02,T1,suspicious activity,53.957273,-1.084983
1035,2025-02,T1,suspicious activity,53.957808,-1.086785
1036,2025-02,T1,suspicious activity,53.96043,-1.091223
1037,2025-02,T1,suspicious activity,53.957808,-1.086785
1038,2025-02,T1,suspicious activity,53.958167,-1.085481
1039,2025-02,T1,suspicious activity,53.957831,-1.087409
1040,2025-02,T1,suspicious activity,53.956692,-1.091289
1041,2025-02,T1,suspicious activity,53.959155,-1.09023
1042,2025-02,T1,suspicious activity,53.95615,-1.090996
1043,2025-02,T1,suspicious activity,53.958398,-1.092228
1044,2025-02,T1,suspicious activity,53.959055,-1.087626
1045,2025-02,T1,suspicious activity,53.95615,-1.090996
1046,2025-02,T1,suspicious activity,53.957273,-1.084983
1047,2025-02,T1,suspicious activity,53.958398,-1.092228
1048,2025-02,T1,suspicious activity,53.957585,-1.089426
1049,2025-02,T1,suspicious activity,53.958398,-1.092228
1050,2025-02,T1,suspicious activity,53.957808,-1.086785
1051,2025-02,T1,suspicious activity,53.957808,-1.086785
1052,2025-02,T1,suspicious activity,53.95816,-1.088164
1053,2025-02,T1,suspicious activity,53.958398,-1.092228
1054,2025-02,T1,suspicious activity,53.958398,-1.092228
1055,2025-02,T1,suspicious activity,53.958732,-1.087694
1056,2025-02,T1,suspicious activity,53.957273,-1.084983
1057,2025-02,T1,suspicious activity,53.957775,-1.093125
1058,2025-02,T1,vandalism,53.958398,-1.092228
1059,2025-02,T1,vandalism,53.958796,-1.086732
1060,2025-02,T1,vandalism,53.96043,-1.091223
1061,2025-02,T1,vandalism,53.95615,-1.090996
1062,2025-02,T1,vandalism,53.958167,-1.085481
1063,2025-02,T1,vandalism,53.957139,-1.088597
1064,2025-02,T1,vandalism,53.955925,-1.089752
1065,2025-02,T1,harassment,53.957585,-1.089426
1066,2025-02,T1,harassment,53.958732,-1.087694
1067,2025-02,T1,harassment,53.95615,-1.090996
1068,2025-02,T1,physical assault,53.95615,-1.090996
1069,2025-02,T1,physical assault,53.957808,-1.086785
1070,2025-02,T1,physical assault,53.957808,-1.086785
1071,2025-02,T1,physical assault,53.958796,-1.086732
1072,2025-02,T1,physical assault,53.957377,-1.089263
1073,2025-02,T1,physical assault,53.957273,-1.084983
1074,2025-02,T1,physical assault,53.957831,-1.087409
1075,2025-02,T1,physical assault,53.957831,-1.087409
1076,2025-02,T1,physical assault,53.958732,-1.087694
1077,2025-02,T1,physical assault,53.958796,-1.086732
1078,2025-02,T1,physical assault,53.957585,-1.089426
1079,2025-02,T1,physical assault,53.95615,-1.090996
1080,2025-02,T1,physical assault,53.958398,-1.092228
1081,2025-02,T1,physical assault,53.957831,-1.087409
1082,2025-02,T1,physical assault,53.958398,-1.092228
1083,2025-02,T1,physical assault,53.958732,-1.087694
1084,2025-02,T1,physical assault,53.96043,-1.091223
1085,2025-02,T1,physical assault,53.957831,-1.087409
1086,2025-02,T1,physical assault,53.95888,-1.087066
1087,2025-02,T1,physical assault,53.959155,-1.09023
1088,2025-02,T1,physical assault,53.959055,-1.087626
1089,2025-02,T1,physical assault,53.96043,-1.091223
1090,2025-02,T1,physical assault,53.953866,-1.089598
1091,2025-02,T1,physical assault,53.957273,-1.084983
1092,2025-02,T1,physical assault,53.96043,-1.091223
1093,2025-02,T1,suspicious activity,53.955721,-1.086571
1094,2025-02,T1,suspicious activity,53.955573,-1.087138
1095,2025-02,T1,suspicious activity,53.955365,-1.083485
1096,2025-02,T1,suspicious activity,53.958346,-1.080242
1097,2025-02,T1,suspicious activity,53.957808,-1.080917
1098,2025-02,T1,suspicious activity,53.959281,-1.084118
1099,2025-02,T1,suspicious activity,53.95823,-1.076092
1100,2025-02,T1,suspicious activity,53.954439,-1.077608
1101,2025-02,T1,suspicious activity,53.956609,-1.0734
1102,2025-02,T1,suspicious activity,53.959281,-1.084118
1103,2025-02,T1,suspicious activity,53.957862,-1.082339
1104,2025-02,T1,suspicious activity,53.958064,-1.08143
1105,2025-02,T1,suspicious activity,53.957819,-1.079324
1106,2025-02,T1,suspicious activity,53.957862,-1.082339
1107,2025-02,T1,suspicious activity,53.957819,-1.079324
1108,2025-02,T1,suspicious activity,53.958919,-1.080451
1109,2025-02,T1,suspicious activity,53.957159,-1.078249
1110,2025-02,T1,suspicious activity,53.958346,-1.080242
1111,2025-02,T1,suspicious activity,53.957862,-1.082339
1112,2025-02,T1,suspicious activity,53.957819,-1.079324
1113,2025-02,T1,suspicious activity,53.957139,-1.076817
1114,2025-02,T1,suspicious activity,53.958346,-1.080242
1115,2025-02,T1,suspicious activity,53.955084,-1.077335
1116,2025-02,T1,suspicious activity,53.957139,-1.076817
1117,2025-02,T1,suspicious activity,53.957819,-1.079324
1118,2025-02,T1,suspicious activity,53.95823,-1.076092
1119,2025-02,T1,vandalism,53.956866,-1.08234
1120,2025-02,T1,vandalism,53.959281,-1.084118
1121,2025-02,T1,harassment,53.956866,-1.08234
1122,2025-02,T1,harassment,53.956569,-1.08224
1123,2025-02,T1,harassment,53.959658,-1.080632
1124,2025-02,T1,harassment,53.957159,-1.078249
1125,2025-02,T1,harassment,53.959281,-1.084118
1126,2025-02,T1,harassment,53.958064,-1.08143
1127,2025-02,T1,physical assault,53.956569,-1.08224
1128,2025-02,T1,physical assault,53.956866,-1.08234
1129,2025-02,T1,physical assault,53.956569,-1.08224
1130,2025-02,T1,physical assault,53.95728,-1.082376
1131,2025-02,T1,physical assault,53.95728,-1.082376
1132,2025-02,T1,physical assault,53.95728,-1.082376
1133,2025-02,T1,physical assault,53.95728,-1.082376
1134,2025-02,T1,physical assault,53.95728,-1.082376
1135,2025-02,T1,physical assault,53.959281,-1.084118
1136,2025-02,T1,physical assault,53.958346,-1.080242
1137,2025-02,T1,physical assault,53.95728,-1.082376
1138,2025-02,T1,physical assault,53.954439,-1.077608
1139,2025-02,T1,physical assault,53.95728,-1.082376
1140,2025-02,T1,physical assault,53.95879,-1.081139
1141,2025-02,T1,physical assault,53.956866,-1.08234
1142,2025-02,T1,physical assault,53.956866,-1.08234
1143,2025-02,T1,physical assault,53.954222,-1.076272
1144,2025-02,T1,physical assault,53.95728,-1.082376
1145,2025-02,T1,physical assault,53.958346,-1.080242
1146,2025-02,T1,physical assault,53.959281,-1.084118
1147,2025-02,T1,physical assault,53.959658,-1.080632
1148,2025-02,T1,physical assault,53.959281,-1.084118
1149,2025-02,T1,physical assault,53.958346,-1.080242
1150,2025-02,T1,physical assault,53.959281,-1.084118
1151,2025-02,T1,physical assault,53.954869,-1.080729
1152,2025-02,T1,physical assault,53.957,-1.075189
1153,2025-02,T1,physical assault,53.959658,-1.080632
1154,2025-02,T1,physical assault,53.959281,-1.084118
1155,2025-02,T1,physical assault,53.959658,-1.080632
1156,2025-02,T1,physical assault,53.957819,-1.079324
1157,2025-02,T1,physical assault,53.954439,-1.077608
1158,2025-02,T1,suspicious activity,53.966774,-1.049181
1159,2025-02,T1,suspicious activity,53.964242,-1.0484
1160,2025-02,T1,suspicious activity,53.964242,-1.0484
1161,2025-02,T1,suspicious activity,53.966314,-1.051279
1162,2025-02,T1,suspicious activity,53.964242,-1.0484
1163,2025-02,T1,physical assault,53.964242,-1.0484
1164,2025-02,T1,suspicious activity,53.950621,-1.037723
1165,2025-02,T1,suspicious activity,53.950621,-1.037723
1166,2025-02,T1,suspicious activity,53.950621,-1.037723
1167,2025-02,T1,harassment,53.949219,-1.037756
1168,2025-02,T1,physical assault,53.953483,-1.035875
1169,2025-02,T1,suspicious activity,53.957858,-1.0367
1170,2025-02,T1,suspicious activity,53.95983,-1.042831
1171,2025-02,T1,suspicious activity,53.959398,-1.043938
1172,2025-02,T1,suspicious activity,53.961002,-1.053488
1173,2025-02,T1,suspicious activity,53.961362,-1.059318
1174,2025-02,T1,physical assault,53.962789,-1.052198
1175,2025-02,T1,physical assault,53.964326,-1.053367
1176,2025-02,T1,physical assault,53.961002,-1.053488
1177,2025-02,T1,physical assault,53.960223,-1.05458
1178,2025-02,T1,physical assault,53.961232,-1.05423
1179,2025-02,T1,physical assault,53.962852,-1.055595
1180,2025-02,T1,physical assault,53.964326,-1.053367
1181,2025-02,T1,physical assault,53.956999,-1.045181
1182,2025-02,T1,suspicious activity,53.956937,-1.054312
1183,2025-02,T1,suspicious activity,53.956238,-1.057091
1184,2025-02,T1,vandalism,53.957905,-1.052827
1185,2025-02,T1,vandalism,53.956937,-1.054312
1186,2025-02,T1,vandalism,53.956544,-1.06159
1187,2025-02,T1,vandalism,53.957905,-1.052827
1188,2025-02,T1,vandalism,53.956238,-1.057091
1189,2025-02,T1,physical assault,53.957905,-1.052827
1190,2025-02,T1,physical assault,53.959111,-1.054202
1191,2025-02,T1,physical assault,53.957905,-1.052827
1192,2025-02,T1,physical assault,53.956544,-1.06159
1193,2025-02,T1,physical assault,53.956544,-1.06159
1194,2025-02,T1,harassment,53.954735,-1.056678
1195,2025-02,T1,physical assault,53.956321,-1.062951
1196,2025-02,T1,physical assault,53.955988,-1.059438
1197,2025-02,T1,suspicious activity,53.958124,-1.048603
1198,2025-02,T1,suspicious activity,53.958974,-1.047057
1199,2025-02,T1,suspicious activity,53.959482,-1.045414
1200,2025-02,T1,suspicious activity,53.959482,-1.045414
1201,2025-02,T1,vandalism,53.956407,-1.047801
1202,2025-02,T1,physical assault,53.959202,-1.051466
1203,2025-02,T1,physical assault,53.959202,-1.051466
1204,2025-02,T1,physical assault,53.95685,-1.04901
1205,2025-02,T1,physical assault,53.956407,-1.047801
1206,2025-02,T1,physical assault,53.952826,-1.047134
1207,2025-02,T1,physical assault,53.952826,-1.047134
1208,2025-02,T1,physical assault,53.95327,-1.053237
1209,2025-02,T1,physical assault,53.952826,-1.047134
1210,2025-02,T1,physical assault,53.953442,-1.054467
1211,2025-02,T1,physical assault,53.952826,-1.047134
1212,2025-02,T1,suspicious activity,53.960006,-1.111427
1213,2025-02,T1,suspicious activity,53.962287,-1.114747
1214,2025-02,T1,suspicious activity,53.960808,-1.112934
1215,2025-02,T1,suspicious activity,53.960426,-1.115991
1216,2025-02,T1,suspicious activity,53.960507,-1.114785
1217,2025-02,T1,vandalism,53.961335,-1.113746
1218,2025-02,T1,physical assault,53.960605,-1.112237
1219,2025-02,T1,physical assault,53.960605,-1.112237
1220,2025-02,T1,physical assault,53.961335,-1.113746
1221,2025-02,T1,physical assault,53.961382,-1.112739
1222,2025-02,T1,physical assault,53.960507,-1.114785
1223,2025-02,T1,physical assault,53.960507,-1.114785
1224,2025-02,T1,suspicious activity,53.960911,-1.119532
1225,2025-02,T1,suspicious activity,53.957517,-1.116372
1226,2025-02,T1,suspicious activity,53.960911,-1.119532
1227,2025-02,T1,suspicious activity,53.958162,-1.118507
1228,2025-02,T1,vandalism,53.960586,-1.118212
1229,2025-02,T1,vandalism,53.960586,-1.118212
1230,2025-02,T1,physical assault,53.958162,-1.118507
1231,2025-02,T1,physical assault,53.95807,-1.115873
1232,2025-02,T1,physical assault,53.957259,-1.119258
1233,2025-02,T1,physical assault,53.957517,-1.116372
1234,2025-02,T1,suspicious activity,53.95513,-1.107127
1235,2025-02,T1,suspicious activity,53.953529,-1.110681
1236,2025-02,T1,harassment,53.95513,-1.107127
1237,2025-02,T1,physical assault,53.953529,-1.110681
1238,2025-02,T1,suspicious activity,53.956402,-1.120136
1239,2025-02,T1,vandalism,53.952719,-1.112908
1240,2025-02,T1,physical assault,53.956182,-1.116964
1241,2025-02,T1,suspicious activity,53.955363,-1.125394
1242,2025-02,T1,suspicious activity,53.955363,-1.125394
1243,2025-02,T1,suspicious activity,53.955363,-1.125394
1244,2025-02,T1,suspicious activity,53.955363,-1.125394
1245,2025-02,T1,suspicious activity,53.952246,-1.126861
1246,2025-02,T1,physical assault,53.951879,-1.120971
1247,2025-02,T1,physical assault,53.955363,-1.125394
1248,2025-02,T1,physical assault,53.951879,-1.120971
1249,2025-02,T1,physical assault,53.955363,-1.125394
1250,2025-02,T1,suspicious activity,53.950359,-1.124478
1251,2025-02,T1,physical assault,53.948619,-1.125017
1252,2025-02,T1,physical assault,53.950359,-1.124478
1253,2025-02,T1,physical assault,53.950359,-1.124478
1254,2025-02,T1,physical assault,53.963484,-1.106521
1255,2025-02,T1,physical assault,53.966194,-1.105945
1256,2025-02,T1,physical assault,53.965424,-1.106327
1257,2025-02,T1,physical assault,53.963481,-1.107329
1258,2025-02,T1,physical assault,53.965424,-1.106327
1259,2025-02,T1,physical assault,53.965424,-1.106327
1260,2025-02,T1,physical assault,53.965424,-1.106327
1261,2025-02,T1,physical assault,53.964808,-1.104435
1262,2025-02,T1,physical assault,53.965424,-1.106327
1263,2025-02,T1,physical assault,53.965424,-1.106327
1264,2025-02,T1,physical assault,53.961269,-1.103597
1265,2025-02,T1,physical assault,53.962934,-1.108743
1266,2025-02,T1,physical assault,53.949899,-1.109661
1267,2025-02,T1,physical assault,53.949339,-1.08892
1268,2025-02,T1,harassment,53.952273,-1.095287
1269,2025-02,T1,physical assault,53.952502,-1.09583
1270,2025-02,T1,suspicious activity,53.945749,-1.120872
1271,2025-02,T1,suspicious activity,53.944104,-1.120861
1272,2025-02,T1,suspicious activity,53.947598,-1.119309
1273,2025-02,T1,suspicious activity,53.944104,-1.120861
1274,2025-02,T1,suspicious activity,53.947598,-1.119309
1275,2025-02,T1,suspicious activity,53.944104,-1.120861
1276,2025-02,T1,vandalism,53.945749,-1.120872
1277,2025-02,T1,vandalism,53.944104,-1.120861
1278,2025-02,T1,vandalism,53.94629,-1.124898
1279,2025-02,T1,harassment,53.94629,-1.124898
1280,2025-02,T1,physical assault,53.944104,-1.120861
1281,2025-02,T1,physical assault,53.947949,-1.121907
1282,2025-02,T1,physical assault,53.94629,-1.124898
1283,2025-02,T1,physical assault,53.944104,-1.120861
1284,2025-02,T1,physical assault,53.945307,-1.124431
1285,2025-02,T1,physical assault,53.946265,-1.117783
1286,2025-02,T1,physical assault,53.946346,-1.11897
1287,2025-02,T1,physical assault,53.947482,-1.120637
1288,2025-02,T1,physical assault,53.946346,-1.11897
1289,2025-02,T1,physical assault,53.942931,-1.1264
1290,2025-02,T1,suspicious activity,53.948905,-1.127266
1291,2025-02,T1,physical assault,53.941545,-1.126216
1292,2025-02,T1,physical assault,53.941545,-1.126216
1293,2025-02,T1,suspicious activity,53.940784,-1.072964
1294,2025-02,T1,suspicious activity,53.941495,-1.068052
1295,2025-02,T1,suspicious activity,53.941495,-1.068052
1296,2025-02,T1,suspicious activity,53.941495,-1.068052
1297,2025-02,T1,suspicious activity,53.940784,-1.072964
1298,2025-02,T1,suspicious activity,53.939349,-1.070312
1299,2025-02,T1,suspicious activity,53.941495,-1.068052
1300,2025-02,T1,vandalism,53.93918,-1.067464
1301,2025-02,T1,harassment,53.940907,-1.069985
1302,2025-02,T1,physical assault,53.942097,-1.06458
1303,2025-02,T1,harassment,53.947642,-1.076189
1304,2025-02,T1,harassment,53.950476,-1.076553
1305,2025-02,T1,physical assault,53.945059,-1.07684
1306,2025-02,T1,physical assault,53.947021,-1.078366
1307,2025-02,T1,physical assault,53.947021,-1.078366
1308,2025-02,T1,physical assault,53.947021,-1.078366
1309,2025-02,T1,suspicious activity,53.94649,-1.072405
1310,2025-02,T1,suspicious activity,53.946614,-1.074596
1311,2025-02,T1,vandalism,53.947209,-1.073654
1312,2025-02,T1,vandalism,53.94649,-1.072405
1313,2025-02,T1,vandalism,53.946518,-1.076046
1314,2025-02,T1,vandalism,53.946614,-1.074596
1315,2025-02,T1,vandalism,53.94649,-1.072405
1316,2025-02,T1,physical assault,53.941468,-1.076249
1317,2025-02,T1,harassment,53.94649,-1.072405
1318,2025-02,T1,harassment,53.94649,-1.072405
1319,2025-02,T1,harassment,53.94649,-1.072405
1320,2025-02,T1,physical assault,53.94649,-1.072405
1321,2025-02,T1,physical assault,53.94649,-1.072405
1322,2025-02,T1,physical assault,53.94649,-1.072405
1323,2025-02,T1,physical assault,53.946614,-1.074596
1324,2025-02,T1,vandalism,53.953574,-1.063348
1325,2025-02,T1,vandalism,53.953574,-1.063348
1326,2025-02,T1,physical assault,53.953574,-1.063348
1327,2025-02,T1,physical assault,53.95405,-1.059787
1328,2025-02,T1,physical assault,53.95368,-1.073541
1329,2025-02,T1,physical assault,53.95368,-1.073541
1330,2025-02,T1,physical assault,53.952753,-1.067527
1331,2025-02,T1,physical assault,53.952753,-1.067527
1332,2025-02,T1,physical assault,53.95368,-1.073541
1333,2025-02,T1,vandalism,53.951661,-1.071696
1334,2025-02,T1,vandalism,53.9534,-1.06989
1335,2025-02,T1,suspicious activity,53.952516,-1.082359
1336,2025-02,T1,suspicious activity,53.952212,-1.080171
1337,2025-02,T1,suspicious activity,53.952009,-1.08298
1338,2025-02,T1,suspicious activity,53.952212,-1.080171
1339,2025-02,T1,suspicious activity,53.952103,-1.083618
1340,2025-02,T1,vandalism,53.95148,-1.085536
1341,2025-02,T1,physical assault,53.952103,-1.083618
1342,2025-02,T1,physical assault,53.950088,-1.083403
1343,2025-02,T1,physical assault,53.950088,-1.083403
1344,2025-02,T1,suspicious activity,53.932422,-1.109104
1345,2025-02,T1,suspicious activity,53.93959,-1.104747
1346,2025-02,T1,physical assault,53.93959,-1.104747
1347,2025-02,T1,physical assault,53.940592,-1.113866
1348,2025-02,T1,physical assault,53.947726,-1.10503
1349,2025-02,T1,physical assault,53.938061,-1.087688
1350,2025-02,T1,suspicious activity,53.945119,-1.082553
1351,2025-02,T1,vandalism,53.94482,-1.085636
1352,2025-02,T1,vandalism,53.942202,-1.088755
1353,2025-02,T1,vandalism,53.937495,-1.120466
1354,2025-02,T1,physical assault,53.938311,-1.117829
1355,2025-02,T1,physical assault,53.938311,-1.117829
1356,2025-02,T1,physical assault,53.938311,-1.117829
1357,2025-02,T1,physical assault,53.938901,-1.121
1358,2025-02,T1,physical assault,53.938611,-1.115781
1359,2025-02,T1,physical assault,53.938901,-1.121
1360,2025-02,T1,physical assault,53.939916,-1.116104
1361,2025-02,T1,physical assault,53.937495,-1.120466
1362,2025-02,T1,suspicious activity,53.933561,-1.120915
1363,2025-02,T1,vandalism,53.933561,-1.120915
1364,2025-02,T1,physical assault,53.933561,-1.120915
1365,2025-02,T1,suspicious activity,53.937061,-1.123872
1366,2025-02,T1,physical assault,53.939437,-1.125574
1367,2025-02,T1,physical assault,53.937747,-1.121786
1368,2025-02,T1,physical assault,53.938418,-1.123874
1369,2025-02,T1,physical assault,53.938418,-1.123874
1370,2025-02,T1,physical assault,53.938951,-1.123041
1371,2025-02,T1,physical assault,53.937747,-1.121786
1372,2025-02,T1,vandalism,53.941595,-1.12201
1373,2025-02,T1,vandalism,53.940302,-1.117254
1374,2025-02,T1,physical assault,53.940861,-1.118628
1375,2025-02,T1,physical assault,53.941595,-1.12201
1376,2025-02,T1,physical assault,53.941595,-1.12201
1377,2025-02,T1,physical assault,53.941595,-1.12201
1378,2025-02,T1,suspicious activity,53.944068,-1.05119
1379,2025-02,T1,physical assault,53.941861,-1.048285
1380,2025-02,T1,physical assault,53.944656,-1.055123
1381,2025-02,T1,suspicious activity,53.933364,-1.065065
1382,2025-02,T1,vandalism,53.933784,-1.067066
1383,2025-02,T1,vandalism,53.934797,-1.062119
1384,2025-02,T1,physical assault,53.938061,-1.061121
1385,2025-02,T1,physical assault,53.933364,-1.065065
1386,2025-02,T1,physical assault,53.937207,-1.06798
1387,2025-02,T1,physical assault,53.933784,-1.067066
1388,2025-02,T1,physical assault,53.933784,-1.067066
1389,2025-02,T1,physical assault,53.939219,-1.074849
1390,2025-02,T1,physical assault,53.939796,-1.074069
1391,2025-02,T1,physical assault,53.939796,-1.074069
1392,2025-02,T1,physical assault,53.935303,-1.071693
1393,2025-03,T1,harassment,53.98496,-1.063285
1394,2025-03,T1,physical assault,53.98496,-1.063285
1395,2025-03,T1,suspicious activity,53.979349,-1.069983
1396,2025-03,T1,suspicious activity,53.978373,-1.064591
1397,2025-03,T1,suspicious activity,53.980007,-1.058669
1398,2025-03,T1,vandalism,53.979349,-1.069983
1399,2025-03,T1,physical assault,53.979349,-1.069983
1400,2025-03,T1,physical assault,53.979349,-1.069983
1401,2025-03,T1,suspicious activity,53.982568,-1.051993
1402,2025-03,T1,suspicious activity,53.982728,-1.048285
1403,2025-03,T1,suspicious activity,53.982728,-1.048285
1404,2025-03,T1,suspicious activity,53.982728,-1.048285
1405,2025-03,T1,suspicious activity,53.982568,-1.051993
1406,2025-03,T1,suspicious activity,53.982728,-1.048285
1407,2025-03,T1,suspicious activity,53.9835,-1.049362
1408,2025-03,T1,suspicious activity,53.9835,-1.049362
1409,2025-03,T1,vandalism,53.98508,-1.048282
1410,2025-03,T1,vandalism,53.98508,-1.048282
1411,2025-03,T1,vandalism,53.986004,-1.055453
1412,2025-03,T1,harassment,53.9835,-1.049362
1413,2025-03,T1,physical assault,53.982568,-1.051993
1414,2025-03,T1,physical assault,53.9835,-1.049362
1415,2025-03,T1,vandalism,53.985222,-1.062272
1416,2025-03,T1,vandalism,53.974178,-1.097861
1417,2025-03,T1,physical assault,53.977675,-1.094386
1418,2025-03,T1,physical assault,53.977458,-1.09654
1419,2025-03,T1,physical assault,53.974178,-1.097861
1420,2025-03,T1,physical assault,53.981083,-1.100488
1421,2025-03,T1,physical assault,53.977675,-1.094386
1422,2025-03,T1,physical assault,53.978434,-1.099691
1423,2025-03,T1,suspicious activity,53.97964,-1.082812
1424,2025-03,T1,suspicious activity,53.985452,-1.097712
1425,2025-03,T1,suspicious activity,53.984013,-1.099326
1426,2025-03,T1,vandalism,53.97964,-1.082812
1427,2025-03,T1,vandalism,53.983763,-1.095509
1428,2025-03,T1,vandalism,53.97964,-1.082812
1429,2025-03,T1,harassment,53.97964,-1.082812
1430,2025-03,T1,physical assault,53.981228,-1.093561
1431,2025-03,T1,physical assault,53.978243,-1.092269
1432,2025-03,T1,physical assault,53.981666,-1.09555
1433,2025-03,T1,suspicious activity,53.981757,-1.101739
1434,2025-03,T1,physical assault,53.98218,-1.103056
1435,2025-03,T1,physical assault,53.965061,-1.091458
1436,2025-03,T1,physical assault,53.967128,-1.087831
1437,2025-03,T1,suspicious activity,53.968493,-1.099692
1438,2025-03,T1,suspicious activity,53.970587,-1.09489
1439,2025-03,T1,suspicious activity,53.967519,-1.101649
1440,2025-03,T1,suspicious activity,53.972728,-1.097512
1441,2025-03,T1,suspicious activity,53.970403,-1.101419
1442,2025-03,T1,suspicious activity,53.969871,-1.095256
1443,2025-03,T1,vandalism,53.972276,-1.097064
1444,2025-03,T1,vandalism,53.971403,-1.095757
1445,2025-03,T1,physical assault,53.967244,-1.09856
1446,2025-03,T1,physical assault,53.969049,-1.097088
1447,2025-03,T1,physical assault,53.967244,-1.09856
1448,2025-03,T1,suspicious activity,53.983977,-1.11508
1449,2025-03,T1,physical assault,53.98521,-1.122603
1450,2025-03,T1,suspicious activity,53.985107,-1.107386
1451,2025-03,T1,physical assault,53.98124,-1.113156
1452,2025-03,T1,physical assault,53.979935,-1.111766
1453,2025-03,T1,physical assault,53.979935,-1.111766
1454,2025-03,T1,suspicious activity,53.976911,-1.107622
1455,2025-03,T1,suspicious activity,53.976911,-1.107622
1456,2025-03,T1,harassment,53.976911,-1.107622
1457,2025-03,T1,physical assault,53.973802,-1.104014
1458,2025-03,T1,suspicious activity,53.968002,-1.05389
1459,2025-03,T1,suspicious activity,53.968002,-1.05389
1460,2025-03,T1,physical assault,53.970379,-1.056693
1461,2025-03,T1,physical assault,53.967925,-1.061792
1462,2025-03,T1,suspicious activity,53.965686,-1.060562
1463,2025-03,T1,physical assault,53.965721,-1.067359
1464,2025-03,T1,suspicious activity,53.974585,-1.06524
1465,2025-03,T1,suspicious activity,53.976827,-1.062263
1466,2025-03,T1,vandalism,53.976827,-1.062263
1467,2025-03,T1,vandalism,53.976827,-1.062263
1468,2025-03,T1,vandalism,53.976596,-1.063808
1469,2025-03,T1,physical assault,53.976827,-1.062263
1470,2025-03,T1,physical assault,53.977342,-1.059217
1471,2025-03,T1,physical assault,53.976596,-1.063808
1472,2025-03,T1,suspicious activity,53.967657,-1.042651
1473,2025-03,T1,harassment,53.96742,-1.04226
1474,2025-03,T1,physical assault,53.969094,-1.041055
1475,2025-03,T1,vandalism,53.971353,-1.085574
1476,2025-03,T1,harassment,53.968952,-1.084285
1477,2025-03,T1,physical assault,53.968952,-1.084285
1478,2025-03,T1,physical assault,53.969333,-1.083514
1479,2025-03,T1,physical assault,53.968952,-1.084285
1480,2025-03,T1,suspicious activity,53.968347,-1.093384
1481,2025-03,T1,vandalism,53.969599,-1.086603
1482,2025-03,T1,vandalism,53.972766,-1.086976
1483,2025-03,T1,physical assault,53.974308,-1.08647
1484,2025-03,T1,suspicious activity,53.974117,-1.089752
1485,2025-03,T1,vandalism,53.973887,-1.091464
1486,2025-03,T1,physical assault,53.974117,-1.089752
1487,2025-03,T1,physical assault,53.974117,-1.089752
1488,2025-03,T1,physical assault,53.974117,-1.089752
1489,2025-03,T1,physical assault,53.974117,-1.089752
1490,2025-03,T1,physical assault,53.974117,-1.089752
1491,2025-03,T1,suspicious activity,53.975967,-1.094316
1492,2025-03,T1,suspicious activity,53.975967,-1.094316
1493,2025-03,T1,suspicious activity,53.974675,-1.094573
1494,2025-03,T1,vandalism,53.977102,-1.092294
1495,2025-03,T1,vandalism,53.977102,-1.092294
1496,2025-03,T1,physical assault,53.975967,-1.094316
1497,2025-03,T1,physical assault,53.975967,-1.094316
1498,2025-03,T1,physical assault,53.975967,-1.094316
1499,2025-03,T1,physical assault,53.975967,-1.094316
1500,2025-03,T1,physical assault,53.975967,-1.094316
1501,2025-03,T1,physical assault,53.975967,-1.094316
1502,2025-03,T1,physical assault,53.975967,-1.094316
1503,2025-03,T1,physical assault,53.974675,-1.094573
1504,2025-03,T1,physical assault,53.974675,-1.094573
1505,2025-03,T1,physical assault,53.975967,-1.094316
1506,2025-03,T1,physical assault,53.974149,-1.094005
1507,2025-03,T1,physical assault,53.974675,-1.094573
1508,2025-03,T1,physical assault,53.975967,-1.094316
1509,2025-03,T1,physical assault,53.975967,-1.094316
1510,2025-03,T1,physical assault,53.973855,-1.093127
1511,2025-03,T1,suspicious activity,53.976532,-1.088251
1512,2025-03,T1,suspicious activity,53.977431,-1.09061
1513,2025-03,T1,suspicious activity,53.976532,-1.088251
1514,2025-03,T1,suspicious activity,53.976532,-1.088251
1515,2025-03,T1,suspicious activity,53.976532,-1.088251
1516,2025-03,T1,suspicious activity,53.979806,-1.085007
1517,2025-03,T1,vandalism,53.976082,-1.083366
1518,2025-03,T1,vandalism,53.979806,-1.085007
1519,2025-03,T1,physical assault,53.972712,-1.084675
1520,2025-03,T1,physical assault,53.976532,-1.088251
1521,2025-03,T1,physical assault,53.976532,-1.088251
1522,2025-03,T1,physical assault,53.976532,-1.088251
1523,2025-03,T1,physical assault,53.976532,-1.088251
1524,2025-03,T1,physical assault,53.976532,-1.088251
1525,2025-03,T1,physical assault,53.976532,-1.088251
1526,2025-03,T1,physical assault,53.973532,-1.084886
1527,2025-03,T1,suspicious activity,53.970918,-1.075735
1528,2025-03,T1,suspicious activity,53.971603,-1.077168
1529,2025-03,T1,vandalism,53.970918,-1.075735
1530,2025-03,T1,physical assault,53.972258,-1.078129
1531,2025-03,T1,physical assault,53.970684,-1.075679
1532,2025-03,T1,physical assault,53.973171,-1.07535
1533,2025-03,T1,suspicious activity,53.968213,-1.07924
1534,2025-03,T1,suspicious activity,53.969642,-1.07805
1535,2025-03,T1,physical assault,53.967821,-1.07623
1536,2025-03,T1,suspicious activity,53.9705,-1.070454
1537,2025-03,T1,suspicious activity,53.9705,-1.070454
1538,2025-03,T1,suspicious activity,53.970844,-1.071925
1539,2025-03,T1,suspicious activity,53.965587,-1.072042
1540,2025-03,T1,suspicious activity,53.965587,-1.072042
1541,2025-03,T1,suspicious activity,53.965587,-1.072042
1542,2025-03,T1,suspicious activity,53.9705,-1.070454
1543,2025-03,T1,suspicious activity,53.965587,-1.072042
1544,2025-03,T1,vandalism,53.965587,-1.072042
1545,2025-03,T1,physical assault,53.966849,-1.069057
1546,2025-03,T1,physical assault,53.966849,-1.069057
1547,2025-03,T1,suspicious activity,53.961624,-1.067588
1548,2025-03,T1,suspicious activity,53.962786,-1.071388
1549,2025-03,T1,suspicious activity,53.963874,-1.058632
1550,2025-03,T1,suspicious activity,53.963874,-1.058632
1551,2025-03,T1,suspicious activity,53.963874,-1.058632
1552,2025-03,T1,suspicious activity,53.963874,-1.058632
1553,2025-03,T1,suspicious activity,53.963012,-1.065713
1554,2025-03,T1,vandalism,53.96177,-1.064414
1555,2025-03,T1,harassment,53.959688,-1.070588
1556,2025-03,T1,harassment,53.964689,-1.067504
1557,2025-03,T1,harassment,53.961588,-1.072131
1558,2025-03,T1,physical assault,53.961588,-1.072131
1559,2025-03,T1,physical assault,53.962448,-1.068316
1560,2025-03,T1,physical assault,53.962448,-1.068316
1561,2025-03,T1,physical assault,53.963628,-1.066385
1562,2025-03,T1,physical assault,53.963628,-1.066385
1563,2025-03,T1,physical assault,53.960859,-1.070836
1564,2025-03,T1,physical assault,53.960859,-1.070836
1565,2025-03,T1,suspicious activity,53.975807,-1.068689
1566,2025-03,T1,suspicious activity,53.977928,-1.068718
1567,2025-03,T1,suspicious activity,53.975807,-1.068689
1568,2025-03,T1,suspicious activity,53.976417,-1.073219
1569,2025-03,T1,vandalism,53.972665,-1.068012
1570,2025-03,T1,vandalism,53.975807,-1.068689
1571,2025-03,T1,harassment,53.976417,-1.073219
1572,2025-03,T1,physical assault,53.977258,-1.06916
1573,2025-03,T1,physical assault,53.975807,-1.068689
1574,2025-03,T1,physical assault,53.977258,-1.06916
1575,2025-03,T1,physical assault,53.976812,-1.066165
1576,2025-03,T1,physical assault,53.977928,-1.068718
1577,2025-03,T1,physical assault,53.972665,-1.068012
1578,2025-03,T1,physical assault,53.975493,-1.072249
1579,2025-03,T1,physical assault,53.975807,-1.068689
1580,2025-03,T1,physical assault,53.973612,-1.070736
1581,2025-03,T1,physical assault,53.977135,-1.067226
1582,2025-03,T1,physical assault,53.962838,-1.126304
1583,2025-03,T1,suspicious activity,53.957952,-1.125477
1584,2025-03,T1,physical assault,53.960895,-1.124821
1585,2025-03,T1,suspicious activity,53.965959,-1.12162
1586,2025-03,T1,suspicious activity,53.967603,-1.125183
1587,2025-03,T1,suspicious activity,53.968021,-1.120906
1588,2025-03,T1,physical assault,53.965959,-1.12162
1589,2025-03,T1,suspicious activity,53.964065,-1.118261
1590,2025-03,T1,suspicious activity,53.964065,-1.118261
1591,2025-03,T1,suspicious activity,53.964065,-1.118261
1592,2025-03,T1,vandalism,53.966354,-1.120347
1593,2025-03,T1,vandalism,53.966354,-1.120347
1594,2025-03,T1,harassment,53.963587,-1.120542
1595,2025-03,T1,harassment,53.966354,-1.120347
1596,2025-03,T1,physical assault,53.963587,-1.120542
1597,2025-03,T1,physical assault,53.966354,-1.120347
1598,2025-03,T1,suspicious activity,53.961677,-1.084962
1599,2025-03,T1,suspicious activity,53.965236,-1.083726
1600,2025-03,T1,suspicious activity,53.960122,-1.084517
1601,2025-03,T1,suspicious activity,53.960387,-1.085585
1602,2025-03,T1,suspicious activity,53.961067,-1.082827
1603,2025-03,T1,suspicious activity,53.963813,-1.085693
1604,2025-03,T1,suspicious activity,53.965236,-1.083726
1605,2025-03,T1,suspicious activity,53.959662,-1.081996
1606,2025-03,T1,suspicious activity,53.961067,-1.082827
1607,2025-03,T1,suspicious activity,53.959782,-1.083212
1608,2025-03,T1,suspicious activity,53.962526,-1.089105
1609,2025-03,T1,suspicious activity,53.96114,-1.081758
1610,2025-03,T1,suspicious activity,53.965833,-1.088257
1611,2025-03,T1,suspicious activity,53.966468,-1.079095
1612,2025-03,T1,suspicious activity,53.961067,-1.082827
1613,2025-03,T1,suspicious activity,53.959662,-1.081996
1614,2025-03,T1,suspicious activity,53.960122,-1.084517
1615,2025-03,T1,suspicious activity,53.967163,-1.079446
1616,2025-03,T1,suspicious activity,53.957868,-1.082866
1617,2025-03,T1,suspicious activity,53.961927,-1.090718
1618,2025-03,T1,suspicious activity,53.960122,-1.084517
1619,2025-03,T1,suspicious activity,53.960122,-1.084517
1620,2025-03,T1,suspicious activity,53.957537,-1.083087
1621,2025-03,T1,suspicious activity,53.961067,-1.082827
1622,2025-03,T1,suspicious activity,53.961677,-1.084962
1623,2025-03,T1,suspicious activity,53.961677,-1.084962
1624,2025-03,T1,suspicious activity,53.962948,-1.085422
1625,2025-03,T1,suspicious activity,53.964249,-1.08512
1626,2025-03,T1,suspicious activity,53.960122,-1.084517
1627,2025-03,T1,suspicious activity,53.966683,-1.082505
1628,2025-03,T1,suspicious activity,53.961067,-1.082827
1629,2025-03,T1,suspicious activity,53.957868,-1.082866
1630,2025-03,T1,vandalism,53.961927,-1.090718
1631,2025-03,T1,vandalism,53.964249,-1.08512
1632,2025-03,T1,vandalism,53.966263,-1.0841
1633,2025-03,T1,vandalism,53.959662,-1.081996
1634,2025-03,T1,harassment,53.960122,-1.084517
1635,2025-03,T1,physical assault,53.959662,-1.081996
1636,2025-03,T1,physical assault,53.966683,-1.082505
1637,2025-03,T1,physical assault,53.966635,-1.080997
1638,2025-03,T1,physical assault,53.968124,-1.081757
1639,2025-03,T1,physical assault,53.959662,-1.081996
1640,2025-03,T1,physical assault,53.957537,-1.083087
1641,2025-03,T1,physical assault,53.961067,-1.082827
1642,2025-03,T1,physical assault,53.965236,-1.083726
1643,2025-03,T1,physical assault,53.966683,-1.082505
1644,2025-03,T1,physical assault,53.957537,-1.083087
1645,2025-03,T1,physical assault,53.959662,-1.081996
1646,2025-03,T1,physical assault,53.963813,-1.085693
1647,2025-03,T1,physical assault,53.961677,-1.084962
1648,2025-03,T1,physical assault,53.960793,-1.084601
1649,2025-03,T1,physical assault,53.964249,-1.08512
1650,2025-03,T1,physical assault,53.966683,-1.082505
1651,2025-03,T1,physical assault,53.960387,-1.085585
1652,2025-03,T1,physical assault,53.961067,-1.082827
1653,2025-03,T1,physical assault,53.961067,-1.082827
1654,2025-03,T1,physical assault,53.961677,-1.084962
1655,2025-03,T1,physical assault,53.964189,-1.087895
1656,2025-03,T1,physical assault,53.959662,-1.081996
1657,2025-03,T1,physical assault,53.959782,-1.083212
1658,2025-03,T1,physical assault,53.961369,-1.085884
1659,2025-03,T1,physical assault,53.968124,-1.081757
1660,2025-03,T1,physical assault,53.960793,-1.084601
1661,2025-03,T1,physical assault,53.960122,-1.084517
1662,2025-03,T1,physical assault,53.960793,-1.084601
1663,2025-03,T1,physical assault,53.958528,-1.083246
1664,2025-03,T1,physical assault,53.960722,-1.081082
1665,2025-03,T1,physical assault,53.958528,-1.083246
1666,2025-03,T1,physical assault,53.958528,-1.083246
1667,2025-03,T1,physical assault,53.957537,-1.083087
1668,2025-03,T1,physical assault,53.957868,-1.082866
1669,2025-03,T1,physical assault,53.968124,-1.081757
1670,2025-03,T1,physical assault,53.957537,-1.083087
1671,2025-03,T1,physical assault,53.960793,-1.084601
1672,2025-03,T1,physical assault,53.957537,-1.083087
1673,2025-03,T1,physical assault,53.959662,-1.081996
1674,2025-03,T1,physical assault,53.957868,-1.082866
1675,2025-03,T1,physical assault,53.966635,-1.080997
1676,2025-03,T1,physical assault,53.959782,-1.083212
1677,2025-03,T1,physical assault,53.961677,-1.084962
1678,2025-03,T1,physical assault,53.957537,-1.083087
1679,2025-03,T1,physical assault,53.957868,-1.082866
1680,2025-03,T1,physical assault,53.957537,-1.083087
1681,2025-03,T1,physical assault,53.958528,-1.083246
1682,2025-03,T1,physical assault,53.958528,-1.083246
1683,2025-03,T1,physical assault,53.957537,-1.083087
1684,2025-03,T1,physical assault,53.960793,-1.084601
1685,2025-03,T1,physical assault,53.957868,-1.082866
1686,2025-03,T1,physical assault,53.967163,-1.079446
1687,2025-03,T1,physical assault,53.964189,-1.087895
1688,2025-03,T1,physical assault,53.968124,-1.081757
1689,2025-03,T1,physical assault,53.957537,-1.083087
1690,2025-03,T1,physical assault,53.961677,-1.084962
1691,2025-03,T1,suspicious activity,53.962102,-1.078216
1692,2025-03,T1,suspicious activity,53.962102,-1.078216
1693,2025-03,T1,suspicious activity,53.961524,-1.075501
1694,2025-03,T1,suspicious activity,53.960778,-1.079084
1695,2025-03,T1,suspicious activity,53.961524,-1.075501
1696,2025-03,T1,suspicious activity,53.965454,-1.074713
1697,2025-03,T1,suspicious activity,53.964749,-1.078768
1698,2025-03,T1,vandalism,53.96503,-1.076825
1699,2025-03,T1,harassment,53.965454,-1.074713
1700,2025-03,T1,physical assault,53.96619,-1.07683
1701,2025-03,T1,physical assault,53.960778,-1.079084
1702,2025-03,T1,physical assault,53.966859,-1.077395
1703,2025-03,T1,physical assault,53.962781,-1.078902
1704,2025-03,T1,physical assault,53.962781,-1.078902
1705,2025-03,T1,physical assault,53.962781,-1.078902
1706,2025-03,T1,physical assault,53.96256,-1.079364
1707,2025-03,T1,physical assault,53.961524,-1.075501
1708,2025-03,T1,physical assault,53.96619,-1.07683
1709,2025-03,T1,physical assault,53.966859,-1.077395
1710,2025-03,T1,physical assault,53.96619,-1.07683
1711,2025-03,T1,suspicious activity,53.954621,-1.093194
1712,2025-03,T1,suspicious activity,53.954621,-1.093194
1713,2025-03,T1,suspicious activity,53.952733,-1.088374
1714,2025-03,T1,suspicious activity,53.954804,-1.092428
1715,2025-03,T1,suspicious activity,53.953497,-1.090765
1716,2025-03,T1,suspicious activity,53.956259,-1.092335
1717,2025-03,T1,suspicious activity,53.954621,-1.093194
1718,2025-03,T1,vandalism,53.952955,-1.088079
1719,2025-03,T1,vandalism,53.951281,-1.090173
1720,2025-03,T1,harassment,53.952204,-1.085002
1721,2025-03,T1,harassment,53.953709,-1.089145
1722,2025-03,T1,physical assault,53.951793,-1.08655
1723,2025-03,T1,physical assault,53.952733,-1.088374
1724,2025-03,T1,physical assault,53.953677,-1.087195
1725,2025-03,T1,physical assault,53.953497,-1.090765
1726,2025-03,T1,physical assault,53.952955,-1.088079
1727,2025-03,T1,physical assault,53.955025,-1.089634
1728,2025-03,T1,physical assault,53.952955,-1.088079
1729,2025-03,T1,physical assault,53.952955,-1.088079
1730,2025-03,T1,physical assault,53.954621,-1.093194
1731,2025-03,T1,suspicious activity,53.958317,-1.071167
1732,2025-03,T1,suspicious activity,53.958399,-1.068879
1733,2025-03,T1,suspicious activity,53.955333,-1.074647
1734,2025-03,T1,suspicious activity,53.959053,-1.079183
1735,2025-03,T1,suspicious activity,53.9554,-1.072431
1736,2025-03,T1,suspicious activity,53.956109,-1.071475
1737,2025-03,T1,suspicious activity,53.959851,-1.073084
1738,2025-03,T1,suspicious activity,53.95439,-1.07524
1739,2025-03,T1,suspicious activity,53.9554,-1.072431
1740,2025-03,T1,suspicious activity,53.959053,-1.079183
1741,2025-03,T1,suspicious activity,53.956109,-1.071475
1742,2025-03,T1,suspicious activity,53.954973,-1.068788
1743,2025-03,T1,suspicious activity,53.957761,-1.072414
1744,2025-03,T1,suspicious activity,53.960694,-1.075123
1745,2025-03,T1,vandalism,53.959068,-1.074092
1746,2025-03,T1,vandalism,53.959068,-1.074092
1747,2025-03,T1,vandalism,53.959167,-1.064838
1748,2025-03,T1,physical assault,53.95439,-1.07524
1749,2025-03,T1,physical assault,53.959245,-1.078355
1750,2025-03,T1,physical assault,53.957344,-1.071981
1751,2025-03,T1,physical assault,53.959167,-1.064838
1752,2025-03,T1,physical assault,53.957761,-1.072414
1753,2025-03,T1,physical assault,53.95612,-1.067162
1754,2025-03,T1,physical assault,53.956741,-1.071873
1755,2025-03,T1,physical assault,53.956109,-1.071475
1756,2025-03,T1,physical assault,53.9554,-1.072431
1757,2025-03,T1,physical assault,53.956372,-1.074106
1758,2025-03,T1,suspicious activity,53.957775,-1.093125
1759,2025-03,T1,suspicious activity,53.958796,-1.086732
1760,2025-03,T1,suspicious activity,53.957775,-1.093125
1761,2025-03,T1,suspicious activity,53.959055,-1.087626
1762,2025-03,T1,suspicious activity,53.958398,-1.092228
1763,2025-03,T1,suspicious activity,53.957377,-1.089263
1764,2025-03,T1,suspicious activity,53.957585,-1.089426
1765,2025-03,T1,suspicious activity,53.958398,-1.092228
1766,2025-03,T1,suspicious activity,53.959055,-1.087626
1767,2025-03,T1,suspicious activity,53.958398,-1.092228
1768,2025-03,T1,suspicious activity,53.958398,-1.092228
1769,2025-03,T1,suspicious activity,53.957585,-1.089426
1770,2025-03,T1,suspicious activity,53.957273,-1.084983
1771,2025-03,T1,suspicious activity,53.957377,-1.089263
1772,2025-03,T1,suspicious activity,53.95615,-1.090996
1773,2025-03,T1,suspicious activity,53.959055,-1.087626
1774,2025-03,T1,suspicious activity,53.959055,-1.087626
1775,2025-03,T1,suspicious activity,53.959155,-1.09023
1776,2025-03,T1,suspicious activity,53.957273,-1.084983
1777,2025-03,T1,suspicious activity,53.95816,-1.088164
1778,2025-03,T1,suspicious activity,53.957273,-1.084983
1779,2025-03,T1,suspicious activity,53.957585,-1.089426
1780,2025-03,T1,suspicious activity,53.957046,-1.09055
1781,2025-03,T1,suspicious activity,53.957139,-1.088597
1782,2025-03,T1,suspicious activity,53.957585,-1.089426
1783,2025-03,T1,suspicious activity,53.956767,-1.085832
1784,2025-03,T1,suspicious activity,53.95615,-1.090996
1785,2025-03,T1,suspicious activity,53.957585,-1.089426
1786,2025-03,T1,suspicious activity,53.955925,-1.089752
1787,2025-03,T1,suspicious activity,53.953905,-1.081795
1788,2025-03,T1,suspicious activity,53.958167,-1.085481
1789,2025-03,T1,vandalism,53.958167,-1.085481
1790,2025-03,T1,harassment,53.957808,-1.086785
1791,2025-03,T1,harassment,53.957273,-1.084983
1792,2025-03,T1,harassment,53.957831,-1.087409
1793,2025-03,T1,physical assault,53.957808,-1.086785
1794,2025-03,T1,physical assault,53.957808,-1.086785
1795,2025-03,T1,physical assault,53.957377,-1.089263
1796,2025-03,T1,physical assault,53.959055,-1.087626
1797,2025-03,T1,physical assault,53.957377,-1.089263
1798,2025-03,T1,physical assault,53.957585,-1.089426
1799,2025-03,T1,physical assault,53.957808,-1.086785
1800,2025-03,T1,physical assault,53.957831,-1.087409
1801,2025-03,T1,physical assault,53.957808,-1.086785
1802,2025-03,T1,physical assault,53.957273,-1.084983
1803,2025-03,T1,physical assault,53.95615,-1.090996
1804,2025-03,T1,physical assault,53.957831,-1.087409
1805,2025-03,T1,physical assault,53.957139,-1.088597
1806,2025-03,T1,physical assault,53.957139,-1.088597
1807,2025-03,T1,physical assault,53.958796,-1.086732
1808,2025-03,T1,physical assault,53.95615,-1.090996
1809,2025-03,T1,physical assault,53.959155,-1.09023
1810,2025-03,T1,physical assault,53.95615,-1.090996
1811,2025-03,T1,physical assault,53.957273,-1.084983
1812,2025-03,T1,physical assault,53.96043,-1.091223
1813,2025-03,T1,physical assault,53.957831,-1.087409
1814,2025-03,T1,physical assault,53.959055,-1.087626
1815,2025-03,T1,physical assault,53.957808,-1.086785
1816,2025-03,T1,physical assault,53.953905,-1.081795
1817,2025-03,T1,physical assault,53.957273,-1.084983
1818,2025-03,T1,physical assault,53.957831,-1.087409
1819,2025-03,T1,physical assault,53.957808,-1.086785
1820,2025-03,T1,physical assault,53.957273,-1.084983
1821,2025-03,T1,physical assault,53.957273,-1.084983
1822,2025-03,T1,physical assault,53.957808,-1.086785
1823,2025-03,T1,physical assault,53.957273,-1.084983
1824,2025-03,T1,physical assault,53.95615,-1.090996
1825,2025-03,T1,physical assault,53.957273,-1.084983
1826,2025-03,T1,physical assault,53.96043,-1.091223
1827,2025-03,T1,physical assault,53.957831,-1.087409
1828,2025-03,T1,physical assault,53.96043,-1.091223
1829,2025-03,T1,physical assault,53.957808,-1.086785
1830,2025-03,T1,physical assault,53.96043,-1.091223
1831,2025-03,T1,physical assault,53.957585,-1.089426
1832,2025-03,T1,suspicious activity,53.955365,-1.083485
1833,2025-03,T1,suspicious activity,53.955952,-1.085012
1834,2025-03,T1,suspicious activity,53.956495,-1.08788
1835,2025-03,T1,suspicious activity,53.955365,-1.083485
1836,2025-03,T1,vandalism,53.955696,-1.085627
1837,2025-03,T1,harassment,53.956495,-1.08788
1838,2025-03,T1,suspicious activity,53.959281,-1.084118
1839,2025-03,T1,suspicious activity,53.958689,-1.0798
1840,2025-03,T1,suspicious activity,53.957862,-1.082339
1841,2025-03,T1,suspicious activity,53.957862,-1.082339
1842,2025-03,T1,suspicious activity,53.957819,-1.079324
1843,2025-03,T1,suspicious activity,53.95525,-1.075563
1844,2025-03,T1,suspicious activity,53.95706,-1.080659
1845,2025-03,T1,suspicious activity,53.959658,-1.080632
1846,2025-03,T1,suspicious activity,53.960121,-1.080058
1847,2025-03,T1,suspicious activity,53.959281,-1.084118
1848,2025-03,T1,suspicious activity,53.955888,-1.078993
1849,2025-03,T1,suspicious activity,53.958346,-1.080242
1850,2025-03,T1,suspicious activity,53.959281,-1.084118
1851,2025-03,T1,suspicious activity,53.957819,-1.079324
1852,2025-03,T1,suspicious activity,53.956623,-1.077529
1853,2025-03,T1,suspicious activity,53.957819,-1.079324
1854,2025-03,T1,suspicious activity,53.95525,-1.075563
1855,2025-03,T1,suspicious activity,53.957819,-1.079324
1856,2025-03,T1,suspicious activity,53.958303,-1.078605
1857,2025-03,T1,suspicious activity,53.958816,-1.076323
1858,2025-03,T1,suspicious activity,53.957819,-1.079324
1859,2025-03,T1,suspicious activity,53.95706,-1.080659
1860,2025-03,T1,suspicious activity,53.954439,-1.077608
1861,2025-03,T1,suspicious activity,53.956434,-1.076345
1862,2025-03,T1,suspicious activity,53.954439,-1.077608
1863,2025-03,T1,suspicious activity,53.958425,-1.076895
1864,2025-03,T1,suspicious activity,53.957819,-1.079324
1865,2025-03,T1,suspicious activity,53.957006,-1.072492
1866,2025-03,T1,suspicious activity,53.95869,-1.082269
1867,2025-03,T1,suspicious activity,53.959281,-1.084118
1868,2025-03,T1,suspicious activity,53.95728,-1.082376
1869,2025-03,T1,suspicious activity,53.956904,-1.082507
1870,2025-03,T1,suspicious activity,53.956866,-1.08234
1871,2025-03,T1,suspicious activity,53.956944,-1.081896
1872,2025-03,T1,suspicious activity,53.954439,-1.077608
1873,2025-03,T1,suspicious activity,53.956623,-1.077529
1874,2025-03,T1,vandalism,53.960121,-1.080058
1875,2025-03,T1,vandalism,53.958919,-1.080451
1876,2025-03,T1,vandalism,53.95869,-1.082269
1877,2025-03,T1,vandalism,53.957862,-1.082339
1878,2025-03,T1,vandalism,53.959658,-1.080632
1879,2025-03,T1,vandalism,53.956569,-1.08224
1880,2025-03,T1,vandalism,53.954643,-1.076003
1881,2025-03,T1,vandalism,53.960121,-1.080058
1882,2025-03,T1,physical assault,53.95728,-1.082376
1883,2025-03,T1,harassment,53.957862,-1.082339
1884,2025-03,T1,harassment,53.959658,-1.080632
1885,2025-03,T1,harassment,53.959281,-1.084118
1886,2025-03,T1,harassment,53.956944,-1.081896
1887,2025-03,T1,harassment,53.959281,-1.084118
1888,2025-03,T1,robbery,53.958346,-1.080242
1889,2025-03,T1,physical assault,53.958346,-1.080242
1890,2025-03,T1,physical assault,53.959658,-1.080632
1891,2025-03,T1,physical assault,53.956904,-1.082507
1892,2025-03,T1,physical assault,53.957819,-1.079324
1893,2025-03,T1,physical assault,53.958064,-1.08143
1894,2025-03,T1,physical assault,53.959281,-1.084118
1895,2025-03,T1,physical assault,53.956866,-1.08234
1896,2025-03,T1,physical assault,53.95706,-1.080659
1897,2025-03,T1,physical assault,53.959281,-1.084118
1898,2025-03,T1,physical assault,53.959281,-1.084118
1899,2025-03,T1,physical assault,53.957819,-1.079324
1900,2025-03,T1,physical assault,53.960121,-1.080058
1901,2025-03,T1,physical assault,53.957862,-1.082339
1902,2025-03,T1,physical assault,53.957862,-1.082339
1903,2025-03,T1,physical assault,53.95728,-1.082376
1904,2025-03,T1,physical assault,53.957139,-1.076817
1905,2025-03,T1,physical assault,53.95728,-1.082376
1906,2025-03,T1,physical assault,53.956836,-1.079597
1907,2025-03,T1,physical assault,53.956866,-1.08234
1908,2025-03,T1,physical assault,53.956609,-1.0734
1909,2025-03,T1,physical assault,53.959281,-1.084118
1910,2025-03,T1,physical assault,53.959658,-1.080632
1911,2025-03,T1,physical assault,53.95728,-1.082376
1912,2025-03,T1,physical assault,53.958064,-1.08143
1913,2025-03,T1,physical assault,53.958064,-1.08143
1914,2025-03,T1,physical assault,53.95728,-1.082376
1915,2025-03,T1,physical assault,53.956866,-1.08234
1916,2025-03,T1,physical assault,53.95728,-1.082376
1917,2025-03,T1,physical assault,53.956597,-1.074131
1918,2025-03,T1,physical assault,53.957862,-1.082339
1919,2025-03,T1,physical assault,53.957819,-1.079324
1920,2025-03,T1,physical assault,53.959281,-1.084118
1921,2025-03,T1,physical assault,53.959281,-1.084118
1922,2025-03,T1,physical assault,53.954439,-1.077608
1923,2025-03,T1,physical assault,53.956609,-1.0734
1924,2025-03,T1,physical assault,53.95869,-1.082269
1925,2025-03,T1,physical assault,53.956569,-1.08224
1926,2025-03,T1,suspicious activity,53.964242,-1.0484
1927,2025-03,T1,suspicious activity,53.966774,-1.049181
1928,2025-03,T1,suspicious activity,53.959875,-1.050816
1929,2025-03,T1,suspicious activity,53.964656,-1.050155
1930,2025-03,T1,vandalism,53.959875,-1.050816
1931,2025-03,T1,vandalism,53.959875,-1.050816
1932,2025-03,T1,harassment,53.964242,-1.0484
1933,2025-03,T1,physical assault,53.965449,-1.049881
1934,2025-03,T1,physical assault,53.965449,-1.049881
1935,2025-03,T1,suspicious activity,53.950621,-1.037723
1936,2025-03,T1,suspicious activity,53.951034,-1.039908
1937,2025-03,T1,suspicious activity,53.950621,-1.037723
1938,2025-03,T1,harassment,53.953483,-1.035875
1939,2025-03,T1,physical assault,53.950621,-1.037723
1940,2025-03,T1,physical assault,53.95221,-1.044178
1941,2025-03,T1,physical assault,53.950621,-1.037723
1942,2025-03,T1,physical assault,53.953803,-1.045575
1943,2025-03,T1,physical assault,53.950621,-1.037723
1944,2025-03,T1,physical assault,53.950621,-1.037723
1945,2025-03,T1,physical assault,53.95221,-1.044178
1946,2025-03,T1,physical assault,53.950621,-1.037723
1947,2025-03,T1,physical assault,53.95221,-1.044178
1948,2025-03,T1,physical assault,53.953803,-1.045575
1949,2025-03,T1,physical assault,53.951034,-1.039908
1950,2025-03,T1,suspicious activity,53.959784,-1.035973
1951,2025-03,T1,suspicious activity,53.960113,-1.044647
1952,2025-03,T1,suspicious activity,53.959398,-1.043938
1953,2025-03,T1,suspicious activity,53.957998,-1.039733
1954,2025-03,T1,suspicious activity,53.960113,-1.044647
1955,2025-03,T1,vandalism,53.961592,-1.041815
1956,2025-03,T1,vandalism,53.9592,-1.042096
1957,2025-03,T1,physical assault,53.961092,-1.041079
1958,2025-03,T1,physical assault,53.95802,-1.043573
1959,2025-03,T1,physical assault,53.959784,-1.035973
1960,2025-03,T1,physical assault,53.956588,-1.036489
1961,2025-03,T1,physical assault,53.961592,-1.041815
1962,2025-03,T1,physical assault,53.961092,-1.041079
1963,2025-03,T1,physical assault,53.959784,-1.035973
1964,2025-03,T1,physical assault,53.959398,-1.043938
1965,2025-03,T1,suspicious activity,53.960223,-1.05458
1966,2025-03,T1,vandalism,53.961002,-1.053488
1967,2025-03,T1,vandalism,53.961232,-1.05423
1968,2025-03,T1,harassment,53.961232,-1.05423
1969,2025-03,T1,physical assault,53.961236,-1.051288
1970,2025-03,T1,physical assault,53.961002,-1.053488
1971,2025-03,T1,physical assault,53.961362,-1.059318
1972,2025-03,T1,physical assault,53.961232,-1.05423
1973,2025-03,T1,physical assault,53.960119,-1.05898
1974,2025-03,T1,physical assault,53.961002,-1.053488
1975,2025-03,T1,suspicious activity,53.954726,-1.042963
1976,2025-03,T1,vandalism,53.955986,-1.045433
1977,2025-03,T1,robbery,53.957665,-1.041813
1978,2025-03,T1,physical assault,53.957454,-1.046969
1979,2025-03,T1,physical assault,53.957454,-1.046969
1980,2025-03,T1,suspicious activity,53.956238,-1.057091
1981,2025-03,T1,suspicious activity,53.956238,-1.057091
1982,2025-03,T1,suspicious activity,53.958134,-1.056815
1983,2025-03,T1,suspicious activity,53.959125,-1.057173
1984,2025-03,T1,suspicious activity,53.956937,-1.054312
1985,2025-03,T1,vandalism,53.957885,-1.059518
1986,2025-03,T1,physical assault,53.959111,-1.054202
1987,2025-03,T1,physical assault,53.956544,-1.06159
1988,2025-03,T1,physical assault,53.958459,-1.057824
1989,2025-03,T1,physical assault,53.958459,-1.057824
1990,2025-03,T1,physical assault,53.959111,-1.054202
1991,2025-03,T1,physical assault,53.956544,-1.06159
1992,2025-03,T1,suspicious activity,53.955128,-1.06438
1993,2025-03,T1,vandalism,53.956321,-1.062951
1994,2025-03,T1,vandalism,53.955988,-1.059438
1995,2025-03,T1,harassment,53.955589,-1.061322
1996,2025-03,T1,harassment,53.955819,-1.064273
1997,2025-03,T1,physical assault,53.956321,-1.062951
1998,2025-03,T1,suspicious activity,53.956407,-1.047801
1999,2025-03,T1,suspicious activity,53.958105,-1.050744
2000,2025-03,T1,suspicious activity,53.956407,-1.047801
2001,2025-03,T1,suspicious activity,53.956407,-1.047801
2002,2025-03,T1,suspicious activity,53.959091,-1.049464
2003,2025-03,T1,physical assault,53.956407,-1.047801
2004,2025-03,T1,physical assault,53.959202,-1.051466
2005,2025-03,T1,physical assault,53.959202,-1.051466
2006,2025-03,T1,suspicious activity,53.953478,-1.059144
2007,2025-03,T1,suspicious activity,53.953478,-1.059144
2008,2025-03,T1,suspicious activity,53.954962,-1.052375
2009,2025-03,T1,physical assault,53.95342,-1.05177
2010,2025-03,T1,physical assault,53.953615,-1.052573
2011,2025-03,T1,suspicious activity,53.960426,-1.115991
2012,2025-03,T1,suspicious activity,53.95853,-1.114751
2013,2025-03,T1,suspicious activity,53.962287,-1.114747
2014,2025-03,T1,vandalism,53.960808,-1.112934
2015,2025-03,T1,vandalism,53.960808,-1.112934
2016,2025-03,T1,physical assault,53.960507,-1.114785
2017,2025-03,T1,physical assault,53.961849,-1.112714
2018,2025-03,T1,physical assault,53.960605,-1.112237
2019,2025-03,T1,physical assault,53.960808,-1.112934
2020,2025-03,T1,physical assault,53.960507,-1.114785
2021,2025-03,T1,physical assault,53.957517,-1.116372
2022,2025-03,T1,physical assault,53.960586,-1.118212
2023,2025-03,T1,physical assault,53.960911,-1.119532
2024,2025-03,T1,physical assault,53.957259,-1.119258
2025,2025-03,T1,physical assault,53.960911,-1.119532
2026,2025-03,T1,physical assault,53.956966,-1.118502
2027,2025-03,T1,suspicious activity,53.953529,-1.110681
2028,2025-03,T1,suspicious activity,53.95513,-1.107127
2029,2025-03,T1,suspicious activity,53.956194,-1.111234
2030,2025-03,T1,suspicious activity,53.95513,-1.107127
2031,2025-03,T1,vandalism,53.956194,-1.111234
2032,2025-03,T1,physical assault,53.956194,-1.111234
2033,2025-03,T1,physical assault,53.956194,-1.111234
2034,2025-03,T1,physical assault,53.956194,-1.111234
2035,2025-03,T1,physical assault,53.956194,-1.111234
2036,2025-03,T1,physical assault,53.95513,-1.107127
2037,2025-03,T1,physical assault,53.956194,-1.111234
2038,2025-03,T1,suspicious activity,53.956402,-1.120136
2039,2025-03,T1,suspicious activity,53.956182,-1.116964
2040,2025-03,T1,suspicious activity,53.952719,-1.112908
2041,2025-03,T1,suspicious activity,53.956402,-1.120136
2042,2025-03,T1,vandalism,53.956086,-1.118597
2043,2025-03,T1,vandalism,53.956086,-1.118597
2044,2025-03,T1,vandalism,53.955422,-1.113811
2045,2025-03,T1,physical assault,53.956402,-1.120136
2046,2025-03,T1,physical assault,53.956402,-1.120136
2047,2025-03,T1,suspicious activity,53.955363,-1.125394
2048,2025-03,T1,suspicious activity,53.955363,-1.125394
2049,2025-03,T1,suspicious activity,53.955363,-1.125394
2050,2025-03,T1,suspicious activity,53.953404,-1.122997
2051,2025-03,T1,vandalism,53.953404,-1.122997
2052,2025-03,T1,vandalism,53.955337,-1.121859
2053,2025-03,T1,harassment,53.955363,-1.125394
2054,2025-03,T1,physical assault,53.955006,-1.124472
2055,2025-03,T1,physical assault,53.952246,-1.126861
2056,2025-03,T1,suspicious activity,53.950359,-1.124478
2057,2025-03,T1,vandalism,53.950359,-1.124478
2058,2025-03,T1,vandalism,53.950359,-1.124478
2059,2025-03,T1,physical assault,53.950359,-1.124478
2060,2025-03,T1,physical assault,53.950359,-1.124478
2061,2025-03,T1,suspicious activity,53.963488,-1.10579
2062,2025-03,T1,suspicious activity,53.963392,-1.104984
2063,2025-03,T1,suspicious activity,53.965141,-1.105678
2064,2025-03,T1,suspicious activity,53.963488,-1.10579
2065,2025-03,T1,harassment,53.964314,-1.105696
2066,2025-03,T1,physical assault,53.965424,-1.106327
2067,2025-03,T1,physical assault,53.964808,-1.104435
2068,2025-03,T1,physical assault,53.964808,-1.104435
2069,2025-03,T1,physical assault,53.965424,-1.106327
2070,2025-03,T1,physical assault,53.965424,-1.106327
2071,2025-03,T1,physical assault,53.965424,-1.106327
2072,2025-03,T1,suspicious activity,53.963091,-1.109243
2073,2025-03,T1,suspicious activity,53.954564,-1.108404
2074,2025-03,T1,suspicious activity,53.963103,-1.107215
2075,2025-03,T1,suspicious activity,53.954922,-1.102133
2076,2025-03,T1,vandalism,53.960657,-1.102223
2077,2025-03,T1,physical assault,53.960716,-1.10053
2078,2025-03,T1,physical assault,53.955822,-1.102372
2079,2025-03,T1,physical assault,53.954365,-1.099859
2080,2025-03,T1,physical assault,53.955471,-1.099881
2081,2025-03,T1,physical assault,53.954365,-1.099859
2082,2025-03,T1,suspicious activity,53.953409,-1.100641
2083,2025-03,T1,suspicious activity,53.950993,-1.108099
2084,2025-03,T1,suspicious activity,53.949297,-1.107251
2085,2025-03,T1,suspicious activity,53.953409,-1.100641
2086,2025-03,T1,suspicious activity,53.949804,-1.108977
2087,2025-03,T1,vandalism,53.954449,-1.100253
2088,2025-03,T1,harassment,53.954449,-1.100253
2089,2025-03,T1,physical assault,53.954449,-1.100253
2090,2025-03,T1,suspicious activity,53.947133,-1.087094
2091,2025-03,T1,physical assault,53.949339,-1.08892
2092,2025-03,T1,suspicious activity,53.952811,-1.092761
2093,2025-03,T1,harassment,53.952661,-1.097975
2094,2025-03,T1,physical assault,53.948813,-1.102523
2095,2025-03,T1,suspicious activity,53.948397,-1.122964
2096,2025-03,T1,suspicious activity,53.945749,-1.120872
2097,2025-03,T1,vandalism,53.946559,-1.119803
2098,2025-03,T1,vandalism,53.944104,-1.120861
2099,2025-03,T1,vandalism,53.945775,-1.120825
2100,2025-03,T1,vandalism,53.946346,-1.11897
2101,2025-03,T1,physical assault,53.942931,-1.1264
2102,2025-03,T1,physical assault,53.944104,-1.120861
2103,2025-03,T1,physical assault,53.945775,-1.120825
2104,2025-03,T1,physical assault,53.944104,-1.120861
2105,2025-03,T1,physical assault,53.946346,-1.11897
2106,2025-03,T1,physical assault,53.946346,-1.11897
2107,2025-03,T1,physical assault,53.944801,-1.12677
2108,2025-03,T1,physical assault,53.947482,-1.120637
2109,2025-03,T1,physical assault,53.947482,-1.120637
2110,2025-03,T1,physical assault,53.945307,-1.124431
2111,2025-03,T1,physical assault,53.944104,-1.120861
2112,2025-03,T1,physical assault,53.945307,-1.124431
2113,2025-03,T1,physical assault,53.942931,-1.1264
2114,2025-03,T1,suspicious activity,53.948567,-1.125231
2115,2025-03,T1,suspicious activity,53.948567,-1.125231
2116,2025-03,T1,vandalism,53.948905,-1.127266
2117,2025-03,T1,vandalism,53.948905,-1.127266
2118,2025-03,T1,physical assault,53.948905,-1.127266
2119,2025-03,T1,physical assault,53.948905,-1.127266
2120,2025-03,T1,physical assault,53.948567,-1.125231
2121,2025-03,T1,physical assault,53.948567,-1.125231
2122,2025-03,T1,vandalism,53.941545,-1.126216
2123,2025-03,T1,suspicious activity,53.93918,-1.067464
2124,2025-03,T1,suspicious activity,53.940784,-1.072964
2125,2025-03,T1,suspicious activity,53.93918,-1.067464
2126,2025-03,T1,suspicious activity,53.940907,-1.069985
2127,2025-03,T1,vandalism,53.940907,-1.069985
2128,2025-03,T1,harassment,53.940784,-1.072964
2129,2025-03,T1,vandalism,53.945059,-1.07684
2130,2025-03,T1,vandalism,53.950476,-1.076553
2131,2025-03,T1,physical assault,53.950476,-1.076553
2132,2025-03,T1,physical assault,53.945126,-1.074961
2133,2025-03,T1,vandalism,53.947636,-1.071877
2134,2025-03,T1,physical assault,53.94649,-1.072405
2135,2025-03,T1,harassment,53.94649,-1.072405
2136,2025-03,T1,harassment,53.94649,-1.072405
2137,2025-03,T1,harassment,53.94649,-1.072405
2138,2025-03,T1,harassment,53.94649,-1.072405
2139,2025-03,T1,harassment,53.94649,-1.072405
2140,2025-03,T1,physical assault,53.94649,-1.072405
2141,2025-03,T1,physical assault,53.946518,-1.076046
2142,2025-03,T1,physical assault,53.94649,-1.072405
2143,2025-03,T1,physical assault,53.947209,-1.073654
2144,2025-03,T1,physical assault,53.946614,-1.074596
2145,2025-03,T1,suspicious activity,53.953584,-1.059995
2146,2025-03,T1,suspicious activity,53.95405,-1.059787
2147,2025-03,T1,suspicious activity,53.954454,-1.064411
2148,2025-03,T1,suspicious activity,53.952286,-1.063042
2149,2025-03,T1,vandalism,53.953574,-1.063348
2150,2025-03,T1,harassment,53.95405,-1.059787
2151,2025-03,T1,physical assault,53.952753,-1.067527
2152,2025-03,T1,physical assault,53.952753,-1.067527
2153,2025-03,T1,physical assault,53.952753,-1.067527
2154,2025-03,T1,physical assault,53.952753,-1.067527
2155,2025-03,T1,physical assault,53.952753,-1.067527
2156,2025-03,T1,physical assault,53.953545,-1.067677
2157,2025-03,T1,physical assault,53.95192,-1.061888
2158,2025-03,T1,physical assault,53.953425,-1.074263
2159,2025-03,T1,suspicious activity,53.951315,-1.069966
2160,2025-03,T1,physical assault,53.950955,-1.075689
2161,2025-03,T1,physical assault,53.952333,-1.077271
2162,2025-03,T1,suspicious activity,53.952212,-1.080171
2163,2025-03,T1,suspicious activity,53.95148,-1.085536
2164,2025-03,T1,suspicious activity,53.948497,-1.081744
2165,2025-03,T1,suspicious activity,53.950735,-1.082109
2166,2025-03,T1,vandalism,53.950625,-1.084199
2167,2025-03,T1,vandalism,53.950735,-1.082109
2168,2025-03,T1,harassment,53.952103,-1.083618
2169,2025-03,T1,harassment,53.951879,-1.081276
2170,2025-03,T1,robbery,53.952009,-1.08298
2171,2025-03,T1,physical assault,53.952103,-1.083618
2172,2025-03,T1,physical assault,53.951044,-1.082589
2173,2025-03,T1,physical assault,53.950088,-1.083403
2174,2025-03,T1,physical assault,53.950489,-1.080118
2175,2025-03,T1,physical assault,53.948497,-1.081744
2176,2025-03,T1,physical assault,53.938218,-1.10892
2177,2025-03,T1,physical assault,53.938218,-1.10892
2178,2025-03,T1,physical assault,53.933775,-1.103607
2179,2025-03,T1,physical assault,53.938218,-1.10892
2180,2025-03,T1,suspicious activity,53.940592,-1.113866
2181,2025-03,T1,suspicious activity,53.942288,-1.106167
2182,2025-03,T1,suspicious activity,53.943325,-1.106708
2183,2025-03,T1,vandalism,53.940709,-1.110314
2184,2025-03,T1,physical assault,53.943325,-1.106708
2185,2025-03,T1,physical assault,53.942301,-1.109183
2186,2025-03,T1,suspicious activity,53.944051,-1.093194
2187,2025-03,T1,suspicious activity,53.946441,-1.096693
2188,2025-03,T1,suspicious activity,53.946441,-1.096693
2189,2025-03,T1,physical assault,53.938061,-1.087688
2190,2025-03,T1,physical assault,53.946156,-1.088669
2191,2025-03,T1,suspicious activity,53.945119,-1.082553
2192,2025-03,T1,suspicious activity,53.945119,-1.082553
2193,2025-03,T1,suspicious activity,53.943429,-1.091745
2194,2025-03,T1,suspicious activity,53.945119,-1.082553
2195,2025-03,T1,suspicious activity,53.947807,-1.084778
2196,2025-03,T1,vandalism,53.94225,-1.088023
2197,2025-03,T1,robbery,53.945119,-1.082553
2198,2025-03,T1,physical assault,53.94537,-1.089342
2199,2025-03,T1,physical assault,53.942202,-1.088755
2200,2025-03,T1,physical assault,53.94537,-1.089342
2201,2025-03,T1,vandalism,53.938901,-1.121
2202,2025-03,T1,harassment,53.938901,-1.121
2203,2025-03,T1,physical assault,53.937495,-1.120466
2204,2025-03,T1,physical assault,53.937495,-1.120466
2205,2025-03,T1,physical assault,53.938611,-1.115781
2206,2025-03,T1,physical assault,53.937495,-1.120466
2207,2025-03,T1,suspicious activity,53.933561,-1.120915
2208,2025-03,T1,suspicious activity,53.937061,-1.123872
2209,2025-03,T1,suspicious activity,53.94092,-1.12434
2210,2025-03,T1,vandalism,53.938951,-1.123041
2211,2025-03,T1,physical assault,53.938437,-1.126403
2212,2025-03,T1,physical assault,53.938951,-1.123041
2213,2025-03,T1,suspicious activity,53.941595,-1.12201
2214,2025-03,T1,physical assault,53.94258,-1.117785
2215,2025-03,T1,physical assault,53.942854,-1.115859
2216,2025-03,T1,physical assault,53.942854,-1.115859
2217,2025-03,T1,physical assault,53.943532,-1.120065
2218,2025-03,T1,physical assault,53.943532,-1.120065
2219,2025-03,T1,physical assault,53.943532,-1.120065
2220,2025-03,T1,physical assault,53.942854,-1.115859
2221,2025-03,T1,physical assault,53.94258,-1.117785
2222,2025-03,T1,suspicious activity,53.948096,-1.044547
2223,2025-03,T1,suspicious activity,53.948815,-1.052454
2224,2025-03,T1,vandalism,53.948815,-1.052454
2225,2025-03,T1,vandalism,53.944415,-1.04393
2226,2025-03,T1,physical assault,53.948815,-1.052454
2227,2025-03,T1,physical assault,53.944612,-1.048329
2228,2025-03,T1,physical assault,53.944612,-1.048329
2229,2025-03,T1,physical assault,53.944415,-1.04393
2230,2025-03,T1,suspicious activity,53.934797,-1.062119
2231,2025-03,T1,suspicious activity,53.934797,-1.062119
2232,2025-03,T1,physical assault,53.934797,-1.062119
2233,2025-03,T1,physical assault,53.938745,-1.06007
2234,2025-03,T1,physical assault,53.933364,-1.065065
2235,2025-03,T1,physical assault,53.933364,-1.065065
2236,2025-03,T1,physical assault,53.938745,-1.06007
2237,2025-03,T1,suspicious activity,53.935796,-1.072642
2238,2025-03,T1,suspicious activity,53.933415,-1.070486
2239,2025-03,T1,vandalism,53.936029,-1.073795
2240,2025-03,T1,physical assault,53.936029,-1.073795
2241,2025-03,T1,harassment,53.933027,-1.070236
2242,2025-03,T1,physical assault,53.936094,-1.072818
2243,2025-04,T1,suspicious activity,53.983922,-1.07316
2244,2025-04,T1,physical assault,53.983516,-1.069448
2245,2025-04,T1,suspicious activity,53.982812,-1.06684
2246,2025-04,T1,suspicious activity,53.985187,-1.060169
2247,2025-04,T1,vandalism,53.985187,-1.060169
2248,2025-04,T1,physical assault,53.983807,-1.067611
2249,2025-04,T1,physical assault,53.983807,-1.067611
2250,2025-04,T1,physical assault,53.983807,-1.067611
2251,2025-04,T1,suspicious activity,53.979349,-1.069983
2252,2025-04,T1,vandalism,53.979349,-1.069983
2253,2025-04,T1,vandalism,53.982475,-1.060413
2254,2025-04,T1,vandalism,53.979331,-1.060712
2255,2025-04,T1,harassment,53.979349,-1.069983
2256,2025-04,T1,physical assault,53.979814,-1.060442
2257,2025-04,T1,physical assault,53.979349,-1.069983
2258,2025-04,T1,physical assault,53.980928,-1.06028
2259,2025-04,T1,physical assault,53.979349,-1.069983
2260,2025-04,T1,physical assault,53.979349,-1.069983
2261,2025-04,T1,physical assault,53.979349,-1.069983
2262,2025-04,T1,suspicious activity,53.9835,-1.049362
2263,2025-04,T1,suspicious activity,53.986004,-1.055453
2264,2025-04,T1,suspicious activity,53.9835,-1.049362
2265,2025-04,T1,suspicious activity,53.982568,-1.051993
2266,2025-04,T1,suspicious activity,53.982568,-1.051993
2267,2025-04,T1,vandalism,53.982728,-1.048285
2268,2025-04,T1,physical assault,53.982568,-1.051993
2269,2025-04,T1,physical assault,53.986004,-1.055453
2270,2025-04,T1,physical assault,53.986032,-1.061324
2271,2025-04,T1,vandalism,53.979586,-1.095091
2272,2025-04,T1,vandalism,53.973899,-1.097791
2273,2025-04,T1,vandalism,53.973899,-1.097791
2274,2025-04,T1,vandalism,53.976716,-1.094696
2275,2025-04,T1,physical assault,53.974178,-1.097861
2276,2025-04,T1,physical assault,53.974178,-1.097861
2277,2025-04,T1,physical assault,53.981083,-1.100488
2278,2025-04,T1,physical assault,53.977675,-1.094386
2279,2025-04,T1,physical assault,53.976885,-1.099267
2280,2025-04,T1,physical assault,53.981083,-1.100488
2281,2025-04,T1,physical assault,53.977675,-1.094386
2282,2025-04,T1,suspicious activity,53.984958,-1.09653
2283,2025-04,T1,suspicious activity,53.984013,-1.099326
2284,2025-04,T1,suspicious activity,53.97964,-1.082812
2285,2025-04,T1,vandalism,53.978243,-1.092269
2286,2025-04,T1,vandalism,53.981228,-1.093561
2287,2025-04,T1,harassment,53.981228,-1.093561
2288,2025-04,T1,physical assault,53.97964,-1.082812
2289,2025-04,T1,suspicious activity,53.977581,-1.107043
2290,2025-04,T1,vandalism,53.979366,-1.104123
2291,2025-04,T1,vandalism,53.9778,-1.103806
2292,2025-04,T1,physical assault,53.981757,-1.101739
2293,2025-04,T1,physical assault,53.976629,-1.101163
2294,2025-04,T1,suspicious activity,53.968671,-1.088636
2295,2025-04,T1,suspicious activity,53.963692,-1.092341
2296,2025-04,T1,vandalism,53.968544,-1.094477
2297,2025-04,T1,vandalism,53.968544,-1.094477
2298,2025-04,T1,vandalism,53.968544,-1.094477
2299,2025-04,T1,vandalism,53.968544,-1.094477
2300,2025-04,T1,harassment,53.968671,-1.088636
2301,2025-04,T1,physical assault,53.961942,-1.093782
2302,2025-04,T1,physical assault,53.967548,-1.09113
2303,2025-04,T1,suspicious activity,53.967519,-1.101649
2304,2025-04,T1,suspicious activity,53.971403,-1.095757
2305,2025-04,T1,suspicious activity,53.967342,-1.096027
2306,2025-04,T1,suspicious activity,53.969049,-1.097088
2307,2025-04,T1,physical assault,53.968205,-1.097228
2308,2025-04,T1,physical assault,53.986021,-1.114397
2309,2025-04,T1,suspicious activity,53.976911,-1.107622
2310,2025-04,T1,physical assault,53.976911,-1.107622
2311,2025-04,T1,physical assault,53.976911,-1.107622
2312,2025-04,T1,suspicious activity,53.969386,-1.05903
2313,2025-04,T1,suspicious activity,53.967925,-1.061792
2314,2025-04,T1,suspicious activity,53.967925,-1.061792
2315,2025-04,T1,suspicious activity,53.968002,-1.05389
2316,2025-04,T1,physical assault,53.969348,-1.054138
2317,2025-04,T1,suspicious activity,53.965632,-1.063993
2318,2025-04,T1,suspicious activity,53.964819,-1.061145
2319,2025-04,T1,suspicious activity,53.967105,-1.061551
2320,2025-04,T1,suspicious activity,53.967105,-1.061551
2321,2025-04,T1,robbery,53.965632,-1.063993
2322,2025-04,T1,physical assault,53.96606,-1.065812
2323,2025-04,T1,suspicious activity,53.976827,-1.062263
2324,2025-04,T1,suspicious activity,53.978691,-1.059263
2325,2025-04,T1,vandalism,53.976827,-1.062263
2326,2025-04,T1,physical assault,53.977342,-1.059217
2327,2025-04,T1,harassment,53.976827,-1.062263
2328,2025-04,T1,harassment,53.978691,-1.059263
2329,2025-04,T1,robbery,53.974585,-1.06524
2330,2025-04,T1,physical assault,53.977342,-1.059217
2331,2025-04,T1,physical assault,53.976827,-1.062263
2332,2025-04,T1,physical assault,53.976827,-1.062263
2333,2025-04,T1,physical assault,53.976827,-1.062263
2334,2025-04,T1,physical assault,53.976827,-1.062263
2335,2025-04,T1,physical assault,53.977342,-1.059217
2336,2025-04,T1,physical assault,53.976596,-1.063808
2337,2025-04,T1,suspicious activity,53.969778,-1.052801
2338,2025-04,T1,suspicious activity,53.969778,-1.052801
2339,2025-04,T1,harassment,53.975175,-1.052283
2340,2025-04,T1,physical assault,53.975175,-1.052283
2341,2025-04,T1,vandalism,53.969094,-1.041055
2342,2025-04,T1,suspicious activity,53.970595,-1.080514
2343,2025-04,T1,suspicious activity,53.969802,-1.080257
2344,2025-04,T1,suspicious activity,53.968952,-1.084285
2345,2025-04,T1,suspicious activity,53.969594,-1.085932
2346,2025-04,T1,suspicious activity,53.968952,-1.084285
2347,2025-04,T1,suspicious activity,53.968952,-1.084285
2348,2025-04,T1,vandalism,53.972301,-1.081498
2349,2025-04,T1,vandalism,53.971353,-1.085574
2350,2025-04,T1,vandalism,53.97067,-1.086732
2351,2025-04,T1,harassment,53.969333,-1.083514
2352,2025-04,T1,harassment,53.968952,-1.084285
2353,2025-04,T1,harassment,53.969333,-1.083514
2354,2025-04,T1,harassment,53.969333,-1.083514
2355,2025-04,T1,physical assault,53.971848,-1.086844
2356,2025-04,T1,physical assault,53.971848,-1.086844
2357,2025-04,T1,suspicious activity,53.972766,-1.086976
2358,2025-04,T1,vandalism,53.969691,-1.086921
2359,2025-04,T1,harassment,53.972766,-1.086976
2360,2025-04,T1,harassment,53.969599,-1.086603
2361,2025-04,T1,physical assault,53.971161,-1.088764
2362,2025-04,T1,suspicious activity,53.975407,-1.086888
2363,2025-04,T1,suspicious activity,53.975967,-1.094316
2364,2025-04,T1,suspicious activity,53.974149,-1.094005
2365,2025-04,T1,vandalism,53.977102,-1.092294
2366,2025-04,T1,vandalism,53.977102,-1.092294
2367,2025-04,T1,vandalism,53.977102,-1.092294
2368,2025-04,T1,vandalism,53.977102,-1.092294
2369,2025-04,T1,vandalism,53.974149,-1.094005
2370,2025-04,T1,robbery,53.974164,-1.096017
2371,2025-04,T1,physical assault,53.975967,-1.094316
2372,2025-04,T1,physical assault,53.975967,-1.094316
2373,2025-04,T1,physical assault,53.974149,-1.094005
2374,2025-04,T1,physical assault,53.975967,-1.094316
2375,2025-04,T1,suspicious activity,53.976532,-1.088251
2376,2025-04,T1,suspicious activity,53.976532,-1.088251
2377,2025-04,T1,suspicious activity,53.976532,-1.088251
2378,2025-04,T1,suspicious activity,53.977431,-1.09061
2379,2025-04,T1,suspicious activity,53.979806,-1.085007
2380,2025-04,T1,suspicious activity,53.976532,-1.088251
2381,2025-04,T1,suspicious activity,53.976532,-1.088251
2382,2025-04,T1,vandalism,53.977431,-1.09061
2383,2025-04,T1,vandalism,53.977431,-1.09061
2384,2025-04,T1,harassment,53.976532,-1.088251
2385,2025-04,T1,physical assault,53.976532,-1.088251
2386,2025-04,T1,physical assault,53.976082,-1.083366
2387,2025-04,T1,physical assault,53.979806,-1.085007
2388,2025-04,T1,physical assault,53.976532,-1.088251
2389,2025-04,T1,suspicious activity,53.971603,-1.077168
2390,2025-04,T1,suspicious activity,53.974407,-1.075902
2391,2025-04,T1,robbery,53.972975,-1.081468
2392,2025-04,T1,physical assault,53.977759,-1.081759
2393,2025-04,T1,physical assault,53.977759,-1.081759
2394,2025-04,T1,physical assault,53.972975,-1.081468
2395,2025-04,T1,physical assault,53.972734,-1.074582
2396,2025-04,T1,suspicious activity,53.969642,-1.07805
2397,2025-04,T1,suspicious activity,53.968213,-1.07924
2398,2025-04,T1,vandalism,53.968368,-1.074892
2399,2025-04,T1,vandalism,53.968213,-1.07924
2400,2025-04,T1,physical assault,53.969642,-1.07805
2401,2025-04,T1,physical assault,53.969214,-1.078532
2402,2025-04,T1,physical assault,53.969984,-1.077051
2403,2025-04,T1,physical assault,53.969984,-1.077051
2404,2025-04,T1,physical assault,53.969984,-1.077051
2405,2025-04,T1,suspicious activity,53.969475,-1.070385
2406,2025-04,T1,suspicious activity,53.965587,-1.072042
2407,2025-04,T1,suspicious activity,53.966341,-1.068474
2408,2025-04,T1,suspicious activity,53.969475,-1.070385
2409,2025-04,T1,suspicious activity,53.965587,-1.072042
2410,2025-04,T1,vandalism,53.965587,-1.072042
2411,2025-04,T1,vandalism,53.965587,-1.072042
2412,2025-04,T1,physical assault,53.9705,-1.070454
2413,2025-04,T1,physical assault,53.970504,-1.069829
2414,2025-04,T1,physical assault,53.969475,-1.070385
2415,2025-04,T1,physical assault,53.9705,-1.070454
2416,2025-04,T1,physical assault,53.966341,-1.068474
2417,2025-04,T1,physical assault,53.966388,-1.071033
2418,2025-04,T1,physical assault,53.970504,-1.069829
2419,2025-04,T1,suspicious activity,53.964473,-1.063544
2420,2025-04,T1,suspicious activity,53.964227,-1.065945
2421,2025-04,T1,suspicious activity,53.964227,-1.065945
2422,2025-04,T1,suspicious activity,53.964473,-1.063544
2423,2025-04,T1,suspicious activity,53.964473,-1.063544
2424,2025-04,T1,suspicious activity,53.962786,-1.071388
2425,2025-04,T1,suspicious activity,53.96177,-1.064414
2426,2025-04,T1,suspicious activity,53.96274,-1.072425
2427,2025-04,T1,suspicious activity,53.96177,-1.064414
2428,2025-04,T1,suspicious activity,53.964473,-1.063544
2429,2025-04,T1,suspicious activity,53.964473,-1.063544
2430,2025-04,T1,suspicious activity,53.964227,-1.065945
2431,2025-04,T1,vandalism,53.960859,-1.070836
2432,2025-04,T1,vandalism,53.96189,-1.068253
2433,2025-04,T1,vandalism,53.963155,-1.059887
2434,2025-04,T1,vandalism,53.962218,-1.061889
2435,2025-04,T1,vandalism,53.962218,-1.061889
2436,2025-04,T1,physical assault,53.96177,-1.064414
2437,2025-04,T1,physical assault,53.962786,-1.071388
2438,2025-04,T1,physical assault,53.963874,-1.058632
2439,2025-04,T1,physical assault,53.963874,-1.058632
2440,2025-04,T1,physical assault,53.963874,-1.058632
2441,2025-04,T1,physical assault,53.963155,-1.059887
2442,2025-04,T1,physical assault,53.964943,-1.067864
2443,2025-04,T1,physical assault,53.96177,-1.064414
2444,2025-04,T1,physical assault,53.963628,-1.066385
2445,2025-04,T1,physical assault,53.962786,-1.071388
2446,2025-04,T1,physical assault,53.963874,-1.058632
2447,2025-04,T1,suspicious activity,53.977135,-1.067226
2448,2025-04,T1,suspicious activity,53.975807,-1.068689
2449,2025-04,T1,suspicious activity,53.977258,-1.06916
2450,2025-04,T1,suspicious activity,53.973612,-1.070736
2451,2025-04,T1,suspicious activity,53.974363,-1.071435
2452,2025-04,T1,suspicious activity,53.975807,-1.068689
2453,2025-04,T1,suspicious activity,53.977135,-1.067226
2454,2025-04,T1,vandalism,53.975807,-1.068689
2455,2025-04,T1,vandalism,53.973612,-1.070736
2456,2025-04,T1,physical assault,53.973612,-1.070736
2457,2025-04,T1,physical assault,53.977928,-1.068718
2458,2025-04,T1,physical assault,53.976326,-1.070645
2459,2025-04,T1,physical assault,53.973612,-1.070736
2460,2025-04,T1,physical assault,53.973612,-1.070736
2461,2025-04,T1,physical assault,53.973612,-1.070736
2462,2025-04,T1,physical assault,53.976417,-1.073219
2463,2025-04,T1,physical assault,53.976326,-1.070645
2464,2025-04,T1,harassment,53.961663,-1.126557
2465,2025-04,T1,harassment,53.956131,-1.127146
2466,2025-04,T1,suspicious activity,53.964711,-1.124253
2467,2025-04,T1,suspicious activity,53.965577,-1.120973
2468,2025-04,T1,suspicious activity,53.96644,-1.122174
2469,2025-04,T1,suspicious activity,53.964711,-1.124253
2470,2025-04,T1,suspicious activity,53.967341,-1.126286
2471,2025-04,T1,suspicious activity,53.966215,-1.123383
2472,2025-04,T1,suspicious activity,53.967341,-1.126286
2473,2025-04,T1,vandalism,53.965577,-1.120973
2474,2025-04,T1,vandalism,53.966081,-1.123477
2475,2025-04,T1,vandalism,53.965577,-1.120973
2476,2025-04,T1,physical assault,53.965577,-1.120973
2477,2025-04,T1,physical assault,53.96644,-1.122174
2478,2025-04,T1,physical assault,53.965577,-1.120973
2479,2025-04,T1,suspicious activity,53.963587,-1.120542
2480,2025-04,T1,suspicious activity,53.966354,-1.120347
2481,2025-04,T1,harassment,53.966354,-1.120347
2482,2025-04,T1,harassment,53.964149,-1.107772
2483,2025-04,T1,physical assault,53.966354,-1.120347
2484,2025-04,T1,physical assault,53.964294,-1.116366
2485,2025-04,T1,suspicious activity,53.962948,-1.085422
2486,2025-04,T1,suspicious activity,53.957537,-1.083087
2487,2025-04,T1,suspicious activity,53.960793,-1.084601
2488,2025-04,T1,suspicious activity,53.959662,-1.081996
2489,2025-04,T1,suspicious activity,53.960793,-1.084601
2490,2025-04,T1,suspicious activity,53.960122,-1.084517
2491,2025-04,T1,suspicious activity,53.961677,-1.084962
2492,2025-04,T1,suspicious activity,53.962011,-1.091098
2493,2025-04,T1,suspicious activity,53.958528,-1.083246
2494,2025-04,T1,suspicious activity,53.960793,-1.084601
2495,2025-04,T1,suspicious activity,53.964249,-1.08512
2496,2025-04,T1,suspicious activity,53.966635,-1.080997
2497,2025-04,T1,suspicious activity,53.960387,-1.085585
2498,2025-04,T1,suspicious activity,53.957537,-1.083087
2499,2025-04,T1,suspicious activity,53.964138,-1.089497
2500,2025-04,T1,suspicious activity,53.957537,-1.083087
2501,2025-04,T1,suspicious activity,53.961677,-1.084962
2502,2025-04,T1,suspicious activity,53.959782,-1.083212
2503,2025-04,T1,suspicious activity,53.959782,-1.083212
2504,2025-04,T1,suspicious activity,53.961677,-1.084962
2505,2025-04,T1,suspicious activity,53.961505,-1.088365
2506,2025-04,T1,suspicious activity,53.962948,-1.085422
2507,2025-04,T1,suspicious activity,53.960122,-1.084517
2508,2025-04,T1,suspicious activity,53.958528,-1.083246
2509,2025-04,T1,suspicious activity,53.959662,-1.081996
2510,2025-04,T1,suspicious activity,53.961677,-1.084962
2511,2025-04,T1,suspicious activity,53.966635,-1.080997
2512,2025-04,T1,suspicious activity,53.961067,-1.082827
2513,2025-04,T1,suspicious activity,53.957537,-1.083087
2514,2025-04,T1,suspicious activity,53.960793,-1.084601
2515,2025-04,T1,suspicious activity,53.966468,-1.079095
2516,2025-04,T1,suspicious activity,53.966468,-1.079095
2517,2025-04,T1,suspicious activity,53.966683,-1.082505
2518,2025-04,T1,suspicious activity,53.961505,-1.088365
2519,2025-04,T1,suspicious activity,53.959782,-1.083212
2520,2025-04,T1,suspicious activity,53.963813,-1.085693
2521,2025-04,T1,suspicious activity,53.959662,-1.081996
2522,2025-04,T1,vandalism,53.964249,-1.08512
2523,2025-04,T1,vandalism,53.962582,-1.090506
2524,2025-04,T1,vandalism,53.964528,-1.083985
2525,2025-04,T1,vandalism,53.964079,-1.084041
2526,2025-04,T1,vandalism,53.959662,-1.081996
2527,2025-04,T1,vandalism,53.960793,-1.084601
2528,2025-04,T1,vandalism,53.960793,-1.084601
2529,2025-04,T1,vandalism,53.967163,-1.079446
2530,2025-04,T1,harassment,53.962109,-1.083886
2531,2025-04,T1,harassment,53.960793,-1.084601
2532,2025-04,T1,harassment,53.968124,-1.081757
2533,2025-04,T1,harassment,53.966635,-1.080997
2534,2025-04,T1,harassment,53.960793,-1.084601
2535,2025-04,T1,harassment,53.960793,-1.084601
2536,2025-04,T1,harassment,53.957537,-1.083087
2537,2025-04,T1,harassment,53.961677,-1.084962
2538,2025-04,T1,harassment,53.960793,-1.084601
2539,2025-04,T1,robbery,53.968124,-1.081757
2540,2025-04,T1,robbery,53.967163,-1.079446
2541,2025-04,T1,robbery,53.968124,-1.081757
2542,2025-04,T1,robbery,53.968124,-1.081757
2543,2025-04,T1,robbery,53.960122,-1.084517
2544,2025-04,T1,physical assault,53.961677,-1.084962
2545,2025-04,T1,physical assault,53.961677,-1.084962
2546,2025-04,T1,physical assault,53.959662,-1.081996
2547,2025-04,T1,physical assault,53.960793,-1.084601
2548,2025-04,T1,physical assault,53.966635,-1.080997
2549,2025-04,T1,physical assault,53.960122,-1.084517
2550,2025-04,T1,physical assault,53.960387,-1.085585
2551,2025-04,T1,physical assault,53.96114,-1.081758
2552,2025-04,T1,physical assault,53.959662,-1.081996
2553,2025-04,T1,physical assault,53.960387,-1.085585
2554,2025-04,T1,physical assault,53.961677,-1.084962
2555,2025-04,T1,physical assault,53.961677,-1.084962
2556,2025-04,T1,physical assault,53.957537,-1.083087
2557,2025-04,T1,physical assault,53.957537,-1.083087
2558,2025-04,T1,physical assault,53.961677,-1.084962
2559,2025-04,T1,physical assault,53.964079,-1.084041
2560,2025-04,T1,physical assault,53.962948,-1.085422
2561,2025-04,T1,physical assault,53.961369,-1.085884
2562,2025-04,T1,physical assault,53.959662,-1.081996
2563,2025-04,T1,physical assault,53.961067,-1.082827
2564,2025-04,T1,physical assault,53.961677,-1.084962
2565,2025-04,T1,physical assault,53.960387,-1.085585
2566,2025-04,T1,physical assault,53.958528,-1.083246
2567,2025-04,T1,physical assault,53.958528,-1.083246
2568,2025-04,T1,physical assault,53.962582,-1.090506
2569,2025-04,T1,physical assault,53.957868,-1.082866
2570,2025-04,T1,physical assault,53.962582,-1.090506
2571,2025-04,T1,physical assault,53.962582,-1.090506
2572,2025-04,T1,physical assault,53.962582,-1.090506
2573,2025-04,T1,physical assault,53.958528,-1.083246
2574,2025-04,T1,physical assault,53.959662,-1.081996
2575,2025-04,T1,physical assault,53.961369,-1.085884
2576,2025-04,T1,physical assault,53.964079,-1.084041
2577,2025-04,T1,physical assault,53.964249,-1.08512
2578,2025-04,T1,physical assault,53.962948,-1.085422
2579,2025-04,T1,physical assault,53.958528,-1.083246
2580,2025-04,T1,physical assault,53.960387,-1.085585
2581,2025-04,T1,physical assault,53.961677,-1.084962
2582,2025-04,T1,physical assault,53.964249,-1.08512
2583,2025-04,T1,physical assault,53.957537,-1.083087
2584,2025-04,T1,physical assault,53.961067,-1.082827
2585,2025-04,T1,physical assault,53.957537,-1.083087
2586,2025-04,T1,physical assault,53.959662,-1.081996
2587,2025-04,T1,physical assault,53.961611,-1.079797
2588,2025-04,T1,physical assault,53.959662,-1.081996
2589,2025-04,T1,physical assault,53.961611,-1.079797
2590,2025-04,T1,physical assault,53.961067,-1.082827
2591,2025-04,T1,physical assault,53.961677,-1.084962
2592,2025-04,T1,physical assault,53.957868,-1.082866
2593,2025-04,T1,physical assault,53.960122,-1.084517
2594,2025-04,T1,physical assault,53.957868,-1.082866
2595,2025-04,T1,physical assault,53.960387,-1.085585
2596,2025-04,T1,physical assault,53.961677,-1.084962
2597,2025-04,T1,physical assault,53.957537,-1.083087
2598,2025-04,T1,physical assault,53.960793,-1.084601
2599,2025-04,T1,physical assault,53.963813,-1.085693
2600,2025-04,T1,physical assault,53.960793,-1.084601
2601,2025-04,T1,physical assault,53.966635,-1.080997
2602,2025-04,T1,physical assault,53.961067,-1.082827
2603,2025-04,T1,physical assault,53.957868,-1.082866
2604,2025-04,T1,physical assault,53.960122,-1.084517
2605,2025-04,T1,physical assault,53.960122,-1.084517
2606,2025-04,T1,physical assault,53.960387,-1.085585
2607,2025-04,T1,suspicious activity,53.965454,-1.074713
2608,2025-04,T1,suspicious activity,53.961524,-1.075501
2609,2025-04,T1,suspicious activity,53.965454,-1.074713
2610,2025-04,T1,suspicious activity,53.962781,-1.078902
2611,2025-04,T1,suspicious activity,53.961914,-1.077169
2612,2025-04,T1,suspicious activity,53.962781,-1.078902
2613,2025-04,T1,suspicious activity,53.961524,-1.075501
2614,2025-04,T1,suspicious activity,53.965454,-1.074713
2615,2025-04,T1,suspicious activity,53.961524,-1.075501
2616,2025-04,T1,vandalism,53.960778,-1.079084
2617,2025-04,T1,vandalism,53.965454,-1.074713
2618,2025-04,T1,harassment,53.960778,-1.079084
2619,2025-04,T1,robbery,53.96129,-1.078996
2620,2025-04,T1,physical assault,53.964395,-1.078349
2621,2025-04,T1,physical assault,53.965454,-1.074713
2622,2025-04,T1,physical assault,53.965027,-1.075255
2623,2025-04,T1,physical assault,53.965027,-1.075255
2624,2025-04,T1,physical assault,53.966859,-1.077395
2625,2025-04,T1,suspicious activity,53.956259,-1.092335
2626,2025-04,T1,suspicious activity,53.951281,-1.090173
2627,2025-04,T1,suspicious activity,53.954621,-1.093194
2628,2025-04,T1,suspicious activity,53.952613,-1.085679
2629,2025-04,T1,suspicious activity,53.953497,-1.090765
2630,2025-04,T1,suspicious activity,53.955032,-1.09413
2631,2025-04,T1,suspicious activity,53.953497,-1.090765
2632,2025-04,T1,suspicious activity,53.951793,-1.08655
2633,2025-04,T1,suspicious activity,53.951281,-1.090173
2634,2025-04,T1,suspicious activity,53.952204,-1.085002
2635,2025-04,T1,suspicious activity,53.954264,-1.092378
2636,2025-04,T1,suspicious activity,53.954128,-1.097014
2637,2025-04,T1,suspicious activity,53.954621,-1.093194
2638,2025-04,T1,suspicious activity,53.954621,-1.093194
2639,2025-04,T1,suspicious activity,53.952613,-1.085679
2640,2025-04,T1,suspicious activity,53.953497,-1.090765
2641,2025-04,T1,vandalism,53.954621,-1.093194
2642,2025-04,T1,vandalism,53.951281,-1.090173
2643,2025-04,T1,vandalism,53.951793,-1.08655
2644,2025-04,T1,vandalism,53.954621,-1.093194
2645,2025-04,T1,vandalism,53.951793,-1.08655
2646,2025-04,T1,harassment,53.954128,-1.097014
2647,2025-04,T1,harassment,53.954128,-1.097014
2648,2025-04,T1,robbery,53.951281,-1.090173
2649,2025-04,T1,physical assault,53.954621,-1.093194
2650,2025-04,T1,physical assault,53.951793,-1.08655
2651,2025-04,T1,physical assault,53.953702,-1.088139
2652,2025-04,T1,physical assault,53.953702,-1.088139
2653,2025-04,T1,physical assault,53.952613,-1.085679
2654,2025-04,T1,physical assault,53.953709,-1.089145
2655,2025-04,T1,physical assault,53.954621,-1.093194
2656,2025-04,T1,physical assault,53.951793,-1.08655
2657,2025-04,T1,physical assault,53.952204,-1.085002
2658,2025-04,T1,physical assault,53.954621,-1.093194
2659,2025-04,T1,suspicious activity,53.959053,-1.079183
2660,2025-04,T1,suspicious activity,53.95439,-1.07524
2661,2025-04,T1,suspicious activity,53.954973,-1.068788
2662,2025-04,T1,suspicious activity,53.955489,-1.073882
2663,2025-04,T1,suspicious activity,53.959053,-1.079183
2664,2025-04,T1,suspicious activity,53.959245,-1.078355
2665,2025-04,T1,suspicious activity,53.960274,-1.076595
2666,2025-04,T1,suspicious activity,53.95439,-1.07524
2667,2025-04,T1,suspicious activity,53.956109,-1.071475
2668,2025-04,T1,suspicious activity,53.957761,-1.072414
2669,2025-04,T1,suspicious activity,53.955489,-1.073882
2670,2025-04,T1,suspicious activity,53.959053,-1.079183
2671,2025-04,T1,suspicious activity,53.955333,-1.074647
2672,2025-04,T1,suspicious activity,53.955489,-1.073882
2673,2025-04,T1,suspicious activity,53.955333,-1.074647
2674,2025-04,T1,suspicious activity,53.956109,-1.071475
2675,2025-04,T1,suspicious activity,53.959245,-1.078355
2676,2025-04,T1,suspicious activity,53.955321,-1.068338
2677,2025-04,T1,suspicious activity,53.956741,-1.071873
2678,2025-04,T1,suspicious activity,53.956372,-1.074106
2679,2025-04,T1,suspicious activity,53.960274,-1.076595
2680,2025-04,T1,suspicious activity,53.956109,-1.071475
2681,2025-04,T1,suspicious activity,53.959053,-1.079183
2682,2025-04,T1,vandalism,53.954489,-1.073538
2683,2025-04,T1,vandalism,53.959245,-1.078355
2684,2025-04,T1,vandalism,53.959053,-1.079183
2685,2025-04,T1,harassment,53.959053,-1.079183
2686,2025-04,T1,harassment,53.960274,-1.076595
2687,2025-04,T1,robbery,53.958399,-1.068879
2688,2025-04,T1,robbery,53.958399,-1.068879
2689,2025-04,T1,physical assault,53.95612,-1.067162
2690,2025-04,T1,physical assault,53.955333,-1.074647
2691,2025-04,T1,physical assault,53.959053,-1.079183
2692,2025-04,T1,physical assault,53.955489,-1.073882
2693,2025-04,T1,physical assault,53.956109,-1.071475
2694,2025-04,T1,physical assault,53.959851,-1.073084
2695,2025-04,T1,physical assault,53.958399,-1.068879
2696,2025-04,T1,physical assault,53.955333,-1.074647
2697,2025-04,T1,physical assault,53.956372,-1.074106
2698,2025-04,T1,physical assault,53.955489,-1.073882
2699,2025-04,T1,physical assault,53.9554,-1.072431
2700,2025-04,T1,suspicious activity,53.958398,-1.092228
2701,2025-04,T1,suspicious activity,53.958796,-1.086732
2702,2025-04,T1,suspicious activity,53.95615,-1.090996
2703,2025-04,T1,suspicious activity,53.958796,-1.086732
2704,2025-04,T1,suspicious activity,53.959155,-1.09023
2705,2025-04,T1,suspicious activity,53.958732,-1.087694
2706,2025-04,T1,suspicious activity,53.957139,-1.088597
2707,2025-04,T1,suspicious activity,53.958398,-1.092228
2708,2025-04,T1,suspicious activity,53.958732,-1.087694
2709,2025-04,T1,suspicious activity,53.958398,-1.092228
2710,2025-04,T1,suspicious activity,53.95888,-1.087066
2711,2025-04,T1,suspicious activity,53.958398,-1.092228
2712,2025-04,T1,suspicious activity,53.957139,-1.088597
2713,2025-04,T1,suspicious activity,53.955991,-1.088927
2714,2025-04,T1,suspicious activity,53.957273,-1.084983
2715,2025-04,T1,suspicious activity,53.95615,-1.090996
2716,2025-04,T1,suspicious activity,53.957273,-1.084983
2717,2025-04,T1,suspicious activity,53.955925,-1.089752
2718,2025-04,T1,suspicious activity,53.958398,-1.092228
2719,2025-04,T1,suspicious activity,53.958398,-1.092228
2720,2025-04,T1,suspicious activity,53.959055,-1.087626
2721,2025-04,T1,suspicious activity,53.953905,-1.081795
2722,2025-04,T1,suspicious activity,53.957273,-1.084983
2723,2025-04,T1,vandalism,53.956767,-1.085832
2724,2025-04,T1,vandalism,53.95615,-1.090996
2725,2025-04,T1,harassment,53.957808,-1.086785
2726,2025-04,T1,harassment,53.956767,-1.085832
2727,2025-04,T1,harassment,53.95615,-1.090996
2728,2025-04,T1,harassment,53.957273,-1.084983
2729,2025-04,T1,robbery,53.959155,-1.09023
2730,2025-04,T1,physical assault,53.958398,-1.092228
2731,2025-04,T1,physical assault,53.953905,-1.081795
2732,2025-04,T1,physical assault,53.958796,-1.086732
2733,2025-04,T1,physical assault,53.958732,-1.087694
2734,2025-04,T1,physical assault,53.957808,-1.086785
2735,2025-04,T1,physical assault,53.959055,-1.087626
2736,2025-04,T1,physical assault,53.953905,-1.081795
2737,2025-04,T1,physical assault,53.957808,-1.086785
2738,2025-04,T1,physical assault,53.957808,-1.086785
2739,2025-04,T1,physical assault,53.95615,-1.090996
2740,2025-04,T1,physical assault,53.958796,-1.086732
2741,2025-04,T1,physical assault,53.958796,-1.086732
2742,2025-04,T1,physical assault,53.958796,-1.086732
2743,2025-04,T1,physical assault,53.96043,-1.091223
2744,2025-04,T1,physical assault,53.96043,-1.091223
2745,2025-04,T1,physical assault,53.957273,-1.084983
2746,2025-04,T1,physical assault,53.957808,-1.086785
2747,2025-04,T1,physical assault,53.96043,-1.091223
2748,2025-04,T1,physical assault,53.96043,-1.091223
2749,2025-04,T1,physical assault,53.95615,-1.090996
2750,2025-04,T1,physical assault,53.958398,-1.092228
2751,2025-04,T1,suspicious activity,53.956813,-1.087157
2752,2025-04,T1,suspicious activity,53.955365,-1.083485
2753,2025-04,T1,suspicious activity,53.955363,-1.08443
2754,2025-04,T1,vandalism,53.954309,-1.086495
2755,2025-04,T1,physical assault,53.956495,-1.08788
2756,2025-04,T1,physical assault,53.956813,-1.087157
2757,2025-04,T1,physical assault,53.956495,-1.08788
2758,2025-04,T1,physical assault,53.956495,-1.08788
2759,2025-04,T1,suspicious activity,53.956904,-1.082507
2760,2025-04,T1,suspicious activity,53.958064,-1.08143
2761,2025-04,T1,suspicious activity,53.957862,-1.082339
2762,2025-04,T1,suspicious activity,53.957819,-1.079324
2763,2025-04,T1,suspicious activity,53.957862,-1.082339
2764,2025-04,T1,suspicious activity,53.957862,-1.082339
2765,2025-04,T1,suspicious activity,53.958919,-1.080451
2766,2025-04,T1,suspicious activity,53.957159,-1.078249
2767,2025-04,T1,suspicious activity,53.958064,-1.08143
2768,2025-04,T1,suspicious activity,53.957319,-1.079175
2769,2025-04,T1,suspicious activity,53.954439,-1.077608
2770,2025-04,T1,suspicious activity,53.954439,-1.077608
2771,2025-04,T1,suspicious activity,53.954439,-1.077608
2772,2025-04,T1,suspicious activity,53.957159,-1.078249
2773,2025-04,T1,suspicious activity,53.958064,-1.08143
2774,2025-04,T1,suspicious activity,53.957159,-1.078249
2775,2025-04,T1,suspicious activity,53.960121,-1.080058
2776,2025-04,T1,suspicious activity,53.954439,-1.077608
2777,2025-04,T1,suspicious activity,53.956944,-1.081896
2778,2025-04,T1,suspicious activity,53.959281,-1.084118
2779,2025-04,T1,suspicious activity,53.958689,-1.0798
2780,2025-04,T1,suspicious activity,53.955084,-1.077335
2781,2025-04,T1,suspicious activity,53.958346,-1.080242
2782,2025-04,T1,suspicious activity,53.955888,-1.078993
2783,2025-04,T1,suspicious activity,53.955084,-1.077335
2784,2025-04,T1,suspicious activity,53.957819,-1.079324
2785,2025-04,T1,suspicious activity,53.955888,-1.078993
2786,2025-04,T1,suspicious activity,53.954439,-1.077608
2787,2025-04,T1,suspicious activity,53.95879,-1.081139
2788,2025-04,T1,suspicious activity,53.957819,-1.079324
2789,2025-04,T1,suspicious activity,53.955888,-1.078993
2790,2025-04,T1,suspicious activity,53.957819,-1.079324
2791,2025-04,T1,suspicious activity,53.957862,-1.082339
2792,2025-04,T1,suspicious activity,53.957862,-1.082339
2793,2025-04,T1,suspicious activity,53.956904,-1.082507
2794,2025-04,T1,suspicious activity,53.958346,-1.080242
2795,2025-04,T1,suspicious activity,53.95525,-1.075563
2796,2025-04,T1,suspicious activity,53.959281,-1.084118
2797,2025-04,T1,suspicious activity,53.955888,-1.078993
2798,2025-04,T1,suspicious activity,53.958064,-1.08143
2799,2025-04,T1,vandalism,53.958919,-1.080451
2800,2025-04,T1,vandalism,53.958816,-1.076323
2801,2025-04,T1,vandalism,53.959476,-1.080438
2802,2025-04,T1,vandalism,53.955888,-1.078993
2803,2025-04,T1,vandalism,53.95728,-1.082376
2804,2025-04,T1,vandalism,53.955888,-1.078993
2805,2025-04,T1,vandalism,53.957139,-1.076817
2806,2025-04,T1,vandalism,53.959476,-1.080438
2807,2025-04,T1,physical assault,53.956609,-1.0734
2808,2025-04,T1,harassment,53.954439,-1.077608
2809,2025-04,T1,harassment,53.959281,-1.084118
2810,2025-04,T1,harassment,53.95869,-1.082269
2811,2025-04,T1,harassment,53.958346,-1.080242
2812,2025-04,T1,harassment,53.954643,-1.076003
2813,2025-04,T1,harassment,53.954439,-1.077608
2814,2025-04,T1,robbery,53.958346,-1.080242
2815,2025-04,T1,robbery,53.959658,-1.080632
2816,2025-04,T1,physical assault,53.956597,-1.074131
2817,2025-04,T1,physical assault,53.959658,-1.080632
2818,2025-04,T1,physical assault,53.957862,-1.082339
2819,2025-04,T1,physical assault,53.954643,-1.076003
2820,2025-04,T1,physical assault,53.959281,-1.084118
2821,2025-04,T1,physical assault,53.959658,-1.080632
2822,2025-04,T1,physical assault,53.954439,-1.077608
2823,2025-04,T1,physical assault,53.957819,-1.079324
2824,2025-04,T1,physical assault,53.957862,-1.082339
2825,2025-04,T1,physical assault,53.958064,-1.08143
2826,2025-04,T1,physical assault,53.957862,-1.082339
2827,2025-04,T1,physical assault,53.959281,-1.084118
2828,2025-04,T1,physical assault,53.958064,-1.08143
2829,2025-04,T1,physical assault,53.959281,-1.084118
2830,2025-04,T1,physical assault,53.957159,-1.078249
2831,2025-04,T1,physical assault,53.959476,-1.080438
2832,2025-04,T1,physical assault,53.957862,-1.082339
2833,2025-04,T1,physical assault,53.954222,-1.076272
2834,2025-04,T1,physical assault,53.959281,-1.084118
2835,2025-04,T1,physical assault,53.957862,-1.082339
2836,2025-04,T1,physical assault,53.957862,-1.082339
2837,2025-04,T1,physical assault,53.959281,-1.084118
2838,2025-04,T1,physical assault,53.957862,-1.082339
2839,2025-04,T1,physical assault,53.958919,-1.080451
2840,2025-04,T1,physical assault,53.959658,-1.080632
2841,2025-04,T1,physical assault,53.959476,-1.080438
2842,2025-04,T1,physical assault,53.956851,-1.073348
2843,2025-04,T1,physical assault,53.954439,-1.077608
2844,2025-04,T1,physical assault,53.956944,-1.081896
2845,2025-04,T1,physical assault,53.956434,-1.076345
2846,2025-04,T1,suspicious activity,53.964242,-1.0484
2847,2025-04,T1,suspicious activity,53.964656,-1.050155
2848,2025-04,T1,suspicious activity,53.965053,-1.053183
2849,2025-04,T1,suspicious activity,53.966547,-1.050055
2850,2025-04,T1,suspicious activity,53.964656,-1.050155
2851,2025-04,T1,suspicious activity,53.960791,-1.049572
2852,2025-04,T1,harassment,53.960328,-1.050059
2853,2025-04,T1,physical assault,53.966774,-1.049181
2854,2025-04,T1,physical assault,53.964242,-1.0484
2855,2025-04,T1,suspicious activity,53.953483,-1.035875
2856,2025-04,T1,suspicious activity,53.953483,-1.035875
2857,2025-04,T1,physical assault,53.950621,-1.037723
2858,2025-04,T1,physical assault,53.95221,-1.044178
2859,2025-04,T1,physical assault,53.95221,-1.044178
2860,2025-04,T1,physical assault,53.950621,-1.037723
2861,2025-04,T1,suspicious activity,53.966348,-1.042813
2862,2025-04,T1,suspicious activity,53.96189,-1.043088
2863,2025-04,T1,suspicious activity,53.960113,-1.044647
2864,2025-04,T1,suspicious activity,53.959398,-1.043938
2865,2025-04,T1,suspicious activity,53.961677,-1.044079
2866,2025-04,T1,suspicious activity,53.961523,-1.042121
2867,2025-04,T1,suspicious activity,53.961092,-1.041079
2868,2025-04,T1,suspicious activity,53.959724,-1.038626
2869,2025-04,T1,suspicious activity,53.95983,-1.042831
2870,2025-04,T1,suspicious activity,53.961284,-1.044809
2871,2025-04,T1,vandalism,53.966348,-1.042813
2872,2025-04,T1,vandalism,53.959398,-1.043938
2873,2025-04,T1,vandalism,53.96189,-1.043088
2874,2025-04,T1,vandalism,53.959398,-1.043938
2875,2025-04,T1,harassment,53.95983,-1.042831
2876,2025-04,T1,physical assault,53.961092,-1.041079
2877,2025-04,T1,suspicious activity,53.961232,-1.05423
2878,2025-04,T1,suspicious activity,53.961232,-1.05423
2879,2025-04,T1,suspicious activity,53.964326,-1.053367
2880,2025-04,T1,vandalism,53.964326,-1.053367
2881,2025-04,T1,physical assault,53.964326,-1.053367
2882,2025-04,T1,physical assault,53.962852,-1.055595
2883,2025-04,T1,physical assault,53.961754,-1.056519
2884,2025-04,T1,physical assault,53.964326,-1.053367
2885,2025-04,T1,physical assault,53.960223,-1.05458
2886,2025-04,T1,physical assault,53.964326,-1.053367
2887,2025-04,T1,physical assault,53.964326,-1.053367
2888,2025-04,T1,physical assault,53.962852,-1.055595
2889,2025-04,T1,physical assault,53.961754,-1.056519
2890,2025-04,T1,physical assault,53.964326,-1.053367
2891,2025-04,T1,suspicious activity,53.955176,-1.045345
2892,2025-04,T1,suspicious activity,53.959125,-1.057173
2893,2025-04,T1,suspicious activity,53.956544,-1.06159
2894,2025-04,T1,suspicious activity,53.957038,-1.059247
2895,2025-04,T1,suspicious activity,53.956238,-1.057091
2896,2025-04,T1,suspicious activity,53.959125,-1.057173
2897,2025-04,T1,suspicious activity,53.958134,-1.056815
2898,2025-04,T1,vandalism,53.958134,-1.056815
2899,2025-04,T1,harassment,53.958134,-1.056815
2900,2025-04,T1,harassment,53.957424,-1.052824
2901,2025-04,T1,physical assault,53.957885,-1.059518
2902,2025-04,T1,physical assault,53.958459,-1.057824
2903,2025-04,T1,physical assault,53.959111,-1.054202
2904,2025-04,T1,physical assault,53.957905,-1.052827
2905,2025-04,T1,physical assault,53.959111,-1.054202
2906,2025-04,T1,physical assault,53.958134,-1.056815
2907,2025-04,T1,suspicious activity,53.955589,-1.061322
2908,2025-04,T1,vandalism,53.955589,-1.061322
2909,2025-04,T1,harassment,53.954735,-1.056678
2910,2025-04,T1,physical assault,53.9553,-1.065687
2911,2025-04,T1,physical assault,53.954735,-1.056678
2912,2025-04,T1,suspicious activity,53.955833,-1.050024
2913,2025-04,T1,suspicious activity,53.959091,-1.049464
2914,2025-04,T1,suspicious activity,53.958751,-1.046163
2915,2025-04,T1,vandalism,53.95685,-1.04901
2916,2025-04,T1,physical assault,53.959202,-1.051466
2917,2025-04,T1,physical assault,53.958105,-1.050744
2918,2025-04,T1,physical assault,53.958105,-1.050744
2919,2025-04,T1,physical assault,53.956619,-1.051667
2920,2025-04,T1,physical assault,53.956619,-1.051667
2921,2025-04,T1,physical assault,53.959202,-1.051466
2922,2025-04,T1,physical assault,53.956619,-1.051667
2923,2025-04,T1,physical assault,53.956619,-1.051667
2924,2025-04,T1,harassment,53.954403,-1.05446
2925,2025-04,T1,physical assault,53.95304,-1.053668
2926,2025-04,T1,physical assault,53.954403,-1.05446
2927,2025-04,T1,suspicious activity,53.959241,-1.11248
2928,2025-04,T1,suspicious activity,53.959764,-1.115166
2929,2025-04,T1,suspicious activity,53.962287,-1.114747
2930,2025-04,T1,vandalism,53.96098,-1.111848
2931,2025-04,T1,vandalism,53.960006,-1.111427
2932,2025-04,T1,physical assault,53.960006,-1.111427
2933,2025-04,T1,physical assault,53.960006,-1.111427
2934,2025-04,T1,physical assault,53.960006,-1.111427
2935,2025-04,T1,physical assault,53.960006,-1.111427
2936,2025-04,T1,suspicious activity,53.958393,-1.116963
2937,2025-04,T1,suspicious activity,53.957259,-1.119258
2938,2025-04,T1,suspicious activity,53.958393,-1.116963
2939,2025-04,T1,suspicious activity,53.960586,-1.118212
2940,2025-04,T1,suspicious activity,53.958393,-1.116963
2941,2025-04,T1,suspicious activity,53.958393,-1.116963
2942,2025-04,T1,vandalism,53.960586,-1.118212
2943,2025-04,T1,physical assault,53.960586,-1.118212
2944,2025-04,T1,physical assault,53.960586,-1.118212
2945,2025-04,T1,harassment,53.95863,-1.122277
2946,2025-04,T1,physical assault,53.960911,-1.119532
2947,2025-04,T1,physical assault,53.960911,-1.119532
2948,2025-04,T1,physical assault,53.958162,-1.118507
2949,2025-04,T1,physical assault,53.957259,-1.119258
2950,2025-04,T1,physical assault,53.958162,-1.118507
2951,2025-04,T1,physical assault,53.958162,-1.118507
2952,2025-04,T1,suspicious activity,53.95513,-1.107127
2953,2025-04,T1,suspicious activity,53.95513,-1.107127
2954,2025-04,T1,vandalism,53.95513,-1.107127
2955,2025-04,T1,vandalism,53.956194,-1.111234
2956,2025-04,T1,vandalism,53.954881,-1.107498
2957,2025-04,T1,vandalism,53.95513,-1.107127
2958,2025-04,T1,robbery,53.952268,-1.109154
2959,2025-04,T1,physical assault,53.956194,-1.111234
2960,2025-04,T1,physical assault,53.95513,-1.107127
2961,2025-04,T1,suspicious activity,53.952719,-1.112908
2962,2025-04,T1,suspicious activity,53.952426,-1.115901
2963,2025-04,T1,suspicious activity,53.952719,-1.112908
2964,2025-04,T1,vandalism,53.956182,-1.116964
2965,2025-04,T1,vandalism,53.956165,-1.115852
2966,2025-04,T1,physical assault,53.952719,-1.112908
2967,2025-04,T1,suspicious activity,53.953404,-1.122997
2968,2025-04,T1,suspicious activity,53.951451,-1.11903
2969,2025-04,T1,suspicious activity,53.955788,-1.124486
2970,2025-04,T1,suspicious activity,53.955363,-1.125394
2971,2025-04,T1,suspicious activity,53.953404,-1.122997
2972,2025-04,T1,vandalism,53.955337,-1.121859
2973,2025-04,T1,vandalism,53.953404,-1.122997
2974,2025-04,T1,vandalism,53.953404,-1.122997
2975,2025-04,T1,vandalism,53.951879,-1.120971
2976,2025-04,T1,vandalism,53.955363,-1.125394
2977,2025-04,T1,harassment,53.952391,-1.123429
2978,2025-04,T1,harassment,53.951451,-1.11903
2979,2025-04,T1,physical assault,53.951879,-1.120971
2980,2025-04,T1,physical assault,53.953404,-1.122997
2981,2025-04,T1,physical assault,53.953404,-1.122997
2982,2025-04,T1,physical assault,53.951879,-1.120971
2983,2025-04,T1,physical assault,53.951879,-1.120971
2984,2025-04,T1,physical assault,53.951879,-1.120971
2985,2025-04,T1,physical assault,53.955788,-1.124486
2986,2025-04,T1,vandalism,53.950359,-1.124478
2987,2025-04,T1,physical assault,53.950359,-1.124478
2988,2025-04,T1,physical assault,53.950359,-1.124478
2989,2025-04,T1,physical assault,53.950359,-1.124478
2990,2025-04,T1,physical assault,53.950359,-1.124478
2991,2025-04,T1,physical assault,53.950359,-1.124478
2992,2025-04,T1,suspicious activity,53.964808,-1.104435
2993,2025-04,T1,suspicious activity,53.964808,-1.104435
2994,2025-04,T1,suspicious activity,53.966194,-1.105945
2995,2025-04,T1,suspicious activity,53.964808,-1.104435
2996,2025-04,T1,suspicious activity,53.964808,-1.104435
2997,2025-04,T1,suspicious activity,53.964808,-1.104435
2998,2025-04,T1,suspicious activity,53.964808,-1.104435
2999,2025-04,T1,vandalism,53.966021,-1.105659
3000,2025-04,T1,physical assault,53.965424,-1.106327
3001,2025-04,T1,physical assault,53.963297,-1.104361
3002,2025-04,T1,physical assault,53.964808,-1.104435
3003,2025-04,T1,physical assault,53.964808,-1.104435
3004,2025-04,T1,suspicious activity,53.954773,-1.101511
3005,2025-04,T1,physical assault,53.954773,-1.101511
3006,2025-04,T1,physical assault,53.960716,-1.10053
3007,2025-04,T1,suspicious activity,53.949049,-1.106495
3008,2025-04,T1,vandalism,53.949049,-1.106495
3009,2025-04,T1,harassment,53.949049,-1.106495
3010,2025-04,T1,physical assault,53.954449,-1.100253
3011,2025-04,T1,physical assault,53.954449,-1.100253
3012,2025-04,T1,vandalism,53.95075,-1.090062
3013,2025-04,T1,suspicious activity,53.950171,-1.093138
3014,2025-04,T1,vandalism,53.951709,-1.098072
3015,2025-04,T1,physical assault,53.948813,-1.102523
3016,2025-04,T1,physical assault,53.952273,-1.095287
3017,2025-04,T1,physical assault,53.95015,-1.098639
3018,2025-04,T1,physical assault,53.95015,-1.098639
3019,2025-04,T1,physical assault,53.948813,-1.102523
3020,2025-04,T1,suspicious activity,53.944104,-1.120861
3021,2025-04,T1,suspicious activity,53.945307,-1.124431
3022,2025-04,T1,suspicious activity,53.946559,-1.119803
3023,2025-04,T1,suspicious activity,53.945307,-1.124431
3024,2025-04,T1,suspicious activity,53.946346,-1.11897
3025,2025-04,T1,suspicious activity,53.942931,-1.1264
3026,2025-04,T1,suspicious activity,53.944104,-1.120861
3027,2025-04,T1,suspicious activity,53.947772,-1.118574
3028,2025-04,T1,suspicious activity,53.945307,-1.124431
3029,2025-04,T1,vandalism,53.942931,-1.1264
3030,2025-04,T1,vandalism,53.94629,-1.124898
3031,2025-04,T1,vandalism,53.942931,-1.1264
3032,2025-04,T1,harassment,53.946559,-1.119803
3033,2025-04,T1,physical assault,53.942931,-1.1264
3034,2025-04,T1,physical assault,53.946346,-1.11897
3035,2025-04,T1,physical assault,53.945307,-1.124431
3036,2025-04,T1,physical assault,53.94629,-1.124898
3037,2025-04,T1,physical assault,53.94629,-1.124898
3038,2025-04,T1,physical assault,53.946346,-1.11897
3039,2025-04,T1,physical assault,53.945307,-1.124431
3040,2025-04,T1,physical assault,53.942931,-1.1264
3041,2025-04,T1,physical assault,53.947772,-1.118574
3042,2025-04,T1,physical assault,53.944801,-1.12677
3043,2025-04,T1,physical assault,53.947197,-1.119851
3044,2025-04,T1,physical assault,53.942931,-1.1264
3045,2025-04,T1,suspicious activity,53.948567,-1.125231
3046,2025-04,T1,suspicious activity,53.948905,-1.127266
3047,2025-04,T1,physical assault,53.948905,-1.127266
3048,2025-04,T1,physical assault,53.948905,-1.127266
3049,2025-04,T1,vandalism,53.941545,-1.126216
3050,2025-04,T1,vandalism,53.941545,-1.126216
3051,2025-04,T1,suspicious activity,53.940784,-1.072964
3052,2025-04,T1,suspicious activity,53.940097,-1.066377
3053,2025-04,T1,harassment,53.940784,-1.072964
3054,2025-04,T1,robbery,53.940907,-1.069985
3055,2025-04,T1,vandalism,53.945059,-1.07684
3056,2025-04,T1,physical assault,53.945126,-1.074961
3057,2025-04,T1,suspicious activity,53.946614,-1.074596
3058,2025-04,T1,suspicious activity,53.94649,-1.072405
3059,2025-04,T1,vandalism,53.938998,-1.081148
3060,2025-04,T1,harassment,53.94649,-1.072405
3061,2025-04,T1,harassment,53.943681,-1.075316
3062,2025-04,T1,harassment,53.946614,-1.074596
3063,2025-04,T1,harassment,53.94649,-1.072405
3064,2025-04,T1,physical assault,53.94649,-1.072405
3065,2025-04,T1,physical assault,53.944344,-1.073869
3066,2025-04,T1,physical assault,53.944298,-1.076034
3067,2025-04,T1,physical assault,53.941608,-1.072209
3068,2025-04,T1,physical assault,53.94649,-1.072405
3069,2025-04,T1,physical assault,53.943681,-1.075316
3070,2025-04,T1,suspicious activity,53.953425,-1.074263
3071,2025-04,T1,suspicious activity,53.954522,-1.069651
3072,2025-04,T1,suspicious activity,53.95405,-1.059787
3073,2025-04,T1,suspicious activity,53.952753,-1.067527
3074,2025-04,T1,suspicious activity,53.953584,-1.059995
3075,2025-04,T1,suspicious activity,53.954388,-1.070904
3076,2025-04,T1,suspicious activity,53.95405,-1.059787
3077,2025-04,T1,suspicious activity,53.954522,-1.069651
3078,2025-04,T1,suspicious activity,53.95405,-1.059787
3079,2025-04,T1,suspicious activity,53.95405,-1.059787
3080,2025-04,T1,suspicious activity,53.954388,-1.070904
3081,2025-04,T1,vandalism,53.954421,-1.063649
3082,2025-04,T1,vandalism,53.954421,-1.063649
3083,2025-04,T1,vandalism,53.952668,-1.062424
3084,2025-04,T1,vandalism,53.954388,-1.070904
3085,2025-04,T1,harassment,53.953557,-1.066945
3086,2025-04,T1,physical assault,53.953425,-1.074263
3087,2025-04,T1,physical assault,53.95368,-1.073541
3088,2025-04,T1,physical assault,53.952753,-1.067527
3089,2025-04,T1,physical assault,53.953865,-1.074238
3090,2025-04,T1,physical assault,53.95368,-1.073541
3091,2025-04,T1,physical assault,53.95405,-1.059787
3092,2025-04,T1,physical assault,53.95368,-1.073541
3093,2025-04,T1,physical assault,53.953557,-1.066945
3094,2025-04,T1,physical assault,53.953557,-1.066945
3095,2025-04,T1,physical assault,53.95368,-1.073541
3096,2025-04,T1,physical assault,53.95368,-1.073541
3097,2025-04,T1,suspicious activity,53.953657,-1.079881
3098,2025-04,T1,suspicious activity,53.95217,-1.071212
3099,2025-04,T1,suspicious activity,53.951631,-1.070036
3100,2025-04,T1,suspicious activity,53.952438,-1.07334
3101,2025-04,T1,vandalism,53.951631,-1.070036
3102,2025-04,T1,vandalism,53.952628,-1.069998
3103,2025-04,T1,harassment,53.951631,-1.070036
3104,2025-04,T1,robbery,53.95217,-1.071212
3105,2025-04,T1,physical assault,53.9534,-1.06989
3106,2025-04,T1,physical assault,53.95217,-1.071212
3107,2025-04,T1,physical assault,53.952333,-1.077271
3108,2025-04,T1,physical assault,53.952133,-1.075693
3109,2025-04,T1,physical assault,53.952333,-1.077271
3110,2025-04,T1,physical assault,53.952333,-1.077271
3111,2025-04,T1,suspicious activity,53.948497,-1.081744
3112,2025-04,T1,suspicious activity,53.95148,-1.085536
3113,2025-04,T1,suspicious activity,53.950521,-1.082403
3114,2025-04,T1,suspicious activity,53.950625,-1.084199
3115,2025-04,T1,suspicious activity,53.95148,-1.085536
3116,2025-04,T1,vandalism,53.95148,-1.085536
3117,2025-04,T1,harassment,53.948497,-1.081744
3118,2025-04,T1,harassment,53.951701,-1.08384
3119,2025-04,T1,robbery,53.952009,-1.08298
3120,2025-04,T1,physical assault,53.952009,-1.08298
3121,2025-04,T1,physical assault,53.952009,-1.08298
3122,2025-04,T1,physical assault,53.952009,-1.08298
3123,2025-04,T1,physical assault,53.951701,-1.08384
3124,2025-04,T1,physical assault,53.952103,-1.083618
3125,2025-04,T1,suspicious activity,53.93959,-1.104747
3126,2025-04,T1,physical assault,53.932133,-1.106429
3127,2025-04,T1,physical assault,53.936304,-1.110103
3128,2025-04,T1,physical assault,53.933146,-1.108434
3129,2025-04,T1,suspicious activity,53.944684,-1.10447
3130,2025-04,T1,suspicious activity,53.941511,-1.108103
3131,2025-04,T1,suspicious activity,53.942262,-1.112429
3132,2025-04,T1,suspicious activity,53.942262,-1.112429
3133,2025-04,T1,physical assault,53.942262,-1.112429
3134,2025-04,T1,physical assault,53.942301,-1.109183
3135,2025-04,T1,suspicious activity,53.944051,-1.093194
3136,2025-04,T1,suspicious activity,53.944051,-1.093194
3137,2025-04,T1,suspicious activity,53.946465,-1.092776
3138,2025-04,T1,vandalism,53.938061,-1.087688
3139,2025-04,T1,vandalism,53.948118,-1.092573
3140,2025-04,T1,vandalism,53.948118,-1.092573
3141,2025-04,T1,vandalism,53.948118,-1.092573
3142,2025-04,T1,vandalism,53.938061,-1.087688
3143,2025-04,T1,physical assault,53.948118,-1.092573
3144,2025-04,T1,physical assault,53.938061,-1.087688
3145,2025-04,T1,physical assault,53.948118,-1.092573
3146,2025-04,T1,physical assault,53.948118,-1.092573
3147,2025-04,T1,suspicious activity,53.945119,-1.082553
3148,2025-04,T1,suspicious activity,53.945119,-1.082553
3149,2025-04,T1,suspicious activity,53.945119,-1.082553
3150,2025-04,T1,physical assault,53.94537,-1.089342
3151,2025-04,T1,physical assault,53.94537,-1.089342
3152,2025-04,T1,suspicious activity,53.937495,-1.120466
3153,2025-04,T1,suspicious activity,53.938901,-1.121
3154,2025-04,T1,suspicious activity,53.938901,-1.121
3155,2025-04,T1,suspicious activity,53.938388,-1.119793
3156,2025-04,T1,harassment,53.939084,-1.114157
3157,2025-04,T1,physical assault,53.938611,-1.115781
3158,2025-04,T1,physical assault,53.938901,-1.121
3159,2025-04,T1,physical assault,53.938901,-1.121
3160,2025-04,T1,physical assault,53.939916,-1.116104
3161,2025-04,T1,suspicious activity,53.933561,-1.120915
3162,2025-04,T1,suspicious activity,53.93358,-1.113725
3163,2025-04,T1,vandalism,53.935012,-1.121478
3164,2025-04,T1,suspicious activity,53.937061,-1.123872
3165,2025-04,T1,suspicious activity,53.943173,-1.119021
3166,2025-04,T1,harassment,53.941595,-1.12201
3167,2025-04,T1,physical assault,53.943173,-1.119021
3168,2025-04,T1,physical assault,53.941595,-1.12201
3169,2025-04,T1,physical assault,53.943173,-1.119021
3170,2025-04,T1,physical assault,53.941016,-1.115319
3171,2025-04,T1,suspicious activity,53.948815,-1.052454
3172,2025-04,T1,suspicious activity,53.948815,-1.052454
3173,2025-04,T1,suspicious activity,53.948707,-1.046834
3174,2025-04,T1,suspicious activity,53.944415,-1.04393
3175,2025-04,T1,suspicious activity,53.94592,-1.045572
3176,2025-04,T1,vandalism,53.948815,-1.052454
3177,2025-04,T1,harassment,53.948815,-1.052454
3178,2025-04,T1,physical assault,53.948815,-1.052454
3179,2025-04,T1,physical assault,53.943256,-1.042892
3180,2025-04,T1,suspicious activity,53.93441,-1.064443
3181,2025-04,T1,suspicious activity,53.934797,-1.062119
3182,2025-04,T1,suspicious activity,53.937968,-1.0642
3183,2025-04,T1,physical assault,53.934797,-1.062119
3184,2025-04,T1,physical assault,53.93585,-1.070356
3185,2025-04,T1,suspicious activity,53.936094,-1.072818
3186,2025-04,T1,physical assault,53.933027,-1.070236
3187,2025-04,T1,physical assault,53.933027,-1.070236
3188,2025-05,T1,physical assault,53.98609,-1.078068
3189,2025-05,T1,physical assault,53.98609,-1.078068
3190,2025-05,T1,suspicious activity,53.98432,-1.064214
3191,2025-05,T1,harassment,53.983807,-1.067611
3192,2025-05,T1,physical assault,53.983807,-1.067611
3193,2025-05,T1,suspicious activity,53.978373,-1.064591
3194,2025-05,T1,suspicious activity,53.980367,-1.067886
3195,2025-05,T1,suspicious activity,53.979541,-1.066929
3196,2025-05,T1,suspicious activity,53.979349,-1.069983
3197,2025-05,T1,suspicious activity,53.979349,-1.069983
3198,2025-05,T1,suspicious activity,53.978373,-1.064591
3199,2025-05,T1,suspicious activity,53.978921,-1.065738
3200,2025-05,T1,physical assault,53.982475,-1.060413
3201,2025-05,T1,physical assault,53.979349,-1.069983
3202,2025-05,T1,physical assault,53.979349,-1.069983
3203,2025-05,T1,physical assault,53.979349,-1.069983
3204,2025-05,T1,physical assault,53.979349,-1.069983
3205,2025-05,T1,suspicious activity,53.977489,-1.053831
3206,2025-05,T1,suspicious activity,53.982568,-1.051993
3207,2025-05,T1,suspicious activity,53.986004,-1.055453
3208,2025-05,T1,suspicious activity,53.986004,-1.055453
3209,2025-05,T1,suspicious activity,53.982568,-1.051993
3210,2025-05,T1,suspicious activity,53.982568,-1.051993
3211,2025-05,T1,suspicious activity,53.982568,-1.051993
3212,2025-05,T1,suspicious activity,53.982568,-1.051993
3213,2025-05,T1,suspicious activity,53.977489,-1.053831
3214,2025-05,T1,harassment,53.982728,-1.048285
3215,2025-05,T1,harassment,53.986004,-1.055453
3216,2025-05,T1,physical assault,53.98508,-1.048282
3217,2025-05,T1,physical assault,53.9835,-1.049362
3218,2025-05,T1,physical assault,53.986004,-1.055453
3219,2025-05,T1,physical assault,53.986004,-1.055453
3220,2025-05,T1,harassment,53.985369,-1.066158
3221,2025-05,T1,physical assault,53.985369,-1.066158
3222,2025-05,T1,suspicious activity,53.978434,-1.099691
3223,2025-05,T1,vandalism,53.974178,-1.097861
3224,2025-05,T1,suspicious activity,53.985394,-1.111055
3225,2025-05,T1,physical assault,53.985394,-1.111055
3226,2025-05,T1,physical assault,53.985394,-1.111055
3227,2025-05,T1,physical assault,53.985394,-1.111055
3228,2025-05,T1,harassment,53.97964,-1.082812
3229,2025-05,T1,harassment,53.97964,-1.082812
3230,2025-05,T1,physical assault,53.983763,-1.095509
3231,2025-05,T1,physical assault,53.976629,-1.101163
3232,2025-05,T1,suspicious activity,53.961942,-1.093782
3233,2025-05,T1,suspicious activity,53.968671,-1.088636
3234,2025-05,T1,suspicious activity,53.961942,-1.093782
3235,2025-05,T1,physical assault,53.965061,-1.091458
3236,2025-05,T1,physical assault,53.965061,-1.091458
3237,2025-05,T1,physical assault,53.965061,-1.091458
3238,2025-05,T1,physical assault,53.965061,-1.091458
3239,2025-05,T1,suspicious activity,53.967519,-1.101649
3240,2025-05,T1,suspicious activity,53.968505,-1.095255
3241,2025-05,T1,suspicious activity,53.971403,-1.095757
3242,2025-05,T1,vandalism,53.968493,-1.099692
3243,2025-05,T1,vandalism,53.969307,-1.095558
3244,2025-05,T1,physical assault,53.967519,-1.101649
3245,2025-05,T1,physical assault,53.971403,-1.095757
3246,2025-05,T1,physical assault,53.98521,-1.122603
3247,2025-05,T1,suspicious activity,53.985666,-1.106428
3248,2025-05,T1,vandalism,53.985107,-1.107386
3249,2025-05,T1,suspicious activity,53.976728,-1.107107
3250,2025-05,T1,physical assault,53.976915,-1.115382
3251,2025-05,T1,physical assault,53.966924,-1.059055
3252,2025-05,T1,harassment,53.965632,-1.063993
3253,2025-05,T1,physical assault,53.965825,-1.066869
3254,2025-05,T1,physical assault,53.963424,-1.057427
3255,2025-05,T1,physical assault,53.965825,-1.066869
3256,2025-05,T1,suspicious activity,53.978121,-1.062234
3257,2025-05,T1,suspicious activity,53.978691,-1.059263
3258,2025-05,T1,suspicious activity,53.976841,-1.064153
3259,2025-05,T1,suspicious activity,53.974585,-1.06524
3260,2025-05,T1,vandalism,53.976668,-1.059156
3261,2025-05,T1,vandalism,53.973784,-1.065136
3262,2025-05,T1,vandalism,53.975634,-1.06264
3263,2025-05,T1,physical assault,53.976827,-1.062263
3264,2025-05,T1,physical assault,53.976827,-1.062263
3265,2025-05,T1,physical assault,53.973784,-1.065136
3266,2025-05,T1,physical assault,53.978121,-1.062234
3267,2025-05,T1,physical assault,53.973784,-1.065136
3268,2025-05,T1,suspicious activity,53.973864,-1.038819
3269,2025-05,T1,physical assault,53.974393,-1.042731
3270,2025-05,T1,suspicious activity,53.969286,-1.046288
3271,2025-05,T1,suspicious activity,53.967735,-1.04522
3272,2025-05,T1,suspicious activity,53.969286,-1.046288
3273,2025-05,T1,vandalism,53.967554,-1.046876
3274,2025-05,T1,physical assault,53.967199,-1.040708
3275,2025-05,T1,suspicious activity,53.970572,-1.079813
3276,2025-05,T1,suspicious activity,53.972719,-1.080848
3277,2025-05,T1,suspicious activity,53.969333,-1.083514
3278,2025-05,T1,suspicious activity,53.969802,-1.080257
3279,2025-05,T1,physical assault,53.968952,-1.084285
3280,2025-05,T1,physical assault,53.969333,-1.083514
3281,2025-05,T1,physical assault,53.971848,-1.086844
3282,2025-05,T1,physical assault,53.97067,-1.086732
3283,2025-05,T1,physical assault,53.968952,-1.084285
3284,2025-05,T1,physical assault,53.968952,-1.084285
3285,2025-05,T1,suspicious activity,53.972766,-1.086976
3286,2025-05,T1,suspicious activity,53.969599,-1.086603
3287,2025-05,T1,suspicious activity,53.970798,-1.088315
3288,2025-05,T1,suspicious activity,53.974162,-1.084994
3289,2025-05,T1,suspicious activity,53.974162,-1.084994
3290,2025-05,T1,vandalism,53.972402,-1.089942
3291,2025-05,T1,vandalism,53.972648,-1.088
3292,2025-05,T1,vandalism,53.973624,-1.08871
3293,2025-05,T1,physical assault,53.969691,-1.086921
3294,2025-05,T1,physical assault,53.974162,-1.084994
3295,2025-05,T1,physical assault,53.974162,-1.084994
3296,2025-05,T1,suspicious activity,53.973887,-1.091464
3297,2025-05,T1,vandalism,53.973887,-1.091464
3298,2025-05,T1,harassment,53.973887,-1.091464
3299,2025-05,T1,physical assault,53.974117,-1.089752
3300,2025-05,T1,suspicious activity,53.975967,-1.094316
3301,2025-05,T1,suspicious activity,53.973855,-1.093127
3302,2025-05,T1,suspicious activity,53.972636,-1.085271
3303,2025-05,T1,suspicious activity,53.974407,-1.082976
3304,2025-05,T1,suspicious activity,53.976532,-1.088251
3305,2025-05,T1,suspicious activity,53.974407,-1.082976
3306,2025-05,T1,vandalism,53.972636,-1.085271
3307,2025-05,T1,vandalism,53.977431,-1.09061
3308,2025-05,T1,physical assault,53.977431,-1.09061
3309,2025-05,T1,physical assault,53.977431,-1.09061
3310,2025-05,T1,physical assault,53.976189,-1.084446
3311,2025-05,T1,suspicious activity,53.972734,-1.074582
3312,2025-05,T1,suspicious activity,53.972975,-1.081468
3313,2025-05,T1,suspicious activity,53.97316,-1.077362
3314,2025-05,T1,suspicious activity,53.974695,-1.074843
3315,2025-05,T1,suspicious activity,53.972734,-1.074582
3316,2025-05,T1,vandalism,53.973989,-1.073029
3317,2025-05,T1,physical assault,53.977292,-1.074755
3318,2025-05,T1,physical assault,53.969507,-1.074608
3319,2025-05,T1,physical assault,53.970684,-1.075679
3320,2025-05,T1,suspicious activity,53.968213,-1.07924
3321,2025-05,T1,vandalism,53.967556,-1.076846
3322,2025-05,T1,physical assault,53.967556,-1.076846
3323,2025-05,T1,physical assault,53.968213,-1.07924
3324,2025-05,T1,physical assault,53.968743,-1.079228
3325,2025-05,T1,physical assault,53.966955,-1.072377
3326,2025-05,T1,suspicious activity,53.9705,-1.070454
3327,2025-05,T1,suspicious activity,53.970504,-1.069829
3328,2025-05,T1,suspicious activity,53.9705,-1.070454
3329,2025-05,T1,suspicious activity,53.965587,-1.072042
3330,2025-05,T1,suspicious activity,53.970504,-1.069829
3331,2025-05,T1,harassment,53.9705,-1.070454
3332,2025-05,T1,harassment,53.970844,-1.071925
3333,2025-05,T1,physical assault,53.965587,-1.072042
3334,2025-05,T1,physical assault,53.969475,-1.070385
3335,2025-05,T1,physical assault,53.969475,-1.070385
3336,2025-05,T1,physical assault,53.970844,-1.071925
3337,2025-05,T1,physical assault,53.965587,-1.072042
3338,2025-05,T1,physical assault,53.966424,-1.06992
3339,2025-05,T1,physical assault,53.9705,-1.070454
3340,2025-05,T1,physical assault,53.969475,-1.070385
3341,2025-05,T1,physical assault,53.9705,-1.070454
3342,2025-05,T1,physical assault,53.966424,-1.06992
3343,2025-05,T1,suspicious activity,53.963628,-1.066385
3344,2025-05,T1,suspicious activity,53.964227,-1.065945
3345,2025-05,T1,suspicious activity,53.960859,-1.070836
3346,2025-05,T1,suspicious activity,53.964473,-1.063544
3347,2025-05,T1,suspicious activity,53.960859,-1.070836
3348,2025-05,T1,suspicious activity,53.963874,-1.058632
3349,2025-05,T1,suspicious activity,53.959688,-1.070588
3350,2025-05,T1,suspicious activity,53.962786,-1.071388
3351,2025-05,T1,suspicious activity,53.964473,-1.063544
3352,2025-05,T1,suspicious activity,53.962083,-1.071114
3353,2025-05,T1,suspicious activity,53.964227,-1.065945
3354,2025-05,T1,suspicious activity,53.964227,-1.065945
3355,2025-05,T1,suspicious activity,53.964227,-1.065945
3356,2025-05,T1,suspicious activity,53.959725,-1.071913
3357,2025-05,T1,suspicious activity,53.964473,-1.063544
3358,2025-05,T1,vandalism,53.96177,-1.064414
3359,2025-05,T1,harassment,53.960859,-1.070836
3360,2025-05,T1,harassment,53.960859,-1.070836
3361,2025-05,T1,harassment,53.96177,-1.064414
3362,2025-05,T1,harassment,53.962218,-1.061889
3363,2025-05,T1,harassment,53.960859,-1.070836
3364,2025-05,T1,harassment,53.963628,-1.066385
3365,2025-05,T1,robbery,53.963874,-1.058632
3366,2025-05,T1,physical assault,53.963012,-1.065713
3367,2025-05,T1,physical assault,53.960859,-1.070836
3368,2025-05,T1,physical assault,53.963012,-1.065713
3369,2025-05,T1,physical assault,53.960859,-1.070836
3370,2025-05,T1,physical assault,53.964473,-1.063544
3371,2025-05,T1,physical assault,53.962387,-1.05931
3372,2025-05,T1,physical assault,53.962387,-1.05931
3373,2025-05,T1,physical assault,53.963874,-1.058632
3374,2025-05,T1,physical assault,53.96177,-1.064414
3375,2025-05,T1,physical assault,53.96177,-1.064414
3376,2025-05,T1,physical assault,53.96177,-1.064414
3377,2025-05,T1,suspicious activity,53.976417,-1.073219
3378,2025-05,T1,suspicious activity,53.972665,-1.068012
3379,2025-05,T1,vandalism,53.977928,-1.068718
3380,2025-05,T1,vandalism,53.977258,-1.06916
3381,2025-05,T1,harassment,53.975807,-1.068689
3382,2025-05,T1,physical assault,53.975807,-1.068689
3383,2025-05,T1,physical assault,53.973348,-1.069141
3384,2025-05,T1,physical assault,53.973348,-1.069141
3385,2025-05,T1,physical assault,53.976326,-1.070645
3386,2025-05,T1,suspicious activity,53.961091,-1.127027
3387,2025-05,T1,suspicious activity,53.961091,-1.127027
3388,2025-05,T1,suspicious activity,53.961355,-1.12507
3389,2025-05,T1,harassment,53.961091,-1.127027
3390,2025-05,T1,harassment,53.961355,-1.12507
3391,2025-05,T1,physical assault,53.961663,-1.126557
3392,2025-05,T1,physical assault,53.962838,-1.126304
3393,2025-05,T1,physical assault,53.961355,-1.12507
3394,2025-05,T1,physical assault,53.961355,-1.12507
3395,2025-05,T1,suspicious activity,53.957952,-1.125477
3396,2025-05,T1,suspicious activity,53.960895,-1.124821
3397,2025-05,T1,physical assault,53.957952,-1.125477
3398,2025-05,T1,suspicious activity,53.966792,-1.123706
3399,2025-05,T1,suspicious activity,53.966215,-1.123383
3400,2025-05,T1,harassment,53.964711,-1.124253
3401,2025-05,T1,harassment,53.964711,-1.124253
3402,2025-05,T1,physical assault,53.966792,-1.123706
3403,2025-05,T1,physical assault,53.974687,-1.125944
3404,2025-05,T1,vandalism,53.96221,-1.121455
3405,2025-05,T1,vandalism,53.966354,-1.120347
3406,2025-05,T1,harassment,53.967299,-1.119184
3407,2025-05,T1,physical assault,53.964065,-1.118261
3408,2025-05,T1,suspicious activity,53.967202,-1.081046
3409,2025-05,T1,suspicious activity,53.966683,-1.082505
3410,2025-05,T1,suspicious activity,53.968124,-1.081757
3411,2025-05,T1,suspicious activity,53.968124,-1.081757
3412,2025-05,T1,suspicious activity,53.960122,-1.084517
3413,2025-05,T1,suspicious activity,53.960793,-1.084601
3414,2025-05,T1,suspicious activity,53.962948,-1.085422
3415,2025-05,T1,suspicious activity,53.957537,-1.083087
3416,2025-05,T1,suspicious activity,53.963813,-1.085693
3417,2025-05,T1,suspicious activity,53.957868,-1.082866
3418,2025-05,T1,suspicious activity,53.960122,-1.084517
3419,2025-05,T1,suspicious activity,53.96114,-1.081758
3420,2025-05,T1,suspicious activity,53.961369,-1.085884
3421,2025-05,T1,suspicious activity,53.960122,-1.084517
3422,2025-05,T1,suspicious activity,53.960122,-1.084517
3423,2025-05,T1,suspicious activity,53.961067,-1.082827
3424,2025-05,T1,suspicious activity,53.963813,-1.085693
3425,2025-05,T1,suspicious activity,53.957537,-1.083087
3426,2025-05,T1,suspicious activity,53.963989,-1.085262
3427,2025-05,T1,suspicious activity,53.96114,-1.081758
3428,2025-05,T1,suspicious activity,53.957537,-1.083087
3429,2025-05,T1,suspicious activity,53.966683,-1.082505
3430,2025-05,T1,suspicious activity,53.957868,-1.082866
3431,2025-05,T1,suspicious activity,53.958528,-1.083246
3432,2025-05,T1,suspicious activity,53.967625,-1.082393
3433,2025-05,T1,suspicious activity,53.957537,-1.083087
3434,2025-05,T1,suspicious activity,53.961067,-1.082827
3435,2025-05,T1,suspicious activity,53.961067,-1.082827
3436,2025-05,T1,suspicious activity,53.963813,-1.085693
3437,2025-05,T1,suspicious activity,53.958528,-1.083246
3438,2025-05,T1,vandalism,53.968124,-1.081757
3439,2025-05,T1,vandalism,53.965783,-1.078821
3440,2025-05,T1,vandalism,53.966468,-1.079095
3441,2025-05,T1,vandalism,53.966876,-1.080794
3442,2025-05,T1,vandalism,53.960722,-1.081082
3443,2025-05,T1,physical assault,53.960122,-1.084517
3444,2025-05,T1,harassment,53.961369,-1.085884
3445,2025-05,T1,harassment,53.959662,-1.081996
3446,2025-05,T1,harassment,53.960122,-1.084517
3447,2025-05,T1,harassment,53.959662,-1.081996
3448,2025-05,T1,harassment,53.960122,-1.084517
3449,2025-05,T1,harassment,53.966683,-1.082505
3450,2025-05,T1,robbery,53.962669,-1.080749
3451,2025-05,T1,robbery,53.964079,-1.084041
3452,2025-05,T1,robbery,53.961369,-1.085884
3453,2025-05,T1,robbery,53.961067,-1.082827
3454,2025-05,T1,physical assault,53.961067,-1.082827
3455,2025-05,T1,physical assault,53.957537,-1.083087
3456,2025-05,T1,physical assault,53.960722,-1.081082
3457,2025-05,T1,physical assault,53.960122,-1.084517
3458,2025-05,T1,physical assault,53.961677,-1.084962
3459,2025-05,T1,physical assault,53.959662,-1.081996
3460,2025-05,T1,physical assault,53.959782,-1.083212
3461,2025-05,T1,physical assault,53.960387,-1.085585
3462,2025-05,T1,physical assault,53.966683,-1.082505
3463,2025-05,T1,physical assault,53.968124,-1.081757
3464,2025-05,T1,physical assault,53.965783,-1.078821
3465,2025-05,T1,physical assault,53.960122,-1.084517
3466,2025-05,T1,physical assault,53.960122,-1.084517
3467,2025-05,T1,physical assault,53.962109,-1.083886
3468,2025-05,T1,physical assault,53.960122,-1.084517
3469,2025-05,T1,physical assault,53.960722,-1.081082
3470,2025-05,T1,physical assault,53.960122,-1.084517
3471,2025-05,T1,physical assault,53.961067,-1.082827
3472,2025-05,T1,physical assault,53.959662,-1.081996
3473,2025-05,T1,physical assault,53.961067,-1.082827
3474,2025-05,T1,physical assault,53.961067,-1.082827
3475,2025-05,T1,physical assault,53.961067,-1.082827
3476,2025-05,T1,physical assault,53.959782,-1.083212
3477,2025-05,T1,physical assault,53.957537,-1.083087
3478,2025-05,T1,physical assault,53.961067,-1.082827
3479,2025-05,T1,physical assault,53.961677,-1.084962
3480,2025-05,T1,physical assault,53.958528,-1.083246
3481,2025-05,T1,physical assault,53.961067,-1.082827
3482,2025-05,T1,physical assault,53.961067,-1.082827
3483,2025-05,T1,physical assault,53.968124,-1.081757
3484,2025-05,T1,physical assault,53.957868,-1.082866
3485,2025-05,T1,physical assault,53.968124,-1.081757
3486,2025-05,T1,physical assault,53.961067,-1.082827
3487,2025-05,T1,physical assault,53.962948,-1.085422
3488,2025-05,T1,physical assault,53.959662,-1.081996
3489,2025-05,T1,physical assault,53.960122,-1.084517
3490,2025-05,T1,physical assault,53.960122,-1.084517
3491,2025-05,T1,physical assault,53.961067,-1.082827
3492,2025-05,T1,physical assault,53.961067,-1.082827
3493,2025-05,T1,physical assault,53.958528,-1.083246
3494,2025-05,T1,physical assault,53.960387,-1.085585
3495,2025-05,T1,suspicious activity,53.963649,-1.074813
3496,2025-05,T1,vandalism,53.965454,-1.074713
3497,2025-05,T1,physical assault,53.962781,-1.078902
3498,2025-05,T1,physical assault,53.965454,-1.074713
3499,2025-05,T1,physical assault,53.966575,-1.077782
3500,2025-05,T1,physical assault,53.965454,-1.074713
3501,2025-05,T1,physical assault,53.965454,-1.074713
3502,2025-05,T1,suspicious activity,53.954621,-1.093194
3503,2025-05,T1,suspicious activity,53.951281,-1.090173
3504,2025-05,T1,suspicious activity,53.953497,-1.090765
3505,2025-05,T1,suspicious activity,53.951281,-1.090173
3506,2025-05,T1,suspicious activity,53.953729,-1.091781
3507,2025-05,T1,suspicious activity,53.952733,-1.088374
3508,2025-05,T1,suspicious activity,53.954621,-1.093194
3509,2025-05,T1,suspicious activity,53.953497,-1.090765
3510,2025-05,T1,suspicious activity,53.954621,-1.093194
3511,2025-05,T1,suspicious activity,53.951281,-1.090173
3512,2025-05,T1,suspicious activity,53.954804,-1.092428
3513,2025-05,T1,suspicious activity,53.953497,-1.090765
3514,2025-05,T1,suspicious activity,53.953497,-1.090765
3515,2025-05,T1,suspicious activity,53.953497,-1.090765
3516,2025-05,T1,suspicious activity,53.952204,-1.085002
3517,2025-05,T1,suspicious activity,53.951281,-1.090173
3518,2025-05,T1,suspicious activity,53.955025,-1.089634
3519,2025-05,T1,suspicious activity,53.951281,-1.090173
3520,2025-05,T1,suspicious activity,53.954804,-1.092428
3521,2025-05,T1,suspicious activity,53.953729,-1.091781
3522,2025-05,T1,suspicious activity,53.953497,-1.090765
3523,2025-05,T1,suspicious activity,53.952733,-1.088374
3524,2025-05,T1,vandalism,53.951281,-1.090173
3525,2025-05,T1,vandalism,53.951281,-1.090173
3526,2025-05,T1,vandalism,53.951281,-1.090173
3527,2025-05,T1,vandalism,53.951281,-1.090173
3528,2025-05,T1,vandalism,53.951281,-1.090173
3529,2025-05,T1,vandalism,53.953497,-1.090765
3530,2025-05,T1,harassment,53.954621,-1.093194
3531,2025-05,T1,harassment,53.951995,-1.088313
3532,2025-05,T1,harassment,53.954804,-1.092428
3533,2025-05,T1,harassment,53.954621,-1.093194
3534,2025-05,T1,harassment,53.954621,-1.093194
3535,2025-05,T1,physical assault,53.951793,-1.08655
3536,2025-05,T1,physical assault,53.953709,-1.089145
3537,2025-05,T1,physical assault,53.954621,-1.093194
3538,2025-05,T1,physical assault,53.955032,-1.09413
3539,2025-05,T1,physical assault,53.954621,-1.093194
3540,2025-05,T1,physical assault,53.954094,-1.087689
3541,2025-05,T1,physical assault,53.953709,-1.089145
3542,2025-05,T1,physical assault,53.952733,-1.088374
3543,2025-05,T1,physical assault,53.951793,-1.08655
3544,2025-05,T1,physical assault,53.951793,-1.08655
3545,2025-05,T1,physical assault,53.954128,-1.097014
3546,2025-05,T1,physical assault,53.951793,-1.08655
3547,2025-05,T1,physical assault,53.954621,-1.093194
3548,2025-05,T1,physical assault,53.954804,-1.092428
3549,2025-05,T1,physical assault,53.954094,-1.087689
3550,2025-05,T1,suspicious activity,53.959798,-1.077871
3551,2025-05,T1,suspicious activity,53.959245,-1.078355
3552,2025-05,T1,suspicious activity,53.955333,-1.074647
3553,2025-05,T1,suspicious activity,53.955333,-1.074647
3554,2025-05,T1,suspicious activity,53.959245,-1.078355
3555,2025-05,T1,suspicious activity,53.95439,-1.07524
3556,2025-05,T1,suspicious activity,53.959245,-1.078355
3557,2025-05,T1,suspicious activity,53.956372,-1.074106
3558,2025-05,T1,suspicious activity,53.955333,-1.074647
3559,2025-05,T1,suspicious activity,53.956109,-1.071475
3560,2025-05,T1,suspicious activity,53.959851,-1.073084
3561,2025-05,T1,suspicious activity,53.959798,-1.077871
3562,2025-05,T1,suspicious activity,53.955333,-1.074647
3563,2025-05,T1,suspicious activity,53.955333,-1.074647
3564,2025-05,T1,suspicious activity,53.959053,-1.079183
3565,2025-05,T1,suspicious activity,53.956372,-1.074106
3566,2025-05,T1,suspicious activity,53.95439,-1.07524
3567,2025-05,T1,suspicious activity,53.955489,-1.073882
3568,2025-05,T1,suspicious activity,53.959798,-1.077871
3569,2025-05,T1,suspicious activity,53.959068,-1.074092
3570,2025-05,T1,suspicious activity,53.954489,-1.073538
3571,2025-05,T1,suspicious activity,53.955333,-1.074647
3572,2025-05,T1,suspicious activity,53.957761,-1.072414
3573,2025-05,T1,suspicious activity,53.955333,-1.074647
3574,2025-05,T1,vandalism,53.958317,-1.071167
3575,2025-05,T1,vandalism,53.959053,-1.079183
3576,2025-05,T1,vandalism,53.960274,-1.076595
3577,2025-05,T1,vandalism,53.959053,-1.079183
3578,2025-05,T1,physical assault,53.958317,-1.071167
3579,2025-05,T1,harassment,53.960274,-1.076595
3580,2025-05,T1,harassment,53.954973,-1.068788
3581,2025-05,T1,robbery,53.958399,-1.068879
3582,2025-05,T1,physical assault,53.960274,-1.076595
3583,2025-05,T1,physical assault,53.954973,-1.068788
3584,2025-05,T1,physical assault,53.956067,-1.068398
3585,2025-05,T1,physical assault,53.955333,-1.074647
3586,2025-05,T1,physical assault,53.956067,-1.068398
3587,2025-05,T1,physical assault,53.959068,-1.074092
3588,2025-05,T1,physical assault,53.959053,-1.079183
3589,2025-05,T1,physical assault,53.957761,-1.072414
3590,2025-05,T1,physical assault,53.959798,-1.077871
3591,2025-05,T1,suspicious activity,53.958398,-1.092228
3592,2025-05,T1,suspicious activity,53.95615,-1.090996
3593,2025-05,T1,suspicious activity,53.96043,-1.091223
3594,2025-05,T1,suspicious activity,53.959155,-1.09023
3595,2025-05,T1,suspicious activity,53.957775,-1.093125
3596,2025-05,T1,suspicious activity,53.958398,-1.092228
3597,2025-05,T1,suspicious activity,53.95615,-1.090996
3598,2025-05,T1,suspicious activity,53.957808,-1.086785
3599,2025-05,T1,suspicious activity,53.959055,-1.087626
3600,2025-05,T1,suspicious activity,53.957808,-1.086785
3601,2025-05,T1,suspicious activity,53.95615,-1.090996
3602,2025-05,T1,suspicious activity,53.957831,-1.087409
3603,2025-05,T1,suspicious activity,53.957831,-1.087409
3604,2025-05,T1,suspicious activity,53.95615,-1.090996
3605,2025-05,T1,suspicious activity,53.96043,-1.091223
3606,2025-05,T1,suspicious activity,53.96043,-1.091223
3607,2025-05,T1,suspicious activity,53.958167,-1.085481
3608,2025-05,T1,suspicious activity,53.96043,-1.091223
3609,2025-05,T1,suspicious activity,53.958398,-1.092228
3610,2025-05,T1,suspicious activity,53.95888,-1.087066
3611,2025-05,T1,suspicious activity,53.959155,-1.09023
3612,2025-05,T1,suspicious activity,53.958398,-1.092228
3613,2025-05,T1,suspicious activity,53.958732,-1.087694
3614,2025-05,T1,suspicious activity,53.957377,-1.089263
3615,2025-05,T1,vandalism,53.955925,-1.089752
3616,2025-05,T1,vandalism,53.958796,-1.086732
3617,2025-05,T1,vandalism,53.959055,-1.087626
3618,2025-05,T1,harassment,53.96043,-1.091223
3619,2025-05,T1,harassment,53.957808,-1.086785
3620,2025-05,T1,harassment,53.958167,-1.085481
3621,2025-05,T1,harassment,53.95615,-1.090996
3622,2025-05,T1,harassment,53.95615,-1.090996
3623,2025-05,T1,harassment,53.95615,-1.090996
3624,2025-05,T1,harassment,53.95816,-1.088164
3625,2025-05,T1,harassment,53.958796,-1.086732
3626,2025-05,T1,harassment,53.953905,-1.081795
3627,2025-05,T1,harassment,53.96043,-1.091223
3628,2025-05,T1,robbery,53.957273,-1.084983
3629,2025-05,T1,physical assault,53.96043,-1.091223
3630,2025-05,T1,physical assault,53.959055,-1.087626
3631,2025-05,T1,physical assault,53.958796,-1.086732
3632,2025-05,T1,physical assault,53.95615,-1.090996
3633,2025-05,T1,physical assault,53.957808,-1.086785
3634,2025-05,T1,physical assault,53.955925,-1.089752
3635,2025-05,T1,physical assault,53.958796,-1.086732
3636,2025-05,T1,physical assault,53.957831,-1.087409
3637,2025-05,T1,physical assault,53.959055,-1.087626
3638,2025-05,T1,physical assault,53.96043,-1.091223
3639,2025-05,T1,physical assault,53.957139,-1.088597
3640,2025-05,T1,physical assault,53.959055,-1.087626
3641,2025-05,T1,physical assault,53.957273,-1.084983
3642,2025-05,T1,physical assault,53.96043,-1.091223
3643,2025-05,T1,physical assault,53.957831,-1.087409
3644,2025-05,T1,physical assault,53.95615,-1.090996
3645,2025-05,T1,physical assault,53.959055,-1.087626
3646,2025-05,T1,physical assault,53.958796,-1.086732
3647,2025-05,T1,physical assault,53.958167,-1.085481
3648,2025-05,T1,physical assault,53.958796,-1.086732
3649,2025-05,T1,physical assault,53.958796,-1.086732
3650,2025-05,T1,physical assault,53.96043,-1.091223
3651,2025-05,T1,physical assault,53.95615,-1.090996
3652,2025-05,T1,physical assault,53.957808,-1.086785
3653,2025-05,T1,physical assault,53.958796,-1.086732
3654,2025-05,T1,physical assault,53.958796,-1.086732
3655,2025-05,T1,physical assault,53.957273,-1.084983
3656,2025-05,T1,physical assault,53.96043,-1.091223
3657,2025-05,T1,physical assault,53.958732,-1.087694
3658,2025-05,T1,physical assault,53.96043,-1.091223
3659,2025-05,T1,physical assault,53.96043,-1.091223
3660,2025-05,T1,physical assault,53.95615,-1.090996
3661,2025-05,T1,physical assault,53.957808,-1.086785
3662,2025-05,T1,physical assault,53.96043,-1.091223
3663,2025-05,T1,physical assault,53.957808,-1.086785
3664,2025-05,T1,physical assault,53.96043,-1.091223
3665,2025-05,T1,suspicious activity,53.954309,-1.086495
3666,2025-05,T1,suspicious activity,53.956495,-1.08788
3667,2025-05,T1,suspicious activity,53.956813,-1.087157
3668,2025-05,T1,suspicious activity,53.955721,-1.086571
3669,2025-05,T1,physical assault,53.956495,-1.08788
3670,2025-05,T1,suspicious activity,53.957862,-1.082339
3671,2025-05,T1,suspicious activity,53.95728,-1.082376
3672,2025-05,T1,suspicious activity,53.959281,-1.084118
3673,2025-05,T1,suspicious activity,53.954439,-1.077608
3674,2025-05,T1,suspicious activity,53.958919,-1.080451
3675,2025-05,T1,suspicious activity,53.957819,-1.079324
3676,2025-05,T1,suspicious activity,53.956623,-1.077529
3677,2025-05,T1,suspicious activity,53.957819,-1.079324
3678,2025-05,T1,suspicious activity,53.954439,-1.077608
3679,2025-05,T1,suspicious activity,53.959281,-1.084118
3680,2025-05,T1,suspicious activity,53.958919,-1.080451
3681,2025-05,T1,suspicious activity,53.957093,-1.079119
3682,2025-05,T1,suspicious activity,53.959281,-1.084118
3683,2025-05,T1,suspicious activity,53.958064,-1.08143
3684,2025-05,T1,suspicious activity,53.956623,-1.077529
3685,2025-05,T1,suspicious activity,53.958064,-1.08143
3686,2025-05,T1,suspicious activity,53.958064,-1.08143
3687,2025-05,T1,suspicious activity,53.954439,-1.077608
3688,2025-05,T1,suspicious activity,53.960121,-1.080058
3689,2025-05,T1,suspicious activity,53.959658,-1.080632
3690,2025-05,T1,suspicious activity,53.955916,-1.081446
3691,2025-05,T1,suspicious activity,53.958346,-1.080242
3692,2025-05,T1,suspicious activity,53.95869,-1.082269
3693,2025-05,T1,suspicious activity,53.95869,-1.082269
3694,2025-05,T1,suspicious activity,53.95706,-1.080659
3695,2025-05,T1,suspicious activity,53.954439,-1.077608
3696,2025-05,T1,vandalism,53.955888,-1.078993
3697,2025-05,T1,vandalism,53.958346,-1.080242
3698,2025-05,T1,vandalism,53.95869,-1.082269
3699,2025-05,T1,vandalism,53.957319,-1.079175
3700,2025-05,T1,vandalism,53.959658,-1.080632
3701,2025-05,T1,vandalism,53.95879,-1.081139
3702,2025-05,T1,vandalism,53.956434,-1.076345
3703,2025-05,T1,physical assault,53.954925,-1.080036
3704,2025-05,T1,physical assault,53.959281,-1.084118
3705,2025-05,T1,harassment,53.959281,-1.084118
3706,2025-05,T1,harassment,53.959281,-1.084118
3707,2025-05,T1,harassment,53.95728,-1.082376
3708,2025-05,T1,harassment,53.958689,-1.0798
3709,2025-05,T1,harassment,53.959281,-1.084118
3710,2025-05,T1,harassment,53.955888,-1.078993
3711,2025-05,T1,harassment,53.956944,-1.081896
3712,2025-05,T1,harassment,53.956609,-1.0734
3713,2025-05,T1,harassment,53.955888,-1.078993
3714,2025-05,T1,harassment,53.959281,-1.084118
3715,2025-05,T1,harassment,53.959281,-1.084118
3716,2025-05,T1,physical assault,53.958346,-1.080242
3717,2025-05,T1,physical assault,53.959281,-1.084118
3718,2025-05,T1,physical assault,53.956866,-1.08234
3719,2025-05,T1,physical assault,53.959281,-1.084118
3720,2025-05,T1,physical assault,53.954439,-1.077608
3721,2025-05,T1,physical assault,53.959658,-1.080632
3722,2025-05,T1,physical assault,53.954439,-1.077608
3723,2025-05,T1,physical assault,53.954222,-1.076272
3724,2025-05,T1,physical assault,53.958346,-1.080242
3725,2025-05,T1,physical assault,53.958346,-1.080242
3726,2025-05,T1,physical assault,53.959281,-1.084118
3727,2025-05,T1,physical assault,53.959281,-1.084118
3728,2025-05,T1,physical assault,53.959658,-1.080632
3729,2025-05,T1,physical assault,53.959281,-1.084118
3730,2025-05,T1,physical assault,53.956609,-1.0734
3731,2025-05,T1,physical assault,53.955916,-1.081446
3732,2025-05,T1,physical assault,53.957862,-1.082339
3733,2025-05,T1,physical assault,53.95728,-1.082376
3734,2025-05,T1,physical assault,53.957862,-1.082339
3735,2025-05,T1,physical assault,53.956609,-1.0734
3736,2025-05,T1,physical assault,53.958346,-1.080242
3737,2025-05,T1,physical assault,53.958346,-1.080242
3738,2025-05,T1,physical assault,53.960121,-1.080058
3739,2025-05,T1,physical assault,53.959281,-1.084118
3740,2025-05,T1,physical assault,53.958303,-1.078605
3741,2025-05,T1,physical assault,53.956609,-1.0734
3742,2025-05,T1,physical assault,53.959281,-1.084118
3743,2025-05,T1,physical assault,53.957862,-1.082339
3744,2025-05,T1,physical assault,53.959658,-1.080632
3745,2025-05,T1,physical assault,53.959281,-1.084118
3746,2025-05,T1,physical assault,53.957862,-1.082339
3747,2025-05,T1,physical assault,53.959281,-1.084118
3748,2025-05,T1,physical assault,53.956866,-1.08234
3749,2025-05,T1,physical assault,53.957862,-1.082339
3750,2025-05,T1,physical assault,53.960121,-1.080058
3751,2025-05,T1,physical assault,53.957862,-1.082339
3752,2025-05,T1,physical assault,53.957862,-1.082339
3753,2025-05,T1,suspicious activity,53.964837,-1.051953
3754,2025-05,T1,suspicious activity,53.960178,-1.057287
3755,2025-05,T1,suspicious activity,53.966547,-1.050055
3756,2025-05,T1,vandalism,53.964656,-1.050155
3757,2025-05,T1,harassment,53.961974,-1.048025
3758,2025-05,T1,suspicious activity,53.950621,-1.037723
3759,2025-05,T1,vandalism,53.950621,-1.037723
3760,2025-05,T1,physical assault,53.950621,-1.037723
3761,2025-05,T1,physical assault,53.951034,-1.039908
3762,2025-05,T1,suspicious activity,53.959724,-1.038626
3763,2025-05,T1,suspicious activity,53.961284,-1.044809
3764,2025-05,T1,suspicious activity,53.961523,-1.042121
3765,2025-05,T1,suspicious activity,53.961826,-1.045382
3766,2025-05,T1,suspicious activity,53.961092,-1.041079
3767,2025-05,T1,suspicious activity,53.959724,-1.038626
3768,2025-05,T1,suspicious activity,53.960287,-1.040458
3769,2025-05,T1,suspicious activity,53.961592,-1.041815
3770,2025-05,T1,vandalism,53.959554,-1.037548
3771,2025-05,T1,vandalism,53.96189,-1.043088
3772,2025-05,T1,harassment,53.96189,-1.043088
3773,2025-05,T1,suspicious activity,53.964326,-1.053367
3774,2025-05,T1,suspicious activity,53.961002,-1.053488
3775,2025-05,T1,suspicious activity,53.962789,-1.052198
3776,2025-05,T1,vandalism,53.961232,-1.05423
3777,2025-05,T1,harassment,53.960119,-1.05898
3778,2025-05,T1,harassment,53.961362,-1.059318
3779,2025-05,T1,physical assault,53.961232,-1.05423
3780,2025-05,T1,physical assault,53.961002,-1.053488
3781,2025-05,T1,physical assault,53.961232,-1.05423
3782,2025-05,T1,physical assault,53.961002,-1.053488
3783,2025-05,T1,physical assault,53.961232,-1.05423
3784,2025-05,T1,physical assault,53.961002,-1.053488
3785,2025-05,T1,harassment,53.955176,-1.045345
3786,2025-05,T1,physical assault,53.954726,-1.042963
3787,2025-05,T1,physical assault,53.955986,-1.045433
3788,2025-05,T1,physical assault,53.956999,-1.045181
3789,2025-05,T1,physical assault,53.956999,-1.045181
3790,2025-05,T1,physical assault,53.956999,-1.045181
3791,2025-05,T1,physical assault,53.956999,-1.045181
3792,2025-05,T1,physical assault,53.954726,-1.042963
3793,2025-05,T1,suspicious activity,53.959111,-1.054202
3794,2025-05,T1,suspicious activity,53.956544,-1.06159
3795,2025-05,T1,suspicious activity,53.956544,-1.06159
3796,2025-05,T1,suspicious activity,53.956544,-1.06159
3797,2025-05,T1,suspicious activity,53.956937,-1.054312
3798,2025-05,T1,suspicious activity,53.956544,-1.06159
3799,2025-05,T1,suspicious activity,53.956948,-1.0523
3800,2025-05,T1,suspicious activity,53.956544,-1.06159
3801,2025-05,T1,suspicious activity,53.956937,-1.054312
3802,2025-05,T1,vandalism,53.958459,-1.057824
3803,2025-05,T1,vandalism,53.958447,-1.053241
3804,2025-05,T1,vandalism,53.956544,-1.06159
3805,2025-05,T1,vandalism,53.957885,-1.059518
3806,2025-05,T1,vandalism,53.958459,-1.057824
3807,2025-05,T1,vandalism,53.959125,-1.057173
3808,2025-05,T1,vandalism,53.958134,-1.056815
3809,2025-05,T1,physical assault,53.958447,-1.053241
3810,2025-05,T1,physical assault,53.956937,-1.054312
3811,2025-05,T1,physical assault,53.959111,-1.054202
3812,2025-05,T1,physical assault,53.956238,-1.057091
3813,2025-05,T1,physical assault,53.956544,-1.06159
3814,2025-05,T1,physical assault,53.957905,-1.052827
3815,2025-05,T1,physical assault,53.956937,-1.054312
3816,2025-05,T1,physical assault,53.957885,-1.059518
3817,2025-05,T1,physical assault,53.956238,-1.057091
3818,2025-05,T1,physical assault,53.956238,-1.057091
3819,2025-05,T1,physical assault,53.957632,-1.05582
3820,2025-05,T1,physical assault,53.956937,-1.054312
3821,2025-05,T1,physical assault,53.956937,-1.054312
3822,2025-05,T1,suspicious activity,53.956321,-1.062951
3823,2025-05,T1,suspicious activity,53.956321,-1.062951
3824,2025-05,T1,suspicious activity,53.956321,-1.062951
3825,2025-05,T1,suspicious activity,53.954735,-1.056678
3826,2025-05,T1,suspicious activity,53.956321,-1.062951
3827,2025-05,T1,suspicious activity,53.955988,-1.059438
3828,2025-05,T1,harassment,53.956321,-1.062951
3829,2025-05,T1,physical assault,53.955589,-1.061322
3830,2025-05,T1,physical assault,53.955589,-1.061322
3831,2025-05,T1,physical assault,53.955819,-1.064273
3832,2025-05,T1,physical assault,53.955589,-1.061322
3833,2025-05,T1,physical assault,53.956321,-1.062951
3834,2025-05,T1,physical assault,53.954825,-1.060135
3835,2025-05,T1,physical assault,53.954825,-1.060135
3836,2025-05,T1,physical assault,53.954825,-1.060135
3837,2025-05,T1,suspicious activity,53.959202,-1.051466
3838,2025-05,T1,suspicious activity,53.959091,-1.049464
3839,2025-05,T1,suspicious activity,53.959402,-1.048952
3840,2025-05,T1,suspicious activity,53.959091,-1.049464
3841,2025-05,T1,vandalism,53.959202,-1.051466
3842,2025-05,T1,vandalism,53.959202,-1.051466
3843,2025-05,T1,vandalism,53.959202,-1.051466
3844,2025-05,T1,harassment,53.959091,-1.049464
3845,2025-05,T1,robbery,53.959091,-1.049464
3846,2025-05,T1,physical assault,53.956619,-1.051667
3847,2025-05,T1,suspicious activity,53.954403,-1.05446
3848,2025-05,T1,robbery,53.954403,-1.05446
3849,2025-05,T1,physical assault,53.952826,-1.047134
3850,2025-05,T1,physical assault,53.95342,-1.05177
3851,2025-05,T1,physical assault,53.953478,-1.059144
3852,2025-05,T1,physical assault,53.954962,-1.052375
3853,2025-05,T1,suspicious activity,53.957581,-1.11407
3854,2025-05,T1,vandalism,53.959764,-1.115166
3855,2025-05,T1,physical assault,53.960643,-1.111215
3856,2025-05,T1,physical assault,53.961335,-1.113746
3857,2025-05,T1,suspicious activity,53.95807,-1.115873
3858,2025-05,T1,suspicious activity,53.960586,-1.118212
3859,2025-05,T1,suspicious activity,53.957259,-1.119258
3860,2025-05,T1,suspicious activity,53.957517,-1.116372
3861,2025-05,T1,suspicious activity,53.95863,-1.122277
3862,2025-05,T1,physical assault,53.960911,-1.119532
3863,2025-05,T1,physical assault,53.95807,-1.115873
3864,2025-05,T1,physical assault,53.960586,-1.118212
3865,2025-05,T1,physical assault,53.95807,-1.115873
3866,2025-05,T1,physical assault,53.958393,-1.116963
3867,2025-05,T1,suspicious activity,53.953529,-1.110681
3868,2025-05,T1,suspicious activity,53.953529,-1.110681
3869,2025-05,T1,suspicious activity,53.953529,-1.110681
3870,2025-05,T1,robbery,53.95513,-1.107127
3871,2025-05,T1,suspicious activity,53.956402,-1.120136
3872,2025-05,T1,suspicious activity,53.951687,-1.116892
3873,2025-05,T1,suspicious activity,53.951794,-1.111861
3874,2025-05,T1,harassment,53.956402,-1.120136
3875,2025-05,T1,robbery,53.956402,-1.120136
3876,2025-05,T1,robbery,53.951687,-1.116892
3877,2025-05,T1,physical assault,53.956182,-1.116964
3878,2025-05,T1,physical assault,53.956182,-1.116964
3879,2025-05,T1,physical assault,53.954634,-1.120334
3880,2025-05,T1,suspicious activity,53.955363,-1.125394
3881,2025-05,T1,suspicious activity,53.955363,-1.125394
3882,2025-05,T1,suspicious activity,53.955363,-1.125394
3883,2025-05,T1,vandalism,53.952246,-1.126861
3884,2025-05,T1,vandalism,53.955363,-1.125394
3885,2025-05,T1,harassment,53.955363,-1.125394
3886,2025-05,T1,physical assault,53.955006,-1.124472
3887,2025-05,T1,physical assault,53.951879,-1.120971
3888,2025-05,T1,physical assault,53.954484,-1.121983
3889,2025-05,T1,suspicious activity,53.950359,-1.124478
3890,2025-05,T1,suspicious activity,53.950359,-1.124478
3891,2025-05,T1,harassment,53.950359,-1.124478
3892,2025-05,T1,physical assault,53.950359,-1.124478
3893,2025-05,T1,suspicious activity,53.964808,-1.104435
3894,2025-05,T1,suspicious activity,53.963392,-1.104984
3895,2025-05,T1,vandalism,53.965239,-1.104472
3896,2025-05,T1,physical assault,53.965424,-1.106327
3897,2025-05,T1,harassment,53.965239,-1.104472
3898,2025-05,T1,physical assault,53.965424,-1.106327
3899,2025-05,T1,physical assault,53.966194,-1.105945
3900,2025-05,T1,physical assault,53.965424,-1.106327
3901,2025-05,T1,suspicious activity,53.955471,-1.099881
3902,2025-05,T1,suspicious activity,53.960507,-1.101494
3903,2025-05,T1,suspicious activity,53.963091,-1.109243
3904,2025-05,T1,suspicious activity,53.957817,-1.108395
3905,2025-05,T1,suspicious activity,53.963091,-1.109243
3906,2025-05,T1,suspicious activity,53.963103,-1.107215
3907,2025-05,T1,vandalism,53.960657,-1.102223
3908,2025-05,T1,vandalism,53.963103,-1.107215
3909,2025-05,T1,vandalism,53.957817,-1.108395
3910,2025-05,T1,suspicious activity,53.953787,-1.100694
3911,2025-05,T1,robbery,53.953787,-1.100694
3912,2025-05,T1,physical assault,53.954449,-1.100253
3913,2025-05,T1,suspicious activity,53.949339,-1.08892
3914,2025-05,T1,suspicious activity,53.949339,-1.08892
3915,2025-05,T1,suspicious activity,53.952811,-1.092761
3916,2025-05,T1,suspicious activity,53.953735,-1.092512
3917,2025-05,T1,suspicious activity,53.95015,-1.098639
3918,2025-05,T1,suspicious activity,53.950171,-1.093138
3919,2025-05,T1,suspicious activity,53.953735,-1.092512
3920,2025-05,T1,suspicious activity,53.95015,-1.098639
3921,2025-05,T1,suspicious activity,53.952273,-1.095287
3922,2025-05,T1,vandalism,53.952811,-1.092761
3923,2025-05,T1,vandalism,53.953473,-1.095977
3924,2025-05,T1,vandalism,53.949482,-1.094676
3925,2025-05,T1,vandalism,53.954108,-1.095521
3926,2025-05,T1,vandalism,53.950462,-1.093589
3927,2025-05,T1,physical assault,53.952811,-1.092761
3928,2025-05,T1,harassment,53.954108,-1.095521
3929,2025-05,T1,harassment,53.952502,-1.09583
3930,2025-05,T1,physical assault,53.951709,-1.098072
3931,2025-05,T1,physical assault,53.948813,-1.102523
3932,2025-05,T1,physical assault,53.951811,-1.094839
3933,2025-05,T1,physical assault,53.949682,-1.097369
3934,2025-05,T1,physical assault,53.954108,-1.095521
3935,2025-05,T1,physical assault,53.948813,-1.102523
3936,2025-05,T1,suspicious activity,53.948397,-1.122964
3937,2025-05,T1,suspicious activity,53.947598,-1.119309
3938,2025-05,T1,suspicious activity,53.944104,-1.120861
3939,2025-05,T1,suspicious activity,53.944104,-1.120861
3940,2025-05,T1,suspicious activity,53.945307,-1.124431
3941,2025-05,T1,suspicious activity,53.945307,-1.124431
3942,2025-05,T1,suspicious activity,53.947598,-1.119309
3943,2025-05,T1,vandalism,53.947772,-1.118574
3944,2025-05,T1,vandalism,53.946559,-1.119803
3945,2025-05,T1,vandalism,53.946559,-1.119803
3946,2025-05,T1,vandalism,53.94629,-1.124898
3947,2025-05,T1,harassment,53.947949,-1.121907
3948,2025-05,T1,physical assault,53.94629,-1.124898
3949,2025-05,T1,physical assault,53.945307,-1.124431
3950,2025-05,T1,physical assault,53.944104,-1.120861
3951,2025-05,T1,physical assault,53.945307,-1.124431
3952,2025-05,T1,physical assault,53.945307,-1.124431
3953,2025-05,T1,physical assault,53.945307,-1.124431
3954,2025-05,T1,physical assault,53.948397,-1.122964
3955,2025-05,T1,physical assault,53.946265,-1.117783
3956,2025-05,T1,physical assault,53.946346,-1.11897
3957,2025-05,T1,physical assault,53.945775,-1.120825
3958,2025-05,T1,physical assault,53.945307,-1.124431
3959,2025-05,T1,physical assault,53.945775,-1.120825
3960,2025-05,T1,physical assault,53.94629,-1.124898
3961,2025-05,T1,suspicious activity,53.948905,-1.127266
3962,2025-05,T1,suspicious activity,53.948905,-1.127266
3963,2025-05,T1,physical assault,53.948567,-1.125231
3964,2025-05,T1,suspicious activity,53.940522,-1.060853
3965,2025-05,T1,physical assault,53.941495,-1.068052
3966,2025-05,T1,physical assault,53.939669,-1.067895
3967,2025-05,T1,physical assault,53.940172,-1.06898
3968,2025-05,T1,suspicious activity,53.947321,-1.074925
3969,2025-05,T1,suspicious activity,53.945059,-1.07684
3970,2025-05,T1,vandalism,53.947321,-1.074925
3971,2025-05,T1,vandalism,53.950476,-1.076553
3972,2025-05,T1,physical assault,53.947021,-1.078366
3973,2025-05,T1,suspicious activity,53.946614,-1.074596
3974,2025-05,T1,harassment,53.94649,-1.072405
3975,2025-05,T1,harassment,53.94649,-1.072405
3976,2025-05,T1,harassment,53.94649,-1.072405
3977,2025-05,T1,harassment,53.94649,-1.072405
3978,2025-05,T1,harassment,53.94649,-1.072405
3979,2025-05,T1,harassment,53.94649,-1.072405
3980,2025-05,T1,harassment,53.94649,-1.072405
3981,2025-05,T1,harassment,53.94649,-1.072405
3982,2025-05,T1,robbery,53.943681,-1.075316
3983,2025-05,T1,physical assault,53.94649,-1.072405
3984,2025-05,T1,physical assault,53.94649,-1.072405
3985,2025-05,T1,physical assault,53.946614,-1.074596
3986,2025-05,T1,physical assault,53.943681,-1.075316
3987,2025-05,T1,physical assault,53.946518,-1.076046
3988,2025-05,T1,physical assault,53.946518,-1.076046
3989,2025-05,T1,physical assault,53.94649,-1.072405
3990,2025-05,T1,suspicious activity,53.95368,-1.073541
3991,2025-05,T1,suspicious activity,53.953574,-1.063348
3992,2025-05,T1,suspicious activity,53.952753,-1.067527
3993,2025-05,T1,suspicious activity,53.953574,-1.063348
3994,2025-05,T1,suspicious activity,53.953574,-1.063348
3995,2025-05,T1,suspicious activity,53.954421,-1.063649
3996,2025-05,T1,suspicious activity,53.95405,-1.059787
3997,2025-05,T1,vandalism,53.952286,-1.063042
3998,2025-05,T1,physical assault,53.95368,-1.073541
3999,2025-05,T1,physical assault,53.953545,-1.067677
4000,2025-05,T1,physical assault,53.953574,-1.063348
4001,2025-05,T1,physical assault,53.95368,-1.073541
4002,2025-05,T1,physical assault,53.953574,-1.063348
4003,2025-05,T1,physical assault,53.954388,-1.070904
4004,2025-05,T1,physical assault,53.953545,-1.067677
4005,2025-05,T1,physical assault,53.952286,-1.063042
4006,2025-05,T1,physical assault,53.95405,-1.059787
4007,2025-05,T1,suspicious activity,53.952934,-1.071271
4008,2025-05,T1,suspicious activity,53.952934,-1.071271
4009,2025-05,T1,suspicious activity,53.950742,-1.072585
4010,2025-05,T1,suspicious activity,53.952934,-1.071271
4011,2025-05,T1,vandalism,53.952133,-1.075693
4012,2025-05,T1,physical assault,53.951565,-1.069671
4013,2025-05,T1,physical assault,53.9534,-1.06989
4014,2025-05,T1,physical assault,53.951334,-1.073562
4015,2025-05,T1,physical assault,53.951334,-1.073562
4016,2025-05,T1,physical assault,53.952934,-1.071271
4017,2025-05,T1,physical assault,53.95217,-1.071212
4018,2025-05,T1,suspicious activity,53.952009,-1.08298
4019,2025-05,T1,suspicious activity,53.950521,-1.082403
4020,2025-05,T1,suspicious activity,53.948497,-1.081744
4021,2025-05,T1,suspicious activity,53.948497,-1.081744
4022,2025-05,T1,suspicious activity,53.95148,-1.085536
4023,2025-05,T1,suspicious activity,53.952009,-1.08298
4024,2025-05,T1,suspicious activity,53.952009,-1.08298
4025,2025-05,T1,vandalism,53.949575,-1.079711
4026,2025-05,T1,harassment,53.950088,-1.083403
4027,2025-05,T1,robbery,53.95148,-1.085536
4028,2025-05,T1,physical assault,53.952212,-1.080171
4029,2025-05,T1,physical assault,53.952009,-1.08298
4030,2025-05,T1,physical assault,53.951044,-1.082589
4031,2025-05,T1,physical assault,53.950088,-1.083403
4032,2025-05,T1,physical assault,53.951545,-1.08235
4033,2025-05,T1,physical assault,53.952009,-1.08298
4034,2025-05,T1,vandalism,53.93438,-1.102863
4035,2025-05,T1,suspicious activity,53.941067,-1.106406
4036,2025-05,T1,suspicious activity,53.947726,-1.10503
4037,2025-05,T1,suspicious activity,53.942262,-1.112429
4038,2025-05,T1,vandalism,53.943694,-1.109138
4039,2025-05,T1,harassment,53.940592,-1.113866
4040,2025-05,T1,physical assault,53.947726,-1.10503
4041,2025-05,T1,physical assault,53.940709,-1.110314
4042,2025-05,T1,suspicious activity,53.946441,-1.096693
4043,2025-05,T1,suspicious activity,53.938061,-1.087688
4044,2025-05,T1,suspicious activity,53.938061,-1.087688
4045,2025-05,T1,vandalism,53.948118,-1.092573
4046,2025-05,T1,vandalism,53.938061,-1.087688
4047,2025-05,T1,vandalism,53.945999,-1.091705
4048,2025-05,T1,vandalism,53.947624,-1.093787
4049,2025-05,T1,harassment,53.938061,-1.087688
4050,2025-05,T1,physical assault,53.948118,-1.092573
4051,2025-05,T1,physical assault,53.946441,-1.096693
4052,2025-05,T1,physical assault,53.948118,-1.092573
4053,2025-05,T1,physical assault,53.938061,-1.087688
4054,2025-05,T1,physical assault,53.942659,-1.089812
4055,2025-05,T1,suspicious activity,53.945119,-1.082553
4056,2025-05,T1,suspicious activity,53.945119,-1.082553
4057,2025-05,T1,suspicious activity,53.946128,-1.084952
4058,2025-05,T1,suspicious activity,53.942336,-1.087534
4059,2025-05,T1,suspicious activity,53.942202,-1.088755
4060,2025-05,T1,harassment,53.946128,-1.084952
4061,2025-05,T1,physical assault,53.942202,-1.088755
4062,2025-05,T1,physical assault,53.945119,-1.082553
4063,2025-05,T1,physical assault,53.944244,-1.090158
4064,2025-05,T1,physical assault,53.947807,-1.084778
4065,2025-05,T1,physical assault,53.945119,-1.082553
4066,2025-05,T1,suspicious activity,53.939084,-1.114157
4067,2025-05,T1,vandalism,53.937694,-1.11705
4068,2025-05,T1,vandalism,53.939429,-1.120715
4069,2025-05,T1,physical assault,53.939429,-1.120715
4070,2025-05,T1,physical assault,53.938901,-1.121
4071,2025-05,T1,physical assault,53.939429,-1.120715
4072,2025-05,T1,suspicious activity,53.933561,-1.120915
4073,2025-05,T1,suspicious activity,53.933561,-1.120915
4074,2025-05,T1,harassment,53.933561,-1.120915
4075,2025-05,T1,physical assault,53.934405,-1.113509
4076,2025-05,T1,physical assault,53.940423,-1.125158
4077,2025-05,T1,physical assault,53.940423,-1.125158
4078,2025-05,T1,physical assault,53.937061,-1.123872
4079,2025-05,T1,suspicious activity,53.943173,-1.119021
4080,2025-05,T1,suspicious activity,53.941779,-1.115181
4081,2025-05,T1,physical assault,53.941595,-1.12201
4082,2025-05,T1,physical assault,53.941016,-1.115319
4083,2025-05,T1,suspicious activity,53.950628,-1.050135
4084,2025-05,T1,suspicious activity,53.948096,-1.044547
4085,2025-05,T1,suspicious activity,53.941189,-1.042953
4086,2025-05,T1,suspicious activity,53.948096,-1.044547
4087,2025-05,T1,vandalism,53.948096,-1.044547
4088,2025-05,T1,vandalism,53.947696,-1.05414
4089,2025-05,T1,physical assault,53.944612,-1.048329
4090,2025-05,T1,physical assault,53.941073,-1.047556
4091,2025-05,T1,physical assault,53.94609,-1.056797
4092,2025-05,T1,physical assault,53.941861,-1.048285
4093,2025-05,T1,suspicious activity,53.933297,-1.068021
4094,2025-05,T1,physical assault,53.935855,-1.068895
4095,2025-05,T1,physical assault,53.937957,-1.062799
4096,2025-05,T1,physical assault,53.934797,-1.062119
4097,2025-05,T1,physical assault,53.935855,-1.068895
4098,2025-05,T1,suspicious activity,53.938031,-1.078061
4099,2025-05,T1,suspicious activity,53.939219,-1.074849
4100,2025-05,T1,harassment,53.933027,-1.070236
4101,2025-05,T1,physical assault,53.939796,-1.074069
4102,2025-05,T1,physical assault,53.933415,-1.070486
4103,2025-05,T1,physical assault,53.938031,-1.078061
4104,2025-06,T1,suspicious activity,53.982518,-1.076216
4105,2025-06,T1,physical assault,53.982903,-1.063483
4106,2025-06,T1,physical assault,53.982903,-1.063483
4107,2025-06,T1,suspicious activity,53.979349,-1.069983
4108,2025-06,T1,suspicious activity,53.980007,-1.058669
4109,2025-06,T1,suspicious activity,53.978373,-1.064591
4110,2025-06,T1,suspicious activity,53.980367,-1.067886
4111,2025-06,T1,suspicious activity,53.979349,-1.069983
4112,2025-06,T1,vandalism,53.980007,-1.058669
4113,2025-06,T1,physical assault,53.979349,-1.069983
4114,2025-06,T1,harassment,53.979331,-1.060712
4115,2025-06,T1,harassment,53.979349,-1.069983
4116,2025-06,T1,physical assault,53.979349,-1.069983
4117,2025-06,T1,physical assault,53.979331,-1.060712
4118,2025-06,T1,physical assault,53.979349,-1.069983
4119,2025-06,T1,physical assault,53.979349,-1.069983
4120,2025-06,T1,physical assault,53.979349,-1.069983
4121,2025-06,T1,physical assault,53.979331,-1.060712
4122,2025-06,T1,physical assault,53.979349,-1.069983
4123,2025-06,T1,suspicious activity,53.977489,-1.053831
4124,2025-06,T1,suspicious activity,53.982568,-1.051993
4125,2025-06,T1,suspicious activity,53.982568,-1.051993
4126,2025-06,T1,harassment,53.982568,-1.051993
4127,2025-06,T1,physical assault,53.977489,-1.053831
4128,2025-06,T1,physical assault,53.986004,-1.055453
4129,2025-06,T1,physical assault,53.982568,-1.051993
4130,2025-06,T1,suspicious activity,53.97693,-1.096841
4131,2025-06,T1,vandalism,53.97693,-1.096841
4132,2025-06,T1,vandalism,53.977458,-1.09654
4133,2025-06,T1,physical assault,53.975091,-1.099748
4134,2025-06,T1,physical assault,53.974178,-1.097861
4135,2025-06,T1,suspicious activity,53.97964,-1.082812
4136,2025-06,T1,suspicious activity,53.981723,-1.096021
4137,2025-06,T1,suspicious activity,53.981228,-1.093561
4138,2025-06,T1,suspicious activity,53.98358,-1.097872
4139,2025-06,T1,suspicious activity,53.981723,-1.096021
4140,2025-06,T1,vandalism,53.978243,-1.092269
4141,2025-06,T1,vandalism,53.984958,-1.09653
4142,2025-06,T1,harassment,53.984958,-1.09653
4143,2025-06,T1,physical assault,53.979817,-1.103122
4144,2025-06,T1,physical assault,53.98218,-1.103056
4145,2025-06,T1,physical assault,53.979817,-1.103122
4146,2025-06,T1,physical assault,53.979817,-1.103122
4147,2025-06,T1,physical assault,53.976629,-1.101163
4148,2025-06,T1,physical assault,53.976629,-1.101163
4149,2025-06,T1,suspicious activity,53.965061,-1.091458
4150,2025-06,T1,suspicious activity,53.965148,-1.092249
4151,2025-06,T1,suspicious activity,53.968671,-1.088636
4152,2025-06,T1,vandalism,53.967548,-1.09113
4153,2025-06,T1,physical assault,53.967548,-1.09113
4154,2025-06,T1,suspicious activity,53.971403,-1.095757
4155,2025-06,T1,suspicious activity,53.969049,-1.097088
4156,2025-06,T1,suspicious activity,53.969049,-1.097088
4157,2025-06,T1,suspicious activity,53.969049,-1.097088
4158,2025-06,T1,vandalism,53.971403,-1.095757
4159,2025-06,T1,vandalism,53.967342,-1.096027
4160,2025-06,T1,vandalism,53.969049,-1.097088
4161,2025-06,T1,vandalism,53.969871,-1.095256
4162,2025-06,T1,physical assault,53.970587,-1.09489
4163,2025-06,T1,physical assault,53.968608,-1.095832
4164,2025-06,T1,physical assault,53.968608,-1.095832
4165,2025-06,T1,physical assault,53.968507,-1.099112
4166,2025-06,T1,suspicious activity,53.983218,-1.121578
4167,2025-06,T1,physical assault,53.983218,-1.121578
4168,2025-06,T1,suspicious activity,53.980402,-1.11296
4169,2025-06,T1,suspicious activity,53.984813,-1.102893
4170,2025-06,T1,vandalism,53.983086,-1.104043
4171,2025-06,T1,vandalism,53.985404,-1.106235
4172,2025-06,T1,physical assault,53.983086,-1.104043
4173,2025-06,T1,vandalism,53.976911,-1.107622
4174,2025-06,T1,harassment,53.974697,-1.104726
4175,2025-06,T1,physical assault,53.976911,-1.107622
4176,2025-06,T1,suspicious activity,53.965632,-1.063993
4177,2025-06,T1,harassment,53.967105,-1.061551
4178,2025-06,T1,physical assault,53.966353,-1.064297
4179,2025-06,T1,physical assault,53.966289,-1.05933
4180,2025-06,T1,suspicious activity,53.978121,-1.062234
4181,2025-06,T1,physical assault,53.974572,-1.068214
4182,2025-06,T1,physical assault,53.974572,-1.068214
4183,2025-06,T1,physical assault,53.974572,-1.068214
4184,2025-06,T1,physical assault,53.976668,-1.059156
4185,2025-06,T1,physical assault,53.976668,-1.059156
4186,2025-06,T1,physical assault,53.975941,-1.058166
4187,2025-06,T1,vandalism,53.970379,-1.050364
4188,2025-06,T1,harassment,53.971516,-1.05184
4189,2025-06,T1,suspicious activity,53.973864,-1.038819
4190,2025-06,T1,vandalism,53.973864,-1.038819
4191,2025-06,T1,suspicious activity,53.969286,-1.046288
4192,2025-06,T1,suspicious activity,53.967735,-1.04522
4193,2025-06,T1,vandalism,53.966797,-1.04418
4194,2025-06,T1,harassment,53.967554,-1.046876
4195,2025-06,T1,physical assault,53.971056,-1.04175
4196,2025-06,T1,physical assault,53.969094,-1.041055
4197,2025-06,T1,physical assault,53.969894,-1.043682
4198,2025-06,T1,suspicious activity,53.968952,-1.084285
4199,2025-06,T1,suspicious activity,53.970572,-1.079813
4200,2025-06,T1,suspicious activity,53.971353,-1.085574
4201,2025-06,T1,physical assault,53.968952,-1.084285
4202,2025-06,T1,physical assault,53.969432,-1.082384
4203,2025-06,T1,physical assault,53.968952,-1.084285
4204,2025-06,T1,physical assault,53.969333,-1.083514
4205,2025-06,T1,physical assault,53.969432,-1.082384
4206,2025-06,T1,physical assault,53.97067,-1.086732
4207,2025-06,T1,physical assault,53.972719,-1.080848
4208,2025-06,T1,physical assault,53.969802,-1.080257
4209,2025-06,T1,physical assault,53.969802,-1.080257
4210,2025-06,T1,physical assault,53.971848,-1.086844
4211,2025-06,T1,physical assault,53.969333,-1.083514
4212,2025-06,T1,suspicious activity,53.970529,-1.086034
4213,2025-06,T1,suspicious activity,53.972648,-1.088
4214,2025-06,T1,vandalism,53.972766,-1.086976
4215,2025-06,T1,vandalism,53.973624,-1.08871
4216,2025-06,T1,vandalism,53.972001,-1.090423
4217,2025-06,T1,physical assault,53.968347,-1.093384
4218,2025-06,T1,harassment,53.972766,-1.086976
4219,2025-06,T1,robbery,53.972766,-1.086976
4220,2025-06,T1,physical assault,53.974308,-1.08647
4221,2025-06,T1,physical assault,53.972766,-1.086976
4222,2025-06,T1,physical assault,53.974162,-1.084994
4223,2025-06,T1,physical assault,53.974097,-1.087084
4224,2025-06,T1,physical assault,53.974308,-1.08647
4225,2025-06,T1,physical assault,53.972402,-1.089942
4226,2025-06,T1,suspicious activity,53.973404,-1.089432
4227,2025-06,T1,suspicious activity,53.974117,-1.089752
4228,2025-06,T1,vandalism,53.973887,-1.091464
4229,2025-06,T1,vandalism,53.974117,-1.089752
4230,2025-06,T1,vandalism,53.973887,-1.091464
4231,2025-06,T1,physical assault,53.974117,-1.089752
4232,2025-06,T1,physical assault,53.975407,-1.086888
4233,2025-06,T1,physical assault,53.973404,-1.089432
4234,2025-06,T1,suspicious activity,53.973855,-1.093127
4235,2025-06,T1,suspicious activity,53.977102,-1.092294
4236,2025-06,T1,suspicious activity,53.975967,-1.094316
4237,2025-06,T1,vandalism,53.974164,-1.096017
4238,2025-06,T1,harassment,53.973855,-1.093127
4239,2025-06,T1,harassment,53.974164,-1.096017
4240,2025-06,T1,physical assault,53.973855,-1.093127
4241,2025-06,T1,physical assault,53.973855,-1.093127
4242,2025-06,T1,physical assault,53.973855,-1.093127
4243,2025-06,T1,physical assault,53.974675,-1.094573
4244,2025-06,T1,physical assault,53.975967,-1.094316
4245,2025-06,T1,physical assault,53.977102,-1.092294
4246,2025-06,T1,suspicious activity,53.972033,-1.082784
4247,2025-06,T1,suspicious activity,53.972636,-1.085271
4248,2025-06,T1,suspicious activity,53.976532,-1.088251
4249,2025-06,T1,suspicious activity,53.976532,-1.088251
4250,2025-06,T1,suspicious activity,53.977794,-1.087461
4251,2025-06,T1,suspicious activity,53.976532,-1.088251
4252,2025-06,T1,suspicious activity,53.977431,-1.09061
4253,2025-06,T1,suspicious activity,53.976532,-1.088251
4254,2025-06,T1,suspicious activity,53.976532,-1.088251
4255,2025-06,T1,suspicious activity,53.976532,-1.088251
4256,2025-06,T1,vandalism,53.977431,-1.09061
4257,2025-06,T1,vandalism,53.976532,-1.088251
4258,2025-06,T1,robbery,53.976532,-1.088251
4259,2025-06,T1,physical assault,53.974407,-1.082976
4260,2025-06,T1,physical assault,53.972636,-1.085271
4261,2025-06,T1,physical assault,53.972636,-1.085271
4262,2025-06,T1,physical assault,53.973532,-1.084886
4263,2025-06,T1,physical assault,53.972636,-1.085271
4264,2025-06,T1,physical assault,53.973532,-1.084886
4265,2025-06,T1,physical assault,53.974407,-1.082976
4266,2025-06,T1,suspicious activity,53.971603,-1.077168
4267,2025-06,T1,suspicious activity,53.972258,-1.078129
4268,2025-06,T1,suspicious activity,53.977759,-1.081759
4269,2025-06,T1,vandalism,53.977759,-1.081759
4270,2025-06,T1,vandalism,53.972975,-1.081468
4271,2025-06,T1,vandalism,53.972258,-1.078129
4272,2025-06,T1,vandalism,53.972694,-1.072875
4273,2025-06,T1,vandalism,53.971603,-1.077168
4274,2025-06,T1,harassment,53.972258,-1.078129
4275,2025-06,T1,harassment,53.970969,-1.074179
4276,2025-06,T1,harassment,53.972258,-1.078129
4277,2025-06,T1,physical assault,53.972734,-1.074582
4278,2025-06,T1,physical assault,53.970684,-1.075679
4279,2025-06,T1,physical assault,53.971747,-1.073704
4280,2025-06,T1,suspicious activity,53.969642,-1.07805
4281,2025-06,T1,suspicious activity,53.968743,-1.079228
4282,2025-06,T1,suspicious activity,53.968368,-1.074892
4283,2025-06,T1,suspicious activity,53.968213,-1.07924
4284,2025-06,T1,suspicious activity,53.968182,-1.077579
4285,2025-06,T1,suspicious activity,53.967599,-1.071906
4286,2025-06,T1,suspicious activity,53.968743,-1.079228
4287,2025-06,T1,physical assault,53.968368,-1.074892
4288,2025-06,T1,physical assault,53.968368,-1.074892
4289,2025-06,T1,physical assault,53.969642,-1.07805
4290,2025-06,T1,physical assault,53.969984,-1.077051
4291,2025-06,T1,physical assault,53.968368,-1.074892
4292,2025-06,T1,suspicious activity,53.9705,-1.070454
4293,2025-06,T1,suspicious activity,53.965587,-1.072042
4294,2025-06,T1,suspicious activity,53.970844,-1.071925
4295,2025-06,T1,suspicious activity,53.965587,-1.072042
4296,2025-06,T1,suspicious activity,53.970504,-1.069829
4297,2025-06,T1,suspicious activity,53.966341,-1.068474
4298,2025-06,T1,suspicious activity,53.970844,-1.071925
4299,2025-06,T1,suspicious activity,53.965587,-1.072042
4300,2025-06,T1,vandalism,53.965587,-1.072042
4301,2025-06,T1,vandalism,53.965587,-1.072042
4302,2025-06,T1,physical assault,53.9705,-1.070454
4303,2025-06,T1,physical assault,53.9705,-1.070454
4304,2025-06,T1,suspicious activity,53.964689,-1.067504
4305,2025-06,T1,suspicious activity,53.964473,-1.063544
4306,2025-06,T1,suspicious activity,53.963874,-1.058632
4307,2025-06,T1,suspicious activity,53.962083,-1.071114
4308,2025-06,T1,suspicious activity,53.964473,-1.063544
4309,2025-06,T1,suspicious activity,53.96386,-1.068422
4310,2025-06,T1,suspicious activity,53.964689,-1.067504
4311,2025-06,T1,suspicious activity,53.964473,-1.063544
4312,2025-06,T1,suspicious activity,53.962207,-1.060472
4313,2025-06,T1,suspicious activity,53.961758,-1.068545
4314,2025-06,T1,vandalism,53.963012,-1.065713
4315,2025-06,T1,vandalism,53.963012,-1.065713
4316,2025-06,T1,vandalism,53.961758,-1.068545
4317,2025-06,T1,physical assault,53.962387,-1.05931
4318,2025-06,T1,harassment,53.963874,-1.058632
4319,2025-06,T1,physical assault,53.963874,-1.058632
4320,2025-06,T1,physical assault,53.962448,-1.068316
4321,2025-06,T1,physical assault,53.963874,-1.058632
4322,2025-06,T1,physical assault,53.962387,-1.05931
4323,2025-06,T1,physical assault,53.964689,-1.067504
4324,2025-06,T1,physical assault,53.962448,-1.068316
4325,2025-06,T1,physical assault,53.959688,-1.070588
4326,2025-06,T1,suspicious activity,53.976212,-1.073422
4327,2025-06,T1,suspicious activity,53.975807,-1.068689
4328,2025-06,T1,suspicious activity,53.974016,-1.069476
4329,2025-06,T1,suspicious activity,53.973612,-1.070736
4330,2025-06,T1,suspicious activity,53.977258,-1.06916
4331,2025-06,T1,suspicious activity,53.977928,-1.068718
4332,2025-06,T1,vandalism,53.973612,-1.070736
4333,2025-06,T1,vandalism,53.976326,-1.070645
4334,2025-06,T1,vandalism,53.976812,-1.066165
4335,2025-06,T1,vandalism,53.973612,-1.070736
4336,2025-06,T1,harassment,53.973612,-1.070736
4337,2025-06,T1,harassment,53.974363,-1.071435
4338,2025-06,T1,physical assault,53.973348,-1.069141
4339,2025-06,T1,physical assault,53.973348,-1.069141
4340,2025-06,T1,physical assault,53.976326,-1.070645
4341,2025-06,T1,physical assault,53.976417,-1.073219
4342,2025-06,T1,physical assault,53.977258,-1.06916
4343,2025-06,T1,physical assault,53.973612,-1.070736
4344,2025-06,T1,physical assault,53.977928,-1.068718
4345,2025-06,T1,physical assault,53.972665,-1.068012
4346,2025-06,T1,physical assault,53.977928,-1.068718
4347,2025-06,T1,suspicious activity,53.961355,-1.12507
4348,2025-06,T1,physical assault,53.961663,-1.126557
4349,2025-06,T1,physical assault,53.957952,-1.125477
4350,2025-06,T1,suspicious activity,53.964774,-1.126691
4351,2025-06,T1,suspicious activity,53.964176,-1.124889
4352,2025-06,T1,suspicious activity,53.96644,-1.122174
4353,2025-06,T1,suspicious activity,53.966716,-1.120675
4354,2025-06,T1,suspicious activity,53.966081,-1.123477
4355,2025-06,T1,suspicious activity,53.96644,-1.122174
4356,2025-06,T1,physical assault,53.964774,-1.126691
4357,2025-06,T1,physical assault,53.964774,-1.126691
4358,2025-06,T1,physical assault,53.965959,-1.12162
4359,2025-06,T1,physical assault,53.966716,-1.120675
4360,2025-06,T1,suspicious activity,53.961579,-1.122459
4361,2025-06,T1,suspicious activity,53.967299,-1.119184
4362,2025-06,T1,suspicious activity,53.961579,-1.122459
4363,2025-06,T1,harassment,53.964294,-1.116366
4364,2025-06,T1,physical assault,53.964065,-1.118261
4365,2025-06,T1,physical assault,53.961579,-1.122459
4366,2025-06,T1,suspicious activity,53.962948,-1.085422
4367,2025-06,T1,suspicious activity,53.962948,-1.085422
4368,2025-06,T1,suspicious activity,53.959662,-1.081996
4369,2025-06,T1,suspicious activity,53.957537,-1.083087
4370,2025-06,T1,suspicious activity,53.960793,-1.084601
4371,2025-06,T1,suspicious activity,53.964079,-1.084041
4372,2025-06,T1,suspicious activity,53.966468,-1.079095
4373,2025-06,T1,suspicious activity,53.957537,-1.083087
4374,2025-06,T1,suspicious activity,53.960793,-1.084601
4375,2025-06,T1,suspicious activity,53.957537,-1.083087
4376,2025-06,T1,suspicious activity,53.961677,-1.084962
4377,2025-06,T1,suspicious activity,53.961677,-1.084962
4378,2025-06,T1,suspicious activity,53.966683,-1.082505
4379,2025-06,T1,suspicious activity,53.960793,-1.084601
4380,2025-06,T1,suspicious activity,53.964189,-1.087895
4381,2025-06,T1,suspicious activity,53.957537,-1.083087
4382,2025-06,T1,suspicious activity,53.962948,-1.085422
4383,2025-06,T1,suspicious activity,53.962948,-1.085422
4384,2025-06,T1,suspicious activity,53.965236,-1.083726
4385,2025-06,T1,suspicious activity,53.960793,-1.084601
4386,2025-06,T1,suspicious activity,53.961677,-1.084962
4387,2025-06,T1,suspicious activity,53.962948,-1.085422
4388,2025-06,T1,suspicious activity,53.960387,-1.085585
4389,2025-06,T1,suspicious activity,53.967163,-1.079446
4390,2025-06,T1,suspicious activity,53.960793,-1.084601
4391,2025-06,T1,suspicious activity,53.968124,-1.081757
4392,2025-06,T1,suspicious activity,53.965783,-1.078821
4393,2025-06,T1,suspicious activity,53.961067,-1.082827
4394,2025-06,T1,suspicious activity,53.961677,-1.084962
4395,2025-06,T1,suspicious activity,53.965236,-1.083726
4396,2025-06,T1,suspicious activity,53.963813,-1.085693
4397,2025-06,T1,suspicious activity,53.960387,-1.085585
4398,2025-06,T1,suspicious activity,53.960793,-1.084601
4399,2025-06,T1,suspicious activity,53.959662,-1.081996
4400,2025-06,T1,suspicious activity,53.960793,-1.084601
4401,2025-06,T1,suspicious activity,53.960793,-1.084601
4402,2025-06,T1,suspicious activity,53.960793,-1.084601
4403,2025-06,T1,vandalism,53.959662,-1.081996
4404,2025-06,T1,vandalism,53.965236,-1.083726
4405,2025-06,T1,vandalism,53.968124,-1.081757
4406,2025-06,T1,vandalism,53.960793,-1.084601
4407,2025-06,T1,harassment,53.963813,-1.085693
4408,2025-06,T1,harassment,53.959662,-1.081996
4409,2025-06,T1,harassment,53.962948,-1.085422
4410,2025-06,T1,harassment,53.960793,-1.084601
4411,2025-06,T1,harassment,53.960122,-1.084517
4412,2025-06,T1,harassment,53.960387,-1.085585
4413,2025-06,T1,robbery,53.965236,-1.083726
4414,2025-06,T1,robbery,53.960793,-1.084601
4415,2025-06,T1,physical assault,53.959662,-1.081996
4416,2025-06,T1,physical assault,53.960387,-1.085585
4417,2025-06,T1,physical assault,53.959662,-1.081996
4418,2025-06,T1,physical assault,53.959662,-1.081996
4419,2025-06,T1,physical assault,53.959662,-1.081996
4420,2025-06,T1,physical assault,53.960122,-1.084517
4421,2025-06,T1,physical assault,53.959662,-1.081996
4422,2025-06,T1,physical assault,53.964189,-1.087895
4423,2025-06,T1,physical assault,53.957537,-1.083087
4424,2025-06,T1,physical assault,53.957868,-1.082866
4425,2025-06,T1,physical assault,53.959662,-1.081996
4426,2025-06,T1,physical assault,53.960122,-1.084517
4427,2025-06,T1,physical assault,53.962669,-1.080749
4428,2025-06,T1,physical assault,53.957537,-1.083087
4429,2025-06,T1,physical assault,53.961677,-1.084962
4430,2025-06,T1,physical assault,53.960793,-1.084601
4431,2025-06,T1,physical assault,53.957537,-1.083087
4432,2025-06,T1,physical assault,53.960122,-1.084517
4433,2025-06,T1,physical assault,53.960722,-1.081082
4434,2025-06,T1,physical assault,53.961677,-1.084962
4435,2025-06,T1,physical assault,53.960122,-1.084517
4436,2025-06,T1,physical assault,53.958528,-1.083246
4437,2025-06,T1,physical assault,53.967163,-1.079446
4438,2025-06,T1,physical assault,53.961505,-1.088365
4439,2025-06,T1,physical assault,53.957537,-1.083087
4440,2025-06,T1,physical assault,53.964249,-1.08512
4441,2025-06,T1,physical assault,53.958528,-1.083246
4442,2025-06,T1,physical assault,53.964249,-1.08512
4443,2025-06,T1,physical assault,53.964249,-1.08512
4444,2025-06,T1,physical assault,53.959662,-1.081996
4445,2025-06,T1,physical assault,53.966683,-1.082505
4446,2025-06,T1,physical assault,53.960722,-1.081082
4447,2025-06,T1,physical assault,53.964249,-1.08512
4448,2025-06,T1,physical assault,53.959662,-1.081996
4449,2025-06,T1,physical assault,53.961677,-1.084962
4450,2025-06,T1,physical assault,53.960793,-1.084601
4451,2025-06,T1,physical assault,53.961067,-1.082827
4452,2025-06,T1,physical assault,53.959662,-1.081996
4453,2025-06,T1,physical assault,53.960793,-1.084601
4454,2025-06,T1,physical assault,53.957537,-1.083087
4455,2025-06,T1,physical assault,53.960793,-1.084601
4456,2025-06,T1,physical assault,53.957537,-1.083087
4457,2025-06,T1,physical assault,53.964249,-1.08512
4458,2025-06,T1,physical assault,53.964528,-1.083985
4459,2025-06,T1,physical assault,53.960387,-1.085585
4460,2025-06,T1,physical assault,53.957537,-1.083087
4461,2025-06,T1,suspicious activity,53.96075,-1.076569
4462,2025-06,T1,suspicious activity,53.964749,-1.078768
4463,2025-06,T1,suspicious activity,53.964754,-1.077182
4464,2025-06,T1,suspicious activity,53.965027,-1.075255
4465,2025-06,T1,suspicious activity,53.965454,-1.074713
4466,2025-06,T1,suspicious activity,53.965926,-1.075297
4467,2025-06,T1,suspicious activity,53.965454,-1.074713
4468,2025-06,T1,suspicious activity,53.966575,-1.077782
4469,2025-06,T1,vandalism,53.966575,-1.077782
4470,2025-06,T1,vandalism,53.96619,-1.07683
4471,2025-06,T1,vandalism,53.965454,-1.074713
4472,2025-06,T1,physical assault,53.964079,-1.079331
4473,2025-06,T1,harassment,53.964749,-1.078768
4474,2025-06,T1,physical assault,53.962781,-1.078902
4475,2025-06,T1,physical assault,53.964079,-1.079331
4476,2025-06,T1,physical assault,53.964079,-1.079331
4477,2025-06,T1,physical assault,53.961914,-1.077169
4478,2025-06,T1,physical assault,53.961524,-1.075501
4479,2025-06,T1,physical assault,53.965454,-1.074713
4480,2025-06,T1,suspicious activity,53.954621,-1.093194
4481,2025-06,T1,suspicious activity,53.953497,-1.090765
4482,2025-06,T1,suspicious activity,53.954621,-1.093194
4483,2025-06,T1,suspicious activity,53.956259,-1.092335
4484,2025-06,T1,suspicious activity,53.951281,-1.090173
4485,2025-06,T1,suspicious activity,53.952733,-1.088374
4486,2025-06,T1,suspicious activity,53.954128,-1.097014
4487,2025-06,T1,suspicious activity,53.953497,-1.090765
4488,2025-06,T1,vandalism,53.953426,-1.087337
4489,2025-06,T1,vandalism,53.951281,-1.090173
4490,2025-06,T1,vandalism,53.954128,-1.097014
4491,2025-06,T1,harassment,53.954685,-1.095692
4492,2025-06,T1,physical assault,53.951281,-1.090173
4493,2025-06,T1,physical assault,53.952204,-1.085002
4494,2025-06,T1,physical assault,53.952733,-1.088374
4495,2025-06,T1,physical assault,53.951793,-1.08655
4496,2025-06,T1,physical assault,53.952733,-1.088374
4497,2025-06,T1,suspicious activity,53.956109,-1.071475
4498,2025-06,T1,suspicious activity,53.960694,-1.075123
4499,2025-06,T1,suspicious activity,53.95439,-1.07524
4500,2025-06,T1,suspicious activity,53.960274,-1.076595
4501,2025-06,T1,suspicious activity,53.956109,-1.071475
4502,2025-06,T1,suspicious activity,53.958317,-1.071167
4503,2025-06,T1,suspicious activity,53.954489,-1.073538
4504,2025-06,T1,suspicious activity,53.959068,-1.074092
4505,2025-06,T1,suspicious activity,53.9554,-1.072431
4506,2025-06,T1,suspicious activity,53.959245,-1.078355
4507,2025-06,T1,suspicious activity,53.955489,-1.073882
4508,2025-06,T1,suspicious activity,53.9554,-1.072431
4509,2025-06,T1,suspicious activity,53.959053,-1.079183
4510,2025-06,T1,suspicious activity,53.959053,-1.079183
4511,2025-06,T1,suspicious activity,53.956109,-1.071475
4512,2025-06,T1,suspicious activity,53.956109,-1.071475
4513,2025-06,T1,suspicious activity,53.959798,-1.077871
4514,2025-06,T1,vandalism,53.95439,-1.07524
4515,2025-06,T1,harassment,53.959068,-1.074092
4516,2025-06,T1,harassment,53.959053,-1.079183
4517,2025-06,T1,physical assault,53.954973,-1.068788
4518,2025-06,T1,physical assault,53.959245,-1.078355
4519,2025-06,T1,physical assault,53.95612,-1.067162
4520,2025-06,T1,physical assault,53.958317,-1.071167
4521,2025-06,T1,physical assault,53.959053,-1.079183
4522,2025-06,T1,physical assault,53.960274,-1.076595
4523,2025-06,T1,physical assault,53.957707,-1.067812
4524,2025-06,T1,physical assault,53.960274,-1.076595
4525,2025-06,T1,suspicious activity,53.959055,-1.087626
4526,2025-06,T1,suspicious activity,53.957775,-1.093125
4527,2025-06,T1,suspicious activity,53.957808,-1.086785
4528,2025-06,T1,suspicious activity,53.95615,-1.090996
4529,2025-06,T1,suspicious activity,53.95615,-1.090996
4530,2025-06,T1,suspicious activity,53.95615,-1.090996
4531,2025-06,T1,suspicious activity,53.958732,-1.087694
4532,2025-06,T1,suspicious activity,53.96043,-1.091223
4533,2025-06,T1,suspicious activity,53.95615,-1.090996
4534,2025-06,T1,suspicious activity,53.959055,-1.087626
4535,2025-06,T1,suspicious activity,53.958796,-1.086732
4536,2025-06,T1,suspicious activity,53.955925,-1.089752
4537,2025-06,T1,suspicious activity,53.957808,-1.086785
4538,2025-06,T1,suspicious activity,53.958398,-1.092228
4539,2025-06,T1,suspicious activity,53.955925,-1.089752
4540,2025-06,T1,suspicious activity,53.96043,-1.091223
4541,2025-06,T1,suspicious activity,53.956563,-1.08387
4542,2025-06,T1,suspicious activity,53.958398,-1.092228
4543,2025-06,T1,suspicious activity,53.958732,-1.087694
4544,2025-06,T1,suspicious activity,53.95615,-1.090996
4545,2025-06,T1,suspicious activity,53.956563,-1.08387
4546,2025-06,T1,suspicious activity,53.953905,-1.081795
4547,2025-06,T1,suspicious activity,53.958732,-1.087694
4548,2025-06,T1,suspicious activity,53.96043,-1.091223
4549,2025-06,T1,suspicious activity,53.95615,-1.090996
4550,2025-06,T1,suspicious activity,53.957808,-1.086785
4551,2025-06,T1,suspicious activity,53.95615,-1.090996
4552,2025-06,T1,harassment,53.959055,-1.087626
4553,2025-06,T1,harassment,53.96043,-1.091223
4554,2025-06,T1,harassment,53.955925,-1.089752
4555,2025-06,T1,harassment,53.95615,-1.090996
4556,2025-06,T1,harassment,53.95615,-1.090996
4557,2025-06,T1,robbery,53.959055,-1.087626
4558,2025-06,T1,physical assault,53.957808,-1.086785
4559,2025-06,T1,physical assault,53.958796,-1.086732
4560,2025-06,T1,physical assault,53.958398,-1.092228
4561,2025-06,T1,physical assault,53.96043,-1.091223
4562,2025-06,T1,physical assault,53.957808,-1.086785
4563,2025-06,T1,physical assault,53.957273,-1.084983
4564,2025-06,T1,physical assault,53.96043,-1.091223
4565,2025-06,T1,physical assault,53.957273,-1.084983
4566,2025-06,T1,physical assault,53.96043,-1.091223
4567,2025-06,T1,physical assault,53.96043,-1.091223
4568,2025-06,T1,physical assault,53.958796,-1.086732
4569,2025-06,T1,physical assault,53.959155,-1.09023
4570,2025-06,T1,physical assault,53.958796,-1.086732
4571,2025-06,T1,physical assault,53.96043,-1.091223
4572,2025-06,T1,physical assault,53.957585,-1.089426
4573,2025-06,T1,physical assault,53.957585,-1.089426
4574,2025-06,T1,physical assault,53.95615,-1.090996
4575,2025-06,T1,physical assault,53.96043,-1.091223
4576,2025-06,T1,physical assault,53.959055,-1.087626
4577,2025-06,T1,physical assault,53.96043,-1.091223
4578,2025-06,T1,physical assault,53.958732,-1.087694
4579,2025-06,T1,physical assault,53.958732,-1.087694
4580,2025-06,T1,physical assault,53.96043,-1.091223
4581,2025-06,T1,physical assault,53.95615,-1.090996
4582,2025-06,T1,physical assault,53.959055,-1.087626
4583,2025-06,T1,physical assault,53.959055,-1.087626
4584,2025-06,T1,physical assault,53.959155,-1.09023
4585,2025-06,T1,physical assault,53.957273,-1.084983
4586,2025-06,T1,physical assault,53.959155,-1.09023
4587,2025-06,T1,physical assault,53.953905,-1.081795
4588,2025-06,T1,physical assault,53.95615,-1.090996
4589,2025-06,T1,physical assault,53.957273,-1.084983
4590,2025-06,T1,physical assault,53.956767,-1.085832
4591,2025-06,T1,physical assault,53.957273,-1.084983
4592,2025-06,T1,physical assault,53.96043,-1.091223
4593,2025-06,T1,suspicious activity,53.955696,-1.085627
4594,2025-06,T1,suspicious activity,53.955363,-1.08443
4595,2025-06,T1,harassment,53.953697,-1.083979
4596,2025-06,T1,physical assault,53.955698,-1.087135
4597,2025-06,T1,physical assault,53.954533,-1.084006
4598,2025-06,T1,suspicious activity,53.957862,-1.082339
4599,2025-06,T1,suspicious activity,53.957862,-1.082339
4600,2025-06,T1,suspicious activity,53.95728,-1.082376
4601,2025-06,T1,suspicious activity,53.954439,-1.077608
4602,2025-06,T1,suspicious activity,53.958064,-1.08143
4603,2025-06,T1,suspicious activity,53.957862,-1.082339
4604,2025-06,T1,suspicious activity,53.958689,-1.0798
4605,2025-06,T1,suspicious activity,53.95879,-1.081139
4606,2025-06,T1,suspicious activity,53.958689,-1.0798
4607,2025-06,T1,suspicious activity,53.956609,-1.0734
4608,2025-06,T1,suspicious activity,53.956623,-1.077529
4609,2025-06,T1,suspicious activity,53.958425,-1.076895
4610,2025-06,T1,suspicious activity,53.954439,-1.077608
4611,2025-06,T1,suspicious activity,53.956569,-1.08224
4612,2025-06,T1,suspicious activity,53.957819,-1.079324
4613,2025-06,T1,suspicious activity,53.95869,-1.082269
4614,2025-06,T1,suspicious activity,53.960121,-1.080058
4615,2025-06,T1,suspicious activity,53.954643,-1.076003
4616,2025-06,T1,suspicious activity,53.958064,-1.08143
4617,2025-06,T1,suspicious activity,53.95879,-1.081139
4618,2025-06,T1,suspicious activity,53.958064,-1.08143
4619,2025-06,T1,suspicious activity,53.95507,-1.076695
4620,2025-06,T1,suspicious activity,53.95879,-1.081139
4621,2025-06,T1,suspicious activity,53.957862,-1.082339
4622,2025-06,T1,suspicious activity,53.959281,-1.084118
4623,2025-06,T1,suspicious activity,53.957819,-1.079324
4624,2025-06,T1,suspicious activity,53.95879,-1.081139
4625,2025-06,T1,suspicious activity,53.958064,-1.08143
4626,2025-06,T1,suspicious activity,53.958346,-1.080242
4627,2025-06,T1,suspicious activity,53.958346,-1.080242
4628,2025-06,T1,suspicious activity,53.957862,-1.082339
4629,2025-06,T1,suspicious activity,53.956836,-1.079597
4630,2025-06,T1,suspicious activity,53.958346,-1.080242
4631,2025-06,T1,suspicious activity,53.956866,-1.08234
4632,2025-06,T1,suspicious activity,53.957808,-1.080917
4633,2025-06,T1,vandalism,53.959658,-1.080632
4634,2025-06,T1,vandalism,53.955519,-1.075374
4635,2025-06,T1,physical assault,53.959281,-1.084118
4636,2025-06,T1,harassment,53.95879,-1.081139
4637,2025-06,T1,harassment,53.957819,-1.079324
4638,2025-06,T1,harassment,53.957159,-1.078249
4639,2025-06,T1,harassment,53.95869,-1.082269
4640,2025-06,T1,harassment,53.954439,-1.077608
4641,2025-06,T1,harassment,53.95869,-1.082269
4642,2025-06,T1,harassment,53.959658,-1.080632
4643,2025-06,T1,harassment,53.95879,-1.081139
4644,2025-06,T1,harassment,53.958346,-1.080242
4645,2025-06,T1,harassment,53.954439,-1.077608
4646,2025-06,T1,robbery,53.959281,-1.084118
4647,2025-06,T1,robbery,53.957862,-1.082339
4648,2025-06,T1,robbery,53.958919,-1.080451
4649,2025-06,T1,robbery,53.959658,-1.080632
4650,2025-06,T1,robbery,53.958689,-1.0798
4651,2025-06,T1,physical assault,53.956609,-1.0734
4652,2025-06,T1,physical assault,53.95879,-1.081139
4653,2025-06,T1,physical assault,53.954439,-1.077608
4654,2025-06,T1,physical assault,53.958064,-1.08143
4655,2025-06,T1,physical assault,53.954439,-1.077608
4656,2025-06,T1,physical assault,53.954439,-1.077608
4657,2025-06,T1,physical assault,53.959281,-1.084118
4658,2025-06,T1,physical assault,53.959281,-1.084118
4659,2025-06,T1,physical assault,53.954439,-1.077608
4660,2025-06,T1,physical assault,53.959281,-1.084118
4661,2025-06,T1,physical assault,53.958064,-1.08143
4662,2025-06,T1,physical assault,53.956866,-1.08234
4663,2025-06,T1,physical assault,53.954869,-1.080729
4664,2025-06,T1,physical assault,53.954439,-1.077608
4665,2025-06,T1,physical assault,53.956866,-1.08234
4666,2025-06,T1,physical assault,53.959281,-1.084118
4667,2025-06,T1,physical assault,53.956866,-1.08234
4668,2025-06,T1,physical assault,53.959658,-1.080632
4669,2025-06,T1,physical assault,53.959281,-1.084118
4670,2025-06,T1,physical assault,53.957159,-1.078249
4671,2025-06,T1,physical assault,53.959281,-1.084118
4672,2025-06,T1,physical assault,53.957139,-1.076817
4673,2025-06,T1,physical assault,53.954439,-1.077608
4674,2025-06,T1,physical assault,53.956866,-1.08234
4675,2025-06,T1,physical assault,53.959476,-1.080438
4676,2025-06,T1,physical assault,53.957,-1.075189
4677,2025-06,T1,physical assault,53.954439,-1.077608
4678,2025-06,T1,physical assault,53.956609,-1.0734
4679,2025-06,T1,physical assault,53.954439,-1.077608
4680,2025-06,T1,physical assault,53.95728,-1.082376
4681,2025-06,T1,physical assault,53.957819,-1.079324
4682,2025-06,T1,physical assault,53.957862,-1.082339
4683,2025-06,T1,physical assault,53.954439,-1.077608
4684,2025-06,T1,physical assault,53.956569,-1.08224
4685,2025-06,T1,physical assault,53.954439,-1.077608
4686,2025-06,T1,physical assault,53.954439,-1.077608
4687,2025-06,T1,physical assault,53.956866,-1.08234
4688,2025-06,T1,physical assault,53.959281,-1.084118
4689,2025-06,T1,physical assault,53.95879,-1.081139
4690,2025-06,T1,physical assault,53.955888,-1.078993
4691,2025-06,T1,physical assault,53.95869,-1.082269
4692,2025-06,T1,physical assault,53.956866,-1.08234
4693,2025-06,T1,physical assault,53.955084,-1.077335
4694,2025-06,T1,physical assault,53.954439,-1.077608
4695,2025-06,T1,physical assault,53.957808,-1.080917
4696,2025-06,T1,physical assault,53.95728,-1.082376
4697,2025-06,T1,physical assault,53.956866,-1.08234
4698,2025-06,T1,physical assault,53.959281,-1.084118
4699,2025-06,T1,physical assault,53.959476,-1.080438
4700,2025-06,T1,suspicious activity,53.960178,-1.057287
4701,2025-06,T1,suspicious activity,53.960178,-1.057287
4702,2025-06,T1,suspicious activity,53.960178,-1.057287
4703,2025-06,T1,suspicious activity,53.966547,-1.050055
4704,2025-06,T1,suspicious activity,53.966547,-1.050055
4705,2025-06,T1,suspicious activity,53.965449,-1.049881
4706,2025-06,T1,suspicious activity,53.964837,-1.051953
4707,2025-06,T1,suspicious activity,53.964242,-1.0484
4708,2025-06,T1,physical assault,53.964242,-1.0484
4709,2025-06,T1,physical assault,53.963033,-1.050089
4710,2025-06,T1,suspicious activity,53.950621,-1.037723
4711,2025-06,T1,suspicious activity,53.953483,-1.035875
4712,2025-06,T1,suspicious activity,53.950621,-1.037723
4713,2025-06,T1,suspicious activity,53.950621,-1.037723
4714,2025-06,T1,vandalism,53.950621,-1.037723
4715,2025-06,T1,vandalism,53.950621,-1.037723
4716,2025-06,T1,harassment,53.95221,-1.044178
4717,2025-06,T1,physical assault,53.951034,-1.039908
4718,2025-06,T1,suspicious activity,53.959724,-1.038626
4719,2025-06,T1,suspicious activity,53.960287,-1.040458
4720,2025-06,T1,suspicious activity,53.959784,-1.035973
4721,2025-06,T1,suspicious activity,53.959784,-1.035973
4722,2025-06,T1,suspicious activity,53.963041,-1.040928
4723,2025-06,T1,suspicious activity,53.961677,-1.044079
4724,2025-06,T1,suspicious activity,53.960113,-1.044647
4725,2025-06,T1,suspicious activity,53.960287,-1.040458
4726,2025-06,T1,suspicious activity,53.959784,-1.035973
4727,2025-06,T1,vandalism,53.959554,-1.037548
4728,2025-06,T1,vandalism,53.961092,-1.041079
4729,2025-06,T1,physical assault,53.959724,-1.038626
4730,2025-06,T1,physical assault,53.957523,-1.040933
4731,2025-06,T1,physical assault,53.959724,-1.038626
4732,2025-06,T1,physical assault,53.959724,-1.038626
4733,2025-06,T1,physical assault,53.957523,-1.040933
4734,2025-06,T1,physical assault,53.961092,-1.041079
4735,2025-06,T1,physical assault,53.959724,-1.038626
4736,2025-06,T1,physical assault,53.961092,-1.041079
4737,2025-06,T1,suspicious activity,53.960223,-1.05458
4738,2025-06,T1,suspicious activity,53.960119,-1.05898
4739,2025-06,T1,suspicious activity,53.960223,-1.05458
4740,2025-06,T1,suspicious activity,53.960119,-1.05898
4741,2025-06,T1,vandalism,53.961362,-1.059318
4742,2025-06,T1,vandalism,53.964326,-1.053367
4743,2025-06,T1,vandalism,53.962852,-1.055595
4744,2025-06,T1,harassment,53.960119,-1.05898
4745,2025-06,T1,harassment,53.964326,-1.053367
4746,2025-06,T1,physical assault,53.960119,-1.05898
4747,2025-06,T1,physical assault,53.960119,-1.05898
4748,2025-06,T1,physical assault,53.961002,-1.053488
4749,2025-06,T1,physical assault,53.960223,-1.05458
4750,2025-06,T1,physical assault,53.961362,-1.059318
4751,2025-06,T1,physical assault,53.956999,-1.045181
4752,2025-06,T1,physical assault,53.956999,-1.045181
4753,2025-06,T1,suspicious activity,53.956238,-1.057091
4754,2025-06,T1,suspicious activity,53.956937,-1.054312
4755,2025-06,T1,suspicious activity,53.956238,-1.057091
4756,2025-06,T1,suspicious activity,53.956238,-1.057091
4757,2025-06,T1,suspicious activity,53.956238,-1.057091
4758,2025-06,T1,suspicious activity,53.956238,-1.057091
4759,2025-06,T1,suspicious activity,53.956238,-1.057091
4760,2025-06,T1,suspicious activity,53.956238,-1.057091
4761,2025-06,T1,suspicious activity,53.956238,-1.057091
4762,2025-06,T1,suspicious activity,53.956238,-1.057091
4763,2025-06,T1,suspicious activity,53.956238,-1.057091
4764,2025-06,T1,suspicious activity,53.956948,-1.0523
4765,2025-06,T1,suspicious activity,53.956238,-1.057091
4766,2025-06,T1,suspicious activity,53.956238,-1.057091
4767,2025-06,T1,suspicious activity,53.956238,-1.057091
4768,2025-06,T1,suspicious activity,53.956238,-1.057091
4769,2025-06,T1,suspicious activity,53.956238,-1.057091
4770,2025-06,T1,suspicious activity,53.956238,-1.057091
4771,2025-06,T1,suspicious activity,53.956238,-1.057091
4772,2025-06,T1,vandalism,53.956544,-1.06159
4773,2025-06,T1,physical assault,53.959111,-1.054202
4774,2025-06,T1,physical assault,53.959111,-1.054202
4775,2025-06,T1,physical assault,53.956238,-1.057091
4776,2025-06,T1,physical assault,53.956544,-1.06159
4777,2025-06,T1,physical assault,53.956238,-1.057091
4778,2025-06,T1,physical assault,53.958134,-1.056815
4779,2025-06,T1,physical assault,53.958447,-1.053241
4780,2025-06,T1,physical assault,53.956544,-1.06159
4781,2025-06,T1,physical assault,53.958134,-1.056815
4782,2025-06,T1,physical assault,53.956238,-1.057091
4783,2025-06,T1,suspicious activity,53.956321,-1.062951
4784,2025-06,T1,suspicious activity,53.954735,-1.056678
4785,2025-06,T1,suspicious activity,53.956321,-1.062951
4786,2025-06,T1,suspicious activity,53.955988,-1.059438
4787,2025-06,T1,suspicious activity,53.955988,-1.059438
4788,2025-06,T1,suspicious activity,53.955988,-1.059438
4789,2025-06,T1,suspicious activity,53.955589,-1.061322
4790,2025-06,T1,suspicious activity,53.955988,-1.059438
4791,2025-06,T1,suspicious activity,53.955988,-1.059438
4792,2025-06,T1,vandalism,53.955589,-1.061322
4793,2025-06,T1,vandalism,53.955589,-1.061322
4794,2025-06,T1,harassment,53.954735,-1.056678
4795,2025-06,T1,harassment,53.9553,-1.065687
4796,2025-06,T1,harassment,53.955589,-1.061322
4797,2025-06,T1,physical assault,53.95565,-1.066746
4798,2025-06,T1,physical assault,53.956321,-1.062951
4799,2025-06,T1,suspicious activity,53.955833,-1.050024
4800,2025-06,T1,vandalism,53.956407,-1.047801
4801,2025-06,T1,vandalism,53.958124,-1.048603
4802,2025-06,T1,robbery,53.959091,-1.049464
4803,2025-06,T1,physical assault,53.956407,-1.047801
4804,2025-06,T1,physical assault,53.956407,-1.047801
4805,2025-06,T1,suspicious activity,53.953442,-1.054467
4806,2025-06,T1,suspicious activity,53.952826,-1.047134
4807,2025-06,T1,suspicious activity,53.953478,-1.059144
4808,2025-06,T1,suspicious activity,53.954962,-1.052375
4809,2025-06,T1,vandalism,53.952826,-1.047134
4810,2025-06,T1,robbery,53.953478,-1.059144
4811,2025-06,T1,physical assault,53.953478,-1.059144
4812,2025-06,T1,physical assault,53.954403,-1.05446
4813,2025-06,T1,suspicious activity,53.959764,-1.115166
4814,2025-06,T1,suspicious activity,53.960808,-1.112934
4815,2025-06,T1,suspicious activity,53.962287,-1.114747
4816,2025-06,T1,physical assault,53.960605,-1.112237
4817,2025-06,T1,physical assault,53.962287,-1.114747
4818,2025-06,T1,physical assault,53.962287,-1.114747
4819,2025-06,T1,physical assault,53.960605,-1.112237
4820,2025-06,T1,suspicious activity,53.957259,-1.119258
4821,2025-06,T1,suspicious activity,53.957259,-1.119258
4822,2025-06,T1,physical assault,53.957259,-1.119258
4823,2025-06,T1,physical assault,53.957259,-1.119258
4824,2025-06,T1,physical assault,53.956966,-1.118502
4825,2025-06,T1,suspicious activity,53.952999,-1.108239
4826,2025-06,T1,suspicious activity,53.95513,-1.107127
4827,2025-06,T1,vandalism,53.95513,-1.107127
4828,2025-06,T1,physical assault,53.95513,-1.107127
4829,2025-06,T1,robbery,53.956182,-1.116964
4830,2025-06,T1,physical assault,53.956182,-1.116964
4831,2025-06,T1,physical assault,53.951687,-1.116892
4832,2025-06,T1,physical assault,53.952366,-1.113875
4833,2025-06,T1,suspicious activity,53.955363,-1.125394
4834,2025-06,T1,suspicious activity,53.955363,-1.125394
4835,2025-06,T1,suspicious activity,53.952246,-1.126861
4836,2025-06,T1,suspicious activity,53.955363,-1.125394
4837,2025-06,T1,suspicious activity,53.955363,-1.125394
4838,2025-06,T1,suspicious activity,53.955513,-1.121322
4839,2025-06,T1,suspicious activity,53.955363,-1.125394
4840,2025-06,T1,suspicious activity,53.953794,-1.125975
4841,2025-06,T1,suspicious activity,53.955363,-1.125394
4842,2025-06,T1,suspicious activity,53.951879,-1.120971
4843,2025-06,T1,vandalism,53.952391,-1.123429
4844,2025-06,T1,vandalism,53.952246,-1.126861
4845,2025-06,T1,vandalism,53.955363,-1.125394
4846,2025-06,T1,vandalism,53.955363,-1.125394
4847,2025-06,T1,vandalism,53.952391,-1.123429
4848,2025-06,T1,harassment,53.950801,-1.118602
4849,2025-06,T1,harassment,53.955788,-1.124486
4850,2025-06,T1,physical assault,53.955363,-1.125394
4851,2025-06,T1,physical assault,53.955337,-1.121859
4852,2025-06,T1,suspicious activity,53.950359,-1.124478
4853,2025-06,T1,physical assault,53.950359,-1.124478
4854,2025-06,T1,physical assault,53.950359,-1.124478
4855,2025-06,T1,physical assault,53.950359,-1.124478
4856,2025-06,T1,physical assault,53.950359,-1.124478
4857,2025-06,T1,suspicious activity,53.963488,-1.10579
4858,2025-06,T1,suspicious activity,53.964387,-1.109459
4859,2025-06,T1,suspicious activity,53.963668,-1.107142
4860,2025-06,T1,vandalism,53.965239,-1.104472
4861,2025-06,T1,vandalism,53.965424,-1.106327
4862,2025-06,T1,vandalism,53.965424,-1.106327
4863,2025-06,T1,harassment,53.964808,-1.104435
4864,2025-06,T1,harassment,53.963112,-1.102429
4865,2025-06,T1,harassment,53.963392,-1.104984
4866,2025-06,T1,physical assault,53.964808,-1.104435
4867,2025-06,T1,physical assault,53.965424,-1.106327
4868,2025-06,T1,physical assault,53.964808,-1.104435
4869,2025-06,T1,physical assault,53.965424,-1.106327
4870,2025-06,T1,physical assault,53.964808,-1.104435
4871,2025-06,T1,suspicious activity,53.957817,-1.108395
4872,2025-06,T1,suspicious activity,53.960657,-1.102223
4873,2025-06,T1,suspicious activity,53.963427,-1.109784
4874,2025-06,T1,suspicious activity,53.963452,-1.109418
4875,2025-06,T1,physical assault,53.96087,-1.103148
4876,2025-06,T1,physical assault,53.955471,-1.099881
4877,2025-06,T1,suspicious activity,53.949899,-1.109661
4878,2025-06,T1,suspicious activity,53.949297,-1.107251
4879,2025-06,T1,suspicious activity,53.951085,-1.105979
4880,2025-06,T1,physical assault,53.951085,-1.105979
4881,2025-06,T1,physical assault,53.951085,-1.105979
4882,2025-06,T1,physical assault,53.952443,-1.103633
4883,2025-06,T1,physical assault,53.954449,-1.100253
4884,2025-06,T1,suspicious activity,53.949339,-1.08892
4885,2025-06,T1,suspicious activity,53.950772,-1.088172
4886,2025-06,T1,physical assault,53.950772,-1.088172
4887,2025-06,T1,physical assault,53.949339,-1.08892
4888,2025-06,T1,physical assault,53.950772,-1.088172
4889,2025-06,T1,physical assault,53.950772,-1.088172
4890,2025-06,T1,physical assault,53.949339,-1.08892
4891,2025-06,T1,suspicious activity,53.952811,-1.092761
4892,2025-06,T1,suspicious activity,53.948813,-1.102523
4893,2025-06,T1,suspicious activity,53.952811,-1.092761
4894,2025-06,T1,suspicious activity,53.952811,-1.092761
4895,2025-06,T1,suspicious activity,53.950462,-1.093589
4896,2025-06,T1,suspicious activity,53.95015,-1.098639
4897,2025-06,T1,vandalism,53.948813,-1.102523
4898,2025-06,T1,harassment,53.952273,-1.095287
4899,2025-06,T1,harassment,53.949367,-1.100957
4900,2025-06,T1,harassment,53.952273,-1.095287
4901,2025-06,T1,physical assault,53.949682,-1.097369
4902,2025-06,T1,physical assault,53.950171,-1.093138
4903,2025-06,T1,physical assault,53.952811,-1.092761
4904,2025-06,T1,physical assault,53.948813,-1.102523
4905,2025-06,T1,physical assault,53.948813,-1.102523
4906,2025-06,T1,suspicious activity,53.945307,-1.124431
4907,2025-06,T1,suspicious activity,53.948397,-1.122964
4908,2025-06,T1,suspicious activity,53.945749,-1.120872
4909,2025-06,T1,suspicious activity,53.94629,-1.124898
4910,2025-06,T1,suspicious activity,53.942931,-1.1264
4911,2025-06,T1,suspicious activity,53.946559,-1.119803
4912,2025-06,T1,suspicious activity,53.94629,-1.124898
4913,2025-06,T1,suspicious activity,53.945307,-1.124431
4914,2025-06,T1,vandalism,53.945775,-1.120825
4915,2025-06,T1,physical assault,53.946346,-1.11897
4916,2025-06,T1,harassment,53.942931,-1.1264
4917,2025-06,T1,harassment,53.94629,-1.124898
4918,2025-06,T1,harassment,53.94629,-1.124898
4919,2025-06,T1,robbery,53.945307,-1.124431
4920,2025-06,T1,physical assault,53.947772,-1.118574
4921,2025-06,T1,physical assault,53.94629,-1.124898
4922,2025-06,T1,physical assault,53.947772,-1.118574
4923,2025-06,T1,physical assault,53.947772,-1.118574
4924,2025-06,T1,physical assault,53.945307,-1.124431
4925,2025-06,T1,physical assault,53.942931,-1.1264
4926,2025-06,T1,physical assault,53.946265,-1.117783
4927,2025-06,T1,physical assault,53.945307,-1.124431
4928,2025-06,T1,physical assault,53.945307,-1.124431
4929,2025-06,T1,physical assault,53.945307,-1.124431
4930,2025-06,T1,suspicious activity,53.948905,-1.127266
4931,2025-06,T1,physical assault,53.948567,-1.125231
4932,2025-06,T1,physical assault,53.948905,-1.127266
4933,2025-06,T1,physical assault,53.948567,-1.125231
4934,2025-06,T1,physical assault,53.948905,-1.127266
4935,2025-06,T1,suspicious activity,53.941545,-1.126216
4936,2025-06,T1,physical assault,53.941545,-1.126216
4937,2025-06,T1,suspicious activity,53.940172,-1.06898
4938,2025-06,T1,suspicious activity,53.940784,-1.072964
4939,2025-06,T1,suspicious activity,53.939349,-1.070312
4940,2025-06,T1,suspicious activity,53.940522,-1.060853
4941,2025-06,T1,suspicious activity,53.940522,-1.060853
4942,2025-06,T1,suspicious activity,53.948456,-1.077908
4943,2025-06,T1,physical assault,53.950476,-1.076553
4944,2025-06,T1,suspicious activity,53.938998,-1.081148
4945,2025-06,T1,suspicious activity,53.94649,-1.072405
4946,2025-06,T1,suspicious activity,53.941608,-1.072209
4947,2025-06,T1,suspicious activity,53.943681,-1.075316
4948,2025-06,T1,suspicious activity,53.946614,-1.074596
4949,2025-06,T1,suspicious activity,53.946614,-1.074596
4950,2025-06,T1,vandalism,53.948528,-1.062925
4951,2025-06,T1,harassment,53.94649,-1.072405
4952,2025-06,T1,harassment,53.94649,-1.072405
4953,2025-06,T1,harassment,53.94649,-1.072405
4954,2025-06,T1,harassment,53.94649,-1.072405
4955,2025-06,T1,harassment,53.94649,-1.072405
4956,2025-06,T1,harassment,53.94649,-1.072405
4957,2025-06,T1,robbery,53.943681,-1.075316
4958,2025-06,T1,physical assault,53.943061,-1.075406
4959,2025-06,T1,physical assault,53.94649,-1.072405
4960,2025-06,T1,physical assault,53.94649,-1.072405
4961,2025-06,T1,physical assault,53.94649,-1.072405
4962,2025-06,T1,physical assault,53.94649,-1.072405
4963,2025-06,T1,suspicious activity,53.95368,-1.073541
4964,2025-06,T1,suspicious activity,53.953574,-1.063348
4965,2025-06,T1,suspicious activity,53.95368,-1.073541
4966,2025-06,T1,suspicious activity,53.954522,-1.069651
4967,2025-06,T1,suspicious activity,53.95368,-1.073541
4968,2025-06,T1,suspicious activity,53.95405,-1.059787
4969,2025-06,T1,suspicious activity,53.95368,-1.073541
4970,2025-06,T1,suspicious activity,53.95405,-1.059787
4971,2025-06,T1,suspicious activity,53.953574,-1.063348
4972,2025-06,T1,suspicious activity,53.952668,-1.062424
4973,2025-06,T1,suspicious activity,53.953574,-1.063348
4974,2025-06,T1,vandalism,53.950822,-1.06664
4975,2025-06,T1,vandalism,53.95368,-1.073541
4976,2025-06,T1,physical assault,53.952753,-1.067527
4977,2025-06,T1,physical assault,53.952753,-1.067527
4978,2025-06,T1,harassment,53.952635,-1.075575
4979,2025-06,T1,harassment,53.953927,-1.071767
4980,2025-06,T1,physical assault,53.952753,-1.067527
4981,2025-06,T1,physical assault,53.95405,-1.059787
4982,2025-06,T1,physical assault,53.954522,-1.069651
4983,2025-06,T1,physical assault,53.95368,-1.073541
4984,2025-06,T1,physical assault,53.952753,-1.067527
4985,2025-06,T1,physical assault,53.95368,-1.073541
4986,2025-06,T1,suspicious activity,53.951661,-1.071696
4987,2025-06,T1,suspicious activity,53.951315,-1.069966
4988,2025-06,T1,suspicious activity,53.950939,-1.077137
4989,2025-06,T1,suspicious activity,53.9534,-1.06989
4990,2025-06,T1,suspicious activity,53.952774,-1.076191
4991,2025-06,T1,harassment,53.953663,-1.076771
4992,2025-06,T1,robbery,53.952628,-1.069998
4993,2025-06,T1,physical assault,53.951365,-1.07283
4994,2025-06,T1,physical assault,53.952133,-1.075693
4995,2025-06,T1,physical assault,53.951365,-1.07283
4996,2025-06,T1,physical assault,53.951565,-1.069671
4997,2025-06,T1,physical assault,53.951365,-1.07283
4998,2025-06,T1,physical assault,53.952438,-1.07334
4999,2025-06,T1,physical assault,53.9534,-1.06989
5000,2025-06,T1,physical assault,53.95217,-1.071212
5001,2025-06,T1,physical assault,53.951631,-1.070036
5002,2025-06,T1,suspicious activity,53.950735,-1.082109
5003,2025-06,T1,suspicious activity,53.952009,-1.08298
5004,2025-06,T1,suspicious activity,53.951044,-1.082589
5005,2025-06,T1,suspicious activity,53.95148,-1.085536
5006,2025-06,T1,suspicious activity,53.948497,-1.081744
5007,2025-06,T1,suspicious activity,53.950625,-1.084199
5008,2025-06,T1,suspicious activity,53.951879,-1.081276
5009,2025-06,T1,suspicious activity,53.951044,-1.082589
5010,2025-06,T1,suspicious activity,53.948497,-1.081744
5011,2025-06,T1,vandalism,53.950625,-1.084199
5012,2025-06,T1,vandalism,53.952103,-1.083618
5013,2025-06,T1,vandalism,53.952009,-1.08298
5014,2025-06,T1,physical assault,53.95148,-1.085536
5015,2025-06,T1,physical assault,53.952009,-1.08298
5016,2025-06,T1,physical assault,53.952516,-1.082359
5017,2025-06,T1,physical assault,53.952009,-1.08298
5018,2025-06,T1,physical assault,53.952516,-1.082359
5019,2025-06,T1,physical assault,53.952009,-1.08298
5020,2025-06,T1,suspicious activity,53.939648,-1.107731
5021,2025-06,T1,suspicious activity,53.939648,-1.107731
5022,2025-06,T1,physical assault,53.932133,-1.106429
5023,2025-06,T1,physical assault,53.933775,-1.103607
5024,2025-06,T1,physical assault,53.93438,-1.102863
5025,2025-06,T1,physical assault,53.933775,-1.103607
5026,2025-06,T1,suspicious activity,53.940709,-1.110314
5027,2025-06,T1,suspicious activity,53.947726,-1.10503
5028,2025-06,T1,suspicious activity,53.947726,-1.10503
5029,2025-06,T1,suspicious activity,53.940592,-1.113866
5030,2025-06,T1,physical assault,53.942262,-1.112429
5031,2025-06,T1,physical assault,53.942262,-1.112429
5032,2025-06,T1,physical assault,53.944778,-1.106327
5033,2025-06,T1,physical assault,53.942262,-1.112429
5034,2025-06,T1,physical assault,53.942288,-1.106167
5035,2025-06,T1,suspicious activity,53.944051,-1.093194
5036,2025-06,T1,suspicious activity,53.948118,-1.092573
5037,2025-06,T1,suspicious activity,53.944051,-1.093194
5038,2025-06,T1,suspicious activity,53.946465,-1.092776
5039,2025-06,T1,vandalism,53.945269,-1.08782
5040,2025-06,T1,physical assault,53.942659,-1.089812
5041,2025-06,T1,physical assault,53.942659,-1.089812
5042,2025-06,T1,physical assault,53.945959,-1.092345
5043,2025-06,T1,physical assault,53.94545,-1.102321
5044,2025-06,T1,physical assault,53.938061,-1.087688
5045,2025-06,T1,suspicious activity,53.945119,-1.082553
5046,2025-06,T1,suspicious activity,53.943429,-1.091745
5047,2025-06,T1,suspicious activity,53.945119,-1.082553
5048,2025-06,T1,suspicious activity,53.945119,-1.082553
5049,2025-06,T1,physical assault,53.945119,-1.082553
5050,2025-06,T1,physical assault,53.94537,-1.089342
5051,2025-06,T1,vandalism,53.937694,-1.11705
5052,2025-06,T1,harassment,53.938901,-1.121
5053,2025-06,T1,physical assault,53.938388,-1.119793
5054,2025-06,T1,physical assault,53.939429,-1.120715
5055,2025-06,T1,physical assault,53.938901,-1.121
5056,2025-06,T1,suspicious activity,53.933561,-1.120915
5057,2025-06,T1,physical assault,53.93515,-1.123105
5058,2025-06,T1,physical assault,53.933423,-1.110697
5059,2025-06,T1,suspicious activity,53.937061,-1.123872
5060,2025-06,T1,suspicious activity,53.937061,-1.123872
5061,2025-06,T1,physical assault,53.93621,-1.124996
5062,2025-06,T1,physical assault,53.940423,-1.125158
5063,2025-06,T1,suspicious activity,53.940861,-1.118628
5064,2025-06,T1,suspicious activity,53.941595,-1.12201
5065,2025-06,T1,physical assault,53.942587,-1.118699
5066,2025-06,T1,physical assault,53.943173,-1.119021
5067,2025-06,T1,suspicious activity,53.948207,-1.058654
5068,2025-06,T1,suspicious activity,53.948815,-1.052454
5069,2025-06,T1,suspicious activity,53.948815,-1.052454
5070,2025-06,T1,vandalism,53.943802,-1.055005
5071,2025-06,T1,vandalism,53.946611,-1.052199
5072,2025-06,T1,vandalism,53.944612,-1.048329
5073,2025-06,T1,harassment,53.948815,-1.052454
5074,2025-06,T1,harassment,53.941189,-1.042953
5075,2025-06,T1,physical assault,53.94592,-1.045572
5076,2025-06,T1,physical assault,53.944656,-1.055123
5077,2025-06,T1,physical assault,53.94432,-1.041068
5078,2025-06,T1,physical assault,53.948815,-1.052454
5079,2025-06,T1,suspicious activity,53.93441,-1.064443
5080,2025-06,T1,suspicious activity,53.938745,-1.06007
5081,2025-06,T1,suspicious activity,53.935855,-1.068895
5082,2025-06,T1,suspicious activity,53.933364,-1.065065
5083,2025-06,T1,suspicious activity,53.934797,-1.062119
5084,2025-06,T1,suspicious activity,53.933364,-1.065065
5085,2025-06,T1,harassment,53.93284,-1.066965
5086,2025-06,T1,harassment,53.937207,-1.06798
5087,2025-06,T1,physical assault,53.938745,-1.06007
5088,2025-06,T1,physical assault,53.93441,-1.064443
5089,2025-06,T1,physical assault,53.93284,-1.066965
5090,2025-06,T1,suspicious activity,53.933027,-1.070236
5091,2025-06,T1,physical assault,53.93754,-1.073339
5092,2025-06,T1,physical assault,53.935796,-1.072642
5093,2025-06,T1,physical assault,53.93754,-1.073339
5094,2025-06,T1,physical assault,53.933415,-1.070486
5095,2025-06,T1,physical assault,53.936094,-1.072818
5096,2025-06,T1,physical assault,53.933415,-1.070486
5097,2025-07,T1,suspicious activity,53.981876,-1.063171
5098,2025-07,T1,suspicious activity,53.978373,-1.064591
5099,2025-07,T1,suspicious activity,53.978921,-1.065738
5100,2025-07,T1,suspicious activity,53.980367,-1.067886
5101,2025-07,T1,suspicious activity,53.979541,-1.066929
5102,2025-07,T1,suspicious activity,53.979814,-1.060442
5103,2025-07,T1,vandalism,53.982475,-1.060413
5104,2025-07,T1,harassment,53.979349,-1.069983
5105,2025-07,T1,harassment,53.979792,-1.060976
5106,2025-07,T1,physical assault,53.979349,-1.069983
5107,2025-07,T1,physical assault,53.979349,-1.069983
5108,2025-07,T1,physical assault,53.979349,-1.069983
5109,2025-07,T1,physical assault,53.978373,-1.064591
5110,2025-07,T1,physical assault,53.979349,-1.069983
5111,2025-07,T1,physical assault,53.979349,-1.069983
5112,2025-07,T1,physical assault,53.979349,-1.069983
5113,2025-07,T1,physical assault,53.979349,-1.069983
5114,2025-07,T1,physical assault,53.979349,-1.069983
5115,2025-07,T1,physical assault,53.979331,-1.060712
5116,2025-07,T1,physical assault,53.979349,-1.069983
5117,2025-07,T1,physical assault,53.979349,-1.069983
5118,2025-07,T1,physical assault,53.979349,-1.069983
5119,2025-07,T1,physical assault,53.979349,-1.069983
5120,2025-07,T1,physical assault,53.979349,-1.069983
5121,2025-07,T1,suspicious activity,53.982568,-1.051993
5122,2025-07,T1,harassment,53.986004,-1.055453
5123,2025-07,T1,harassment,53.98508,-1.048282
5124,2025-07,T1,harassment,53.982728,-1.048285
5125,2025-07,T1,physical assault,53.986004,-1.055453
5126,2025-07,T1,physical assault,53.986004,-1.055453
5127,2025-07,T1,physical assault,53.986004,-1.055453
5128,2025-07,T1,physical assault,53.986004,-1.055453
5129,2025-07,T1,physical assault,53.977489,-1.053831
5130,2025-07,T1,suspicious activity,53.986032,-1.061324
5131,2025-07,T1,harassment,53.985369,-1.066158
5132,2025-07,T1,physical assault,53.978036,-1.100492
5133,2025-07,T1,physical assault,53.976885,-1.099267
5134,2025-07,T1,physical assault,53.977675,-1.094386
5135,2025-07,T1,suspicious activity,53.981228,-1.093561
5136,2025-07,T1,suspicious activity,53.97964,-1.082812
5137,2025-07,T1,suspicious activity,53.983763,-1.095509
5138,2025-07,T1,suspicious activity,53.983763,-1.095509
5139,2025-07,T1,suspicious activity,53.981228,-1.093561
5140,2025-07,T1,harassment,53.97964,-1.082812
5141,2025-07,T1,harassment,53.983763,-1.095509
5142,2025-07,T1,physical assault,53.97964,-1.082812
5143,2025-07,T1,physical assault,53.984958,-1.09653
5144,2025-07,T1,physical assault,53.984958,-1.09653
5145,2025-07,T1,physical assault,53.980615,-1.101626
5146,2025-07,T1,suspicious activity,53.963692,-1.092341
5147,2025-07,T1,physical assault,53.965061,-1.091458
5148,2025-07,T1,suspicious activity,53.969049,-1.097088
5149,2025-07,T1,suspicious activity,53.969049,-1.097088
5150,2025-07,T1,suspicious activity,53.969307,-1.095558
5151,2025-07,T1,vandalism,53.972276,-1.097064
5152,2025-07,T1,vandalism,53.968507,-1.099112
5153,2025-07,T1,vandalism,53.967244,-1.09856
5154,2025-07,T1,physical assault,53.967244,-1.09856
5155,2025-07,T1,physical assault,53.969049,-1.097088
5156,2025-07,T1,physical assault,53.971403,-1.095757
5157,2025-07,T1,physical assault,53.985513,-1.116131
5158,2025-07,T1,physical assault,53.985513,-1.116131
5159,2025-07,T1,suspicious activity,53.976915,-1.115382
5160,2025-07,T1,physical assault,53.976915,-1.115382
5161,2025-07,T1,suspicious activity,53.9669,-1.055087
5162,2025-07,T1,suspicious activity,53.969348,-1.054138
5163,2025-07,T1,suspicious activity,53.969348,-1.054138
5164,2025-07,T1,physical assault,53.9669,-1.055087
5165,2025-07,T1,suspicious activity,53.964819,-1.061145
5166,2025-07,T1,suspicious activity,53.965685,-1.062726
5167,2025-07,T1,physical assault,53.965686,-1.060562
5168,2025-07,T1,physical assault,53.965825,-1.066869
5169,2025-07,T1,physical assault,53.96606,-1.065812
5170,2025-07,T1,physical assault,53.966933,-1.062607
5171,2025-07,T1,physical assault,53.965825,-1.066869
5172,2025-07,T1,suspicious activity,53.978121,-1.062234
5173,2025-07,T1,suspicious activity,53.976827,-1.062263
5174,2025-07,T1,suspicious activity,53.973784,-1.065136
5175,2025-07,T1,suspicious activity,53.976596,-1.063808
5176,2025-07,T1,physical assault,53.977342,-1.059217
5177,2025-07,T1,physical assault,53.974572,-1.068214
5178,2025-07,T1,physical assault,53.97811,-1.059733
5179,2025-07,T1,physical assault,53.976827,-1.062263
5180,2025-07,T1,physical assault,53.976596,-1.063808
5181,2025-07,T1,physical assault,53.974572,-1.068214
5182,2025-07,T1,suspicious activity,53.972687,-1.042185
5183,2025-07,T1,physical assault,53.974393,-1.042731
5184,2025-07,T1,suspicious activity,53.969286,-1.046288
5185,2025-07,T1,physical assault,53.969094,-1.041055
5186,2025-07,T1,physical assault,53.966797,-1.04418
5187,2025-07,T1,physical assault,53.969094,-1.041055
5188,2025-07,T1,suspicious activity,53.970572,-1.079813
5189,2025-07,T1,suspicious activity,53.968952,-1.084285
5190,2025-07,T1,suspicious activity,53.970572,-1.079813
5191,2025-07,T1,suspicious activity,53.968952,-1.084285
5192,2025-07,T1,suspicious activity,53.968952,-1.084285
5193,2025-07,T1,suspicious activity,53.968952,-1.084285
5194,2025-07,T1,vandalism,53.968952,-1.084285
5195,2025-07,T1,vandalism,53.968952,-1.084285
5196,2025-07,T1,physical assault,53.970572,-1.079813
5197,2025-07,T1,harassment,53.968952,-1.084285
5198,2025-07,T1,harassment,53.968952,-1.084285
5199,2025-07,T1,physical assault,53.968952,-1.084285
5200,2025-07,T1,physical assault,53.970572,-1.079813
5201,2025-07,T1,physical assault,53.968952,-1.084285
5202,2025-07,T1,physical assault,53.968952,-1.084285
5203,2025-07,T1,physical assault,53.970572,-1.079813
5204,2025-07,T1,physical assault,53.969333,-1.083514
5205,2025-07,T1,physical assault,53.969802,-1.080257
5206,2025-07,T1,suspicious activity,53.972255,-1.088329
5207,2025-07,T1,vandalism,53.970529,-1.086034
5208,2025-07,T1,harassment,53.969599,-1.086603
5209,2025-07,T1,physical assault,53.973624,-1.08871
5210,2025-07,T1,physical assault,53.974162,-1.084994
5211,2025-07,T1,physical assault,53.974097,-1.087084
5212,2025-07,T1,physical assault,53.972402,-1.089942
5213,2025-07,T1,suspicious activity,53.973887,-1.091464
5214,2025-07,T1,suspicious activity,53.975407,-1.086888
5215,2025-07,T1,suspicious activity,53.975967,-1.094316
5216,2025-07,T1,suspicious activity,53.973855,-1.093127
5217,2025-07,T1,vandalism,53.974675,-1.094573
5218,2025-07,T1,physical assault,53.973855,-1.093127
5219,2025-07,T1,physical assault,53.977102,-1.092294
5220,2025-07,T1,physical assault,53.973855,-1.093127
5221,2025-07,T1,physical assault,53.973855,-1.093127
5222,2025-07,T1,suspicious activity,53.979806,-1.085007
5223,2025-07,T1,suspicious activity,53.972636,-1.085271
5224,2025-07,T1,suspicious activity,53.976532,-1.088251
5225,2025-07,T1,suspicious activity,53.976532,-1.088251
5226,2025-07,T1,suspicious activity,53.976532,-1.088251
5227,2025-07,T1,vandalism,53.972146,-1.084687
5228,2025-07,T1,vandalism,53.976532,-1.088251
5229,2025-07,T1,vandalism,53.976532,-1.088251
5230,2025-07,T1,vandalism,53.979806,-1.085007
5231,2025-07,T1,vandalism,53.976532,-1.088251
5232,2025-07,T1,harassment,53.979806,-1.085007
5233,2025-07,T1,harassment,53.976532,-1.088251
5234,2025-07,T1,robbery,53.976532,-1.088251
5235,2025-07,T1,physical assault,53.976532,-1.088251
5236,2025-07,T1,suspicious activity,53.972975,-1.081468
5237,2025-07,T1,suspicious activity,53.971747,-1.073704
5238,2025-07,T1,suspicious activity,53.972975,-1.081468
5239,2025-07,T1,vandalism,53.971603,-1.077168
5240,2025-07,T1,vandalism,53.977759,-1.081759
5241,2025-07,T1,robbery,53.971603,-1.077168
5242,2025-07,T1,physical assault,53.973989,-1.073029
5243,2025-07,T1,physical assault,53.972975,-1.081468
5244,2025-07,T1,physical assault,53.970969,-1.074179
5245,2025-07,T1,physical assault,53.972734,-1.074582
5246,2025-07,T1,suspicious activity,53.96627,-1.074451
5247,2025-07,T1,suspicious activity,53.967599,-1.071906
5248,2025-07,T1,suspicious activity,53.968213,-1.07924
5249,2025-07,T1,suspicious activity,53.968388,-1.07634
5250,2025-07,T1,physical assault,53.968606,-1.074292
5251,2025-07,T1,physical assault,53.968182,-1.077579
5252,2025-07,T1,physical assault,53.969214,-1.078532
5253,2025-07,T1,physical assault,53.968182,-1.077579
5254,2025-07,T1,physical assault,53.968106,-1.073571
5255,2025-07,T1,physical assault,53.968182,-1.077579
5256,2025-07,T1,suspicious activity,53.966342,-1.070973
5257,2025-07,T1,suspicious activity,53.966341,-1.068474
5258,2025-07,T1,suspicious activity,53.966341,-1.068474
5259,2025-07,T1,suspicious activity,53.9705,-1.070454
5260,2025-07,T1,vandalism,53.9705,-1.070454
5261,2025-07,T1,vandalism,53.966342,-1.070973
5262,2025-07,T1,harassment,53.966424,-1.06992
5263,2025-07,T1,physical assault,53.9705,-1.070454
5264,2025-07,T1,physical assault,53.966341,-1.068474
5265,2025-07,T1,suspicious activity,53.960859,-1.070836
5266,2025-07,T1,suspicious activity,53.961758,-1.068545
5267,2025-07,T1,suspicious activity,53.96274,-1.072425
5268,2025-07,T1,suspicious activity,53.959688,-1.070588
5269,2025-07,T1,suspicious activity,53.963874,-1.058632
5270,2025-07,T1,suspicious activity,53.962387,-1.05931
5271,2025-07,T1,suspicious activity,53.964125,-1.071373
5272,2025-07,T1,vandalism,53.963874,-1.058632
5273,2025-07,T1,vandalism,53.962387,-1.05931
5274,2025-07,T1,physical assault,53.962448,-1.068316
5275,2025-07,T1,harassment,53.963012,-1.065713
5276,2025-07,T1,robbery,53.96274,-1.072425
5277,2025-07,T1,physical assault,53.963012,-1.065713
5278,2025-07,T1,physical assault,53.963012,-1.065713
5279,2025-07,T1,physical assault,53.962083,-1.071114
5280,2025-07,T1,physical assault,53.962083,-1.071114
5281,2025-07,T1,physical assault,53.962207,-1.060472
5282,2025-07,T1,physical assault,53.963874,-1.058632
5283,2025-07,T1,physical assault,53.96274,-1.072425
5284,2025-07,T1,physical assault,53.962508,-1.063377
5285,2025-07,T1,physical assault,53.962083,-1.071114
5286,2025-07,T1,physical assault,53.963155,-1.059887
5287,2025-07,T1,physical assault,53.959688,-1.070588
5288,2025-07,T1,harassment,53.975807,-1.068689
5289,2025-07,T1,harassment,53.976812,-1.066165
5290,2025-07,T1,harassment,53.972665,-1.068012
5291,2025-07,T1,physical assault,53.977928,-1.068718
5292,2025-07,T1,physical assault,53.977258,-1.06916
5293,2025-07,T1,physical assault,53.972665,-1.068012
5294,2025-07,T1,suspicious activity,53.961355,-1.12507
5295,2025-07,T1,physical assault,53.961091,-1.127027
5296,2025-07,T1,vandalism,53.957952,-1.125477
5297,2025-07,T1,suspicious activity,53.965577,-1.120973
5298,2025-07,T1,physical assault,53.966792,-1.123706
5299,2025-07,T1,physical assault,53.966843,-1.125702
5300,2025-07,T1,physical assault,53.967341,-1.126286
5301,2025-07,T1,physical assault,53.96644,-1.122174
5302,2025-07,T1,physical assault,53.964774,-1.126691
5303,2025-07,T1,physical assault,53.966288,-1.12608
5304,2025-07,T1,physical assault,53.964774,-1.126691
5305,2025-07,T1,suspicious activity,53.964065,-1.118261
5306,2025-07,T1,suspicious activity,53.958925,-1.123277
5307,2025-07,T1,physical assault,53.966354,-1.120347
5308,2025-07,T1,physical assault,53.964149,-1.107772
5309,2025-07,T1,physical assault,53.961579,-1.122459
5310,2025-07,T1,suspicious activity,53.959662,-1.081996
5311,2025-07,T1,suspicious activity,53.958528,-1.083246
5312,2025-07,T1,suspicious activity,53.960122,-1.084517
5313,2025-07,T1,suspicious activity,53.966683,-1.082505
5314,2025-07,T1,suspicious activity,53.960793,-1.084601
5315,2025-07,T1,suspicious activity,53.960793,-1.084601
5316,2025-07,T1,suspicious activity,53.966468,-1.079095
5317,2025-07,T1,suspicious activity,53.957537,-1.083087
5318,2025-07,T1,suspicious activity,53.961677,-1.084962
5319,2025-07,T1,suspicious activity,53.966468,-1.079095
5320,2025-07,T1,suspicious activity,53.960793,-1.084601
5321,2025-07,T1,suspicious activity,53.96114,-1.081758
5322,2025-07,T1,suspicious activity,53.959782,-1.083212
5323,2025-07,T1,suspicious activity,53.965236,-1.083726
5324,2025-07,T1,suspicious activity,53.967202,-1.081046
5325,2025-07,T1,suspicious activity,53.962478,-1.083939
5326,2025-07,T1,suspicious activity,53.961677,-1.084962
5327,2025-07,T1,suspicious activity,53.964249,-1.08512
5328,2025-07,T1,suspicious activity,53.967163,-1.079446
5329,2025-07,T1,suspicious activity,53.960387,-1.085585
5330,2025-07,T1,suspicious activity,53.96114,-1.081758
5331,2025-07,T1,suspicious activity,53.96114,-1.081758
5332,2025-07,T1,suspicious activity,53.957537,-1.083087
5333,2025-07,T1,suspicious activity,53.966468,-1.079095
5334,2025-07,T1,suspicious activity,53.967202,-1.081046
5335,2025-07,T1,suspicious activity,53.959662,-1.081996
5336,2025-07,T1,suspicious activity,53.961369,-1.085884
5337,2025-07,T1,suspicious activity,53.957537,-1.083087
5338,2025-07,T1,suspicious activity,53.959782,-1.083212
5339,2025-07,T1,suspicious activity,53.962948,-1.085422
5340,2025-07,T1,suspicious activity,53.959662,-1.081996
5341,2025-07,T1,suspicious activity,53.966683,-1.082505
5342,2025-07,T1,suspicious activity,53.960793,-1.084601
5343,2025-07,T1,suspicious activity,53.958528,-1.083246
5344,2025-07,T1,suspicious activity,53.962109,-1.083886
5345,2025-07,T1,suspicious activity,53.961067,-1.082827
5346,2025-07,T1,suspicious activity,53.962011,-1.091098
5347,2025-07,T1,suspicious activity,53.959782,-1.083212
5348,2025-07,T1,suspicious activity,53.960122,-1.084517
5349,2025-07,T1,suspicious activity,53.962478,-1.083939
5350,2025-07,T1,suspicious activity,53.961677,-1.084962
5351,2025-07,T1,suspicious activity,53.961677,-1.084962
5352,2025-07,T1,vandalism,53.963989,-1.085262
5353,2025-07,T1,vandalism,53.960793,-1.084601
5354,2025-07,T1,vandalism,53.959662,-1.081996
5355,2025-07,T1,vandalism,53.962582,-1.090506
5356,2025-07,T1,vandalism,53.959662,-1.081996
5357,2025-07,T1,vandalism,53.966635,-1.080997
5358,2025-07,T1,vandalism,53.964079,-1.084041
5359,2025-07,T1,physical assault,53.959662,-1.081996
5360,2025-07,T1,physical assault,53.957537,-1.083087
5361,2025-07,T1,physical assault,53.959662,-1.081996
5362,2025-07,T1,physical assault,53.966683,-1.082505
5363,2025-07,T1,physical assault,53.960122,-1.084517
5364,2025-07,T1,harassment,53.966635,-1.080997
5365,2025-07,T1,harassment,53.957537,-1.083087
5366,2025-07,T1,harassment,53.960122,-1.084517
5367,2025-07,T1,harassment,53.957537,-1.083087
5368,2025-07,T1,harassment,53.959782,-1.083212
5369,2025-07,T1,harassment,53.957868,-1.082866
5370,2025-07,T1,robbery,53.958528,-1.083246
5371,2025-07,T1,robbery,53.960722,-1.081082
5372,2025-07,T1,robbery,53.962948,-1.085422
5373,2025-07,T1,robbery,53.962478,-1.083939
5374,2025-07,T1,robbery,53.961369,-1.085884
5375,2025-07,T1,robbery,53.960122,-1.084517
5376,2025-07,T1,physical assault,53.960793,-1.084601
5377,2025-07,T1,physical assault,53.960122,-1.084517
5378,2025-07,T1,physical assault,53.965783,-1.078821
5379,2025-07,T1,physical assault,53.957537,-1.083087
5380,2025-07,T1,physical assault,53.960122,-1.084517
5381,2025-07,T1,physical assault,53.968124,-1.081757
5382,2025-07,T1,physical assault,53.957537,-1.083087
5383,2025-07,T1,physical assault,53.960122,-1.084517
5384,2025-07,T1,physical assault,53.964659,-1.082321
5385,2025-07,T1,physical assault,53.961505,-1.088365
5386,2025-07,T1,physical assault,53.957537,-1.083087
5387,2025-07,T1,physical assault,53.957537,-1.083087
5388,2025-07,T1,physical assault,53.960122,-1.084517
5389,2025-07,T1,physical assault,53.962669,-1.080749
5390,2025-07,T1,physical assault,53.960387,-1.085585
5391,2025-07,T1,physical assault,53.957537,-1.083087
5392,2025-07,T1,physical assault,53.960722,-1.081082
5393,2025-07,T1,physical assault,53.960793,-1.084601
5394,2025-07,T1,physical assault,53.960793,-1.084601
5395,2025-07,T1,physical assault,53.961677,-1.084962
5396,2025-07,T1,physical assault,53.957537,-1.083087
5397,2025-07,T1,physical assault,53.960722,-1.081082
5398,2025-07,T1,physical assault,53.957537,-1.083087
5399,2025-07,T1,physical assault,53.960722,-1.081082
5400,2025-07,T1,physical assault,53.959662,-1.081996
5401,2025-07,T1,physical assault,53.961677,-1.084962
5402,2025-07,T1,physical assault,53.960122,-1.084517
5403,2025-07,T1,physical assault,53.959662,-1.081996
5404,2025-07,T1,physical assault,53.968124,-1.081757
5405,2025-07,T1,physical assault,53.966635,-1.080997
5406,2025-07,T1,physical assault,53.960722,-1.081082
5407,2025-07,T1,physical assault,53.966635,-1.080997
5408,2025-07,T1,physical assault,53.96114,-1.081758
5409,2025-07,T1,physical assault,53.957537,-1.083087
5410,2025-07,T1,physical assault,53.959662,-1.081996
5411,2025-07,T1,physical assault,53.964249,-1.08512
5412,2025-07,T1,physical assault,53.959662,-1.081996
5413,2025-07,T1,physical assault,53.959662,-1.081996
5414,2025-07,T1,physical assault,53.966683,-1.082505
5415,2025-07,T1,physical assault,53.961677,-1.084962
5416,2025-07,T1,physical assault,53.964249,-1.08512
5417,2025-07,T1,physical assault,53.966683,-1.082505
5418,2025-07,T1,physical assault,53.957537,-1.083087
5419,2025-07,T1,physical assault,53.960793,-1.084601
5420,2025-07,T1,physical assault,53.957537,-1.083087
5421,2025-07,T1,physical assault,53.957537,-1.083087
5422,2025-07,T1,physical assault,53.96114,-1.081758
5423,2025-07,T1,physical assault,53.964189,-1.087895
5424,2025-07,T1,physical assault,53.966468,-1.079095
5425,2025-07,T1,suspicious activity,53.966859,-1.077395
5426,2025-07,T1,suspicious activity,53.960778,-1.079084
5427,2025-07,T1,suspicious activity,53.964754,-1.077182
5428,2025-07,T1,suspicious activity,53.965027,-1.075255
5429,2025-07,T1,suspicious activity,53.960778,-1.079084
5430,2025-07,T1,suspicious activity,53.962781,-1.078902
5431,2025-07,T1,suspicious activity,53.963636,-1.076673
5432,2025-07,T1,suspicious activity,53.962781,-1.078902
5433,2025-07,T1,vandalism,53.961524,-1.075501
5434,2025-07,T1,physical assault,53.962781,-1.078902
5435,2025-07,T1,physical assault,53.961242,-1.077488
5436,2025-07,T1,physical assault,53.965454,-1.074713
5437,2025-07,T1,physical assault,53.961914,-1.077169
5438,2025-07,T1,physical assault,53.965454,-1.074713
5439,2025-07,T1,physical assault,53.965027,-1.075255
5440,2025-07,T1,physical assault,53.962781,-1.078902
5441,2025-07,T1,physical assault,53.96619,-1.07683
5442,2025-07,T1,physical assault,53.962638,-1.07668
5443,2025-07,T1,physical assault,53.964749,-1.078768
5444,2025-07,T1,suspicious activity,53.951793,-1.08655
5445,2025-07,T1,suspicious activity,53.952613,-1.085679
5446,2025-07,T1,suspicious activity,53.956259,-1.092335
5447,2025-07,T1,suspicious activity,53.954804,-1.092428
5448,2025-07,T1,suspicious activity,53.951793,-1.08655
5449,2025-07,T1,suspicious activity,53.953497,-1.090765
5450,2025-07,T1,suspicious activity,53.951281,-1.090173
5451,2025-07,T1,suspicious activity,53.951793,-1.08655
5452,2025-07,T1,suspicious activity,53.953497,-1.090765
5453,2025-07,T1,suspicious activity,53.952613,-1.085679
5454,2025-07,T1,suspicious activity,53.952955,-1.088079
5455,2025-07,T1,suspicious activity,53.954804,-1.092428
5456,2025-07,T1,vandalism,53.951281,-1.090173
5457,2025-07,T1,vandalism,53.951281,-1.090173
5458,2025-07,T1,physical assault,53.953709,-1.089145
5459,2025-07,T1,harassment,53.954621,-1.093194
5460,2025-07,T1,harassment,53.951995,-1.088313
5461,2025-07,T1,physical assault,53.954621,-1.093194
5462,2025-07,T1,physical assault,53.952204,-1.085002
5463,2025-07,T1,physical assault,53.952787,-1.086026
5464,2025-07,T1,physical assault,53.954128,-1.097014
5465,2025-07,T1,physical assault,53.954128,-1.097014
5466,2025-07,T1,physical assault,53.954128,-1.097014
5467,2025-07,T1,physical assault,53.952733,-1.088374
5468,2025-07,T1,physical assault,53.954264,-1.092378
5469,2025-07,T1,physical assault,53.952204,-1.085002
5470,2025-07,T1,suspicious activity,53.9554,-1.072431
5471,2025-07,T1,suspicious activity,53.9554,-1.072431
5472,2025-07,T1,suspicious activity,53.959068,-1.074092
5473,2025-07,T1,suspicious activity,53.955489,-1.073882
5474,2025-07,T1,suspicious activity,53.959245,-1.078355
5475,2025-07,T1,suspicious activity,53.959245,-1.078355
5476,2025-07,T1,suspicious activity,53.955489,-1.073882
5477,2025-07,T1,suspicious activity,53.959053,-1.079183
5478,2025-07,T1,suspicious activity,53.955489,-1.073882
5479,2025-07,T1,suspicious activity,53.956109,-1.071475
5480,2025-07,T1,suspicious activity,53.959053,-1.079183
5481,2025-07,T1,suspicious activity,53.955489,-1.073882
5482,2025-07,T1,suspicious activity,53.955333,-1.074647
5483,2025-07,T1,suspicious activity,53.956725,-1.069846
5484,2025-07,T1,suspicious activity,53.957761,-1.072414
5485,2025-07,T1,suspicious activity,53.955489,-1.073882
5486,2025-07,T1,suspicious activity,53.955489,-1.073882
5487,2025-07,T1,suspicious activity,53.955333,-1.074647
5488,2025-07,T1,suspicious activity,53.955333,-1.074647
5489,2025-07,T1,suspicious activity,53.956741,-1.071873
5490,2025-07,T1,suspicious activity,53.9554,-1.072431
5491,2025-07,T1,suspicious activity,53.959053,-1.079183
5492,2025-07,T1,suspicious activity,53.956372,-1.074106
5493,2025-07,T1,suspicious activity,53.955333,-1.074647
5494,2025-07,T1,suspicious activity,53.95439,-1.07524
5495,2025-07,T1,suspicious activity,53.954973,-1.068788
5496,2025-07,T1,suspicious activity,53.955333,-1.074647
5497,2025-07,T1,suspicious activity,53.959053,-1.079183
5498,2025-07,T1,suspicious activity,53.9554,-1.072431
5499,2025-07,T1,vandalism,53.956725,-1.069846
5500,2025-07,T1,physical assault,53.959053,-1.079183
5501,2025-07,T1,harassment,53.956372,-1.074106
5502,2025-07,T1,harassment,53.960694,-1.075123
5503,2025-07,T1,harassment,53.9554,-1.072431
5504,2025-07,T1,harassment,53.955333,-1.074647
5505,2025-07,T1,robbery,53.960274,-1.076595
5506,2025-07,T1,physical assault,53.957344,-1.071981
5507,2025-07,T1,physical assault,53.960274,-1.076595
5508,2025-07,T1,physical assault,53.956109,-1.071475
5509,2025-07,T1,physical assault,53.954973,-1.068788
5510,2025-07,T1,physical assault,53.955333,-1.074647
5511,2025-07,T1,physical assault,53.95612,-1.067162
5512,2025-07,T1,physical assault,53.957344,-1.071981
5513,2025-07,T1,physical assault,53.959068,-1.074092
5514,2025-07,T1,physical assault,53.95612,-1.067162
5515,2025-07,T1,physical assault,53.959053,-1.079183
5516,2025-07,T1,suspicious activity,53.958167,-1.085481
5517,2025-07,T1,suspicious activity,53.956563,-1.08387
5518,2025-07,T1,suspicious activity,53.957808,-1.086785
5519,2025-07,T1,suspicious activity,53.957139,-1.088597
5520,2025-07,T1,suspicious activity,53.95888,-1.087066
5521,2025-07,T1,suspicious activity,53.957273,-1.084983
5522,2025-07,T1,suspicious activity,53.957139,-1.088597
5523,2025-07,T1,suspicious activity,53.958398,-1.092228
5524,2025-07,T1,suspicious activity,53.957139,-1.088597
5525,2025-07,T1,suspicious activity,53.957808,-1.086785
5526,2025-07,T1,suspicious activity,53.957273,-1.084983
5527,2025-07,T1,suspicious activity,53.958398,-1.092228
5528,2025-07,T1,suspicious activity,53.95615,-1.090996
5529,2025-07,T1,suspicious activity,53.957273,-1.084983
5530,2025-07,T1,suspicious activity,53.96043,-1.091223
5531,2025-07,T1,suspicious activity,53.957273,-1.084983
5532,2025-07,T1,suspicious activity,53.958398,-1.092228
5533,2025-07,T1,suspicious activity,53.958732,-1.087694
5534,2025-07,T1,suspicious activity,53.957139,-1.088597
5535,2025-07,T1,suspicious activity,53.958167,-1.085481
5536,2025-07,T1,suspicious activity,53.957139,-1.088597
5537,2025-07,T1,suspicious activity,53.957273,-1.084983
5538,2025-07,T1,suspicious activity,53.957273,-1.084983
5539,2025-07,T1,suspicious activity,53.95615,-1.090996
5540,2025-07,T1,suspicious activity,53.957273,-1.084983
5541,2025-07,T1,vandalism,53.959055,-1.087626
5542,2025-07,T1,vandalism,53.958796,-1.086732
5543,2025-07,T1,physical assault,53.957273,-1.084983
5544,2025-07,T1,harassment,53.957273,-1.084983
5545,2025-07,T1,harassment,53.959055,-1.087626
5546,2025-07,T1,harassment,53.959055,-1.087626
5547,2025-07,T1,robbery,53.956767,-1.085832
5548,2025-07,T1,robbery,53.96043,-1.091223
5549,2025-07,T1,physical assault,53.958732,-1.087694
5550,2025-07,T1,physical assault,53.95615,-1.090996
5551,2025-07,T1,physical assault,53.957808,-1.086785
5552,2025-07,T1,physical assault,53.959055,-1.087626
5553,2025-07,T1,physical assault,53.959055,-1.087626
5554,2025-07,T1,physical assault,53.958796,-1.086732
5555,2025-07,T1,physical assault,53.957808,-1.086785
5556,2025-07,T1,physical assault,53.957273,-1.084983
5557,2025-07,T1,physical assault,53.958796,-1.086732
5558,2025-07,T1,physical assault,53.957808,-1.086785
5559,2025-07,T1,physical assault,53.958796,-1.086732
5560,2025-07,T1,physical assault,53.957273,-1.084983
5561,2025-07,T1,physical assault,53.957273,-1.084983
5562,2025-07,T1,physical assault,53.959055,-1.087626
5563,2025-07,T1,physical assault,53.96043,-1.091223
5564,2025-07,T1,physical assault,53.95816,-1.088164
5565,2025-07,T1,physical assault,53.96043,-1.091223
5566,2025-07,T1,physical assault,53.957273,-1.084983
5567,2025-07,T1,physical assault,53.955991,-1.088927
5568,2025-07,T1,physical assault,53.96043,-1.091223
5569,2025-07,T1,physical assault,53.957808,-1.086785
5570,2025-07,T1,physical assault,53.959055,-1.087626
5571,2025-07,T1,physical assault,53.953905,-1.081795
5572,2025-07,T1,physical assault,53.96043,-1.091223
5573,2025-07,T1,physical assault,53.957808,-1.086785
5574,2025-07,T1,physical assault,53.95615,-1.090996
5575,2025-07,T1,physical assault,53.957808,-1.086785
5576,2025-07,T1,physical assault,53.957808,-1.086785
5577,2025-07,T1,physical assault,53.957831,-1.087409
5578,2025-07,T1,physical assault,53.957808,-1.086785
5579,2025-07,T1,physical assault,53.957808,-1.086785
5580,2025-07,T1,physical assault,53.95615,-1.090996
5581,2025-07,T1,physical assault,53.95615,-1.090996
5582,2025-07,T1,suspicious activity,53.956495,-1.08788
5583,2025-07,T1,suspicious activity,53.955365,-1.083485
5584,2025-07,T1,suspicious activity,53.956495,-1.08788
5585,2025-07,T1,harassment,53.955365,-1.083485
5586,2025-07,T1,physical assault,53.955911,-1.084296
5587,2025-07,T1,physical assault,53.955234,-1.086338
5588,2025-07,T1,suspicious activity,53.956623,-1.077529
5589,2025-07,T1,suspicious activity,53.95879,-1.081139
5590,2025-07,T1,suspicious activity,53.957159,-1.078249
5591,2025-07,T1,suspicious activity,53.959658,-1.080632
5592,2025-07,T1,suspicious activity,53.957319,-1.079175
5593,2025-07,T1,suspicious activity,53.959281,-1.084118
5594,2025-07,T1,suspicious activity,53.956836,-1.079597
5595,2025-07,T1,suspicious activity,53.95728,-1.082376
5596,2025-07,T1,suspicious activity,53.957139,-1.076817
5597,2025-07,T1,suspicious activity,53.955888,-1.078993
5598,2025-07,T1,suspicious activity,53.959476,-1.080438
5599,2025-07,T1,suspicious activity,53.956904,-1.082507
5600,2025-07,T1,suspicious activity,53.95879,-1.081139
5601,2025-07,T1,suspicious activity,53.957588,-1.080126
5602,2025-07,T1,suspicious activity,53.955888,-1.078993
5603,2025-07,T1,suspicious activity,53.958064,-1.08143
5604,2025-07,T1,suspicious activity,53.958689,-1.0798
5605,2025-07,T1,suspicious activity,53.956609,-1.0734
5606,2025-07,T1,suspicious activity,53.957139,-1.076817
5607,2025-07,T1,suspicious activity,53.95728,-1.082376
5608,2025-07,T1,suspicious activity,53.95525,-1.075563
5609,2025-07,T1,suspicious activity,53.957139,-1.076817
5610,2025-07,T1,suspicious activity,53.959658,-1.080632
5611,2025-07,T1,suspicious activity,53.957862,-1.082339
5612,2025-07,T1,suspicious activity,53.958346,-1.080242
5613,2025-07,T1,suspicious activity,53.954925,-1.080036
5614,2025-07,T1,suspicious activity,53.958346,-1.080242
5615,2025-07,T1,suspicious activity,53.954439,-1.077608
5616,2025-07,T1,suspicious activity,53.959476,-1.080438
5617,2025-07,T1,suspicious activity,53.959476,-1.080438
5618,2025-07,T1,suspicious activity,53.959559,-1.075956
5619,2025-07,T1,suspicious activity,53.960121,-1.080058
5620,2025-07,T1,suspicious activity,53.95879,-1.081139
5621,2025-07,T1,suspicious activity,53.956836,-1.079597
5622,2025-07,T1,suspicious activity,53.957862,-1.082339
5623,2025-07,T1,suspicious activity,53.95728,-1.082376
5624,2025-07,T1,suspicious activity,53.957862,-1.082339
5625,2025-07,T1,suspicious activity,53.960121,-1.080058
5626,2025-07,T1,suspicious activity,53.95879,-1.081139
5627,2025-07,T1,suspicious activity,53.959281,-1.084118
5628,2025-07,T1,suspicious activity,53.957819,-1.079324
5629,2025-07,T1,suspicious activity,53.957862,-1.082339
5630,2025-07,T1,suspicious activity,53.958346,-1.080242
5631,2025-07,T1,suspicious activity,53.959476,-1.080438
5632,2025-07,T1,suspicious activity,53.956623,-1.077529
5633,2025-07,T1,suspicious activity,53.955888,-1.078993
5634,2025-07,T1,suspicious activity,53.956866,-1.08234
5635,2025-07,T1,vandalism,53.956623,-1.077529
5636,2025-07,T1,vandalism,53.960121,-1.080058
5637,2025-07,T1,vandalism,53.957159,-1.078249
5638,2025-07,T1,vandalism,53.959476,-1.080438
5639,2025-07,T1,vandalism,53.959281,-1.084118
5640,2025-07,T1,vandalism,53.956754,-1.081702
5641,2025-07,T1,vandalism,53.958346,-1.080242
5642,2025-07,T1,vandalism,53.959281,-1.084118
5643,2025-07,T1,vandalism,53.957588,-1.080126
5644,2025-07,T1,vandalism,53.958425,-1.076895
5645,2025-07,T1,harassment,53.955888,-1.078993
5646,2025-07,T1,harassment,53.95879,-1.081139
5647,2025-07,T1,harassment,53.959281,-1.084118
5648,2025-07,T1,harassment,53.954439,-1.077608
5649,2025-07,T1,harassment,53.958346,-1.080242
5650,2025-07,T1,harassment,53.954439,-1.077608
5651,2025-07,T1,harassment,53.960121,-1.080058
5652,2025-07,T1,harassment,53.957,-1.075189
5653,2025-07,T1,harassment,53.958346,-1.080242
5654,2025-07,T1,harassment,53.958064,-1.08143
5655,2025-07,T1,harassment,53.95879,-1.081139
5656,2025-07,T1,harassment,53.955888,-1.078993
5657,2025-07,T1,harassment,53.954925,-1.080036
5658,2025-07,T1,physical assault,53.956866,-1.08234
5659,2025-07,T1,physical assault,53.958689,-1.0798
5660,2025-07,T1,physical assault,53.95869,-1.082269
5661,2025-07,T1,physical assault,53.957862,-1.082339
5662,2025-07,T1,physical assault,53.959476,-1.080438
5663,2025-07,T1,physical assault,53.959281,-1.084118
5664,2025-07,T1,physical assault,53.956623,-1.077529
5665,2025-07,T1,physical assault,53.955916,-1.081446
5666,2025-07,T1,physical assault,53.957862,-1.082339
5667,2025-07,T1,physical assault,53.956866,-1.08234
5668,2025-07,T1,physical assault,53.955916,-1.081446
5669,2025-07,T1,physical assault,53.957093,-1.079119
5670,2025-07,T1,physical assault,53.959281,-1.084118
5671,2025-07,T1,physical assault,53.957862,-1.082339
5672,2025-07,T1,physical assault,53.956623,-1.077529
5673,2025-07,T1,physical assault,53.957862,-1.082339
5674,2025-07,T1,physical assault,53.954439,-1.077608
5675,2025-07,T1,physical assault,53.956944,-1.081896
5676,2025-07,T1,physical assault,53.95879,-1.081139
5677,2025-07,T1,physical assault,53.956623,-1.077529
5678,2025-07,T1,physical assault,53.954869,-1.080729
5679,2025-07,T1,physical assault,53.958346,-1.080242
5680,2025-07,T1,physical assault,53.956609,-1.0734
5681,2025-07,T1,physical assault,53.954439,-1.077608
5682,2025-07,T1,physical assault,53.954439,-1.077608
5683,2025-07,T1,physical assault,53.957159,-1.078249
5684,2025-07,T1,physical assault,53.959281,-1.084118
5685,2025-07,T1,physical assault,53.960121,-1.080058
5686,2025-07,T1,physical assault,53.955888,-1.078993
5687,2025-07,T1,physical assault,53.957862,-1.082339
5688,2025-07,T1,physical assault,53.957862,-1.082339
5689,2025-07,T1,physical assault,53.957862,-1.082339
5690,2025-07,T1,physical assault,53.955916,-1.081446
5691,2025-07,T1,physical assault,53.958346,-1.080242
5692,2025-07,T1,physical assault,53.959281,-1.084118
5693,2025-07,T1,physical assault,53.955888,-1.078993
5694,2025-07,T1,physical assault,53.959281,-1.084118
5695,2025-07,T1,physical assault,53.959281,-1.084118
5696,2025-07,T1,physical assault,53.959658,-1.080632
5697,2025-07,T1,physical assault,53.959658,-1.080632
5698,2025-07,T1,physical assault,53.95823,-1.076092
5699,2025-07,T1,physical assault,53.956866,-1.08234
5700,2025-07,T1,physical assault,53.959476,-1.080438
5701,2025-07,T1,physical assault,53.956623,-1.077529
5702,2025-07,T1,physical assault,53.959281,-1.084118
5703,2025-07,T1,physical assault,53.95728,-1.082376
5704,2025-07,T1,physical assault,53.959281,-1.084118
5705,2025-07,T1,physical assault,53.958346,-1.080242
5706,2025-07,T1,physical assault,53.959658,-1.080632
5707,2025-07,T1,physical assault,53.95879,-1.081139
5708,2025-07,T1,physical assault,53.95879,-1.081139
5709,2025-07,T1,physical assault,53.959281,-1.084118
5710,2025-07,T1,harassment,53.965666,-1.048855
5711,2025-07,T1,physical assault,53.965449,-1.049881
5712,2025-07,T1,suspicious activity,53.950621,-1.037723
5713,2025-07,T1,suspicious activity,53.951034,-1.039908
5714,2025-07,T1,vandalism,53.953483,-1.035875
5715,2025-07,T1,physical assault,53.950621,-1.037723
5716,2025-07,T1,suspicious activity,53.960113,-1.044647
5717,2025-07,T1,suspicious activity,53.95983,-1.042831
5718,2025-07,T1,suspicious activity,53.959724,-1.038626
5719,2025-07,T1,suspicious activity,53.960287,-1.040458
5720,2025-07,T1,physical assault,53.961592,-1.041815
5721,2025-07,T1,suspicious activity,53.961362,-1.059318
5722,2025-07,T1,suspicious activity,53.961232,-1.05423
5723,2025-07,T1,suspicious activity,53.961232,-1.05423
5724,2025-07,T1,suspicious activity,53.963647,-1.053825
5725,2025-07,T1,suspicious activity,53.960119,-1.05898
5726,2025-07,T1,vandalism,53.960119,-1.05898
5727,2025-07,T1,physical assault,53.961232,-1.05423
5728,2025-07,T1,physical assault,53.960223,-1.05458
5729,2025-07,T1,physical assault,53.962852,-1.055595
5730,2025-07,T1,physical assault,53.961002,-1.053488
5731,2025-07,T1,physical assault,53.960223,-1.05458
5732,2025-07,T1,physical assault,53.961232,-1.05423
5733,2025-07,T1,vandalism,53.954726,-1.042963
5734,2025-07,T1,physical assault,53.954726,-1.042963
5735,2025-07,T1,physical assault,53.954726,-1.042963
5736,2025-07,T1,physical assault,53.954726,-1.042963
5737,2025-07,T1,physical assault,53.956999,-1.045181
5738,2025-07,T1,physical assault,53.955176,-1.045345
5739,2025-07,T1,suspicious activity,53.956238,-1.057091
5740,2025-07,T1,suspicious activity,53.959111,-1.054202
5741,2025-07,T1,suspicious activity,53.957905,-1.052827
5742,2025-07,T1,suspicious activity,53.957424,-1.052824
5743,2025-07,T1,suspicious activity,53.957038,-1.059247
5744,2025-07,T1,suspicious activity,53.958134,-1.056815
5745,2025-07,T1,suspicious activity,53.959111,-1.054202
5746,2025-07,T1,suspicious activity,53.957038,-1.059247
5747,2025-07,T1,suspicious activity,53.956238,-1.057091
5748,2025-07,T1,suspicious activity,53.957905,-1.052827
5749,2025-07,T1,suspicious activity,53.956238,-1.057091
5750,2025-07,T1,vandalism,53.956937,-1.054312
5751,2025-07,T1,vandalism,53.957905,-1.052827
5752,2025-07,T1,vandalism,53.957885,-1.059518
5753,2025-07,T1,physical assault,53.957905,-1.052827
5754,2025-07,T1,physical assault,53.958134,-1.056815
5755,2025-07,T1,harassment,53.956238,-1.057091
5756,2025-07,T1,harassment,53.956238,-1.057091
5757,2025-07,T1,physical assault,53.957885,-1.059518
5758,2025-07,T1,physical assault,53.958134,-1.056815
5759,2025-07,T1,physical assault,53.956238,-1.057091
5760,2025-07,T1,physical assault,53.956544,-1.06159
5761,2025-07,T1,physical assault,53.957905,-1.052827
5762,2025-07,T1,physical assault,53.956238,-1.057091
5763,2025-07,T1,physical assault,53.958134,-1.056815
5764,2025-07,T1,physical assault,53.957038,-1.059247
5765,2025-07,T1,suspicious activity,53.955988,-1.059438
5766,2025-07,T1,suspicious activity,53.955819,-1.064273
5767,2025-07,T1,suspicious activity,53.954735,-1.056678
5768,2025-07,T1,suspicious activity,53.955988,-1.059438
5769,2025-07,T1,vandalism,53.955988,-1.059438
5770,2025-07,T1,robbery,53.954668,-1.061922
5771,2025-07,T1,robbery,53.954668,-1.061922
5772,2025-07,T1,physical assault,53.954825,-1.060135
5773,2025-07,T1,physical assault,53.95514,-1.064791
5774,2025-07,T1,suspicious activity,53.958124,-1.048603
5775,2025-07,T1,vandalism,53.958124,-1.048603
5776,2025-07,T1,physical assault,53.959091,-1.049464
5777,2025-07,T1,physical assault,53.956407,-1.047801
5778,2025-07,T1,suspicious activity,53.953442,-1.054467
5779,2025-07,T1,vandalism,53.954403,-1.05446
5780,2025-07,T1,vandalism,53.952826,-1.047134
5781,2025-07,T1,vandalism,53.95217,-1.059278
5782,2025-07,T1,harassment,53.95327,-1.053237
5783,2025-07,T1,robbery,53.95327,-1.053237
5784,2025-07,T1,physical assault,53.95327,-1.053237
5785,2025-07,T1,physical assault,53.954403,-1.05446
5786,2025-07,T1,physical assault,53.953478,-1.059144
5787,2025-07,T1,suspicious activity,53.962287,-1.114747
5788,2025-07,T1,physical assault,53.957581,-1.11407
5789,2025-07,T1,harassment,53.962287,-1.114747
5790,2025-07,T1,physical assault,53.962287,-1.114747
5791,2025-07,T1,physical assault,53.961849,-1.112714
5792,2025-07,T1,suspicious activity,53.960911,-1.119532
5793,2025-07,T1,suspicious activity,53.958162,-1.118507
5794,2025-07,T1,vandalism,53.960586,-1.118212
5795,2025-07,T1,vandalism,53.957259,-1.119258
5796,2025-07,T1,vandalism,53.95807,-1.115873
5797,2025-07,T1,vandalism,53.95807,-1.115873
5798,2025-07,T1,physical assault,53.960586,-1.118212
5799,2025-07,T1,physical assault,53.958393,-1.116963
5800,2025-07,T1,physical assault,53.958162,-1.118507
5801,2025-07,T1,physical assault,53.960586,-1.118212
5802,2025-07,T1,physical assault,53.958162,-1.118507
5803,2025-07,T1,physical assault,53.957517,-1.116372
5804,2025-07,T1,physical assault,53.960911,-1.119532
5805,2025-07,T1,physical assault,53.960586,-1.118212
5806,2025-07,T1,physical assault,53.95807,-1.115873
5807,2025-07,T1,physical assault,53.960586,-1.118212
5808,2025-07,T1,suspicious activity,53.954329,-1.10943
5809,2025-07,T1,suspicious activity,53.953529,-1.110681
5810,2025-07,T1,suspicious activity,53.953529,-1.110681
5811,2025-07,T1,physical assault,53.95513,-1.107127
5812,2025-07,T1,physical assault,53.952999,-1.108239
5813,2025-07,T1,suspicious activity,53.956182,-1.116964
5814,2025-07,T1,suspicious activity,53.956182,-1.116964
5815,2025-07,T1,physical assault,53.956182,-1.116964
5816,2025-07,T1,physical assault,53.952426,-1.115901
5817,2025-07,T1,physical assault,53.956182,-1.116964
5818,2025-07,T1,suspicious activity,53.955788,-1.124486
5819,2025-07,T1,suspicious activity,53.955788,-1.124486
5820,2025-07,T1,suspicious activity,53.955363,-1.125394
5821,2025-07,T1,suspicious activity,53.955546,-1.12091
5822,2025-07,T1,suspicious activity,53.952246,-1.126861
5823,2025-07,T1,suspicious activity,53.955363,-1.125394
5824,2025-07,T1,physical assault,53.955337,-1.121859
5825,2025-07,T1,physical assault,53.955363,-1.125394
5826,2025-07,T1,physical assault,53.955363,-1.125394
5827,2025-07,T1,suspicious activity,53.950359,-1.124478
5828,2025-07,T1,vandalism,53.950359,-1.124478
5829,2025-07,T1,physical assault,53.950359,-1.124478
5830,2025-07,T1,physical assault,53.950359,-1.124478
5831,2025-07,T1,physical assault,53.950359,-1.124478
5832,2025-07,T1,physical assault,53.950359,-1.124478
5833,2025-07,T1,suspicious activity,53.964387,-1.109459
5834,2025-07,T1,suspicious activity,53.963392,-1.104984
5835,2025-07,T1,suspicious activity,53.964049,-1.106311
5836,2025-07,T1,suspicious activity,53.963392,-1.104984
5837,2025-07,T1,suspicious activity,53.964026,-1.104513
5838,2025-07,T1,suspicious activity,53.964026,-1.104513
5839,2025-07,T1,suspicious activity,53.963577,-1.103273
5840,2025-07,T1,vandalism,53.965424,-1.106327
5841,2025-07,T1,robbery,53.964026,-1.104513
5842,2025-07,T1,robbery,53.963488,-1.10579
5843,2025-07,T1,physical assault,53.965424,-1.106327
5844,2025-07,T1,physical assault,53.965424,-1.106327
5845,2025-07,T1,physical assault,53.965141,-1.105678
5846,2025-07,T1,physical assault,53.964026,-1.104513
5847,2025-07,T1,suspicious activity,53.961153,-1.097685
5848,2025-07,T1,suspicious activity,53.955465,-1.099027
5849,2025-07,T1,suspicious activity,53.961153,-1.097685
5850,2025-07,T1,suspicious activity,53.963427,-1.109784
5851,2025-07,T1,suspicious activity,53.960657,-1.102223
5852,2025-07,T1,vandalism,53.961269,-1.103597
5853,2025-07,T1,harassment,53.954608,-1.101012
5854,2025-07,T1,physical assault,53.955791,-1.099417
5855,2025-07,T1,physical assault,53.962726,-1.107269
5856,2025-07,T1,physical assault,53.963452,-1.109418
5857,2025-07,T1,physical assault,53.955822,-1.102372
5858,2025-07,T1,physical assault,53.960716,-1.10053
5859,2025-07,T1,vandalism,53.950872,-1.111103
5860,2025-07,T1,physical assault,53.951495,-1.104248
5861,2025-07,T1,suspicious activity,53.949083,-1.087051
5862,2025-07,T1,suspicious activity,53.949083,-1.087051
5863,2025-07,T1,vandalism,53.948336,-1.084599
5864,2025-07,T1,physical assault,53.949826,-1.0867
5865,2025-07,T1,suspicious activity,53.953735,-1.092512
5866,2025-07,T1,suspicious activity,53.952811,-1.092761
5867,2025-07,T1,suspicious activity,53.952811,-1.092761
5868,2025-07,T1,harassment,53.952273,-1.095287
5869,2025-07,T1,physical assault,53.951811,-1.094839
5870,2025-07,T1,physical assault,53.948813,-1.102523
5871,2025-07,T1,physical assault,53.948813,-1.102523
5872,2025-07,T1,physical assault,53.949682,-1.097369
5873,2025-07,T1,physical assault,53.952661,-1.097975
5874,2025-07,T1,suspicious activity,53.945775,-1.120825
5875,2025-07,T1,suspicious activity,53.942931,-1.1264
5876,2025-07,T1,suspicious activity,53.947772,-1.118574
5877,2025-07,T1,suspicious activity,53.945307,-1.124431
5878,2025-07,T1,suspicious activity,53.945749,-1.120872
5879,2025-07,T1,vandalism,53.945307,-1.124431
5880,2025-07,T1,harassment,53.947772,-1.118574
5881,2025-07,T1,harassment,53.948397,-1.122964
5882,2025-07,T1,harassment,53.946265,-1.117783
5883,2025-07,T1,robbery,53.945307,-1.124431
5884,2025-07,T1,physical assault,53.942931,-1.1264
5885,2025-07,T1,physical assault,53.94629,-1.124898
5886,2025-07,T1,physical assault,53.946346,-1.11897
5887,2025-07,T1,physical assault,53.94629,-1.124898
5888,2025-07,T1,physical assault,53.946346,-1.11897
5889,2025-07,T1,physical assault,53.94629,-1.124898
5890,2025-07,T1,physical assault,53.942931,-1.1264
5891,2025-07,T1,physical assault,53.946346,-1.11897
5892,2025-07,T1,suspicious activity,53.948905,-1.127266
5893,2025-07,T1,suspicious activity,53.948567,-1.125231
5894,2025-07,T1,suspicious activity,53.948905,-1.127266
5895,2025-07,T1,suspicious activity,53.940522,-1.060853
5896,2025-07,T1,suspicious activity,53.945126,-1.074961
5897,2025-07,T1,vandalism,53.947021,-1.078366
5898,2025-07,T1,physical assault,53.947321,-1.074925
5899,2025-07,T1,physical assault,53.950476,-1.076553
5900,2025-07,T1,physical assault,53.947321,-1.074925
5901,2025-07,T1,suspicious activity,53.943681,-1.075316
5902,2025-07,T1,suspicious activity,53.948305,-1.073584
5903,2025-07,T1,suspicious activity,53.947209,-1.073654
5904,2025-07,T1,suspicious activity,53.94814,-1.071926
5905,2025-07,T1,suspicious activity,53.938998,-1.081148
5906,2025-07,T1,vandalism,53.94649,-1.072405
5907,2025-07,T1,vandalism,53.94649,-1.072405
5908,2025-07,T1,vandalism,53.94649,-1.072405
5909,2025-07,T1,vandalism,53.941468,-1.076249
5910,2025-07,T1,vandalism,53.94649,-1.072405
5911,2025-07,T1,physical assault,53.943681,-1.075316
5912,2025-07,T1,physical assault,53.94649,-1.072405
5913,2025-07,T1,harassment,53.94649,-1.072405
5914,2025-07,T1,harassment,53.94649,-1.072405
5915,2025-07,T1,physical assault,53.94649,-1.072405
5916,2025-07,T1,physical assault,53.94649,-1.072405
5917,2025-07,T1,physical assault,53.946614,-1.074596
5918,2025-07,T1,physical assault,53.94649,-1.072405
5919,2025-07,T1,physical assault,53.946614,-1.074596
5920,2025-07,T1,physical assault,53.94649,-1.072405
5921,2025-07,T1,physical assault,53.94649,-1.072405
5922,2025-07,T1,physical assault,53.946614,-1.074596
5923,2025-07,T1,physical assault,53.946614,-1.074596
5924,2025-07,T1,physical assault,53.946614,-1.074596
5925,2025-07,T1,physical assault,53.94649,-1.072405
5926,2025-07,T1,physical assault,53.94649,-1.072405
5927,2025-07,T1,physical assault,53.94649,-1.072405
5928,2025-07,T1,suspicious activity,53.952753,-1.067527
5929,2025-07,T1,suspicious activity,53.95405,-1.059787
5930,2025-07,T1,suspicious activity,53.952668,-1.062424
5931,2025-07,T1,suspicious activity,53.952668,-1.062424
5932,2025-07,T1,physical assault,53.953545,-1.067677
5933,2025-07,T1,physical assault,53.953545,-1.067677
5934,2025-07,T1,physical assault,53.95368,-1.073541
5935,2025-07,T1,physical assault,53.954522,-1.069651
5936,2025-07,T1,physical assault,53.95368,-1.073541
5937,2025-07,T1,physical assault,53.952753,-1.067527
5938,2025-07,T1,suspicious activity,53.9534,-1.06989
5939,2025-07,T1,suspicious activity,53.952333,-1.077271
5940,2025-07,T1,suspicious activity,53.951334,-1.073562
5941,2025-07,T1,suspicious activity,53.952333,-1.077271
5942,2025-07,T1,suspicious activity,53.953657,-1.079881
5943,2025-07,T1,harassment,53.951661,-1.071696
5944,2025-07,T1,physical assault,53.951365,-1.07283
5945,2025-07,T1,suspicious activity,53.95148,-1.085536
5946,2025-07,T1,suspicious activity,53.95148,-1.085536
5947,2025-07,T1,suspicious activity,53.949575,-1.079711
5948,2025-07,T1,vandalism,53.95148,-1.085536
5949,2025-07,T1,vandalism,53.950088,-1.083403
5950,2025-07,T1,harassment,53.950088,-1.083403
5951,2025-07,T1,physical assault,53.952103,-1.083618
5952,2025-07,T1,physical assault,53.950521,-1.082403
5953,2025-07,T1,harassment,53.935389,-1.105492
5954,2025-07,T1,physical assault,53.932133,-1.106429
5955,2025-07,T1,physical assault,53.936304,-1.110103
5956,2025-07,T1,suspicious activity,53.942288,-1.106167
5957,2025-07,T1,suspicious activity,53.941067,-1.106406
5958,2025-07,T1,suspicious activity,53.942288,-1.106167
5959,2025-07,T1,suspicious activity,53.942262,-1.112429
5960,2025-07,T1,harassment,53.942288,-1.106167
5961,2025-07,T1,harassment,53.942288,-1.106167
5962,2025-07,T1,harassment,53.942288,-1.106167
5963,2025-07,T1,physical assault,53.942262,-1.112429
5964,2025-07,T1,physical assault,53.947726,-1.10503
5965,2025-07,T1,physical assault,53.947726,-1.10503
5966,2025-07,T1,physical assault,53.94741,-1.106057
5967,2025-07,T1,physical assault,53.943325,-1.106708
5968,2025-07,T1,physical assault,53.947726,-1.10503
5969,2025-07,T1,physical assault,53.942301,-1.109183
5970,2025-07,T1,suspicious activity,53.944051,-1.093194
5971,2025-07,T1,suspicious activity,53.944051,-1.093194
5972,2025-07,T1,suspicious activity,53.942659,-1.089812
5973,2025-07,T1,suspicious activity,53.944051,-1.093194
5974,2025-07,T1,suspicious activity,53.942659,-1.089812
5975,2025-07,T1,vandalism,53.942659,-1.089812
5976,2025-07,T1,vandalism,53.942659,-1.089812
5977,2025-07,T1,physical assault,53.948118,-1.092573
5978,2025-07,T1,physical assault,53.944661,-1.09539
5979,2025-07,T1,physical assault,53.942659,-1.089812
5980,2025-07,T1,physical assault,53.942659,-1.089812
5981,2025-07,T1,physical assault,53.942659,-1.089812
5982,2025-07,T1,physical assault,53.942659,-1.089812
5983,2025-07,T1,physical assault,53.944833,-1.094366
5984,2025-07,T1,physical assault,53.938061,-1.087688
5985,2025-07,T1,physical assault,53.944833,-1.094366
5986,2025-07,T1,physical assault,53.942659,-1.089812
5987,2025-07,T1,physical assault,53.942659,-1.089812
5988,2025-07,T1,physical assault,53.942659,-1.089812
5989,2025-07,T1,physical assault,53.942659,-1.089812
5990,2025-07,T1,physical assault,53.944833,-1.094366
5991,2025-07,T1,suspicious activity,53.945119,-1.082553
5992,2025-07,T1,suspicious activity,53.945119,-1.082553
5993,2025-07,T1,suspicious activity,53.943429,-1.091745
5994,2025-07,T1,physical assault,53.94537,-1.089342
5995,2025-07,T1,physical assault,53.944223,-1.091012
5996,2025-07,T1,physical assault,53.94537,-1.089342
5997,2025-07,T1,physical assault,53.942206,-1.085724
5998,2025-07,T1,physical assault,53.94537,-1.089342
5999,2025-07,T1,suspicious activity,53.937495,-1.120466
6000,2025-07,T1,suspicious activity,53.939916,-1.116104
6001,2025-07,T1,suspicious activity,53.938388,-1.119793
6002,2025-07,T1,suspicious activity,53.937694,-1.11705
6003,2025-07,T1,physical assault,53.939875,-1.11414
6004,2025-07,T1,physical assault,53.939916,-1.116104
6005,2025-07,T1,physical assault,53.937495,-1.120466
6006,2025-07,T1,physical assault,53.939916,-1.116104
6007,2025-07,T1,suspicious activity,53.933561,-1.120915
6008,2025-07,T1,suspicious activity,53.94092,-1.12434
6009,2025-07,T1,suspicious activity,53.93621,-1.124996
6010,2025-07,T1,vandalism,53.93621,-1.124996
6011,2025-07,T1,vandalism,53.939437,-1.125574
6012,2025-07,T1,suspicious activity,53.941595,-1.12201
6013,2025-07,T1,suspicious activity,53.940861,-1.118628
6014,2025-07,T1,suspicious activity,53.941833,-1.118806
6015,2025-07,T1,physical assault,53.942508,-1.115273
6016,2025-07,T1,physical assault,53.941016,-1.115319
6017,2025-07,T1,suspicious activity,53.940612,-1.045537
6018,2025-07,T1,suspicious activity,53.943256,-1.042892
6019,2025-07,T1,suspicious activity,53.948815,-1.052454
6020,2025-07,T1,suspicious activity,53.941189,-1.042953
6021,2025-07,T1,suspicious activity,53.948815,-1.052454
6022,2025-07,T1,suspicious activity,53.950828,-1.045673
6023,2025-07,T1,harassment,53.948815,-1.052454
6024,2025-07,T1,physical assault,53.948815,-1.052454
6025,2025-07,T1,physical assault,53.94609,-1.056797
6026,2025-07,T1,physical assault,53.937207,-1.06798
6027,2025-07,T1,physical assault,53.933364,-1.065065
6028,2025-07,T1,physical assault,53.937003,-1.070818
6029,2025-07,T1,suspicious activity,53.939219,-1.074849
6030,2025-07,T1,vandalism,53.939219,-1.074849
6031,2025-07,T1,vandalism,53.936094,-1.072818
6032,2025-07,T1,physical assault,53.936094,-1.072818
6033,2025-07,T1,physical assault,53.936094,-1.072818
6034,2025-08,T1,suspicious activity,53.983516,-1.069448
6035,2025-08,T1,suspicious activity,53.982903,-1.063483
6036,2025-08,T1,suspicious activity,53.982903,-1.063483
6037,2025-08,T1,physical assault,53.983714,-1.06374
6038,2025-08,T1,physical assault,53.98316,-1.06302
6039,2025-08,T1,suspicious activity,53.980367,-1.067886
6040,2025-08,T1,suspicious activity,53.979349,-1.069983
6041,2025-08,T1,suspicious activity,53.979349,-1.069983
6042,2025-08,T1,suspicious activity,53.978373,-1.064591
6043,2025-08,T1,suspicious activity,53.978373,-1.064591
6044,2025-08,T1,vandalism,53.979349,-1.069983
6045,2025-08,T1,harassment,53.979242,-1.06201
6046,2025-08,T1,harassment,53.981342,-1.061521
6047,2025-08,T1,physical assault,53.979349,-1.069983
6048,2025-08,T1,physical assault,53.980007,-1.058669
6049,2025-08,T1,physical assault,53.979349,-1.069983
6050,2025-08,T1,physical assault,53.979349,-1.069983
6051,2025-08,T1,physical assault,53.979242,-1.06201
6052,2025-08,T1,suspicious activity,53.9835,-1.049362
6053,2025-08,T1,suspicious activity,53.982568,-1.051993
6054,2025-08,T1,suspicious activity,53.9835,-1.049362
6055,2025-08,T1,suspicious activity,53.982568,-1.051993
6056,2025-08,T1,physical assault,53.986032,-1.061324
6057,2025-08,T1,suspicious activity,53.977675,-1.094386
6058,2025-08,T1,vandalism,53.974178,-1.097861
6059,2025-08,T1,physical assault,53.976716,-1.094696
6060,2025-08,T1,physical assault,53.978662,-1.096575
6061,2025-08,T1,physical assault,53.978662,-1.096575
6062,2025-08,T1,physical assault,53.974178,-1.097861
6063,2025-08,T1,suspicious activity,53.985394,-1.111055
6064,2025-08,T1,vandalism,53.985394,-1.111055
6065,2025-08,T1,suspicious activity,53.981228,-1.093561
6066,2025-08,T1,vandalism,53.98283,-1.101029
6067,2025-08,T1,vandalism,53.985452,-1.097712
6068,2025-08,T1,harassment,53.97964,-1.082812
6069,2025-08,T1,harassment,53.97964,-1.082812
6070,2025-08,T1,physical assault,53.983595,-1.098741
6071,2025-08,T1,suspicious activity,53.962613,-1.093386
6072,2025-08,T1,suspicious activity,53.968671,-1.088636
6073,2025-08,T1,suspicious activity,53.968671,-1.088636
6074,2025-08,T1,suspicious activity,53.968544,-1.094477
6075,2025-08,T1,physical assault,53.968671,-1.088636
6076,2025-08,T1,harassment,53.967485,-1.089988
6077,2025-08,T1,harassment,53.965061,-1.091458
6078,2025-08,T1,physical assault,53.968671,-1.088636
6079,2025-08,T1,physical assault,53.965061,-1.091458
6080,2025-08,T1,physical assault,53.965148,-1.092249
6081,2025-08,T1,physical assault,53.965148,-1.092249
6082,2025-08,T1,physical assault,53.965061,-1.091458
6083,2025-08,T1,suspicious activity,53.972276,-1.097064
6084,2025-08,T1,suspicious activity,53.970587,-1.09489
6085,2025-08,T1,suspicious activity,53.969049,-1.097088
6086,2025-08,T1,suspicious activity,53.967519,-1.101649
6087,2025-08,T1,suspicious activity,53.968507,-1.099112
6088,2025-08,T1,suspicious activity,53.970587,-1.09489
6089,2025-08,T1,physical assault,53.968507,-1.099112
6090,2025-08,T1,physical assault,53.969871,-1.095256
6091,2025-08,T1,physical assault,53.969307,-1.095558
6092,2025-08,T1,physical assault,53.969871,-1.095256
6093,2025-08,T1,physical assault,53.969307,-1.095558
6094,2025-08,T1,physical assault,53.967342,-1.096027
6095,2025-08,T1,vandalism,53.98521,-1.122603
6096,2025-08,T1,physical assault,53.984361,-1.102582
6097,2025-08,T1,suspicious activity,53.978247,-1.113189
6098,2025-08,T1,suspicious activity,53.979341,-1.110406
6099,2025-08,T1,vandalism,53.981171,-1.107576
6100,2025-08,T1,physical assault,53.976915,-1.115382
6101,2025-08,T1,suspicious activity,53.966924,-1.059055
6102,2025-08,T1,physical assault,53.968002,-1.05389
6103,2025-08,T1,robbery,53.966233,-1.064939
6104,2025-08,T1,physical assault,53.966353,-1.064297
6105,2025-08,T1,suspicious activity,53.973784,-1.065136
6106,2025-08,T1,suspicious activity,53.973784,-1.065136
6107,2025-08,T1,suspicious activity,53.973784,-1.065136
6108,2025-08,T1,vandalism,53.978121,-1.062234
6109,2025-08,T1,vandalism,53.973784,-1.065136
6110,2025-08,T1,physical assault,53.977651,-1.060811
6111,2025-08,T1,physical assault,53.976596,-1.063808
6112,2025-08,T1,physical assault,53.975207,-1.065547
6113,2025-08,T1,suspicious activity,53.973864,-1.038819
6114,2025-08,T1,suspicious activity,53.968952,-1.084285
6115,2025-08,T1,suspicious activity,53.968952,-1.084285
6116,2025-08,T1,suspicious activity,53.968952,-1.084285
6117,2025-08,T1,suspicious activity,53.968952,-1.084285
6118,2025-08,T1,vandalism,53.968952,-1.084285
6119,2025-08,T1,vandalism,53.968952,-1.084285
6120,2025-08,T1,vandalism,53.968952,-1.084285
6121,2025-08,T1,vandalism,53.968952,-1.084285
6122,2025-08,T1,physical assault,53.972301,-1.081498
6123,2025-08,T1,harassment,53.968952,-1.084285
6124,2025-08,T1,harassment,53.968952,-1.084285
6125,2025-08,T1,physical assault,53.968952,-1.084285
6126,2025-08,T1,physical assault,53.968952,-1.084285
6127,2025-08,T1,physical assault,53.968952,-1.084285
6128,2025-08,T1,physical assault,53.969333,-1.083514
6129,2025-08,T1,physical assault,53.968952,-1.084285
6130,2025-08,T1,physical assault,53.969333,-1.083514
6131,2025-08,T1,physical assault,53.968952,-1.084285
6132,2025-08,T1,physical assault,53.97115,-1.084953
6133,2025-08,T1,physical assault,53.968952,-1.084285
6134,2025-08,T1,physical assault,53.969333,-1.083514
6135,2025-08,T1,physical assault,53.968952,-1.084285
6136,2025-08,T1,physical assault,53.969432,-1.082384
6137,2025-08,T1,physical assault,53.968952,-1.084285
6138,2025-08,T1,physical assault,53.968952,-1.084285
6139,2025-08,T1,physical assault,53.968952,-1.084285
6140,2025-08,T1,physical assault,53.968952,-1.084285
6141,2025-08,T1,physical assault,53.972301,-1.081498
6142,2025-08,T1,physical assault,53.968952,-1.084285
6143,2025-08,T1,physical assault,53.968952,-1.084285
6144,2025-08,T1,physical assault,53.968952,-1.084285
6145,2025-08,T1,physical assault,53.968952,-1.084285
6146,2025-08,T1,physical assault,53.968952,-1.084285
6147,2025-08,T1,physical assault,53.968952,-1.084285
6148,2025-08,T1,physical assault,53.968952,-1.084285
6149,2025-08,T1,physical assault,53.968952,-1.084285
6150,2025-08,T1,suspicious activity,53.972766,-1.086976
6151,2025-08,T1,suspicious activity,53.972001,-1.090423
6152,2025-08,T1,vandalism,53.973443,-1.088623
6153,2025-08,T1,physical assault,53.971342,-1.087769
6154,2025-08,T1,physical assault,53.973624,-1.08871
6155,2025-08,T1,suspicious activity,53.973887,-1.091464
6156,2025-08,T1,physical assault,53.973887,-1.091464
6157,2025-08,T1,physical assault,53.97671,-1.087942
6158,2025-08,T1,physical assault,53.973887,-1.091464
6159,2025-08,T1,physical assault,53.974117,-1.089752
6160,2025-08,T1,suspicious activity,53.975967,-1.094316
6161,2025-08,T1,suspicious activity,53.974675,-1.094573
6162,2025-08,T1,suspicious activity,53.975967,-1.094316
6163,2025-08,T1,physical assault,53.975967,-1.094316
6164,2025-08,T1,physical assault,53.973855,-1.093127
6165,2025-08,T1,suspicious activity,53.976532,-1.088251
6166,2025-08,T1,suspicious activity,53.976532,-1.088251
6167,2025-08,T1,suspicious activity,53.973532,-1.084886
6168,2025-08,T1,suspicious activity,53.976532,-1.088251
6169,2025-08,T1,suspicious activity,53.976532,-1.088251
6170,2025-08,T1,suspicious activity,53.976532,-1.088251
6171,2025-08,T1,suspicious activity,53.976532,-1.088251
6172,2025-08,T1,suspicious activity,53.979806,-1.085007
6173,2025-08,T1,vandalism,53.976532,-1.088251
6174,2025-08,T1,vandalism,53.976082,-1.083366
6175,2025-08,T1,vandalism,53.976189,-1.084446
6176,2025-08,T1,vandalism,53.976082,-1.083366
6177,2025-08,T1,vandalism,53.976532,-1.088251
6178,2025-08,T1,harassment,53.976532,-1.088251
6179,2025-08,T1,physical assault,53.972636,-1.085271
6180,2025-08,T1,physical assault,53.972636,-1.085271
6181,2025-08,T1,suspicious activity,53.973171,-1.07535
6182,2025-08,T1,suspicious activity,53.97316,-1.077362
6183,2025-08,T1,vandalism,53.97316,-1.077362
6184,2025-08,T1,vandalism,53.972258,-1.078129
6185,2025-08,T1,vandalism,53.971951,-1.075651
6186,2025-08,T1,robbery,53.971603,-1.077168
6187,2025-08,T1,robbery,53.971603,-1.077168
6188,2025-08,T1,robbery,53.971603,-1.077168
6189,2025-08,T1,physical assault,53.970918,-1.075735
6190,2025-08,T1,physical assault,53.977759,-1.081759
6191,2025-08,T1,physical assault,53.972975,-1.081468
6192,2025-08,T1,physical assault,53.973344,-1.079127
6193,2025-08,T1,suspicious activity,53.967599,-1.071906
6194,2025-08,T1,suspicious activity,53.96627,-1.074451
6195,2025-08,T1,suspicious activity,53.969214,-1.078532
6196,2025-08,T1,vandalism,53.968182,-1.077579
6197,2025-08,T1,physical assault,53.969984,-1.077051
6198,2025-08,T1,suspicious activity,53.970504,-1.069829
6199,2025-08,T1,suspicious activity,53.9705,-1.070454
6200,2025-08,T1,suspicious activity,53.9705,-1.070454
6201,2025-08,T1,harassment,53.9705,-1.070454
6202,2025-08,T1,robbery,53.9705,-1.070454
6203,2025-08,T1,physical assault,53.970504,-1.069829
6204,2025-08,T1,physical assault,53.966388,-1.071033
6205,2025-08,T1,physical assault,53.966341,-1.068474
6206,2025-08,T1,physical assault,53.965587,-1.072042
6207,2025-08,T1,physical assault,53.965587,-1.072042
6208,2025-08,T1,suspicious activity,53.964473,-1.063544
6209,2025-08,T1,suspicious activity,53.963012,-1.065713
6210,2025-08,T1,suspicious activity,53.963628,-1.066385
6211,2025-08,T1,suspicious activity,53.963628,-1.066385
6212,2025-08,T1,suspicious activity,53.963874,-1.058632
6213,2025-08,T1,physical assault,53.962786,-1.071388
6214,2025-08,T1,harassment,53.961758,-1.068545
6215,2025-08,T1,harassment,53.962786,-1.071388
6216,2025-08,T1,harassment,53.963012,-1.065713
6217,2025-08,T1,physical assault,53.963155,-1.059887
6218,2025-08,T1,physical assault,53.962448,-1.068316
6219,2025-08,T1,physical assault,53.962083,-1.071114
6220,2025-08,T1,physical assault,53.963155,-1.059887
6221,2025-08,T1,physical assault,53.963874,-1.058632
6222,2025-08,T1,physical assault,53.963155,-1.059887
6223,2025-08,T1,physical assault,53.963155,-1.059887
6224,2025-08,T1,physical assault,53.96274,-1.072425
6225,2025-08,T1,physical assault,53.962448,-1.068316
6226,2025-08,T1,physical assault,53.963155,-1.059887
6227,2025-08,T1,physical assault,53.96177,-1.064414
6228,2025-08,T1,suspicious activity,53.976417,-1.073219
6229,2025-08,T1,suspicious activity,53.973348,-1.069141
6230,2025-08,T1,suspicious activity,53.976812,-1.066165
6231,2025-08,T1,suspicious activity,53.976812,-1.066165
6232,2025-08,T1,suspicious activity,53.976812,-1.066165
6233,2025-08,T1,vandalism,53.975807,-1.068689
6234,2025-08,T1,harassment,53.972665,-1.068012
6235,2025-08,T1,harassment,53.974363,-1.071435
6236,2025-08,T1,harassment,53.972665,-1.068012
6237,2025-08,T1,physical assault,53.976417,-1.073219
6238,2025-08,T1,physical assault,53.973612,-1.070736
6239,2025-08,T1,physical assault,53.973799,-1.070564
6240,2025-08,T1,physical assault,53.976417,-1.073219
6241,2025-08,T1,physical assault,53.961355,-1.12507
6242,2025-08,T1,physical assault,53.957952,-1.125477
6243,2025-08,T1,suspicious activity,53.964711,-1.124253
6244,2025-08,T1,suspicious activity,53.964774,-1.126691
6245,2025-08,T1,vandalism,53.964774,-1.126691
6246,2025-08,T1,vandalism,53.965405,-1.124574
6247,2025-08,T1,physical assault,53.965959,-1.12162
6248,2025-08,T1,physical assault,53.967341,-1.126286
6249,2025-08,T1,physical assault,53.966792,-1.123706
6250,2025-08,T1,suspicious activity,53.964065,-1.118261
6251,2025-08,T1,suspicious activity,53.961181,-1.120898
6252,2025-08,T1,vandalism,53.961181,-1.120898
6253,2025-08,T1,physical assault,53.960035,-1.122751
6254,2025-08,T1,physical assault,53.96221,-1.121455
6255,2025-08,T1,physical assault,53.96509,-1.108621
6256,2025-08,T1,suspicious activity,53.957537,-1.083087
6257,2025-08,T1,suspicious activity,53.966683,-1.082505
6258,2025-08,T1,suspicious activity,53.957537,-1.083087
6259,2025-08,T1,suspicious activity,53.959662,-1.081996
6260,2025-08,T1,suspicious activity,53.967202,-1.081046
6261,2025-08,T1,suspicious activity,53.961677,-1.084962
6262,2025-08,T1,suspicious activity,53.966468,-1.079095
6263,2025-08,T1,suspicious activity,53.961677,-1.084962
6264,2025-08,T1,suspicious activity,53.957868,-1.082866
6265,2025-08,T1,suspicious activity,53.960793,-1.084601
6266,2025-08,T1,suspicious activity,53.960793,-1.084601
6267,2025-08,T1,suspicious activity,53.960793,-1.084601
6268,2025-08,T1,suspicious activity,53.960793,-1.084601
6269,2025-08,T1,suspicious activity,53.959662,-1.081996
6270,2025-08,T1,suspicious activity,53.959662,-1.081996
6271,2025-08,T1,suspicious activity,53.960122,-1.084517
6272,2025-08,T1,suspicious activity,53.967202,-1.081046
6273,2025-08,T1,suspicious activity,53.957537,-1.083087
6274,2025-08,T1,suspicious activity,53.962948,-1.085422
6275,2025-08,T1,suspicious activity,53.964249,-1.08512
6276,2025-08,T1,suspicious activity,53.961611,-1.079797
6277,2025-08,T1,suspicious activity,53.960793,-1.084601
6278,2025-08,T1,suspicious activity,53.961067,-1.082827
6279,2025-08,T1,suspicious activity,53.960122,-1.084517
6280,2025-08,T1,suspicious activity,53.961067,-1.082827
6281,2025-08,T1,suspicious activity,53.961067,-1.082827
6282,2025-08,T1,suspicious activity,53.962239,-1.085545
6283,2025-08,T1,suspicious activity,53.961677,-1.084962
6284,2025-08,T1,suspicious activity,53.961067,-1.082827
6285,2025-08,T1,suspicious activity,53.967163,-1.079446
6286,2025-08,T1,suspicious activity,53.961369,-1.085884
6287,2025-08,T1,suspicious activity,53.966468,-1.079095
6288,2025-08,T1,suspicious activity,53.960793,-1.084601
6289,2025-08,T1,suspicious activity,53.960793,-1.084601
6290,2025-08,T1,suspicious activity,53.967202,-1.081046
6291,2025-08,T1,suspicious activity,53.958528,-1.083246
6292,2025-08,T1,suspicious activity,53.957537,-1.083087
6293,2025-08,T1,suspicious activity,53.966468,-1.079095
6294,2025-08,T1,suspicious activity,53.966468,-1.079095
6295,2025-08,T1,suspicious activity,53.961677,-1.084962
6296,2025-08,T1,suspicious activity,53.962948,-1.085422
6297,2025-08,T1,suspicious activity,53.961677,-1.084962
6298,2025-08,T1,suspicious activity,53.960387,-1.085585
6299,2025-08,T1,suspicious activity,53.958528,-1.083246
6300,2025-08,T1,suspicious activity,53.958528,-1.083246
6301,2025-08,T1,suspicious activity,53.961677,-1.084962
6302,2025-08,T1,suspicious activity,53.961611,-1.079797
6303,2025-08,T1,suspicious activity,53.961067,-1.082827
6304,2025-08,T1,suspicious activity,53.959662,-1.081996
6305,2025-08,T1,suspicious activity,53.960793,-1.084601
6306,2025-08,T1,vandalism,53.964249,-1.08512
6307,2025-08,T1,vandalism,53.966683,-1.082505
6308,2025-08,T1,vandalism,53.960793,-1.084601
6309,2025-08,T1,vandalism,53.962239,-1.085545
6310,2025-08,T1,vandalism,53.964249,-1.08512
6311,2025-08,T1,vandalism,53.959782,-1.083212
6312,2025-08,T1,vandalism,53.961505,-1.088365
6313,2025-08,T1,vandalism,53.962948,-1.085422
6314,2025-08,T1,vandalism,53.963989,-1.085262
6315,2025-08,T1,physical assault,53.960387,-1.085585
6316,2025-08,T1,physical assault,53.964249,-1.08512
6317,2025-08,T1,harassment,53.959662,-1.081996
6318,2025-08,T1,harassment,53.960122,-1.084517
6319,2025-08,T1,harassment,53.957537,-1.083087
6320,2025-08,T1,harassment,53.962948,-1.085422
6321,2025-08,T1,harassment,53.957868,-1.082866
6322,2025-08,T1,harassment,53.960122,-1.084517
6323,2025-08,T1,harassment,53.958528,-1.083246
6324,2025-08,T1,harassment,53.960122,-1.084517
6325,2025-08,T1,harassment,53.959662,-1.081996
6326,2025-08,T1,harassment,53.966468,-1.079095
6327,2025-08,T1,harassment,53.960722,-1.081082
6328,2025-08,T1,harassment,53.960122,-1.084517
6329,2025-08,T1,harassment,53.960122,-1.084517
6330,2025-08,T1,harassment,53.961067,-1.082827
6331,2025-08,T1,robbery,53.967163,-1.079446
6332,2025-08,T1,robbery,53.968124,-1.081757
6333,2025-08,T1,robbery,53.962478,-1.083939
6334,2025-08,T1,robbery,53.967163,-1.079446
6335,2025-08,T1,robbery,53.965236,-1.083726
6336,2025-08,T1,physical assault,53.960122,-1.084517
6337,2025-08,T1,physical assault,53.958528,-1.083246
6338,2025-08,T1,physical assault,53.961067,-1.082827
6339,2025-08,T1,physical assault,53.968124,-1.081757
6340,2025-08,T1,physical assault,53.96114,-1.081758
6341,2025-08,T1,physical assault,53.965236,-1.083726
6342,2025-08,T1,physical assault,53.959662,-1.081996
6343,2025-08,T1,physical assault,53.960387,-1.085585
6344,2025-08,T1,physical assault,53.962948,-1.085422
6345,2025-08,T1,physical assault,53.957537,-1.083087
6346,2025-08,T1,physical assault,53.960793,-1.084601
6347,2025-08,T1,physical assault,53.961611,-1.079797
6348,2025-08,T1,physical assault,53.961611,-1.079797
6349,2025-08,T1,physical assault,53.961369,-1.085884
6350,2025-08,T1,physical assault,53.965236,-1.083726
6351,2025-08,T1,physical assault,53.961677,-1.084962
6352,2025-08,T1,physical assault,53.964189,-1.087895
6353,2025-08,T1,physical assault,53.962669,-1.080749
6354,2025-08,T1,physical assault,53.960793,-1.084601
6355,2025-08,T1,physical assault,53.959782,-1.083212
6356,2025-08,T1,physical assault,53.965833,-1.088257
6357,2025-08,T1,physical assault,53.961505,-1.088365
6358,2025-08,T1,physical assault,53.960122,-1.084517
6359,2025-08,T1,physical assault,53.960122,-1.084517
6360,2025-08,T1,physical assault,53.961505,-1.088365
6361,2025-08,T1,physical assault,53.96114,-1.081758
6362,2025-08,T1,physical assault,53.960122,-1.084517
6363,2025-08,T1,physical assault,53.957537,-1.083087
6364,2025-08,T1,physical assault,53.959662,-1.081996
6365,2025-08,T1,physical assault,53.960793,-1.084601
6366,2025-08,T1,physical assault,53.957537,-1.083087
6367,2025-08,T1,physical assault,53.959782,-1.083212
6368,2025-08,T1,physical assault,53.960122,-1.084517
6369,2025-08,T1,physical assault,53.960387,-1.085585
6370,2025-08,T1,physical assault,53.962526,-1.089105
6371,2025-08,T1,physical assault,53.959782,-1.083212
6372,2025-08,T1,physical assault,53.96114,-1.081758
6373,2025-08,T1,physical assault,53.957868,-1.082866
6374,2025-08,T1,physical assault,53.960122,-1.084517
6375,2025-08,T1,physical assault,53.961677,-1.084962
6376,2025-08,T1,suspicious activity,53.965027,-1.075255
6377,2025-08,T1,suspicious activity,53.965454,-1.074713
6378,2025-08,T1,suspicious activity,53.962781,-1.078902
6379,2025-08,T1,suspicious activity,53.960778,-1.079084
6380,2025-08,T1,vandalism,53.966575,-1.077782
6381,2025-08,T1,vandalism,53.962781,-1.078902
6382,2025-08,T1,vandalism,53.966575,-1.077782
6383,2025-08,T1,robbery,53.963887,-1.075448
6384,2025-08,T1,physical assault,53.962781,-1.078902
6385,2025-08,T1,physical assault,53.965926,-1.075297
6386,2025-08,T1,physical assault,53.964749,-1.078768
6387,2025-08,T1,physical assault,53.964749,-1.078768
6388,2025-08,T1,physical assault,53.964395,-1.078349
6389,2025-08,T1,physical assault,53.963636,-1.076673
6390,2025-08,T1,physical assault,53.96619,-1.07683
6391,2025-08,T1,physical assault,53.96619,-1.07683
6392,2025-08,T1,physical assault,53.96619,-1.07683
6393,2025-08,T1,physical assault,53.96619,-1.07683
6394,2025-08,T1,suspicious activity,53.951281,-1.090173
6395,2025-08,T1,suspicious activity,53.954621,-1.093194
6396,2025-08,T1,suspicious activity,53.955472,-1.094059
6397,2025-08,T1,suspicious activity,53.954621,-1.093194
6398,2025-08,T1,suspicious activity,53.954621,-1.093194
6399,2025-08,T1,suspicious activity,53.951995,-1.088313
6400,2025-08,T1,suspicious activity,53.954903,-1.093629
6401,2025-08,T1,suspicious activity,53.954621,-1.093194
6402,2025-08,T1,suspicious activity,53.952787,-1.086026
6403,2025-08,T1,suspicious activity,53.952613,-1.085679
6404,2025-08,T1,suspicious activity,53.952613,-1.085679
6405,2025-08,T1,suspicious activity,53.953497,-1.090765
6406,2025-08,T1,vandalism,53.951281,-1.090173
6407,2025-08,T1,robbery,53.954621,-1.093194
6408,2025-08,T1,physical assault,53.951793,-1.08655
6409,2025-08,T1,physical assault,53.954128,-1.097014
6410,2025-08,T1,physical assault,53.954128,-1.097014
6411,2025-08,T1,physical assault,53.951793,-1.08655
6412,2025-08,T1,physical assault,53.954128,-1.097014
6413,2025-08,T1,physical assault,53.952613,-1.085679
6414,2025-08,T1,physical assault,53.954128,-1.097014
6415,2025-08,T1,physical assault,53.952613,-1.085679
6416,2025-08,T1,physical assault,53.952204,-1.085002
6417,2025-08,T1,suspicious activity,53.959053,-1.079183
6418,2025-08,T1,suspicious activity,53.958317,-1.071167
6419,2025-08,T1,suspicious activity,53.957761,-1.072414
6420,2025-08,T1,suspicious activity,53.959245,-1.078355
6421,2025-08,T1,suspicious activity,53.960694,-1.075123
6422,2025-08,T1,suspicious activity,53.959053,-1.079183
6423,2025-08,T1,suspicious activity,53.95612,-1.067162
6424,2025-08,T1,suspicious activity,53.95439,-1.07524
6425,2025-08,T1,suspicious activity,53.955489,-1.073882
6426,2025-08,T1,suspicious activity,53.9554,-1.072431
6427,2025-08,T1,suspicious activity,53.960274,-1.076595
6428,2025-08,T1,suspicious activity,53.956109,-1.071475
6429,2025-08,T1,suspicious activity,53.9554,-1.072431
6430,2025-08,T1,suspicious activity,53.955333,-1.074647
6431,2025-08,T1,suspicious activity,53.954784,-1.073394
6432,2025-08,T1,vandalism,53.957761,-1.072414
6433,2025-08,T1,harassment,53.960274,-1.076595
6434,2025-08,T1,harassment,53.955333,-1.074647
6435,2025-08,T1,harassment,53.95439,-1.07524
6436,2025-08,T1,physical assault,53.959245,-1.078355
6437,2025-08,T1,physical assault,53.957707,-1.067812
6438,2025-08,T1,physical assault,53.959167,-1.064838
6439,2025-08,T1,physical assault,53.960274,-1.076595
6440,2025-08,T1,physical assault,53.959245,-1.078355
6441,2025-08,T1,physical assault,53.957761,-1.072414
6442,2025-08,T1,physical assault,53.960274,-1.076595
6443,2025-08,T1,physical assault,53.960694,-1.075123
6444,2025-08,T1,physical assault,53.955333,-1.074647
6445,2025-08,T1,physical assault,53.959053,-1.079183
6446,2025-08,T1,physical assault,53.956109,-1.071475
6447,2025-08,T1,physical assault,53.956109,-1.071475
6448,2025-08,T1,physical assault,53.957707,-1.067812
6449,2025-08,T1,physical assault,53.959245,-1.078355
6450,2025-08,T1,physical assault,53.9554,-1.072431
6451,2025-08,T1,physical assault,53.959053,-1.079183
6452,2025-08,T1,suspicious activity,53.957585,-1.089426
6453,2025-08,T1,suspicious activity,53.955925,-1.089752
6454,2025-08,T1,suspicious activity,53.95615,-1.090996
6455,2025-08,T1,suspicious activity,53.957585,-1.089426
6456,2025-08,T1,suspicious activity,53.958732,-1.087694
6457,2025-08,T1,suspicious activity,53.957831,-1.087409
6458,2025-08,T1,suspicious activity,53.95816,-1.088164
6459,2025-08,T1,suspicious activity,53.953905,-1.081795
6460,2025-08,T1,suspicious activity,53.958398,-1.092228
6461,2025-08,T1,suspicious activity,53.957273,-1.084983
6462,2025-08,T1,suspicious activity,53.959055,-1.087626
6463,2025-08,T1,suspicious activity,53.957831,-1.087409
6464,2025-08,T1,suspicious activity,53.957273,-1.084983
6465,2025-08,T1,suspicious activity,53.958398,-1.092228
6466,2025-08,T1,suspicious activity,53.96043,-1.091223
6467,2025-08,T1,suspicious activity,53.957808,-1.086785
6468,2025-08,T1,suspicious activity,53.958398,-1.092228
6469,2025-08,T1,suspicious activity,53.958732,-1.087694
6470,2025-08,T1,suspicious activity,53.957273,-1.084983
6471,2025-08,T1,suspicious activity,53.959055,-1.087626
6472,2025-08,T1,suspicious activity,53.958796,-1.086732
6473,2025-08,T1,suspicious activity,53.958796,-1.086732
6474,2025-08,T1,suspicious activity,53.958796,-1.086732
6475,2025-08,T1,suspicious activity,53.957273,-1.084983
6476,2025-08,T1,suspicious activity,53.958796,-1.086732
6477,2025-08,T1,suspicious activity,53.958167,-1.085481
6478,2025-08,T1,suspicious activity,53.955925,-1.089752
6479,2025-08,T1,suspicious activity,53.958398,-1.092228
6480,2025-08,T1,suspicious activity,53.959055,-1.087626
6481,2025-08,T1,suspicious activity,53.957273,-1.084983
6482,2025-08,T1,suspicious activity,53.959055,-1.087626
6483,2025-08,T1,suspicious activity,53.958796,-1.086732
6484,2025-08,T1,suspicious activity,53.958796,-1.086732
6485,2025-08,T1,suspicious activity,53.958796,-1.086732
6486,2025-08,T1,suspicious activity,53.958796,-1.086732
6487,2025-08,T1,suspicious activity,53.958796,-1.086732
6488,2025-08,T1,suspicious activity,53.958796,-1.086732
6489,2025-08,T1,suspicious activity,53.958796,-1.086732
6490,2025-08,T1,suspicious activity,53.958796,-1.086732
6491,2025-08,T1,suspicious activity,53.957273,-1.084983
6492,2025-08,T1,suspicious activity,53.955925,-1.089752
6493,2025-08,T1,suspicious activity,53.957808,-1.086785
6494,2025-08,T1,suspicious activity,53.957808,-1.086785
6495,2025-08,T1,suspicious activity,53.957139,-1.088597
6496,2025-08,T1,suspicious activity,53.957273,-1.084983
6497,2025-08,T1,suspicious activity,53.959055,-1.087626
6498,2025-08,T1,suspicious activity,53.957046,-1.09055
6499,2025-08,T1,suspicious activity,53.95615,-1.090996
6500,2025-08,T1,vandalism,53.957273,-1.084983
6501,2025-08,T1,vandalism,53.96043,-1.091223
6502,2025-08,T1,vandalism,53.957808,-1.086785
6503,2025-08,T1,vandalism,53.958796,-1.086732
6504,2025-08,T1,vandalism,53.96043,-1.091223
6505,2025-08,T1,vandalism,53.95816,-1.088164
6506,2025-08,T1,vandalism,53.95816,-1.088164
6507,2025-08,T1,vandalism,53.958796,-1.086732
6508,2025-08,T1,harassment,53.957273,-1.084983
6509,2025-08,T1,harassment,53.957808,-1.086785
6510,2025-08,T1,harassment,53.95615,-1.090996
6511,2025-08,T1,harassment,53.957808,-1.086785
6512,2025-08,T1,harassment,53.957273,-1.084983
6513,2025-08,T1,harassment,53.958398,-1.092228
6514,2025-08,T1,robbery,53.958791,-1.089552
6515,2025-08,T1,physical assault,53.957808,-1.086785
6516,2025-08,T1,physical assault,53.957808,-1.086785
6517,2025-08,T1,physical assault,53.958732,-1.087694
6518,2025-08,T1,physical assault,53.958796,-1.086732
6519,2025-08,T1,physical assault,53.956767,-1.085832
6520,2025-08,T1,physical assault,53.959055,-1.087626
6521,2025-08,T1,physical assault,53.957273,-1.084983
6522,2025-08,T1,physical assault,53.957585,-1.089426
6523,2025-08,T1,physical assault,53.95615,-1.090996
6524,2025-08,T1,physical assault,53.957808,-1.086785
6525,2025-08,T1,physical assault,53.953905,-1.081795
6526,2025-08,T1,physical assault,53.96043,-1.091223
6527,2025-08,T1,physical assault,53.96043,-1.091223
6528,2025-08,T1,physical assault,53.957808,-1.086785
6529,2025-08,T1,physical assault,53.957808,-1.086785
6530,2025-08,T1,physical assault,53.957831,-1.087409
6531,2025-08,T1,physical assault,53.96043,-1.091223
6532,2025-08,T1,physical assault,53.958796,-1.086732
6533,2025-08,T1,physical assault,53.957808,-1.086785
6534,2025-08,T1,physical assault,53.957046,-1.09055
6535,2025-08,T1,physical assault,53.958732,-1.087694
6536,2025-08,T1,physical assault,53.958732,-1.087694
6537,2025-08,T1,physical assault,53.96043,-1.091223
6538,2025-08,T1,physical assault,53.958398,-1.092228
6539,2025-08,T1,physical assault,53.953905,-1.081795
6540,2025-08,T1,physical assault,53.96043,-1.091223
6541,2025-08,T1,physical assault,53.96043,-1.091223
6542,2025-08,T1,physical assault,53.95615,-1.090996
6543,2025-08,T1,physical assault,53.958732,-1.087694
6544,2025-08,T1,physical assault,53.95615,-1.090996
6545,2025-08,T1,physical assault,53.96043,-1.091223
6546,2025-08,T1,physical assault,53.958398,-1.092228
6547,2025-08,T1,physical assault,53.96043,-1.091223
6548,2025-08,T1,physical assault,53.957377,-1.089263
6549,2025-08,T1,physical assault,53.958796,-1.086732
6550,2025-08,T1,physical assault,53.957273,-1.084983
6551,2025-08,T1,physical assault,53.959055,-1.087626
6552,2025-08,T1,physical assault,53.959155,-1.09023
6553,2025-08,T1,physical assault,53.953905,-1.081795
6554,2025-08,T1,physical assault,53.957585,-1.089426
6555,2025-08,T1,physical assault,53.957831,-1.087409
6556,2025-08,T1,physical assault,53.96043,-1.091223
6557,2025-08,T1,physical assault,53.96043,-1.091223
6558,2025-08,T1,suspicious activity,53.955363,-1.08443
6559,2025-08,T1,suspicious activity,53.955363,-1.08443
6560,2025-08,T1,suspicious activity,53.955363,-1.08443
6561,2025-08,T1,physical assault,53.955365,-1.083485
6562,2025-08,T1,suspicious activity,53.95879,-1.081139
6563,2025-08,T1,suspicious activity,53.954439,-1.077608
6564,2025-08,T1,suspicious activity,53.959281,-1.084118
6565,2025-08,T1,suspicious activity,53.957159,-1.078249
6566,2025-08,T1,suspicious activity,53.957862,-1.082339
6567,2025-08,T1,suspicious activity,53.958346,-1.080242
6568,2025-08,T1,suspicious activity,53.959281,-1.084118
6569,2025-08,T1,suspicious activity,53.959658,-1.080632
6570,2025-08,T1,suspicious activity,53.954439,-1.077608
6571,2025-08,T1,suspicious activity,53.955888,-1.078993
6572,2025-08,T1,suspicious activity,53.958064,-1.08143
6573,2025-08,T1,suspicious activity,53.959559,-1.075956
6574,2025-08,T1,suspicious activity,53.959281,-1.084118
6575,2025-08,T1,suspicious activity,53.959281,-1.084118
6576,2025-08,T1,suspicious activity,53.954439,-1.077608
6577,2025-08,T1,suspicious activity,53.957862,-1.082339
6578,2025-08,T1,suspicious activity,53.955888,-1.078993
6579,2025-08,T1,suspicious activity,53.95728,-1.082376
6580,2025-08,T1,suspicious activity,53.958064,-1.08143
6581,2025-08,T1,suspicious activity,53.958919,-1.080451
6582,2025-08,T1,suspicious activity,53.958919,-1.080451
6583,2025-08,T1,suspicious activity,53.956866,-1.08234
6584,2025-08,T1,suspicious activity,53.958303,-1.078605
6585,2025-08,T1,suspicious activity,53.957588,-1.080126
6586,2025-08,T1,suspicious activity,53.958346,-1.080242
6587,2025-08,T1,suspicious activity,53.957862,-1.082339
6588,2025-08,T1,suspicious activity,53.958346,-1.080242
6589,2025-08,T1,suspicious activity,53.958346,-1.080242
6590,2025-08,T1,suspicious activity,53.958064,-1.08143
6591,2025-08,T1,suspicious activity,53.959476,-1.080438
6592,2025-08,T1,suspicious activity,53.954439,-1.077608
6593,2025-08,T1,suspicious activity,53.955888,-1.078993
6594,2025-08,T1,suspicious activity,53.95879,-1.081139
6595,2025-08,T1,suspicious activity,53.957819,-1.079324
6596,2025-08,T1,suspicious activity,53.959281,-1.084118
6597,2025-08,T1,suspicious activity,53.954925,-1.080036
6598,2025-08,T1,suspicious activity,53.957862,-1.082339
6599,2025-08,T1,suspicious activity,53.955888,-1.078993
6600,2025-08,T1,suspicious activity,53.957862,-1.082339
6601,2025-08,T1,suspicious activity,53.959476,-1.080438
6602,2025-08,T1,suspicious activity,53.957159,-1.078249
6603,2025-08,T1,suspicious activity,53.957862,-1.082339
6604,2025-08,T1,suspicious activity,53.957819,-1.079324
6605,2025-08,T1,suspicious activity,53.957862,-1.082339
6606,2025-08,T1,suspicious activity,53.957862,-1.082339
6607,2025-08,T1,suspicious activity,53.959476,-1.080438
6608,2025-08,T1,suspicious activity,53.959281,-1.084118
6609,2025-08,T1,suspicious activity,53.959281,-1.084118
6610,2025-08,T1,suspicious activity,53.954869,-1.080729
6611,2025-08,T1,vandalism,53.956836,-1.079597
6612,2025-08,T1,vandalism,53.956569,-1.08224
6613,2025-08,T1,physical assault,53.959658,-1.080632
6614,2025-08,T1,physical assault,53.959476,-1.080438
6615,2025-08,T1,harassment,53.955084,-1.077335
6616,2025-08,T1,harassment,53.957159,-1.078249
6617,2025-08,T1,harassment,53.95879,-1.081139
6618,2025-08,T1,harassment,53.959281,-1.084118
6619,2025-08,T1,harassment,53.958346,-1.080242
6620,2025-08,T1,harassment,53.959109,-1.077109
6621,2025-08,T1,harassment,53.957139,-1.076817
6622,2025-08,T1,harassment,53.958346,-1.080242
6623,2025-08,T1,harassment,53.959281,-1.084118
6624,2025-08,T1,harassment,53.956866,-1.08234
6625,2025-08,T1,harassment,53.954222,-1.076272
6626,2025-08,T1,harassment,53.955888,-1.078993
6627,2025-08,T1,harassment,53.958919,-1.080451
6628,2025-08,T1,harassment,53.958919,-1.080451
6629,2025-08,T1,physical assault,53.959281,-1.084118
6630,2025-08,T1,physical assault,53.954439,-1.077608
6631,2025-08,T1,physical assault,53.955916,-1.081446
6632,2025-08,T1,physical assault,53.957862,-1.082339
6633,2025-08,T1,physical assault,53.959559,-1.075956
6634,2025-08,T1,physical assault,53.958346,-1.080242
6635,2025-08,T1,physical assault,53.960121,-1.080058
6636,2025-08,T1,physical assault,53.958346,-1.080242
6637,2025-08,T1,physical assault,53.956866,-1.08234
6638,2025-08,T1,physical assault,53.956866,-1.08234
6639,2025-08,T1,physical assault,53.954925,-1.080036
6640,2025-08,T1,physical assault,53.954439,-1.077608
6641,2025-08,T1,physical assault,53.956866,-1.08234
6642,2025-08,T1,physical assault,53.955916,-1.081446
6643,2025-08,T1,physical assault,53.954925,-1.080036
6644,2025-08,T1,physical assault,53.958346,-1.080242
6645,2025-08,T1,physical assault,53.954439,-1.077608
6646,2025-08,T1,physical assault,53.958346,-1.080242
6647,2025-08,T1,physical assault,53.960121,-1.080058
6648,2025-08,T1,physical assault,53.956866,-1.08234
6649,2025-08,T1,physical assault,53.957808,-1.080917
6650,2025-08,T1,physical assault,53.959281,-1.084118
6651,2025-08,T1,physical assault,53.959281,-1.084118
6652,2025-08,T1,physical assault,53.959281,-1.084118
6653,2025-08,T1,physical assault,53.958346,-1.080242
6654,2025-08,T1,physical assault,53.956639,-1.077316
6655,2025-08,T1,physical assault,53.959281,-1.084118
6656,2025-08,T1,physical assault,53.956866,-1.08234
6657,2025-08,T1,physical assault,53.956866,-1.08234
6658,2025-08,T1,physical assault,53.958919,-1.080451
6659,2025-08,T1,physical assault,53.959281,-1.084118
6660,2025-08,T1,physical assault,53.957,-1.075189
6661,2025-08,T1,physical assault,53.957319,-1.079175
6662,2025-08,T1,physical assault,53.957159,-1.078249
6663,2025-08,T1,physical assault,53.954925,-1.080036
6664,2025-08,T1,physical assault,53.957862,-1.082339
6665,2025-08,T1,physical assault,53.954439,-1.077608
6666,2025-08,T1,physical assault,53.95706,-1.080659
6667,2025-08,T1,physical assault,53.954925,-1.080036
6668,2025-08,T1,physical assault,53.960121,-1.080058
6669,2025-08,T1,physical assault,53.959281,-1.084118
6670,2025-08,T1,physical assault,53.956866,-1.08234
6671,2025-08,T1,physical assault,53.958346,-1.080242
6672,2025-08,T1,physical assault,53.954439,-1.077608
6673,2025-08,T1,suspicious activity,53.960178,-1.057287
6674,2025-08,T1,suspicious activity,53.964242,-1.0484
6675,2025-08,T1,suspicious activity,53.964242,-1.0484
6676,2025-08,T1,vandalism,53.960457,-1.047053
6677,2025-08,T1,vandalism,53.964242,-1.0484
6678,2025-08,T1,suspicious activity,53.950621,-1.037723
6679,2025-08,T1,suspicious activity,53.959724,-1.038626
6680,2025-08,T1,suspicious activity,53.960113,-1.044647
6681,2025-08,T1,suspicious activity,53.958482,-1.038411
6682,2025-08,T1,suspicious activity,53.961677,-1.044079
6683,2025-08,T1,suspicious activity,53.959398,-1.043938
6684,2025-08,T1,suspicious activity,53.959398,-1.043938
6685,2025-08,T1,suspicious activity,53.960287,-1.040458
6686,2025-08,T1,vandalism,53.956588,-1.036489
6687,2025-08,T1,vandalism,53.961592,-1.041815
6688,2025-08,T1,physical assault,53.957858,-1.0367
6689,2025-08,T1,physical assault,53.957731,-1.04108
6690,2025-08,T1,physical assault,53.96189,-1.043088
6691,2025-08,T1,physical assault,53.961592,-1.041815
6692,2025-08,T1,physical assault,53.9592,-1.042096
6693,2025-08,T1,physical assault,53.961523,-1.042121
6694,2025-08,T1,physical assault,53.957523,-1.040933
6695,2025-08,T1,physical assault,53.961523,-1.042121
6696,2025-08,T1,physical assault,53.961677,-1.044079
6697,2025-08,T1,suspicious activity,53.961236,-1.051288
6698,2025-08,T1,suspicious activity,53.961232,-1.05423
6699,2025-08,T1,physical assault,53.961362,-1.059318
6700,2025-08,T1,physical assault,53.960223,-1.05458
6701,2025-08,T1,physical assault,53.961002,-1.053488
6702,2025-08,T1,physical assault,53.961002,-1.053488
6703,2025-08,T1,physical assault,53.964326,-1.053367
6704,2025-08,T1,physical assault,53.960119,-1.05898
6705,2025-08,T1,physical assault,53.960119,-1.05898
6706,2025-08,T1,suspicious activity,53.955176,-1.045345
6707,2025-08,T1,physical assault,53.956999,-1.045181
6708,2025-08,T1,physical assault,53.956894,-1.044315
6709,2025-08,T1,physical assault,53.956999,-1.045181
6710,2025-08,T1,suspicious activity,53.958459,-1.057824
6711,2025-08,T1,suspicious activity,53.956238,-1.057091
6712,2025-08,T1,suspicious activity,53.956937,-1.054312
6713,2025-08,T1,suspicious activity,53.956238,-1.057091
6714,2025-08,T1,suspicious activity,53.956238,-1.057091
6715,2025-08,T1,suspicious activity,53.956937,-1.054312
6716,2025-08,T1,suspicious activity,53.959111,-1.054202
6717,2025-08,T1,suspicious activity,53.956238,-1.057091
6718,2025-08,T1,suspicious activity,53.958447,-1.053241
6719,2025-08,T1,vandalism,53.958447,-1.053241
6720,2025-08,T1,physical assault,53.958134,-1.056815
6721,2025-08,T1,physical assault,53.958134,-1.056815
6722,2025-08,T1,physical assault,53.957424,-1.052824
6723,2025-08,T1,physical assault,53.958134,-1.056815
6724,2025-08,T1,physical assault,53.958134,-1.056815
6725,2025-08,T1,physical assault,53.958459,-1.057824
6726,2025-08,T1,physical assault,53.958134,-1.056815
6727,2025-08,T1,physical assault,53.958134,-1.056815
6728,2025-08,T1,physical assault,53.959125,-1.057173
6729,2025-08,T1,suspicious activity,53.955988,-1.059438
6730,2025-08,T1,suspicious activity,53.955988,-1.059438
6731,2025-08,T1,suspicious activity,53.955988,-1.059438
6732,2025-08,T1,physical assault,53.954668,-1.061922
6733,2025-08,T1,physical assault,53.956321,-1.062951
6734,2025-08,T1,suspicious activity,53.959091,-1.049464
6735,2025-08,T1,vandalism,53.956407,-1.047801
6736,2025-08,T1,physical assault,53.958124,-1.048603
6737,2025-08,T1,physical assault,53.955833,-1.050024
6738,2025-08,T1,physical assault,53.958124,-1.048603
6739,2025-08,T1,suspicious activity,53.952826,-1.047134
6740,2025-08,T1,suspicious activity,53.952826,-1.047134
6741,2025-08,T1,suspicious activity,53.952826,-1.047134
6742,2025-08,T1,suspicious activity,53.952826,-1.047134
6743,2025-08,T1,vandalism,53.952826,-1.047134
6744,2025-08,T1,physical assault,53.952826,-1.047134
6745,2025-08,T1,physical assault,53.954403,-1.05446
6746,2025-08,T1,suspicious activity,53.96098,-1.111848
6747,2025-08,T1,vandalism,53.961335,-1.113746
6748,2025-08,T1,harassment,53.95853,-1.114751
6749,2025-08,T1,harassment,53.960605,-1.112237
6750,2025-08,T1,suspicious activity,53.957517,-1.116372
6751,2025-08,T1,suspicious activity,53.960911,-1.119532
6752,2025-08,T1,suspicious activity,53.958162,-1.118507
6753,2025-08,T1,suspicious activity,53.958393,-1.116963
6754,2025-08,T1,vandalism,53.960586,-1.118212
6755,2025-08,T1,vandalism,53.960586,-1.118212
6756,2025-08,T1,vandalism,53.957517,-1.116372
6757,2025-08,T1,harassment,53.958162,-1.118507
6758,2025-08,T1,physical assault,53.957517,-1.116372
6759,2025-08,T1,physical assault,53.957259,-1.119258
6760,2025-08,T1,physical assault,53.957517,-1.116372
6761,2025-08,T1,physical assault,53.957517,-1.116372
6762,2025-08,T1,physical assault,53.957517,-1.116372
6763,2025-08,T1,suspicious activity,53.954329,-1.10943
6764,2025-08,T1,suspicious activity,53.953529,-1.110681
6765,2025-08,T1,suspicious activity,53.953529,-1.110681
6766,2025-08,T1,harassment,53.95513,-1.107127
6767,2025-08,T1,physical assault,53.956194,-1.111234
6768,2025-08,T1,physical assault,53.95513,-1.107127
6769,2025-08,T1,physical assault,53.956194,-1.111234
6770,2025-08,T1,physical assault,53.956194,-1.111234
6771,2025-08,T1,physical assault,53.95513,-1.107127
6772,2025-08,T1,robbery,53.951687,-1.116892
6773,2025-08,T1,physical assault,53.95727,-1.120675
6774,2025-08,T1,physical assault,53.956182,-1.116964
6775,2025-08,T1,physical assault,53.956182,-1.116964
6776,2025-08,T1,physical assault,53.952426,-1.115901
6777,2025-08,T1,physical assault,53.952719,-1.112908
6778,2025-08,T1,physical assault,53.956182,-1.116964
6779,2025-08,T1,physical assault,53.956182,-1.116964
6780,2025-08,T1,physical assault,53.956182,-1.116964
6781,2025-08,T1,physical assault,53.95727,-1.120675
6782,2025-08,T1,suspicious activity,53.955363,-1.125394
6783,2025-08,T1,suspicious activity,53.955363,-1.125394
6784,2025-08,T1,suspicious activity,53.955788,-1.124486
6785,2025-08,T1,suspicious activity,53.955363,-1.125394
6786,2025-08,T1,suspicious activity,53.955337,-1.121859
6787,2025-08,T1,physical assault,53.951879,-1.120971
6788,2025-08,T1,physical assault,53.955363,-1.125394
6789,2025-08,T1,suspicious activity,53.950359,-1.124478
6790,2025-08,T1,suspicious activity,53.950359,-1.124478
6791,2025-08,T1,harassment,53.950359,-1.124478
6792,2025-08,T1,robbery,53.950359,-1.124478
6793,2025-08,T1,physical assault,53.950359,-1.124478
6794,2025-08,T1,suspicious activity,53.964808,-1.104435
6795,2025-08,T1,suspicious activity,53.96311,-1.102109
6796,2025-08,T1,suspicious activity,53.964026,-1.104513
6797,2025-08,T1,suspicious activity,53.966021,-1.105659
6798,2025-08,T1,suspicious activity,53.964808,-1.104435
6799,2025-08,T1,vandalism,53.964026,-1.104513
6800,2025-08,T1,vandalism,53.964026,-1.104513
6801,2025-08,T1,vandalism,53.964026,-1.104513
6802,2025-08,T1,physical assault,53.964026,-1.104513
6803,2025-08,T1,physical assault,53.963484,-1.106521
6804,2025-08,T1,physical assault,53.963297,-1.104361
6805,2025-08,T1,physical assault,53.964808,-1.104435
6806,2025-08,T1,suspicious activity,53.962726,-1.107269
6807,2025-08,T1,suspicious activity,53.961435,-1.101688
6808,2025-08,T1,suspicious activity,53.961435,-1.101688
6809,2025-08,T1,suspicious activity,53.954773,-1.101511
6810,2025-08,T1,suspicious activity,53.954922,-1.102133
6811,2025-08,T1,harassment,53.960011,-1.098868
6812,2025-08,T1,physical assault,53.962726,-1.107269
6813,2025-08,T1,suspicious activity,53.949049,-1.106495
6814,2025-08,T1,suspicious activity,53.954449,-1.100253
6815,2025-08,T1,vandalism,53.949297,-1.107251
6816,2025-08,T1,vandalism,53.954449,-1.100253
6817,2025-08,T1,physical assault,53.949899,-1.109661
6818,2025-08,T1,physical assault,53.950034,-1.109673
6819,2025-08,T1,harassment,53.949826,-1.0867
6820,2025-08,T1,suspicious activity,53.950107,-1.102495
6821,2025-08,T1,suspicious activity,53.953735,-1.092512
6822,2025-08,T1,suspicious activity,53.95015,-1.098639
6823,2025-08,T1,suspicious activity,53.953735,-1.092512
6824,2025-08,T1,vandalism,53.950171,-1.093138
6825,2025-08,T1,vandalism,53.952811,-1.092761
6826,2025-08,T1,harassment,53.952273,-1.095287
6827,2025-08,T1,physical assault,53.949482,-1.094676
6828,2025-08,T1,physical assault,53.95015,-1.098639
6829,2025-08,T1,suspicious activity,53.944104,-1.120861
6830,2025-08,T1,suspicious activity,53.94629,-1.124898
6831,2025-08,T1,suspicious activity,53.945307,-1.124431
6832,2025-08,T1,suspicious activity,53.944104,-1.120861
6833,2025-08,T1,suspicious activity,53.946346,-1.11897
6834,2025-08,T1,vandalism,53.94629,-1.124898
6835,2025-08,T1,vandalism,53.946346,-1.11897
6836,2025-08,T1,vandalism,53.945749,-1.120872
6837,2025-08,T1,harassment,53.947482,-1.120637
6838,2025-08,T1,harassment,53.94629,-1.124898
6839,2025-08,T1,physical assault,53.947482,-1.120637
6840,2025-08,T1,physical assault,53.947949,-1.121907
6841,2025-08,T1,physical assault,53.946346,-1.11897
6842,2025-08,T1,physical assault,53.94629,-1.124898
6843,2025-08,T1,physical assault,53.948397,-1.122964
6844,2025-08,T1,physical assault,53.947949,-1.121907
6845,2025-08,T1,physical assault,53.947482,-1.120637
6846,2025-08,T1,physical assault,53.946346,-1.11897
6847,2025-08,T1,physical assault,53.947598,-1.119309
6848,2025-08,T1,physical assault,53.944104,-1.120861
6849,2025-08,T1,physical assault,53.945307,-1.124431
6850,2025-08,T1,physical assault,53.945307,-1.124431
6851,2025-08,T1,physical assault,53.948567,-1.125231
6852,2025-08,T1,physical assault,53.948905,-1.127266
6853,2025-08,T1,suspicious activity,53.940784,-1.072964
6854,2025-08,T1,physical assault,53.938629,-1.068238
6855,2025-08,T1,physical assault,53.941495,-1.068052
6856,2025-08,T1,physical assault,53.941495,-1.068052
6857,2025-08,T1,physical assault,53.939669,-1.067895
6858,2025-08,T1,physical assault,53.941495,-1.068052
6859,2025-08,T1,suspicious activity,53.947321,-1.074925
6860,2025-08,T1,suspicious activity,53.947321,-1.074925
6861,2025-08,T1,vandalism,53.947021,-1.078366
6862,2025-08,T1,vandalism,53.947321,-1.074925
6863,2025-08,T1,harassment,53.947321,-1.074925
6864,2025-08,T1,robbery,53.950476,-1.076553
6865,2025-08,T1,physical assault,53.947642,-1.076189
6866,2025-08,T1,physical assault,53.947642,-1.076189
6867,2025-08,T1,suspicious activity,53.938998,-1.081148
6868,2025-08,T1,vandalism,53.94649,-1.072405
6869,2025-08,T1,harassment,53.94649,-1.072405
6870,2025-08,T1,harassment,53.94649,-1.072405
6871,2025-08,T1,harassment,53.94649,-1.072405
6872,2025-08,T1,harassment,53.94649,-1.072405
6873,2025-08,T1,harassment,53.94649,-1.072405
6874,2025-08,T1,harassment,53.94649,-1.072405
6875,2025-08,T1,harassment,53.94649,-1.072405
6876,2025-08,T1,robbery,53.942275,-1.078288
6877,2025-08,T1,physical assault,53.946614,-1.074596
6878,2025-08,T1,physical assault,53.94649,-1.072405
6879,2025-08,T1,physical assault,53.946614,-1.074596
6880,2025-08,T1,physical assault,53.94649,-1.072405
6881,2025-08,T1,physical assault,53.946614,-1.074596
6882,2025-08,T1,physical assault,53.94649,-1.072405
6883,2025-08,T1,suspicious activity,53.95368,-1.073541
6884,2025-08,T1,suspicious activity,53.95368,-1.073541
6885,2025-08,T1,suspicious activity,53.953865,-1.074238
6886,2025-08,T1,suspicious activity,53.95368,-1.073541
6887,2025-08,T1,suspicious activity,53.95405,-1.059787
6888,2025-08,T1,suspicious activity,53.95368,-1.073541
6889,2025-08,T1,vandalism,53.95368,-1.073541
6890,2025-08,T1,physical assault,53.952753,-1.067527
6891,2025-08,T1,physical assault,53.954388,-1.070904
6892,2025-08,T1,physical assault,53.952753,-1.067527
6893,2025-08,T1,physical assault,53.95368,-1.073541
6894,2025-08,T1,physical assault,53.95368,-1.073541
6895,2025-08,T1,physical assault,53.954421,-1.063649
6896,2025-08,T1,physical assault,53.95368,-1.073541
6897,2025-08,T1,physical assault,53.952815,-1.060531
6898,2025-08,T1,physical assault,53.95368,-1.073541
6899,2025-08,T1,physical assault,53.953545,-1.067677
6900,2025-08,T1,physical assault,53.95368,-1.073541
6901,2025-08,T1,physical assault,53.952753,-1.067527
6902,2025-08,T1,physical assault,53.952753,-1.067527
6903,2025-08,T1,suspicious activity,53.951495,-1.076957
6904,2025-08,T1,suspicious activity,53.951639,-1.075841
6905,2025-08,T1,suspicious activity,53.953657,-1.079881
6906,2025-08,T1,physical assault,53.95217,-1.071212
6907,2025-08,T1,physical assault,53.950939,-1.077137
6908,2025-08,T1,physical assault,53.950742,-1.072585
6909,2025-08,T1,physical assault,53.950939,-1.077137
6910,2025-08,T1,physical assault,53.951661,-1.071696
6911,2025-08,T1,suspicious activity,53.950625,-1.084199
6912,2025-08,T1,suspicious activity,53.95148,-1.085536
6913,2025-08,T1,suspicious activity,53.948497,-1.081744
6914,2025-08,T1,suspicious activity,53.949575,-1.079711
6915,2025-08,T1,suspicious activity,53.948497,-1.081744
6916,2025-08,T1,suspicious activity,53.95148,-1.085536
6917,2025-08,T1,suspicious activity,53.95148,-1.085536
6918,2025-08,T1,suspicious activity,53.950489,-1.080118
6919,2025-08,T1,suspicious activity,53.948497,-1.081744
6920,2025-08,T1,suspicious activity,53.950625,-1.084199
6921,2025-08,T1,suspicious activity,53.950625,-1.084199
6922,2025-08,T1,suspicious activity,53.95148,-1.085536
6923,2025-08,T1,suspicious activity,53.95148,-1.085536
6924,2025-08,T1,vandalism,53.952516,-1.082359
6925,2025-08,T1,vandalism,53.950489,-1.080118
6926,2025-08,T1,vandalism,53.950088,-1.083403
6927,2025-08,T1,vandalism,53.95148,-1.085536
6928,2025-08,T1,robbery,53.952009,-1.08298
6929,2025-08,T1,robbery,53.949575,-1.079711
6930,2025-08,T1,physical assault,53.948497,-1.081744
6931,2025-08,T1,physical assault,53.950489,-1.080118
6932,2025-08,T1,physical assault,53.95148,-1.085536
6933,2025-08,T1,physical assault,53.948497,-1.081744
6934,2025-08,T1,physical assault,53.948497,-1.081744
6935,2025-08,T1,physical assault,53.95148,-1.085536
6936,2025-08,T1,physical assault,53.952103,-1.083618
6937,2025-08,T1,physical assault,53.948497,-1.081744
6938,2025-08,T1,physical assault,53.952103,-1.083618
6939,2025-08,T1,physical assault,53.93959,-1.104747
6940,2025-08,T1,physical assault,53.93959,-1.104747
6941,2025-08,T1,physical assault,53.93959,-1.104747
6942,2025-08,T1,physical assault,53.936535,-1.106183
6943,2025-08,T1,suspicious activity,53.942262,-1.112429
6944,2025-08,T1,vandalism,53.942262,-1.112429
6945,2025-08,T1,vandalism,53.940592,-1.113866
6946,2025-08,T1,physical assault,53.941067,-1.106406
6947,2025-08,T1,physical assault,53.947726,-1.10503
6948,2025-08,T1,physical assault,53.947726,-1.10503
6949,2025-08,T1,physical assault,53.942262,-1.112429
6950,2025-08,T1,physical assault,53.942262,-1.112429
6951,2025-08,T1,suspicious activity,53.945867,-1.0909
6952,2025-08,T1,suspicious activity,53.942659,-1.089812
6953,2025-08,T1,suspicious activity,53.944833,-1.094366
6954,2025-08,T1,suspicious activity,53.944833,-1.094366
6955,2025-08,T1,suspicious activity,53.942659,-1.089812
6956,2025-08,T1,suspicious activity,53.942659,-1.089812
6957,2025-08,T1,suspicious activity,53.942659,-1.089812
6958,2025-08,T1,suspicious activity,53.946441,-1.096693
6959,2025-08,T1,suspicious activity,53.942659,-1.089812
6960,2025-08,T1,harassment,53.944833,-1.094366
6961,2025-08,T1,physical assault,53.94688,-1.09295
6962,2025-08,T1,physical assault,53.942659,-1.089812
6963,2025-08,T1,physical assault,53.942659,-1.089812
6964,2025-08,T1,physical assault,53.942659,-1.089812
6965,2025-08,T1,physical assault,53.942659,-1.089812
6966,2025-08,T1,suspicious activity,53.945119,-1.082553
6967,2025-08,T1,suspicious activity,53.945203,-1.08869
6968,2025-08,T1,suspicious activity,53.944646,-1.091079
6969,2025-08,T1,vandalism,53.942202,-1.088755
6970,2025-08,T1,harassment,53.945119,-1.082553
6971,2025-08,T1,physical assault,53.942206,-1.085724
6972,2025-08,T1,physical assault,53.94537,-1.089342
6973,2025-08,T1,physical assault,53.945119,-1.082553
6974,2025-08,T1,physical assault,53.943429,-1.091745
6975,2025-08,T1,physical assault,53.94482,-1.085636
6976,2025-08,T1,physical assault,53.945119,-1.082553
6977,2025-08,T1,physical assault,53.94537,-1.089342
6978,2025-08,T1,physical assault,53.945042,-1.091162
6979,2025-08,T1,physical assault,53.945119,-1.082553
6980,2025-08,T1,suspicious activity,53.937694,-1.11705
6981,2025-08,T1,suspicious activity,53.939508,-1.121749
6982,2025-08,T1,suspicious activity,53.937495,-1.120466
6983,2025-08,T1,harassment,53.937694,-1.11705
6984,2025-08,T1,harassment,53.938311,-1.117829
6985,2025-08,T1,physical assault,53.938311,-1.117829
6986,2025-08,T1,physical assault,53.938311,-1.117829
6987,2025-08,T1,physical assault,53.937495,-1.120466
6988,2025-08,T1,vandalism,53.933561,-1.120915
6989,2025-08,T1,physical assault,53.934405,-1.113509
6990,2025-08,T1,suspicious activity,53.94092,-1.12434
6991,2025-08,T1,physical assault,53.936823,-1.126985
6992,2025-08,T1,physical assault,53.939437,-1.125574
6993,2025-08,T1,suspicious activity,53.943173,-1.119021
6994,2025-08,T1,physical assault,53.939903,-1.119167
6995,2025-08,T1,suspicious activity,53.943256,-1.042892
6996,2025-08,T1,harassment,53.94592,-1.045572
6997,2025-08,T1,harassment,53.943256,-1.042892
6998,2025-08,T1,physical assault,53.944627,-1.058216
6999,2025-08,T1,suspicious activity,53.933364,-1.065065
7000,2025-08,T1,suspicious activity,53.933364,-1.065065
7001,2025-08,T1,vandalism,53.933364,-1.065065
7002,2025-08,T1,harassment,53.933784,-1.067066
7003,2025-08,T1,physical assault,53.93284,-1.066965
7004,2025-08,T1,physical assault,53.937207,-1.06798
7005,2025-08,T1,physical assault,53.93284,-1.066965
7006,2025-08,T1,physical assault,53.93284,-1.066965
7007,2025-08,T1,physical assault,53.93284,-1.066965
7008,2025-08,T1,physical assault,53.933364,-1.065065
7009,2025-08,T1,vandalism,53.939219,-1.074849
7010,2025-08,T1,robbery,53.933415,-1.070486
7011,2025-08,T1,physical assault,53.938031,-1.078061
7012,2025-09,T1,vandalism,53.98496,-1.063285
7013,2025-09,T1,harassment,53.98521,-1.067732
7014,2025-09,T1,suspicious activity,53.979242,-1.06201
7015,2025-09,T1,suspicious activity,53.979349,-1.069983
7016,2025-09,T1,suspicious activity,53.980425,-1.06729
7017,2025-09,T1,harassment,53.979349,-1.069983
7018,2025-09,T1,physical assault,53.97945,-1.067861
7019,2025-09,T1,physical assault,53.979349,-1.069983
7020,2025-09,T1,physical assault,53.980007,-1.058669
7021,2025-09,T1,physical assault,53.97945,-1.067861
7022,2025-09,T1,physical assault,53.980007,-1.058669
7023,2025-09,T1,suspicious activity,53.982568,-1.051993
7024,2025-09,T1,suspicious activity,53.986004,-1.055453
7025,2025-09,T1,suspicious activity,53.982568,-1.051993
7026,2025-09,T1,suspicious activity,53.982728,-1.048285
7027,2025-09,T1,suspicious activity,53.982568,-1.051993
7028,2025-09,T1,suspicious activity,53.982728,-1.048285
7029,2025-09,T1,suspicious activity,53.982568,-1.051993
7030,2025-09,T1,suspicious activity,53.982568,-1.051993
7031,2025-09,T1,suspicious activity,53.982568,-1.051993
7032,2025-09,T1,physical assault,53.982568,-1.051993
7033,2025-09,T1,physical assault,53.98508,-1.048282
7034,2025-09,T1,physical assault,53.9835,-1.049362
7035,2025-09,T1,physical assault,53.985222,-1.062272
7036,2025-09,T1,physical assault,53.985222,-1.062272
7037,2025-09,T1,suspicious activity,53.973899,-1.097791
7038,2025-09,T1,suspicious activity,53.976716,-1.094696
7039,2025-09,T1,vandalism,53.976716,-1.094696
7040,2025-09,T1,harassment,53.97693,-1.096841
7041,2025-09,T1,harassment,53.97693,-1.096841
7042,2025-09,T1,physical assault,53.978434,-1.099691
7043,2025-09,T1,physical assault,53.980148,-1.098159
7044,2025-09,T1,physical assault,53.977458,-1.09654
7045,2025-09,T1,physical assault,53.977458,-1.09654
7046,2025-09,T1,suspicious activity,53.985394,-1.111055
7047,2025-09,T1,suspicious activity,53.985394,-1.111055
7048,2025-09,T1,suspicious activity,53.984459,-1.112112
7049,2025-09,T1,suspicious activity,53.981228,-1.093561
7050,2025-09,T1,suspicious activity,53.981228,-1.093561
7051,2025-09,T1,suspicious activity,53.980636,-1.094931
7052,2025-09,T1,suspicious activity,53.981228,-1.093561
7053,2025-09,T1,suspicious activity,53.983763,-1.095509
7054,2025-09,T1,suspicious activity,53.983763,-1.095509
7055,2025-09,T1,vandalism,53.985452,-1.097712
7056,2025-09,T1,harassment,53.983595,-1.098741
7057,2025-09,T1,physical assault,53.981228,-1.093561
7058,2025-09,T1,suspicious activity,53.976629,-1.101163
7059,2025-09,T1,suspicious activity,53.9778,-1.103806
7060,2025-09,T1,physical assault,53.976629,-1.101163
7061,2025-09,T1,physical assault,53.976629,-1.101163
7062,2025-09,T1,physical assault,53.981757,-1.101739
7063,2025-09,T1,physical assault,53.976629,-1.101163
7064,2025-09,T1,suspicious activity,53.964506,-1.090586
7065,2025-09,T1,suspicious activity,53.964506,-1.090586
7066,2025-09,T1,suspicious activity,53.968671,-1.088636
7067,2025-09,T1,physical assault,53.965061,-1.091458
7068,2025-09,T1,physical assault,53.965061,-1.091458
7069,2025-09,T1,suspicious activity,53.967519,-1.101649
7070,2025-09,T1,suspicious activity,53.969049,-1.097088
7071,2025-09,T1,suspicious activity,53.970587,-1.09489
7072,2025-09,T1,harassment,53.970587,-1.09489
7073,2025-09,T1,harassment,53.969049,-1.097088
7074,2025-09,T1,harassment,53.970991,-1.098372
7075,2025-09,T1,physical assault,53.967244,-1.09856
7076,2025-09,T1,physical assault,53.967519,-1.101649
7077,2025-09,T1,suspicious activity,53.983977,-1.11508
7078,2025-09,T1,physical assault,53.983839,-1.117096
7079,2025-09,T1,suspicious activity,53.985107,-1.107386
7080,2025-09,T1,physical assault,53.984361,-1.102582
7081,2025-09,T1,suspicious activity,53.976915,-1.115382
7082,2025-09,T1,suspicious activity,53.969511,-1.05546
7083,2025-09,T1,suspicious activity,53.969014,-1.057468
7084,2025-09,T1,harassment,53.969386,-1.05903
7085,2025-09,T1,harassment,53.969348,-1.054138
7086,2025-09,T1,physical assault,53.966974,-1.053993
7087,2025-09,T1,suspicious activity,53.965632,-1.063993
7088,2025-09,T1,suspicious activity,53.967105,-1.061551
7089,2025-09,T1,robbery,53.96606,-1.065812
7090,2025-09,T1,physical assault,53.965309,-1.066317
7091,2025-09,T1,physical assault,53.96606,-1.065812
7092,2025-09,T1,physical assault,53.966353,-1.064297
7093,2025-09,T1,physical assault,53.966353,-1.064297
7094,2025-09,T1,suspicious activity,53.97811,-1.059733
7095,2025-09,T1,suspicious activity,53.97811,-1.059733
7096,2025-09,T1,suspicious activity,53.97811,-1.059733
7097,2025-09,T1,robbery,53.97756,-1.060013
7098,2025-09,T1,physical assault,53.977651,-1.060811
7099,2025-09,T1,physical assault,53.976596,-1.063808
7100,2025-09,T1,physical assault,53.976596,-1.063808
7101,2025-09,T1,physical assault,53.976827,-1.062263
7102,2025-09,T1,vandalism,53.975338,-1.054612
7103,2025-09,T1,suspicious activity,53.966797,-1.04418
7104,2025-09,T1,suspicious activity,53.970572,-1.079813
7105,2025-09,T1,suspicious activity,53.970572,-1.079813
7106,2025-09,T1,suspicious activity,53.972301,-1.081498
7107,2025-09,T1,vandalism,53.971353,-1.085574
7108,2025-09,T1,physical assault,53.968952,-1.084285
7109,2025-09,T1,harassment,53.968952,-1.084285
7110,2025-09,T1,harassment,53.968952,-1.084285
7111,2025-09,T1,harassment,53.969432,-1.082384
7112,2025-09,T1,harassment,53.972301,-1.081498
7113,2025-09,T1,physical assault,53.968952,-1.084285
7114,2025-09,T1,physical assault,53.969333,-1.083514
7115,2025-09,T1,physical assault,53.969333,-1.083514
7116,2025-09,T1,physical assault,53.969333,-1.083514
7117,2025-09,T1,physical assault,53.971353,-1.085574
7118,2025-09,T1,physical assault,53.971353,-1.085574
7119,2025-09,T1,physical assault,53.968952,-1.084285
7120,2025-09,T1,physical assault,53.971353,-1.085574
7121,2025-09,T1,physical assault,53.968952,-1.084285
7122,2025-09,T1,physical assault,53.968952,-1.084285
7123,2025-09,T1,suspicious activity,53.972766,-1.086976
7124,2025-09,T1,vandalism,53.969599,-1.086603
7125,2025-09,T1,vandalism,53.969599,-1.086603
7126,2025-09,T1,robbery,53.972255,-1.088329
7127,2025-09,T1,physical assault,53.972402,-1.089942
7128,2025-09,T1,physical assault,53.974308,-1.08647
7129,2025-09,T1,physical assault,53.974308,-1.08647
7130,2025-09,T1,physical assault,53.972001,-1.090423
7131,2025-09,T1,suspicious activity,53.973887,-1.091464
7132,2025-09,T1,suspicious activity,53.973887,-1.091464
7133,2025-09,T1,physical assault,53.973887,-1.091464
7134,2025-09,T1,physical assault,53.973887,-1.091464
7135,2025-09,T1,physical assault,53.973887,-1.091464
7136,2025-09,T1,physical assault,53.974117,-1.089752
7137,2025-09,T1,suspicious activity,53.975967,-1.094316
7138,2025-09,T1,suspicious activity,53.975967,-1.094316
7139,2025-09,T1,suspicious activity,53.975967,-1.094316
7140,2025-09,T1,suspicious activity,53.975967,-1.094316
7141,2025-09,T1,suspicious activity,53.975967,-1.094316
7142,2025-09,T1,vandalism,53.975967,-1.094316
7143,2025-09,T1,vandalism,53.975967,-1.094316
7144,2025-09,T1,physical assault,53.973855,-1.093127
7145,2025-09,T1,physical assault,53.975967,-1.094316
7146,2025-09,T1,physical assault,53.973855,-1.093127
7147,2025-09,T1,physical assault,53.973855,-1.093127
7148,2025-09,T1,physical assault,53.973855,-1.093127
7149,2025-09,T1,physical assault,53.975967,-1.094316
7150,2025-09,T1,physical assault,53.973855,-1.093127
7151,2025-09,T1,suspicious activity,53.976082,-1.083366
7152,2025-09,T1,suspicious activity,53.976532,-1.088251
7153,2025-09,T1,suspicious activity,53.976532,-1.088251
7154,2025-09,T1,suspicious activity,53.976082,-1.083366
7155,2025-09,T1,suspicious activity,53.976532,-1.088251
7156,2025-09,T1,suspicious activity,53.976532,-1.088251
7157,2025-09,T1,vandalism,53.976532,-1.088251
7158,2025-09,T1,vandalism,53.976532,-1.088251
7159,2025-09,T1,harassment,53.972636,-1.085271
7160,2025-09,T1,harassment,53.976532,-1.088251
7161,2025-09,T1,harassment,53.976532,-1.088251
7162,2025-09,T1,robbery,53.976532,-1.088251
7163,2025-09,T1,physical assault,53.976082,-1.083366
7164,2025-09,T1,physical assault,53.977431,-1.09061
7165,2025-09,T1,physical assault,53.976189,-1.084446
7166,2025-09,T1,physical assault,53.976532,-1.088251
7167,2025-09,T1,physical assault,53.976082,-1.083366
7168,2025-09,T1,suspicious activity,53.974701,-1.075575
7169,2025-09,T1,suspicious activity,53.974701,-1.075575
7170,2025-09,T1,suspicious activity,53.972734,-1.074582
7171,2025-09,T1,suspicious activity,53.971951,-1.075651
7172,2025-09,T1,suspicious activity,53.977292,-1.074755
7173,2025-09,T1,suspicious activity,53.974701,-1.075575
7174,2025-09,T1,vandalism,53.972694,-1.072875
7175,2025-09,T1,harassment,53.972975,-1.081468
7176,2025-09,T1,physical assault,53.970969,-1.074179
7177,2025-09,T1,physical assault,53.973344,-1.079127
7178,2025-09,T1,physical assault,53.973344,-1.079127
7179,2025-09,T1,physical assault,53.972975,-1.081468
7180,2025-09,T1,physical assault,53.972975,-1.081468
7181,2025-09,T1,physical assault,53.972975,-1.081468
7182,2025-09,T1,suspicious activity,53.966955,-1.072377
7183,2025-09,T1,suspicious activity,53.969346,-1.076989
7184,2025-09,T1,vandalism,53.967556,-1.076846
7185,2025-09,T1,physical assault,53.969984,-1.077051
7186,2025-09,T1,physical assault,53.968388,-1.07634
7187,2025-09,T1,physical assault,53.968213,-1.07924
7188,2025-09,T1,physical assault,53.969532,-1.077778
7189,2025-09,T1,physical assault,53.969984,-1.077051
7190,2025-09,T1,suspicious activity,53.970844,-1.071925
7191,2025-09,T1,suspicious activity,53.970504,-1.069829
7192,2025-09,T1,suspicious activity,53.966388,-1.071033
7193,2025-09,T1,vandalism,53.969475,-1.070385
7194,2025-09,T1,vandalism,53.969475,-1.070385
7195,2025-09,T1,vandalism,53.969475,-1.070385
7196,2025-09,T1,vandalism,53.965587,-1.072042
7197,2025-09,T1,physical assault,53.969475,-1.070385
7198,2025-09,T1,physical assault,53.969475,-1.070385
7199,2025-09,T1,physical assault,53.965587,-1.072042
7200,2025-09,T1,physical assault,53.970844,-1.071925
7201,2025-09,T1,physical assault,53.969475,-1.070385
7202,2025-09,T1,physical assault,53.9705,-1.070454
7203,2025-09,T1,suspicious activity,53.960859,-1.070836
7204,2025-09,T1,suspicious activity,53.963874,-1.058632
7205,2025-09,T1,suspicious activity,53.960859,-1.070836
7206,2025-09,T1,suspicious activity,53.960859,-1.070836
7207,2025-09,T1,suspicious activity,53.961624,-1.067588
7208,2025-09,T1,suspicious activity,53.962786,-1.071388
7209,2025-09,T1,suspicious activity,53.959725,-1.071913
7210,2025-09,T1,suspicious activity,53.96177,-1.064414
7211,2025-09,T1,suspicious activity,53.963628,-1.066385
7212,2025-09,T1,harassment,53.961758,-1.068545
7213,2025-09,T1,robbery,53.963012,-1.065713
7214,2025-09,T1,physical assault,53.962448,-1.068316
7215,2025-09,T1,physical assault,53.96177,-1.064414
7216,2025-09,T1,physical assault,53.963874,-1.058632
7217,2025-09,T1,physical assault,53.963012,-1.065713
7218,2025-09,T1,physical assault,53.963874,-1.058632
7219,2025-09,T1,physical assault,53.960859,-1.070836
7220,2025-09,T1,physical assault,53.963012,-1.065713
7221,2025-09,T1,physical assault,53.962083,-1.071114
7222,2025-09,T1,physical assault,53.961588,-1.072131
7223,2025-09,T1,suspicious activity,53.977258,-1.06916
7224,2025-09,T1,suspicious activity,53.974016,-1.069476
7225,2025-09,T1,suspicious activity,53.975807,-1.068689
7226,2025-09,T1,vandalism,53.976812,-1.066165
7227,2025-09,T1,vandalism,53.973612,-1.070736
7228,2025-09,T1,vandalism,53.973612,-1.070736
7229,2025-09,T1,physical assault,53.973612,-1.070736
7230,2025-09,T1,physical assault,53.977258,-1.06916
7231,2025-09,T1,physical assault,53.961355,-1.12507
7232,2025-09,T1,suspicious activity,53.957249,-1.126513
7233,2025-09,T1,suspicious activity,53.967603,-1.125183
7234,2025-09,T1,suspicious activity,53.967603,-1.125183
7235,2025-09,T1,suspicious activity,53.964711,-1.124253
7236,2025-09,T1,vandalism,53.966215,-1.123383
7237,2025-09,T1,harassment,53.964711,-1.124253
7238,2025-09,T1,physical assault,53.966792,-1.123706
7239,2025-09,T1,physical assault,53.965405,-1.124574
7240,2025-09,T1,physical assault,53.966288,-1.12608
7241,2025-09,T1,physical assault,53.966288,-1.12608
7242,2025-09,T1,physical assault,53.966288,-1.12608
7243,2025-09,T1,physical assault,53.966792,-1.123706
7244,2025-09,T1,physical assault,53.965577,-1.120973
7245,2025-09,T1,physical assault,53.966288,-1.12608
7246,2025-09,T1,suspicious activity,53.964065,-1.118261
7247,2025-09,T1,physical assault,53.964149,-1.107772
7248,2025-09,T1,physical assault,53.964294,-1.116366
7249,2025-09,T1,physical assault,53.964149,-1.107772
7250,2025-09,T1,suspicious activity,53.967163,-1.079446
7251,2025-09,T1,suspicious activity,53.962582,-1.090506
7252,2025-09,T1,suspicious activity,53.965236,-1.083726
7253,2025-09,T1,suspicious activity,53.966468,-1.079095
7254,2025-09,T1,suspicious activity,53.962948,-1.085422
7255,2025-09,T1,suspicious activity,53.966683,-1.082505
7256,2025-09,T1,suspicious activity,53.961067,-1.082827
7257,2025-09,T1,suspicious activity,53.968124,-1.081757
7258,2025-09,T1,suspicious activity,53.960387,-1.085585
7259,2025-09,T1,suspicious activity,53.964528,-1.083985
7260,2025-09,T1,suspicious activity,53.959662,-1.081996
7261,2025-09,T1,suspicious activity,53.965236,-1.083726
7262,2025-09,T1,suspicious activity,53.960793,-1.084601
7263,2025-09,T1,suspicious activity,53.960793,-1.084601
7264,2025-09,T1,suspicious activity,53.965236,-1.083726
7265,2025-09,T1,suspicious activity,53.960793,-1.084601
7266,2025-09,T1,suspicious activity,53.965783,-1.078821
7267,2025-09,T1,suspicious activity,53.965783,-1.078821
7268,2025-09,T1,suspicious activity,53.961677,-1.084962
7269,2025-09,T1,suspicious activity,53.968124,-1.081757
7270,2025-09,T1,suspicious activity,53.959662,-1.081996
7271,2025-09,T1,suspicious activity,53.965236,-1.083726
7272,2025-09,T1,suspicious activity,53.960122,-1.084517
7273,2025-09,T1,suspicious activity,53.957868,-1.082866
7274,2025-09,T1,suspicious activity,53.959662,-1.081996
7275,2025-09,T1,suspicious activity,53.958528,-1.083246
7276,2025-09,T1,suspicious activity,53.960793,-1.084601
7277,2025-09,T1,suspicious activity,53.960793,-1.084601
7278,2025-09,T1,vandalism,53.960387,-1.085585
7279,2025-09,T1,vandalism,53.962669,-1.080749
7280,2025-09,T1,physical assault,53.958528,-1.083246
7281,2025-09,T1,harassment,53.961067,-1.082827
7282,2025-09,T1,harassment,53.960387,-1.085585
7283,2025-09,T1,harassment,53.959662,-1.081996
7284,2025-09,T1,harassment,53.959662,-1.081996
7285,2025-09,T1,harassment,53.958528,-1.083246
7286,2025-09,T1,harassment,53.960793,-1.084601
7287,2025-09,T1,harassment,53.957537,-1.083087
7288,2025-09,T1,robbery,53.961067,-1.082827
7289,2025-09,T1,robbery,53.968124,-1.081757
7290,2025-09,T1,robbery,53.960387,-1.085585
7291,2025-09,T1,robbery,53.968124,-1.081757
7292,2025-09,T1,physical assault,53.966683,-1.082505
7293,2025-09,T1,physical assault,53.960122,-1.084517
7294,2025-09,T1,physical assault,53.961067,-1.082827
7295,2025-09,T1,physical assault,53.962669,-1.080749
7296,2025-09,T1,physical assault,53.962239,-1.085545
7297,2025-09,T1,physical assault,53.959662,-1.081996
7298,2025-09,T1,physical assault,53.961067,-1.082827
7299,2025-09,T1,physical assault,53.959662,-1.081996
7300,2025-09,T1,physical assault,53.959662,-1.081996
7301,2025-09,T1,physical assault,53.962948,-1.085422
7302,2025-09,T1,physical assault,53.962526,-1.089105
7303,2025-09,T1,physical assault,53.965783,-1.078821
7304,2025-09,T1,physical assault,53.959662,-1.081996
7305,2025-09,T1,physical assault,53.959662,-1.081996
7306,2025-09,T1,physical assault,53.965236,-1.083726
7307,2025-09,T1,physical assault,53.961677,-1.084962
7308,2025-09,T1,physical assault,53.962526,-1.089105
7309,2025-09,T1,physical assault,53.959662,-1.081996
7310,2025-09,T1,physical assault,53.961067,-1.082827
7311,2025-09,T1,physical assault,53.961067,-1.082827
7312,2025-09,T1,physical assault,53.961067,-1.082827
7313,2025-09,T1,physical assault,53.961369,-1.085884
7314,2025-09,T1,physical assault,53.962582,-1.090506
7315,2025-09,T1,physical assault,53.959782,-1.083212
7316,2025-09,T1,physical assault,53.960122,-1.084517
7317,2025-09,T1,physical assault,53.960122,-1.084517
7318,2025-09,T1,physical assault,53.959662,-1.081996
7319,2025-09,T1,physical assault,53.959662,-1.081996
7320,2025-09,T1,physical assault,53.959662,-1.081996
7321,2025-09,T1,physical assault,53.957537,-1.083087
7322,2025-09,T1,physical assault,53.960122,-1.084517
7323,2025-09,T1,physical assault,53.959662,-1.081996
7324,2025-09,T1,physical assault,53.959662,-1.081996
7325,2025-09,T1,physical assault,53.960722,-1.081082
7326,2025-09,T1,physical assault,53.957537,-1.083087
7327,2025-09,T1,physical assault,53.961677,-1.084962
7328,2025-09,T1,physical assault,53.961369,-1.085884
7329,2025-09,T1,physical assault,53.960793,-1.084601
7330,2025-09,T1,physical assault,53.957868,-1.082866
7331,2025-09,T1,physical assault,53.961505,-1.088365
7332,2025-09,T1,physical assault,53.957537,-1.083087
7333,2025-09,T1,physical assault,53.961067,-1.082827
7334,2025-09,T1,suspicious activity,53.965454,-1.074713
7335,2025-09,T1,suspicious activity,53.965454,-1.074713
7336,2025-09,T1,vandalism,53.962177,-1.075136
7337,2025-09,T1,vandalism,53.960778,-1.079084
7338,2025-09,T1,vandalism,53.962177,-1.075136
7339,2025-09,T1,harassment,53.965454,-1.074713
7340,2025-09,T1,physical assault,53.965454,-1.074713
7341,2025-09,T1,physical assault,53.964749,-1.078768
7342,2025-09,T1,physical assault,53.964749,-1.078768
7343,2025-09,T1,suspicious activity,53.954128,-1.097014
7344,2025-09,T1,suspicious activity,53.951848,-1.089094
7345,2025-09,T1,suspicious activity,53.951281,-1.090173
7346,2025-09,T1,suspicious activity,53.953497,-1.090765
7347,2025-09,T1,suspicious activity,53.954804,-1.092428
7348,2025-09,T1,suspicious activity,53.953497,-1.090765
7349,2025-09,T1,suspicious activity,53.954264,-1.092378
7350,2025-09,T1,suspicious activity,53.952204,-1.085002
7351,2025-09,T1,suspicious activity,53.953497,-1.090765
7352,2025-09,T1,suspicious activity,53.953729,-1.091781
7353,2025-09,T1,suspicious activity,53.951995,-1.088313
7354,2025-09,T1,suspicious activity,53.951793,-1.08655
7355,2025-09,T1,suspicious activity,53.951281,-1.090173
7356,2025-09,T1,suspicious activity,53.954804,-1.092428
7357,2025-09,T1,suspicious activity,53.951281,-1.090173
7358,2025-09,T1,suspicious activity,53.954264,-1.092378
7359,2025-09,T1,suspicious activity,53.951684,-1.088747
7360,2025-09,T1,suspicious activity,53.951281,-1.090173
7361,2025-09,T1,suspicious activity,53.954621,-1.093194
7362,2025-09,T1,suspicious activity,53.953159,-1.086536
7363,2025-09,T1,suspicious activity,53.951281,-1.090173
7364,2025-09,T1,vandalism,53.951281,-1.090173
7365,2025-09,T1,vandalism,53.954804,-1.092428
7366,2025-09,T1,vandalism,53.951684,-1.088747
7367,2025-09,T1,vandalism,53.952733,-1.088374
7368,2025-09,T1,vandalism,53.951281,-1.090173
7369,2025-09,T1,vandalism,53.951684,-1.088747
7370,2025-09,T1,vandalism,53.954685,-1.095692
7371,2025-09,T1,physical assault,53.956259,-1.092335
7372,2025-09,T1,harassment,53.954621,-1.093194
7373,2025-09,T1,harassment,53.953497,-1.090765
7374,2025-09,T1,physical assault,53.952733,-1.088374
7375,2025-09,T1,physical assault,53.954685,-1.095692
7376,2025-09,T1,physical assault,53.954685,-1.095692
7377,2025-09,T1,physical assault,53.954621,-1.093194
7378,2025-09,T1,physical assault,53.952733,-1.088374
7379,2025-09,T1,physical assault,53.954128,-1.097014
7380,2025-09,T1,physical assault,53.954804,-1.092428
7381,2025-09,T1,physical assault,53.951281,-1.090173
7382,2025-09,T1,physical assault,53.952733,-1.088374
7383,2025-09,T1,physical assault,53.953497,-1.090765
7384,2025-09,T1,physical assault,53.954621,-1.093194
7385,2025-09,T1,physical assault,53.956259,-1.092335
7386,2025-09,T1,physical assault,53.951793,-1.08655
7387,2025-09,T1,suspicious activity,53.956372,-1.074106
7388,2025-09,T1,suspicious activity,53.959053,-1.079183
7389,2025-09,T1,suspicious activity,53.957344,-1.071981
7390,2025-09,T1,suspicious activity,53.954784,-1.073394
7391,2025-09,T1,suspicious activity,53.960274,-1.076595
7392,2025-09,T1,suspicious activity,53.956109,-1.071475
7393,2025-09,T1,suspicious activity,53.954973,-1.068788
7394,2025-09,T1,suspicious activity,53.956109,-1.071475
7395,2025-09,T1,vandalism,53.959068,-1.074092
7396,2025-09,T1,vandalism,53.958221,-1.067984
7397,2025-09,T1,harassment,53.9554,-1.072431
7398,2025-09,T1,harassment,53.9554,-1.072431
7399,2025-09,T1,harassment,53.956372,-1.074106
7400,2025-09,T1,physical assault,53.954973,-1.068788
7401,2025-09,T1,physical assault,53.957761,-1.072414
7402,2025-09,T1,physical assault,53.959798,-1.077871
7403,2025-09,T1,physical assault,53.960274,-1.076595
7404,2025-09,T1,physical assault,53.9554,-1.072431
7405,2025-09,T1,physical assault,53.9554,-1.072431
7406,2025-09,T1,physical assault,53.956067,-1.068398
7407,2025-09,T1,physical assault,53.960694,-1.075123
7408,2025-09,T1,physical assault,53.959068,-1.074092
7409,2025-09,T1,physical assault,53.95612,-1.067162
7410,2025-09,T1,physical assault,53.95612,-1.067162
7411,2025-09,T1,suspicious activity,53.958398,-1.092228
7412,2025-09,T1,suspicious activity,53.956767,-1.085832
7413,2025-09,T1,suspicious activity,53.958398,-1.092228
7414,2025-09,T1,suspicious activity,53.957273,-1.084983
7415,2025-09,T1,suspicious activity,53.959055,-1.087626
7416,2025-09,T1,suspicious activity,53.959055,-1.087626
7417,2025-09,T1,suspicious activity,53.953905,-1.081795
7418,2025-09,T1,suspicious activity,53.957273,-1.084983
7419,2025-09,T1,suspicious activity,53.957273,-1.084983
7420,2025-09,T1,suspicious activity,53.95615,-1.090996
7421,2025-09,T1,suspicious activity,53.956767,-1.085832
7422,2025-09,T1,suspicious activity,53.957273,-1.084983
7423,2025-09,T1,suspicious activity,53.957808,-1.086785
7424,2025-09,T1,suspicious activity,53.95615,-1.090996
7425,2025-09,T1,suspicious activity,53.957139,-1.088597
7426,2025-09,T1,suspicious activity,53.958398,-1.092228
7427,2025-09,T1,suspicious activity,53.957273,-1.084983
7428,2025-09,T1,suspicious activity,53.959055,-1.087626
7429,2025-09,T1,suspicious activity,53.957808,-1.086785
7430,2025-09,T1,suspicious activity,53.958732,-1.087694
7431,2025-09,T1,suspicious activity,53.95615,-1.090996
7432,2025-09,T1,suspicious activity,53.957831,-1.087409
7433,2025-09,T1,suspicious activity,53.96043,-1.091223
7434,2025-09,T1,suspicious activity,53.957273,-1.084983
7435,2025-09,T1,suspicious activity,53.95615,-1.090996
7436,2025-09,T1,suspicious activity,53.957808,-1.086785
7437,2025-09,T1,suspicious activity,53.96043,-1.091223
7438,2025-09,T1,vandalism,53.958791,-1.089552
7439,2025-09,T1,vandalism,53.957273,-1.084983
7440,2025-09,T1,harassment,53.96043,-1.091223
7441,2025-09,T1,robbery,53.958398,-1.092228
7442,2025-09,T1,physical assault,53.96043,-1.091223
7443,2025-09,T1,physical assault,53.957831,-1.087409
7444,2025-09,T1,physical assault,53.958732,-1.087694
7445,2025-09,T1,physical assault,53.956767,-1.085832
7446,2025-09,T1,physical assault,53.956767,-1.085832
7447,2025-09,T1,physical assault,53.957831,-1.087409
7448,2025-09,T1,physical assault,53.96043,-1.091223
7449,2025-09,T1,physical assault,53.956767,-1.085832
7450,2025-09,T1,physical assault,53.959155,-1.09023
7451,2025-09,T1,physical assault,53.96043,-1.091223
7452,2025-09,T1,physical assault,53.96043,-1.091223
7453,2025-09,T1,physical assault,53.96043,-1.091223
7454,2025-09,T1,physical assault,53.957273,-1.084983
7455,2025-09,T1,physical assault,53.957831,-1.087409
7456,2025-09,T1,physical assault,53.957273,-1.084983
7457,2025-09,T1,physical assault,53.958732,-1.087694
7458,2025-09,T1,physical assault,53.95615,-1.090996
7459,2025-09,T1,physical assault,53.959155,-1.09023
7460,2025-09,T1,physical assault,53.957273,-1.084983
7461,2025-09,T1,physical assault,53.957808,-1.086785
7462,2025-09,T1,physical assault,53.96043,-1.091223
7463,2025-09,T1,physical assault,53.958398,-1.092228
7464,2025-09,T1,physical assault,53.96043,-1.091223
7465,2025-09,T1,physical assault,53.957273,-1.084983
7466,2025-09,T1,physical assault,53.959055,-1.087626
7467,2025-09,T1,physical assault,53.96043,-1.091223
7468,2025-09,T1,physical assault,53.96043,-1.091223
7469,2025-09,T1,physical assault,53.96043,-1.091223
7470,2025-09,T1,physical assault,53.96043,-1.091223
7471,2025-09,T1,physical assault,53.957831,-1.087409
7472,2025-09,T1,physical assault,53.957831,-1.087409
7473,2025-09,T1,physical assault,53.96043,-1.091223
7474,2025-09,T1,physical assault,53.96043,-1.091223
7475,2025-09,T1,physical assault,53.958398,-1.092228
7476,2025-09,T1,suspicious activity,53.955952,-1.085012
7477,2025-09,T1,suspicious activity,53.955363,-1.08443
7478,2025-09,T1,suspicious activity,53.955363,-1.08443
7479,2025-09,T1,suspicious activity,53.955365,-1.083485
7480,2025-09,T1,suspicious activity,53.955363,-1.08443
7481,2025-09,T1,harassment,53.955365,-1.083485
7482,2025-09,T1,harassment,53.955365,-1.083485
7483,2025-09,T1,physical assault,53.95499,-1.086115
7484,2025-09,T1,physical assault,53.956813,-1.087157
7485,2025-09,T1,suspicious activity,53.957159,-1.078249
7486,2025-09,T1,suspicious activity,53.958346,-1.080242
7487,2025-09,T1,suspicious activity,53.954439,-1.077608
7488,2025-09,T1,suspicious activity,53.957862,-1.082339
7489,2025-09,T1,suspicious activity,53.954439,-1.077608
7490,2025-09,T1,suspicious activity,53.956944,-1.081896
7491,2025-09,T1,suspicious activity,53.956836,-1.079597
7492,2025-09,T1,suspicious activity,53.957319,-1.079175
7493,2025-09,T1,suspicious activity,53.957819,-1.079324
7494,2025-09,T1,suspicious activity,53.958919,-1.080451
7495,2025-09,T1,suspicious activity,53.958346,-1.080242
7496,2025-09,T1,suspicious activity,53.955888,-1.078993
7497,2025-09,T1,suspicious activity,53.958919,-1.080451
7498,2025-09,T1,suspicious activity,53.957,-1.075189
7499,2025-09,T1,suspicious activity,53.954439,-1.077608
7500,2025-09,T1,suspicious activity,53.955888,-1.078993
7501,2025-09,T1,suspicious activity,53.956569,-1.08224
7502,2025-09,T1,suspicious activity,53.957159,-1.078249
7503,2025-09,T1,suspicious activity,53.954439,-1.077608
7504,2025-09,T1,suspicious activity,53.957159,-1.078249
7505,2025-09,T1,suspicious activity,53.957819,-1.079324
7506,2025-09,T1,suspicious activity,53.958689,-1.0798
7507,2025-09,T1,suspicious activity,53.958346,-1.080242
7508,2025-09,T1,suspicious activity,53.959281,-1.084118
7509,2025-09,T1,suspicious activity,53.954925,-1.080036
7510,2025-09,T1,suspicious activity,53.954439,-1.077608
7511,2025-09,T1,suspicious activity,53.959281,-1.084118
7512,2025-09,T1,suspicious activity,53.958064,-1.08143
7513,2025-09,T1,suspicious activity,53.958919,-1.080451
7514,2025-09,T1,suspicious activity,53.958346,-1.080242
7515,2025-09,T1,suspicious activity,53.959281,-1.084118
7516,2025-09,T1,suspicious activity,53.957139,-1.076817
7517,2025-09,T1,suspicious activity,53.960121,-1.080058
7518,2025-09,T1,suspicious activity,53.956623,-1.077529
7519,2025-09,T1,suspicious activity,53.958689,-1.0798
7520,2025-09,T1,suspicious activity,53.957588,-1.080126
7521,2025-09,T1,suspicious activity,53.95728,-1.082376
7522,2025-09,T1,suspicious activity,53.957,-1.075189
7523,2025-09,T1,suspicious activity,53.959658,-1.080632
7524,2025-09,T1,suspicious activity,53.957862,-1.082339
7525,2025-09,T1,suspicious activity,53.959559,-1.075956
7526,2025-09,T1,vandalism,53.95823,-1.076092
7527,2025-09,T1,vandalism,53.95706,-1.080659
7528,2025-09,T1,physical assault,53.95728,-1.082376
7529,2025-09,T1,physical assault,53.959476,-1.080438
7530,2025-09,T1,harassment,53.95728,-1.082376
7531,2025-09,T1,harassment,53.959281,-1.084118
7532,2025-09,T1,harassment,53.958919,-1.080451
7533,2025-09,T1,harassment,53.954925,-1.080036
7534,2025-09,T1,harassment,53.959281,-1.084118
7535,2025-09,T1,harassment,53.954439,-1.077608
7536,2025-09,T1,harassment,53.959281,-1.084118
7537,2025-09,T1,harassment,53.958346,-1.080242
7538,2025-09,T1,harassment,53.954925,-1.080036
7539,2025-09,T1,harassment,53.957159,-1.078249
7540,2025-09,T1,harassment,53.957159,-1.078249
7541,2025-09,T1,robbery,53.955888,-1.078993
7542,2025-09,T1,robbery,53.95728,-1.082376
7543,2025-09,T1,robbery,53.95728,-1.082376
7544,2025-09,T1,robbery,53.95728,-1.082376
7545,2025-09,T1,robbery,53.957159,-1.078249
7546,2025-09,T1,physical assault,53.95728,-1.082376
7547,2025-09,T1,physical assault,53.958919,-1.080451
7548,2025-09,T1,physical assault,53.95728,-1.082376
7549,2025-09,T1,physical assault,53.959281,-1.084118
7550,2025-09,T1,physical assault,53.95728,-1.082376
7551,2025-09,T1,physical assault,53.95728,-1.082376
7552,2025-09,T1,physical assault,53.959476,-1.080438
7553,2025-09,T1,physical assault,53.95728,-1.082376
7554,2025-09,T1,physical assault,53.957862,-1.082339
7555,2025-09,T1,physical assault,53.95728,-1.082376
7556,2025-09,T1,physical assault,53.95728,-1.082376
7557,2025-09,T1,physical assault,53.958346,-1.080242
7558,2025-09,T1,physical assault,53.956904,-1.082507
7559,2025-09,T1,physical assault,53.956944,-1.081896
7560,2025-09,T1,physical assault,53.959281,-1.084118
7561,2025-09,T1,physical assault,53.95728,-1.082376
7562,2025-09,T1,physical assault,53.959281,-1.084118
7563,2025-09,T1,physical assault,53.957862,-1.082339
7564,2025-09,T1,physical assault,53.959476,-1.080438
7565,2025-09,T1,physical assault,53.957319,-1.079175
7566,2025-09,T1,physical assault,53.959281,-1.084118
7567,2025-09,T1,physical assault,53.959281,-1.084118
7568,2025-09,T1,physical assault,53.956851,-1.073348
7569,2025-09,T1,physical assault,53.959281,-1.084118
7570,2025-09,T1,physical assault,53.958919,-1.080451
7571,2025-09,T1,physical assault,53.959281,-1.084118
7572,2025-09,T1,physical assault,53.954439,-1.077608
7573,2025-09,T1,physical assault,53.954439,-1.077608
7574,2025-09,T1,physical assault,53.959281,-1.084118
7575,2025-09,T1,physical assault,53.956866,-1.08234
7576,2025-09,T1,physical assault,53.958919,-1.080451
7577,2025-09,T1,physical assault,53.959281,-1.084118
7578,2025-09,T1,physical assault,53.956754,-1.081702
7579,2025-09,T1,physical assault,53.957139,-1.076817
7580,2025-09,T1,physical assault,53.959281,-1.084118
7581,2025-09,T1,suspicious activity,53.964242,-1.0484
7582,2025-09,T1,suspicious activity,53.960178,-1.057287
7583,2025-09,T1,suspicious activity,53.965449,-1.049881
7584,2025-09,T1,suspicious activity,53.964242,-1.0484
7585,2025-09,T1,suspicious activity,53.964837,-1.051953
7586,2025-09,T1,suspicious activity,53.964242,-1.0484
7587,2025-09,T1,suspicious activity,53.964242,-1.0484
7588,2025-09,T1,suspicious activity,53.964837,-1.051953
7589,2025-09,T1,vandalism,53.965126,-1.047633
7590,2025-09,T1,physical assault,53.965666,-1.048855
7591,2025-09,T1,physical assault,53.961367,-1.050828
7592,2025-09,T1,physical assault,53.965449,-1.049881
7593,2025-09,T1,suspicious activity,53.950621,-1.037723
7594,2025-09,T1,suspicious activity,53.953803,-1.045575
7595,2025-09,T1,vandalism,53.950621,-1.037723
7596,2025-09,T1,harassment,53.951034,-1.039908
7597,2025-09,T1,harassment,53.953803,-1.045575
7598,2025-09,T1,physical assault,53.951034,-1.039908
7599,2025-09,T1,physical assault,53.950621,-1.037723
7600,2025-09,T1,physical assault,53.951034,-1.039908
7601,2025-09,T1,physical assault,53.950255,-1.044772
7602,2025-09,T1,suspicious activity,53.957998,-1.039733
7603,2025-09,T1,suspicious activity,53.960113,-1.044647
7604,2025-09,T1,suspicious activity,53.961284,-1.044809
7605,2025-09,T1,suspicious activity,53.960113,-1.044647
7606,2025-09,T1,suspicious activity,53.961523,-1.042121
7607,2025-09,T1,harassment,53.961523,-1.042121
7608,2025-09,T1,physical assault,53.962363,-1.040425
7609,2025-09,T1,physical assault,53.958482,-1.038411
7610,2025-09,T1,physical assault,53.95802,-1.043573
7611,2025-09,T1,suspicious activity,53.961232,-1.05423
7612,2025-09,T1,suspicious activity,53.961754,-1.056519
7613,2025-09,T1,physical assault,53.961362,-1.059318
7614,2025-09,T1,physical assault,53.960119,-1.05898
7615,2025-09,T1,suspicious activity,53.954726,-1.042963
7616,2025-09,T1,harassment,53.956999,-1.045181
7617,2025-09,T1,physical assault,53.956999,-1.045181
7618,2025-09,T1,physical assault,53.955176,-1.045345
7619,2025-09,T1,physical assault,53.956999,-1.045181
7620,2025-09,T1,physical assault,53.956999,-1.045181
7621,2025-09,T1,suspicious activity,53.958134,-1.056815
7622,2025-09,T1,suspicious activity,53.958459,-1.057824
7623,2025-09,T1,suspicious activity,53.956937,-1.054312
7624,2025-09,T1,suspicious activity,53.958447,-1.053241
7625,2025-09,T1,suspicious activity,53.958459,-1.057824
7626,2025-09,T1,suspicious activity,53.959125,-1.057173
7627,2025-09,T1,suspicious activity,53.958459,-1.057824
7628,2025-09,T1,suspicious activity,53.957905,-1.052827
7629,2025-09,T1,suspicious activity,53.956948,-1.0523
7630,2025-09,T1,vandalism,53.959125,-1.057173
7631,2025-09,T1,vandalism,53.956544,-1.06159
7632,2025-09,T1,vandalism,53.956238,-1.057091
7633,2025-09,T1,vandalism,53.956544,-1.06159
7634,2025-09,T1,vandalism,53.959125,-1.057173
7635,2025-09,T1,harassment,53.956544,-1.06159
7636,2025-09,T1,physical assault,53.956937,-1.054312
7637,2025-09,T1,physical assault,53.958459,-1.057824
7638,2025-09,T1,physical assault,53.956238,-1.057091
7639,2025-09,T1,physical assault,53.957632,-1.05582
7640,2025-09,T1,suspicious activity,53.955988,-1.059438
7641,2025-09,T1,vandalism,53.954735,-1.056678
7642,2025-09,T1,physical assault,53.956321,-1.062951
7643,2025-09,T1,harassment,53.955988,-1.059438
7644,2025-09,T1,physical assault,53.956321,-1.062951
7645,2025-09,T1,physical assault,53.956321,-1.062951
7646,2025-09,T1,physical assault,53.95514,-1.064791
7647,2025-09,T1,physical assault,53.956321,-1.062951
7648,2025-09,T1,physical assault,53.955988,-1.059438
7649,2025-09,T1,physical assault,53.956321,-1.062951
7650,2025-09,T1,robbery,53.959091,-1.049464
7651,2025-09,T1,physical assault,53.959202,-1.051466
7652,2025-09,T1,physical assault,53.95685,-1.04901
7653,2025-09,T1,physical assault,53.959202,-1.051466
7654,2025-09,T1,suspicious activity,53.952826,-1.047134
7655,2025-09,T1,suspicious activity,53.951606,-1.056474
7656,2025-09,T1,suspicious activity,53.954962,-1.052375
7657,2025-09,T1,suspicious activity,53.953478,-1.059144
7658,2025-09,T1,suspicious activity,53.953442,-1.054467
7659,2025-09,T1,vandalism,53.955286,-1.054146
7660,2025-09,T1,harassment,53.951264,-1.058722
7661,2025-09,T1,physical assault,53.954962,-1.052375
7662,2025-09,T1,physical assault,53.954403,-1.05446
7663,2025-09,T1,vandalism,53.960507,-1.114785
7664,2025-09,T1,physical assault,53.962287,-1.114747
7665,2025-09,T1,physical assault,53.960507,-1.114785
7666,2025-09,T1,physical assault,53.960507,-1.114785
7667,2025-09,T1,physical assault,53.961335,-1.113746
7668,2025-09,T1,suspicious activity,53.95807,-1.115873
7669,2025-09,T1,suspicious activity,53.95807,-1.115873
7670,2025-09,T1,suspicious activity,53.958393,-1.116963
7671,2025-09,T1,suspicious activity,53.95807,-1.115873
7672,2025-09,T1,suspicious activity,53.957517,-1.116372
7673,2025-09,T1,suspicious activity,53.957517,-1.116372
7674,2025-09,T1,vandalism,53.960586,-1.118212
7675,2025-09,T1,vandalism,53.95807,-1.115873
7676,2025-09,T1,vandalism,53.957517,-1.116372
7677,2025-09,T1,vandalism,53.960586,-1.118212
7678,2025-09,T1,harassment,53.958162,-1.118507
7679,2025-09,T1,harassment,53.958162,-1.118507
7680,2025-09,T1,physical assault,53.958162,-1.118507
7681,2025-09,T1,physical assault,53.958162,-1.118507
7682,2025-09,T1,physical assault,53.958393,-1.116963
7683,2025-09,T1,physical assault,53.958162,-1.118507
7684,2025-09,T1,physical assault,53.960586,-1.118212
7685,2025-09,T1,physical assault,53.958162,-1.118507
7686,2025-09,T1,suspicious activity,53.95513,-1.107127
7687,2025-09,T1,suspicious activity,53.95513,-1.107127
7688,2025-09,T1,vandalism,53.95513,-1.107127
7689,2025-09,T1,harassment,53.957339,-1.112962
7690,2025-09,T1,physical assault,53.95513,-1.107127
7691,2025-09,T1,physical assault,53.95513,-1.107127
7692,2025-09,T1,suspicious activity,53.95578,-1.119685
7693,2025-09,T1,suspicious activity,53.955363,-1.125394
7694,2025-09,T1,suspicious activity,53.952246,-1.126861
7695,2025-09,T1,suspicious activity,53.955006,-1.124472
7696,2025-09,T1,suspicious activity,53.955702,-1.125051
7697,2025-09,T1,suspicious activity,53.955363,-1.125394
7698,2025-09,T1,suspicious activity,53.951879,-1.120971
7699,2025-09,T1,suspicious activity,53.955788,-1.124486
7700,2025-09,T1,suspicious activity,53.955006,-1.124472
7701,2025-09,T1,suspicious activity,53.955363,-1.125394
7702,2025-09,T1,suspicious activity,53.955363,-1.125394
7703,2025-09,T1,suspicious activity,53.955363,-1.125394
7704,2025-09,T1,suspicious activity,53.955788,-1.124486
7705,2025-09,T1,vandalism,53.951879,-1.120971
7706,2025-09,T1,harassment,53.955363,-1.125394
7707,2025-09,T1,harassment,53.951451,-1.11903
7708,2025-09,T1,harassment,53.955363,-1.125394
7709,2025-09,T1,harassment,53.951879,-1.120971
7710,2025-09,T1,physical assault,53.955337,-1.121859
7711,2025-09,T1,suspicious activity,53.950359,-1.124478
7712,2025-09,T1,suspicious activity,53.950359,-1.124478
7713,2025-09,T1,vandalism,53.965239,-1.104472
7714,2025-09,T1,vandalism,53.963577,-1.103273
7715,2025-09,T1,harassment,53.963392,-1.104984
7716,2025-09,T1,physical assault,53.965424,-1.106327
7717,2025-09,T1,physical assault,53.964049,-1.106311
7718,2025-09,T1,physical assault,53.964387,-1.109459
7719,2025-09,T1,physical assault,53.96311,-1.102109
7720,2025-09,T1,physical assault,53.96311,-1.102109
7721,2025-09,T1,physical assault,53.966194,-1.105945
7722,2025-09,T1,suspicious activity,53.960507,-1.101494
7723,2025-09,T1,suspicious activity,53.962934,-1.108743
7724,2025-09,T1,suspicious activity,53.954564,-1.108404
7725,2025-09,T1,vandalism,53.961435,-1.101688
7726,2025-09,T1,physical assault,53.954365,-1.099859
7727,2025-09,T1,physical assault,53.962726,-1.107269
7728,2025-09,T1,physical assault,53.961435,-1.101688
7729,2025-09,T1,suspicious activity,53.953409,-1.100641
7730,2025-09,T1,vandalism,53.949297,-1.107251
7731,2025-09,T1,suspicious activity,53.950757,-1.087457
7732,2025-09,T1,suspicious activity,53.950757,-1.087457
7733,2025-09,T1,suspicious activity,53.953735,-1.092512
7734,2025-09,T1,suspicious activity,53.95015,-1.098639
7735,2025-09,T1,physical assault,53.952273,-1.095287
7736,2025-09,T1,suspicious activity,53.944104,-1.120861
7737,2025-09,T1,suspicious activity,53.947772,-1.118574
7738,2025-09,T1,suspicious activity,53.94629,-1.124898
7739,2025-09,T1,suspicious activity,53.947482,-1.120637
7740,2025-09,T1,suspicious activity,53.942931,-1.1264
7741,2025-09,T1,suspicious activity,53.947598,-1.119309
7742,2025-09,T1,suspicious activity,53.945307,-1.124431
7743,2025-09,T1,vandalism,53.947949,-1.121907
7744,2025-09,T1,vandalism,53.945307,-1.124431
7745,2025-09,T1,vandalism,53.947482,-1.120637
7746,2025-09,T1,harassment,53.948397,-1.122964
7747,2025-09,T1,harassment,53.947772,-1.118574
7748,2025-09,T1,robbery,53.944104,-1.120861
7749,2025-09,T1,robbery,53.947482,-1.120637
7750,2025-09,T1,physical assault,53.945307,-1.124431
7751,2025-09,T1,physical assault,53.948397,-1.122964
7752,2025-09,T1,physical assault,53.94629,-1.124898
7753,2025-09,T1,physical assault,53.948905,-1.127266
7754,2025-09,T1,physical assault,53.948905,-1.127266
7755,2025-09,T1,suspicious activity,53.940522,-1.060853
7756,2025-09,T1,suspicious activity,53.939165,-1.067799
7757,2025-09,T1,suspicious activity,53.939993,-1.062251
7758,2025-09,T1,physical assault,53.938629,-1.068238
7759,2025-09,T1,physical assault,53.945126,-1.074961
7760,2025-09,T1,physical assault,53.945126,-1.074961
7761,2025-09,T1,suspicious activity,53.938998,-1.081148
7762,2025-09,T1,suspicious activity,53.942275,-1.078288
7763,2025-09,T1,harassment,53.94649,-1.072405
7764,2025-09,T1,harassment,53.94649,-1.072405
7765,2025-09,T1,harassment,53.94649,-1.072405
7766,2025-09,T1,harassment,53.946614,-1.074596
7767,2025-09,T1,harassment,53.94649,-1.072405
7768,2025-09,T1,harassment,53.94649,-1.072405
7769,2025-09,T1,harassment,53.94649,-1.072405
7770,2025-09,T1,harassment,53.94649,-1.072405
7771,2025-09,T1,physical assault,53.94649,-1.072405
7772,2025-09,T1,physical assault,53.94693,-1.07593
7773,2025-09,T1,physical assault,53.946614,-1.074596
7774,2025-09,T1,physical assault,53.94649,-1.072405
7775,2025-09,T1,physical assault,53.946614,-1.074596
7776,2025-09,T1,physical assault,53.94649,-1.072405
7777,2025-09,T1,physical assault,53.946614,-1.074596
7778,2025-09,T1,physical assault,53.946614,-1.074596
7779,2025-09,T1,physical assault,53.946614,-1.074596
7780,2025-09,T1,physical assault,53.946614,-1.074596
7781,2025-09,T1,physical assault,53.94693,-1.07593
7782,2025-09,T1,physical assault,53.943681,-1.075316
7783,2025-09,T1,physical assault,53.946614,-1.074596
7784,2025-09,T1,suspicious activity,53.95192,-1.061888
7785,2025-09,T1,suspicious activity,53.953574,-1.063348
7786,2025-09,T1,suspicious activity,53.954522,-1.069651
7787,2025-09,T1,suspicious activity,53.95405,-1.059787
7788,2025-09,T1,suspicious activity,53.951487,-1.06885
7789,2025-09,T1,suspicious activity,53.95405,-1.059787
7790,2025-09,T1,vandalism,53.95405,-1.059787
7791,2025-09,T1,harassment,53.952753,-1.067527
7792,2025-09,T1,physical assault,53.952815,-1.060531
7793,2025-09,T1,physical assault,53.952753,-1.067527
7794,2025-09,T1,physical assault,53.953574,-1.063348
7795,2025-09,T1,suspicious activity,53.952934,-1.071271
7796,2025-09,T1,suspicious activity,53.952438,-1.07334
7797,2025-09,T1,suspicious activity,53.950939,-1.077137
7798,2025-09,T1,vandalism,53.952438,-1.07334
7799,2025-09,T1,vandalism,53.953663,-1.076771
7800,2025-09,T1,harassment,53.952438,-1.07334
7801,2025-09,T1,physical assault,53.952774,-1.076191
7802,2025-09,T1,physical assault,53.952628,-1.069998
7803,2025-09,T1,physical assault,53.952774,-1.076191
7804,2025-09,T1,physical assault,53.952774,-1.076191
7805,2025-09,T1,physical assault,53.953663,-1.076771
7806,2025-09,T1,physical assault,53.952628,-1.069998
7807,2025-09,T1,suspicious activity,53.950735,-1.082109
7808,2025-09,T1,suspicious activity,53.950625,-1.084199
7809,2025-09,T1,suspicious activity,53.948497,-1.081744
7810,2025-09,T1,suspicious activity,53.951044,-1.082589
7811,2025-09,T1,suspicious activity,53.95148,-1.085536
7812,2025-09,T1,suspicious activity,53.952212,-1.080171
7813,2025-09,T1,suspicious activity,53.948497,-1.081744
7814,2025-09,T1,suspicious activity,53.950088,-1.083403
7815,2025-09,T1,suspicious activity,53.950625,-1.084199
7816,2025-09,T1,suspicious activity,53.950625,-1.084199
7817,2025-09,T1,suspicious activity,53.950625,-1.084199
7818,2025-09,T1,suspicious activity,53.952103,-1.083618
7819,2025-09,T1,vandalism,53.950088,-1.083403
7820,2025-09,T1,vandalism,53.948497,-1.081744
7821,2025-09,T1,harassment,53.949575,-1.079711
7822,2025-09,T1,harassment,53.95148,-1.085536
7823,2025-09,T1,physical assault,53.95148,-1.085536
7824,2025-09,T1,physical assault,53.952103,-1.083618
7825,2025-09,T1,physical assault,53.949575,-1.079711
7826,2025-09,T1,physical assault,53.952103,-1.083618
7827,2025-09,T1,physical assault,53.951701,-1.08384
7828,2025-09,T1,harassment,53.932133,-1.106429
7829,2025-09,T1,physical assault,53.93959,-1.104747
7830,2025-09,T1,physical assault,53.932422,-1.109104
7831,2025-09,T1,suspicious activity,53.942262,-1.112429
7832,2025-09,T1,suspicious activity,53.941067,-1.106406
7833,2025-09,T1,harassment,53.940592,-1.113866
7834,2025-09,T1,physical assault,53.942262,-1.112429
7835,2025-09,T1,physical assault,53.942288,-1.106167
7836,2025-09,T1,suspicious activity,53.948118,-1.092573
7837,2025-09,T1,suspicious activity,53.947624,-1.093787
7838,2025-09,T1,harassment,53.945959,-1.092345
7839,2025-09,T1,physical assault,53.942659,-1.089812
7840,2025-09,T1,physical assault,53.942659,-1.089812
7841,2025-09,T1,suspicious activity,53.945119,-1.082553
7842,2025-09,T1,suspicious activity,53.945119,-1.082553
7843,2025-09,T1,suspicious activity,53.945119,-1.082553
7844,2025-09,T1,suspicious activity,53.945119,-1.082553
7845,2025-09,T1,vandalism,53.945119,-1.082553
7846,2025-09,T1,harassment,53.945119,-1.082553
7847,2025-09,T1,physical assault,53.94537,-1.089342
7848,2025-09,T1,physical assault,53.94537,-1.089342
7849,2025-09,T1,suspicious activity,53.939429,-1.120715
7850,2025-09,T1,harassment,53.938171,-1.120726
7851,2025-09,T1,harassment,53.939429,-1.120715
7852,2025-09,T1,physical assault,53.938171,-1.120726
7853,2025-09,T1,physical assault,53.938171,-1.120726
7854,2025-09,T1,physical assault,53.939429,-1.120715
7855,2025-09,T1,physical assault,53.939429,-1.120715
7856,2025-09,T1,physical assault,53.938901,-1.121
7857,2025-09,T1,suspicious activity,53.933561,-1.120915
7858,2025-09,T1,suspicious activity,53.934434,-1.125938
7859,2025-09,T1,suspicious activity,53.933561,-1.120915
7860,2025-09,T1,robbery,53.937061,-1.123872
7861,2025-09,T1,physical assault,53.936823,-1.126985
7862,2025-09,T1,suspicious activity,53.939903,-1.119167
7863,2025-09,T1,physical assault,53.940861,-1.118628
7864,2025-09,T1,suspicious activity,53.94592,-1.045572
7865,2025-09,T1,suspicious activity,53.948815,-1.052454
7866,2025-09,T1,suspicious activity,53.950628,-1.050135
7867,2025-09,T1,suspicious activity,53.94592,-1.045572
7868,2025-09,T1,suspicious activity,53.944068,-1.05119
7869,2025-09,T1,suspicious activity,53.948815,-1.052454
7870,2025-09,T1,suspicious activity,53.941189,-1.042953
7871,2025-09,T1,harassment,53.94432,-1.041068
7872,2025-09,T1,physical assault,53.943256,-1.042892
7873,2025-09,T1,physical assault,53.946777,-1.048234
7874,2025-09,T1,physical assault,53.948815,-1.052454
7875,2025-09,T1,suspicious activity,53.937207,-1.06798
7876,2025-09,T1,suspicious activity,53.93441,-1.064443
7877,2025-09,T1,suspicious activity,53.937426,-1.064989
7878,2025-09,T1,physical assault,53.933297,-1.068021
7879,2025-09,T1,physical assault,53.933297,-1.068021
7880,2025-09,T1,physical assault,53.934797,-1.062119
7881,2025-09,T1,physical assault,53.934797,-1.062119
7882,2025-09,T1,vandalism,53.933415,-1.070486
7883,2025-09,T1,physical assault,53.933415,-1.070486
7884,2025-10,T1,suspicious activity,53.98496,-1.063285
7885,2025-10,T1,suspicious activity,53.98496,-1.063285
7886,2025-10,T1,physical assault,53.983807,-1.067611
7887,2025-10,T1,physical assault,53.98496,-1.063285
7888,2025-10,T1,physical assault,53.982887,-1.061471
7889,2025-10,T1,physical assault,53.983807,-1.067611
7890,2025-10,T1,suspicious activity,53.979349,-1.069983
7891,2025-10,T1,suspicious activity,53.979349,-1.069983
7892,2025-10,T1,suspicious activity,53.979541,-1.066929
7893,2025-10,T1,suspicious activity,53.979349,-1.069983
7894,2025-10,T1,vandalism,53.979101,-1.069241
7895,2025-10,T1,vandalism,53.979101,-1.069241
7896,2025-10,T1,harassment,53.979349,-1.069983
7897,2025-10,T1,physical assault,53.982475,-1.060413
7898,2025-10,T1,physical assault,53.982475,-1.060413
7899,2025-10,T1,physical assault,53.979349,-1.069983
7900,2025-10,T1,physical assault,53.979349,-1.069983
7901,2025-10,T1,suspicious activity,53.98508,-1.048282
7902,2025-10,T1,suspicious activity,53.982568,-1.051993
7903,2025-10,T1,suspicious activity,53.982568,-1.051993
7904,2025-10,T1,suspicious activity,53.982568,-1.051993
7905,2025-10,T1,suspicious activity,53.9835,-1.049362
7906,2025-10,T1,suspicious activity,53.982568,-1.051993
7907,2025-10,T1,suspicious activity,53.982568,-1.051993
7908,2025-10,T1,suspicious activity,53.982568,-1.051993
7909,2025-10,T1,suspicious activity,53.982568,-1.051993
7910,2025-10,T1,suspicious activity,53.982568,-1.051993
7911,2025-10,T1,suspicious activity,53.982568,-1.051993
7912,2025-10,T1,vandalism,53.982568,-1.051993
7913,2025-10,T1,vandalism,53.982568,-1.051993
7914,2025-10,T1,harassment,53.982728,-1.048285
7915,2025-10,T1,physical assault,53.98508,-1.048282
7916,2025-10,T1,physical assault,53.982568,-1.051993
7917,2025-10,T1,physical assault,53.98508,-1.048282
7918,2025-10,T1,suspicious activity,53.977458,-1.09654
7919,2025-10,T1,suspicious activity,53.977675,-1.094386
7920,2025-10,T1,vandalism,53.974178,-1.097861
7921,2025-10,T1,suspicious activity,53.983763,-1.095509
7922,2025-10,T1,suspicious activity,53.983763,-1.095509
7923,2025-10,T1,vandalism,53.981228,-1.093561
7924,2025-10,T1,physical assault,53.983595,-1.098741
7925,2025-10,T1,physical assault,53.982241,-1.096757
7926,2025-10,T1,physical assault,53.984013,-1.099326
7927,2025-10,T1,physical assault,53.98283,-1.101029
7928,2025-10,T1,suspicious activity,53.976629,-1.101163
7929,2025-10,T1,harassment,53.976629,-1.101163
7930,2025-10,T1,physical assault,53.976629,-1.101163
7931,2025-10,T1,physical assault,53.976629,-1.101163
7932,2025-10,T1,suspicious activity,53.965061,-1.091458
7933,2025-10,T1,suspicious activity,53.965061,-1.091458
7934,2025-10,T1,suspicious activity,53.964506,-1.090586
7935,2025-10,T1,physical assault,53.965061,-1.091458
7936,2025-10,T1,physical assault,53.965061,-1.091458
7937,2025-10,T1,suspicious activity,53.969049,-1.097088
7938,2025-10,T1,suspicious activity,53.967519,-1.101649
7939,2025-10,T1,suspicious activity,53.970403,-1.101419
7940,2025-10,T1,vandalism,53.967342,-1.096027
7941,2025-10,T1,vandalism,53.967244,-1.09856
7942,2025-10,T1,vandalism,53.968557,-1.095025
7943,2025-10,T1,vandalism,53.969307,-1.095558
7944,2025-10,T1,vandalism,53.967724,-1.100211
7945,2025-10,T1,vandalism,53.967519,-1.101649
7946,2025-10,T1,vandalism,53.967519,-1.101649
7947,2025-10,T1,harassment,53.968507,-1.099112
7948,2025-10,T1,physical assault,53.969049,-1.097088
7949,2025-10,T1,physical assault,53.967244,-1.09856
7950,2025-10,T1,harassment,53.984813,-1.102893
7951,2025-10,T1,vandalism,53.978738,-1.106698
7952,2025-10,T1,suspicious activity,53.968002,-1.05389
7953,2025-10,T1,physical assault,53.9669,-1.055087
7954,2025-10,T1,suspicious activity,53.965686,-1.060562
7955,2025-10,T1,suspicious activity,53.965825,-1.066869
7956,2025-10,T1,harassment,53.966353,-1.064297
7957,2025-10,T1,physical assault,53.96606,-1.065812
7958,2025-10,T1,physical assault,53.966233,-1.064939
7959,2025-10,T1,vandalism,53.97811,-1.059733
7960,2025-10,T1,physical assault,53.978121,-1.062234
7961,2025-10,T1,physical assault,53.976668,-1.059156
7962,2025-10,T1,vandalism,53.975175,-1.052283
7963,2025-10,T1,suspicious activity,53.969333,-1.083514
7964,2025-10,T1,suspicious activity,53.968952,-1.084285
7965,2025-10,T1,suspicious activity,53.968952,-1.084285
7966,2025-10,T1,vandalism,53.968952,-1.084285
7967,2025-10,T1,harassment,53.968952,-1.084285
7968,2025-10,T1,harassment,53.968952,-1.084285
7969,2025-10,T1,harassment,53.968952,-1.084285
7970,2025-10,T1,harassment,53.968952,-1.084285
7971,2025-10,T1,physical assault,53.969333,-1.083514
7972,2025-10,T1,physical assault,53.969333,-1.083514
7973,2025-10,T1,physical assault,53.970572,-1.079813
7974,2025-10,T1,physical assault,53.968952,-1.084285
7975,2025-10,T1,physical assault,53.968952,-1.084285
7976,2025-10,T1,physical assault,53.972301,-1.081498
7977,2025-10,T1,physical assault,53.970572,-1.079813
7978,2025-10,T1,physical assault,53.968952,-1.084285
7979,2025-10,T1,physical assault,53.968952,-1.084285
7980,2025-10,T1,physical assault,53.970504,-1.079189
7981,2025-10,T1,physical assault,53.969333,-1.083514
7982,2025-10,T1,physical assault,53.968952,-1.084285
7983,2025-10,T1,physical assault,53.972301,-1.081498
7984,2025-10,T1,physical assault,53.969333,-1.083514
7985,2025-10,T1,physical assault,53.969333,-1.083514
7986,2025-10,T1,physical assault,53.969333,-1.083514
7987,2025-10,T1,physical assault,53.969333,-1.083514
7988,2025-10,T1,suspicious activity,53.974162,-1.084994
7989,2025-10,T1,suspicious activity,53.969599,-1.086603
7990,2025-10,T1,suspicious activity,53.970912,-1.090264
7991,2025-10,T1,vandalism,53.973443,-1.088623
7992,2025-10,T1,vandalism,53.974162,-1.084994
7993,2025-10,T1,physical assault,53.973443,-1.088623
7994,2025-10,T1,suspicious activity,53.973887,-1.091464
7995,2025-10,T1,suspicious activity,53.975407,-1.086888
7996,2025-10,T1,suspicious activity,53.973404,-1.089432
7997,2025-10,T1,physical assault,53.973887,-1.091464
7998,2025-10,T1,physical assault,53.974117,-1.089752
7999,2025-10,T1,physical assault,53.974117,-1.089752
8000,2025-10,T1,suspicious activity,53.977102,-1.092294
8001,2025-10,T1,suspicious activity,53.975967,-1.094316
8002,2025-10,T1,suspicious activity,53.975967,-1.094316
8003,2025-10,T1,physical assault,53.977102,-1.092294
8004,2025-10,T1,physical assault,53.977102,-1.092294
8005,2025-10,T1,physical assault,53.977102,-1.092294
8006,2025-10,T1,physical assault,53.975967,-1.094316
8007,2025-10,T1,suspicious activity,53.976532,-1.088251
8008,2025-10,T1,suspicious activity,53.976532,-1.088251
8009,2025-10,T1,suspicious activity,53.976532,-1.088251
8010,2025-10,T1,suspicious activity,53.976532,-1.088251
8011,2025-10,T1,suspicious activity,53.976532,-1.088251
8012,2025-10,T1,vandalism,53.976532,-1.088251
8013,2025-10,T1,vandalism,53.979806,-1.085007
8014,2025-10,T1,harassment,53.976532,-1.088251
8015,2025-10,T1,harassment,53.976532,-1.088251
8016,2025-10,T1,physical assault,53.976532,-1.088251
8017,2025-10,T1,physical assault,53.976082,-1.083366
8018,2025-10,T1,physical assault,53.976532,-1.088251
8019,2025-10,T1,physical assault,53.979806,-1.085007
8020,2025-10,T1,physical assault,53.976532,-1.088251
8021,2025-10,T1,physical assault,53.976189,-1.084446
8022,2025-10,T1,suspicious activity,53.972367,-1.074788
8023,2025-10,T1,suspicious activity,53.971603,-1.077168
8024,2025-10,T1,suspicious activity,53.972975,-1.081468
8025,2025-10,T1,suspicious activity,53.974701,-1.075575
8026,2025-10,T1,suspicious activity,53.973344,-1.079127
8027,2025-10,T1,suspicious activity,53.972975,-1.081468
8028,2025-10,T1,suspicious activity,53.972975,-1.081468
8029,2025-10,T1,suspicious activity,53.970969,-1.074179
8030,2025-10,T1,vandalism,53.972975,-1.081468
8031,2025-10,T1,vandalism,53.97316,-1.077362
8032,2025-10,T1,vandalism,53.97316,-1.077362
8033,2025-10,T1,vandalism,53.972694,-1.072875
8034,2025-10,T1,harassment,53.972258,-1.078129
8035,2025-10,T1,physical assault,53.973344,-1.079127
8036,2025-10,T1,physical assault,53.972694,-1.072875
8037,2025-10,T1,physical assault,53.972258,-1.078129
8038,2025-10,T1,physical assault,53.970918,-1.075735
8039,2025-10,T1,suspicious activity,53.968743,-1.079228
8040,2025-10,T1,suspicious activity,53.969984,-1.077051
8041,2025-10,T1,suspicious activity,53.968368,-1.074892
8042,2025-10,T1,suspicious activity,53.968213,-1.07924
8043,2025-10,T1,vandalism,53.968106,-1.073571
8044,2025-10,T1,vandalism,53.968182,-1.077579
8045,2025-10,T1,suspicious activity,53.966424,-1.06992
8046,2025-10,T1,physical assault,53.970504,-1.069829
8047,2025-10,T1,physical assault,53.968138,-1.066132
8048,2025-10,T1,physical assault,53.970844,-1.071925
8049,2025-10,T1,physical assault,53.970504,-1.069829
8050,2025-10,T1,suspicious activity,53.959725,-1.071913
8051,2025-10,T1,suspicious activity,53.964689,-1.067504
8052,2025-10,T1,suspicious activity,53.959688,-1.070588
8053,2025-10,T1,suspicious activity,53.962786,-1.071388
8054,2025-10,T1,suspicious activity,53.962786,-1.071388
8055,2025-10,T1,suspicious activity,53.959688,-1.070588
8056,2025-10,T1,suspicious activity,53.964689,-1.067504
8057,2025-10,T1,suspicious activity,53.962508,-1.063377
8058,2025-10,T1,suspicious activity,53.963874,-1.058632
8059,2025-10,T1,suspicious activity,53.964689,-1.067504
8060,2025-10,T1,suspicious activity,53.959725,-1.071913
8061,2025-10,T1,suspicious activity,53.959688,-1.070588
8062,2025-10,T1,suspicious activity,53.964689,-1.067504
8063,2025-10,T1,suspicious activity,53.96274,-1.072425
8064,2025-10,T1,suspicious activity,53.960859,-1.070836
8065,2025-10,T1,vandalism,53.962387,-1.05931
8066,2025-10,T1,vandalism,53.961624,-1.067588
8067,2025-10,T1,physical assault,53.963012,-1.065713
8068,2025-10,T1,harassment,53.962448,-1.068316
8069,2025-10,T1,physical assault,53.962508,-1.063377
8070,2025-10,T1,physical assault,53.96177,-1.064414
8071,2025-10,T1,physical assault,53.96177,-1.064414
8072,2025-10,T1,physical assault,53.963874,-1.058632
8073,2025-10,T1,physical assault,53.963012,-1.065713
8074,2025-10,T1,physical assault,53.96177,-1.064414
8075,2025-10,T1,physical assault,53.961624,-1.067588
8076,2025-10,T1,physical assault,53.962448,-1.068316
8077,2025-10,T1,physical assault,53.96177,-1.064414
8078,2025-10,T1,physical assault,53.962786,-1.071388
8079,2025-10,T1,physical assault,53.964689,-1.067504
8080,2025-10,T1,suspicious activity,53.975807,-1.068689
8081,2025-10,T1,suspicious activity,53.975807,-1.068689
8082,2025-10,T1,harassment,53.977258,-1.06916
8083,2025-10,T1,physical assault,53.962838,-1.126304
8084,2025-10,T1,suspicious activity,53.956131,-1.127146
8085,2025-10,T1,suspicious activity,53.956131,-1.127146
8086,2025-10,T1,physical assault,53.956131,-1.127146
8087,2025-10,T1,physical assault,53.960924,-1.125125
8088,2025-10,T1,physical assault,53.967842,-1.125864
8089,2025-10,T1,suspicious activity,53.964065,-1.118261
8090,2025-10,T1,suspicious activity,53.964065,-1.118261
8091,2025-10,T1,suspicious activity,53.964294,-1.116366
8092,2025-10,T1,suspicious activity,53.964065,-1.118261
8093,2025-10,T1,suspicious activity,53.967299,-1.119184
8094,2025-10,T1,suspicious activity,53.964065,-1.118261
8095,2025-10,T1,suspicious activity,53.964065,-1.118261
8096,2025-10,T1,suspicious activity,53.964065,-1.118261
8097,2025-10,T1,vandalism,53.958925,-1.123277
8098,2025-10,T1,vandalism,53.958925,-1.123277
8099,2025-10,T1,physical assault,53.96509,-1.108621
8100,2025-10,T1,physical assault,53.96509,-1.108621
8101,2025-10,T1,physical assault,53.96221,-1.121455
8102,2025-10,T1,physical assault,53.964065,-1.118261
8103,2025-10,T1,physical assault,53.961181,-1.120898
8104,2025-10,T1,physical assault,53.958925,-1.123277
8105,2025-10,T1,physical assault,53.964065,-1.118261
8106,2025-10,T1,suspicious activity,53.960387,-1.085585
8107,2025-10,T1,suspicious activity,53.968124,-1.081757
8108,2025-10,T1,suspicious activity,53.968124,-1.081757
8109,2025-10,T1,suspicious activity,53.962948,-1.085422
8110,2025-10,T1,suspicious activity,53.967163,-1.079446
8111,2025-10,T1,suspicious activity,53.959782,-1.083212
8112,2025-10,T1,suspicious activity,53.966468,-1.079095
8113,2025-10,T1,suspicious activity,53.960122,-1.084517
8114,2025-10,T1,suspicious activity,53.959662,-1.081996
8115,2025-10,T1,suspicious activity,53.960122,-1.084517
8116,2025-10,T1,suspicious activity,53.962239,-1.085545
8117,2025-10,T1,suspicious activity,53.965236,-1.083726
8118,2025-10,T1,suspicious activity,53.959662,-1.081996
8119,2025-10,T1,suspicious activity,53.967163,-1.079446
8120,2025-10,T1,suspicious activity,53.958528,-1.083246
8121,2025-10,T1,suspicious activity,53.961611,-1.079797
8122,2025-10,T1,suspicious activity,53.967202,-1.081046
8123,2025-10,T1,suspicious activity,53.958528,-1.083246
8124,2025-10,T1,suspicious activity,53.960793,-1.084601
8125,2025-10,T1,suspicious activity,53.960793,-1.084601
8126,2025-10,T1,suspicious activity,53.960722,-1.081082
8127,2025-10,T1,suspicious activity,53.960122,-1.084517
8128,2025-10,T1,suspicious activity,53.958528,-1.083246
8129,2025-10,T1,suspicious activity,53.966468,-1.079095
8130,2025-10,T1,suspicious activity,53.961677,-1.084962
8131,2025-10,T1,suspicious activity,53.959662,-1.081996
8132,2025-10,T1,suspicious activity,53.959782,-1.083212
8133,2025-10,T1,suspicious activity,53.960793,-1.084601
8134,2025-10,T1,suspicious activity,53.966468,-1.079095
8135,2025-10,T1,suspicious activity,53.960122,-1.084517
8136,2025-10,T1,suspicious activity,53.960387,-1.085585
8137,2025-10,T1,suspicious activity,53.958528,-1.083246
8138,2025-10,T1,suspicious activity,53.960793,-1.084601
8139,2025-10,T1,suspicious activity,53.959662,-1.081996
8140,2025-10,T1,suspicious activity,53.960793,-1.084601
8141,2025-10,T1,suspicious activity,53.961611,-1.079797
8142,2025-10,T1,vandalism,53.957537,-1.083087
8143,2025-10,T1,vandalism,53.961677,-1.084962
8144,2025-10,T1,vandalism,53.965236,-1.083726
8145,2025-10,T1,vandalism,53.966468,-1.079095
8146,2025-10,T1,vandalism,53.962669,-1.080749
8147,2025-10,T1,harassment,53.960387,-1.085585
8148,2025-10,T1,harassment,53.96114,-1.081758
8149,2025-10,T1,harassment,53.966683,-1.082505
8150,2025-10,T1,harassment,53.962669,-1.080749
8151,2025-10,T1,harassment,53.960122,-1.084517
8152,2025-10,T1,harassment,53.958528,-1.083246
8153,2025-10,T1,harassment,53.967163,-1.079446
8154,2025-10,T1,harassment,53.958528,-1.083246
8155,2025-10,T1,physical assault,53.965236,-1.083726
8156,2025-10,T1,physical assault,53.958528,-1.083246
8157,2025-10,T1,physical assault,53.959662,-1.081996
8158,2025-10,T1,physical assault,53.957537,-1.083087
8159,2025-10,T1,physical assault,53.958528,-1.083246
8160,2025-10,T1,physical assault,53.957537,-1.083087
8161,2025-10,T1,physical assault,53.957537,-1.083087
8162,2025-10,T1,physical assault,53.957537,-1.083087
8163,2025-10,T1,physical assault,53.961677,-1.084962
8164,2025-10,T1,physical assault,53.960122,-1.084517
8165,2025-10,T1,physical assault,53.957537,-1.083087
8166,2025-10,T1,physical assault,53.957537,-1.083087
8167,2025-10,T1,physical assault,53.961677,-1.084962
8168,2025-10,T1,physical assault,53.960122,-1.084517
8169,2025-10,T1,physical assault,53.957537,-1.083087
8170,2025-10,T1,physical assault,53.965236,-1.083726
8171,2025-10,T1,physical assault,53.964249,-1.08512
8172,2025-10,T1,physical assault,53.964249,-1.08512
8173,2025-10,T1,physical assault,53.968124,-1.081757
8174,2025-10,T1,physical assault,53.966468,-1.079095
8175,2025-10,T1,physical assault,53.966683,-1.082505
8176,2025-10,T1,physical assault,53.965236,-1.083726
8177,2025-10,T1,physical assault,53.959662,-1.081996
8178,2025-10,T1,physical assault,53.958528,-1.083246
8179,2025-10,T1,physical assault,53.961677,-1.084962
8180,2025-10,T1,physical assault,53.962239,-1.085545
8181,2025-10,T1,physical assault,53.962239,-1.085545
8182,2025-10,T1,physical assault,53.960122,-1.084517
8183,2025-10,T1,physical assault,53.959662,-1.081996
8184,2025-10,T1,physical assault,53.961067,-1.082827
8185,2025-10,T1,physical assault,53.966683,-1.082505
8186,2025-10,T1,physical assault,53.959662,-1.081996
8187,2025-10,T1,physical assault,53.960793,-1.084601
8188,2025-10,T1,physical assault,53.966683,-1.082505
8189,2025-10,T1,physical assault,53.962582,-1.090506
8190,2025-10,T1,physical assault,53.959662,-1.081996
8191,2025-10,T1,physical assault,53.960387,-1.085585
8192,2025-10,T1,physical assault,53.960387,-1.085585
8193,2025-10,T1,physical assault,53.960793,-1.084601
8194,2025-10,T1,physical assault,53.962478,-1.083939
8195,2025-10,T1,suspicious activity,53.965496,-1.076647
8196,2025-10,T1,suspicious activity,53.96256,-1.079364
8197,2025-10,T1,suspicious activity,53.961242,-1.077488
8198,2025-10,T1,suspicious activity,53.962781,-1.078902
8199,2025-10,T1,suspicious activity,53.961524,-1.075501
8200,2025-10,T1,suspicious activity,53.96619,-1.07683
8201,2025-10,T1,suspicious activity,53.960714,-1.078856
8202,2025-10,T1,suspicious activity,53.96256,-1.079364
8203,2025-10,T1,vandalism,53.965454,-1.074713
8204,2025-10,T1,harassment,53.96129,-1.078996
8205,2025-10,T1,physical assault,53.962781,-1.078902
8206,2025-10,T1,physical assault,53.96619,-1.07683
8207,2025-10,T1,physical assault,53.964749,-1.078768
8208,2025-10,T1,physical assault,53.963636,-1.076673
8209,2025-10,T1,physical assault,53.966575,-1.077782
8210,2025-10,T1,physical assault,53.962781,-1.078902
8211,2025-10,T1,physical assault,53.965027,-1.075255
8212,2025-10,T1,physical assault,53.965454,-1.074713
8213,2025-10,T1,physical assault,53.96619,-1.07683
8214,2025-10,T1,suspicious activity,53.954621,-1.093194
8215,2025-10,T1,suspicious activity,53.952787,-1.086026
8216,2025-10,T1,suspicious activity,53.952204,-1.085002
8217,2025-10,T1,suspicious activity,53.954621,-1.093194
8218,2025-10,T1,suspicious activity,53.954621,-1.093194
8219,2025-10,T1,suspicious activity,53.954621,-1.093194
8220,2025-10,T1,suspicious activity,53.954621,-1.093194
8221,2025-10,T1,suspicious activity,53.953729,-1.091781
8222,2025-10,T1,suspicious activity,53.952204,-1.085002
8223,2025-10,T1,suspicious activity,53.954621,-1.093194
8224,2025-10,T1,suspicious activity,53.954621,-1.093194
8225,2025-10,T1,suspicious activity,53.953159,-1.086536
8226,2025-10,T1,suspicious activity,53.954621,-1.093194
8227,2025-10,T1,suspicious activity,53.954621,-1.093194
8228,2025-10,T1,suspicious activity,53.954621,-1.093194
8229,2025-10,T1,suspicious activity,53.954804,-1.092428
8230,2025-10,T1,suspicious activity,53.954621,-1.093194
8231,2025-10,T1,suspicious activity,53.954264,-1.092378
8232,2025-10,T1,suspicious activity,53.953426,-1.087337
8233,2025-10,T1,suspicious activity,53.954804,-1.092428
8234,2025-10,T1,suspicious activity,53.952204,-1.085002
8235,2025-10,T1,suspicious activity,53.952204,-1.085002
8236,2025-10,T1,suspicious activity,53.954804,-1.092428
8237,2025-10,T1,vandalism,53.951281,-1.090173
8238,2025-10,T1,vandalism,53.954903,-1.093629
8239,2025-10,T1,vandalism,53.951281,-1.090173
8240,2025-10,T1,vandalism,53.953729,-1.091781
8241,2025-10,T1,vandalism,53.951281,-1.090173
8242,2025-10,T1,vandalism,53.954264,-1.092378
8243,2025-10,T1,vandalism,53.951281,-1.090173
8244,2025-10,T1,vandalism,53.951281,-1.090173
8245,2025-10,T1,harassment,53.954128,-1.097014
8246,2025-10,T1,robbery,53.954621,-1.093194
8247,2025-10,T1,physical assault,53.954621,-1.093194
8248,2025-10,T1,physical assault,53.954128,-1.097014
8249,2025-10,T1,physical assault,53.954128,-1.097014
8250,2025-10,T1,physical assault,53.951281,-1.090173
8251,2025-10,T1,physical assault,53.951793,-1.08655
8252,2025-10,T1,physical assault,53.954621,-1.093194
8253,2025-10,T1,suspicious activity,53.959245,-1.078355
8254,2025-10,T1,suspicious activity,53.956372,-1.074106
8255,2025-10,T1,suspicious activity,53.955321,-1.068338
8256,2025-10,T1,suspicious activity,53.960274,-1.076595
8257,2025-10,T1,suspicious activity,53.960694,-1.075123
8258,2025-10,T1,suspicious activity,53.958399,-1.068879
8259,2025-10,T1,suspicious activity,53.955489,-1.073882
8260,2025-10,T1,suspicious activity,53.954973,-1.068788
8261,2025-10,T1,suspicious activity,53.956372,-1.074106
8262,2025-10,T1,suspicious activity,53.960274,-1.076595
8263,2025-10,T1,suspicious activity,53.959245,-1.078355
8264,2025-10,T1,suspicious activity,53.956372,-1.074106
8265,2025-10,T1,suspicious activity,53.959068,-1.074092
8266,2025-10,T1,suspicious activity,53.956372,-1.074106
8267,2025-10,T1,suspicious activity,53.954973,-1.068788
8268,2025-10,T1,suspicious activity,53.95439,-1.07524
8269,2025-10,T1,suspicious activity,53.955333,-1.074647
8270,2025-10,T1,vandalism,53.957761,-1.072414
8271,2025-10,T1,vandalism,53.959068,-1.074092
8272,2025-10,T1,vandalism,53.956109,-1.071475
8273,2025-10,T1,vandalism,53.95439,-1.07524
8274,2025-10,T1,physical assault,53.959245,-1.078355
8275,2025-10,T1,harassment,53.956372,-1.074106
8276,2025-10,T1,harassment,53.957344,-1.071981
8277,2025-10,T1,harassment,53.959068,-1.074092
8278,2025-10,T1,harassment,53.959245,-1.078355
8279,2025-10,T1,harassment,53.960274,-1.076595
8280,2025-10,T1,physical assault,53.959053,-1.079183
8281,2025-10,T1,physical assault,53.955333,-1.074647
8282,2025-10,T1,physical assault,53.955321,-1.068338
8283,2025-10,T1,physical assault,53.956372,-1.074106
8284,2025-10,T1,physical assault,53.959053,-1.079183
8285,2025-10,T1,physical assault,53.957761,-1.072414
8286,2025-10,T1,physical assault,53.95612,-1.067162
8287,2025-10,T1,physical assault,53.955489,-1.073882
8288,2025-10,T1,physical assault,53.957344,-1.071981
8289,2025-10,T1,physical assault,53.959053,-1.079183
8290,2025-10,T1,physical assault,53.959053,-1.079183
8291,2025-10,T1,physical assault,53.956372,-1.074106
8292,2025-10,T1,physical assault,53.960694,-1.075123
8293,2025-10,T1,physical assault,53.957344,-1.071981
8294,2025-10,T1,suspicious activity,53.95615,-1.090996
8295,2025-10,T1,suspicious activity,53.95615,-1.090996
8296,2025-10,T1,suspicious activity,53.95615,-1.090996
8297,2025-10,T1,suspicious activity,53.953905,-1.081795
8298,2025-10,T1,suspicious activity,53.957273,-1.084983
8299,2025-10,T1,suspicious activity,53.959155,-1.09023
8300,2025-10,T1,suspicious activity,53.958732,-1.087694
8301,2025-10,T1,suspicious activity,53.957775,-1.093125
8302,2025-10,T1,suspicious activity,53.957046,-1.09055
8303,2025-10,T1,suspicious activity,53.957046,-1.09055
8304,2025-10,T1,suspicious activity,53.958398,-1.092228
8305,2025-10,T1,suspicious activity,53.957585,-1.089426
8306,2025-10,T1,suspicious activity,53.95615,-1.090996
8307,2025-10,T1,suspicious activity,53.95615,-1.090996
8308,2025-10,T1,suspicious activity,53.958398,-1.092228
8309,2025-10,T1,suspicious activity,53.96043,-1.091223
8310,2025-10,T1,suspicious activity,53.95888,-1.087066
8311,2025-10,T1,suspicious activity,53.957377,-1.089263
8312,2025-10,T1,suspicious activity,53.958398,-1.092228
8313,2025-10,T1,suspicious activity,53.957831,-1.087409
8314,2025-10,T1,suspicious activity,53.95615,-1.090996
8315,2025-10,T1,suspicious activity,53.956767,-1.085832
8316,2025-10,T1,vandalism,53.959055,-1.087626
8317,2025-10,T1,vandalism,53.957585,-1.089426
8318,2025-10,T1,vandalism,53.958398,-1.092228
8319,2025-10,T1,vandalism,53.96043,-1.091223
8320,2025-10,T1,vandalism,53.95615,-1.090996
8321,2025-10,T1,vandalism,53.95615,-1.090996
8322,2025-10,T1,vandalism,53.959155,-1.09023
8323,2025-10,T1,vandalism,53.958398,-1.092228
8324,2025-10,T1,vandalism,53.956767,-1.085832
8325,2025-10,T1,vandalism,53.956767,-1.085832
8326,2025-10,T1,harassment,53.95615,-1.090996
8327,2025-10,T1,robbery,53.959155,-1.09023
8328,2025-10,T1,robbery,53.957585,-1.089426
8329,2025-10,T1,physical assault,53.957831,-1.087409
8330,2025-10,T1,physical assault,53.959055,-1.087626
8331,2025-10,T1,physical assault,53.959055,-1.087626
8332,2025-10,T1,physical assault,53.96043,-1.091223
8333,2025-10,T1,physical assault,53.958796,-1.086732
8334,2025-10,T1,physical assault,53.96043,-1.091223
8335,2025-10,T1,physical assault,53.959055,-1.087626
8336,2025-10,T1,physical assault,53.959155,-1.09023
8337,2025-10,T1,physical assault,53.957808,-1.086785
8338,2025-10,T1,physical assault,53.957808,-1.086785
8339,2025-10,T1,physical assault,53.95615,-1.090996
8340,2025-10,T1,physical assault,53.956767,-1.085832
8341,2025-10,T1,physical assault,53.95615,-1.090996
8342,2025-10,T1,physical assault,53.957831,-1.087409
8343,2025-10,T1,physical assault,53.958398,-1.092228
8344,2025-10,T1,physical assault,53.957139,-1.088597
8345,2025-10,T1,physical assault,53.958732,-1.087694
8346,2025-10,T1,physical assault,53.957808,-1.086785
8347,2025-10,T1,physical assault,53.957273,-1.084983
8348,2025-10,T1,physical assault,53.956563,-1.08387
8349,2025-10,T1,physical assault,53.959055,-1.087626
8350,2025-10,T1,physical assault,53.95888,-1.087066
8351,2025-10,T1,physical assault,53.957831,-1.087409
8352,2025-10,T1,physical assault,53.959055,-1.087626
8353,2025-10,T1,physical assault,53.957831,-1.087409
8354,2025-10,T1,physical assault,53.957046,-1.09055
8355,2025-10,T1,physical assault,53.95615,-1.090996
8356,2025-10,T1,physical assault,53.957831,-1.087409
8357,2025-10,T1,physical assault,53.959055,-1.087626
8358,2025-10,T1,physical assault,53.96043,-1.091223
8359,2025-10,T1,physical assault,53.958796,-1.086732
8360,2025-10,T1,physical assault,53.958796,-1.086732
8361,2025-10,T1,physical assault,53.95615,-1.090996
8362,2025-10,T1,physical assault,53.95615,-1.090996
8363,2025-10,T1,physical assault,53.958796,-1.086732
8364,2025-10,T1,physical assault,53.958732,-1.087694
8365,2025-10,T1,physical assault,53.95615,-1.090996
8366,2025-10,T1,suspicious activity,53.955363,-1.08443
8367,2025-10,T1,vandalism,53.955696,-1.085627
8368,2025-10,T1,vandalism,53.955952,-1.085012
8369,2025-10,T1,vandalism,53.956495,-1.08788
8370,2025-10,T1,harassment,53.955363,-1.08443
8371,2025-10,T1,physical assault,53.956813,-1.087157
8372,2025-10,T1,physical assault,53.95499,-1.086115
8373,2025-10,T1,physical assault,53.955363,-1.08443
8374,2025-10,T1,physical assault,53.956813,-1.087157
8375,2025-10,T1,physical assault,53.956813,-1.087157
8376,2025-10,T1,suspicious activity,53.957819,-1.079324
8377,2025-10,T1,suspicious activity,53.954439,-1.077608
8378,2025-10,T1,suspicious activity,53.958064,-1.08143
8379,2025-10,T1,suspicious activity,53.959559,-1.075956
8380,2025-10,T1,suspicious activity,53.958064,-1.08143
8381,2025-10,T1,suspicious activity,53.957159,-1.078249
8382,2025-10,T1,suspicious activity,53.958064,-1.08143
8383,2025-10,T1,suspicious activity,53.958346,-1.080242
8384,2025-10,T1,suspicious activity,53.95507,-1.076695
8385,2025-10,T1,suspicious activity,53.959476,-1.080438
8386,2025-10,T1,suspicious activity,53.956623,-1.077529
8387,2025-10,T1,suspicious activity,53.958064,-1.08143
8388,2025-10,T1,suspicious activity,53.959658,-1.080632
8389,2025-10,T1,suspicious activity,53.95728,-1.082376
8390,2025-10,T1,suspicious activity,53.958919,-1.080451
8391,2025-10,T1,suspicious activity,53.957819,-1.079324
8392,2025-10,T1,suspicious activity,53.959658,-1.080632
8393,2025-10,T1,suspicious activity,53.957819,-1.079324
8394,2025-10,T1,suspicious activity,53.954439,-1.077608
8395,2025-10,T1,suspicious activity,53.958689,-1.0798
8396,2025-10,T1,suspicious activity,53.95869,-1.082269
8397,2025-10,T1,suspicious activity,53.959281,-1.084118
8398,2025-10,T1,suspicious activity,53.955888,-1.078993
8399,2025-10,T1,suspicious activity,53.955888,-1.078993
8400,2025-10,T1,suspicious activity,53.957862,-1.082339
8401,2025-10,T1,suspicious activity,53.959476,-1.080438
8402,2025-10,T1,suspicious activity,53.957819,-1.079324
8403,2025-10,T1,suspicious activity,53.954439,-1.077608
8404,2025-10,T1,suspicious activity,53.955888,-1.078993
8405,2025-10,T1,suspicious activity,53.959281,-1.084118
8406,2025-10,T1,suspicious activity,53.957159,-1.078249
8407,2025-10,T1,suspicious activity,53.959658,-1.080632
8408,2025-10,T1,suspicious activity,53.954439,-1.077608
8409,2025-10,T1,vandalism,53.958919,-1.080451
8410,2025-10,T1,vandalism,53.958064,-1.08143
8411,2025-10,T1,vandalism,53.957159,-1.078249
8412,2025-10,T1,physical assault,53.95823,-1.076092
8413,2025-10,T1,physical assault,53.955888,-1.078993
8414,2025-10,T1,harassment,53.95507,-1.076695
8415,2025-10,T1,harassment,53.959658,-1.080632
8416,2025-10,T1,harassment,53.957862,-1.082339
8417,2025-10,T1,harassment,53.955084,-1.077335
8418,2025-10,T1,harassment,53.958064,-1.08143
8419,2025-10,T1,harassment,53.957139,-1.076817
8420,2025-10,T1,harassment,53.957159,-1.078249
8421,2025-10,T1,harassment,53.958303,-1.078605
8422,2025-10,T1,robbery,53.957139,-1.076817
8423,2025-10,T1,robbery,53.958919,-1.080451
8424,2025-10,T1,robbery,53.957159,-1.078249
8425,2025-10,T1,physical assault,53.959281,-1.084118
8426,2025-10,T1,physical assault,53.959281,-1.084118
8427,2025-10,T1,physical assault,53.959281,-1.084118
8428,2025-10,T1,physical assault,53.95507,-1.076695
8429,2025-10,T1,physical assault,53.959281,-1.084118
8430,2025-10,T1,physical assault,53.954439,-1.077608
8431,2025-10,T1,physical assault,53.957819,-1.079324
8432,2025-10,T1,physical assault,53.956866,-1.08234
8433,2025-10,T1,physical assault,53.95507,-1.076695
8434,2025-10,T1,physical assault,53.959476,-1.080438
8435,2025-10,T1,physical assault,53.957862,-1.082339
8436,2025-10,T1,physical assault,53.960121,-1.080058
8437,2025-10,T1,physical assault,53.959559,-1.075956
8438,2025-10,T1,physical assault,53.958346,-1.080242
8439,2025-10,T1,physical assault,53.95728,-1.082376
8440,2025-10,T1,physical assault,53.956866,-1.08234
8441,2025-10,T1,physical assault,53.954439,-1.077608
8442,2025-10,T1,physical assault,53.956866,-1.08234
8443,2025-10,T1,physical assault,53.956866,-1.08234
8444,2025-10,T1,physical assault,53.957139,-1.076817
8445,2025-10,T1,physical assault,53.95728,-1.082376
8446,2025-10,T1,physical assault,53.957862,-1.082339
8447,2025-10,T1,physical assault,53.959281,-1.084118
8448,2025-10,T1,physical assault,53.957,-1.075189
8449,2025-10,T1,physical assault,53.954439,-1.077608
8450,2025-10,T1,physical assault,53.956597,-1.074131
8451,2025-10,T1,physical assault,53.954439,-1.077608
8452,2025-10,T1,physical assault,53.959281,-1.084118
8453,2025-10,T1,physical assault,53.959476,-1.080438
8454,2025-10,T1,physical assault,53.958346,-1.080242
8455,2025-10,T1,physical assault,53.955084,-1.077335
8456,2025-10,T1,physical assault,53.95728,-1.082376
8457,2025-10,T1,physical assault,53.955084,-1.077335
8458,2025-10,T1,physical assault,53.956866,-1.08234
8459,2025-10,T1,physical assault,53.956866,-1.08234
8460,2025-10,T1,physical assault,53.959281,-1.084118
8461,2025-10,T1,physical assault,53.957159,-1.078249
8462,2025-10,T1,physical assault,53.959281,-1.084118
8463,2025-10,T1,physical assault,53.958346,-1.080242
8464,2025-10,T1,physical assault,53.960121,-1.080058
8465,2025-10,T1,physical assault,53.95728,-1.082376
8466,2025-10,T1,physical assault,53.957588,-1.080126
8467,2025-10,T1,physical assault,53.960121,-1.080058
8468,2025-10,T1,physical assault,53.95728,-1.082376
8469,2025-10,T1,physical assault,53.959281,-1.084118
8470,2025-10,T1,physical assault,53.959281,-1.084118
8471,2025-10,T1,physical assault,53.957862,-1.082339
8472,2025-10,T1,physical assault,53.957862,-1.082339
8473,2025-10,T1,physical assault,53.959281,-1.084118
8474,2025-10,T1,physical assault,53.959281,-1.084118
8475,2025-10,T1,physical assault,53.958064,-1.08143
8476,2025-10,T1,physical assault,53.959281,-1.084118
8477,2025-10,T1,physical assault,53.959281,-1.084118
8478,2025-10,T1,suspicious activity,53.964242,-1.0484
8479,2025-10,T1,physical assault,53.961974,-1.048025
8480,2025-10,T1,physical assault,53.964837,-1.051953
8481,2025-10,T1,physical assault,53.964837,-1.051953
8482,2025-10,T1,suspicious activity,53.950621,-1.037723
8483,2025-10,T1,suspicious activity,53.950621,-1.037723
8484,2025-10,T1,suspicious activity,53.951034,-1.039908
8485,2025-10,T1,vandalism,53.953803,-1.045575
8486,2025-10,T1,physical assault,53.95221,-1.044178
8487,2025-10,T1,physical assault,53.95221,-1.044178
8488,2025-10,T1,physical assault,53.951034,-1.039908
8489,2025-10,T1,suspicious activity,53.957858,-1.0367
8490,2025-10,T1,suspicious activity,53.961092,-1.041079
8491,2025-10,T1,suspicious activity,53.95983,-1.042831
8492,2025-10,T1,suspicious activity,53.960287,-1.040458
8493,2025-10,T1,suspicious activity,53.960287,-1.040458
8494,2025-10,T1,suspicious activity,53.95983,-1.042831
8495,2025-10,T1,suspicious activity,53.959724,-1.038626
8496,2025-10,T1,suspicious activity,53.961523,-1.042121
8497,2025-10,T1,suspicious activity,53.957858,-1.0367
8498,2025-10,T1,suspicious activity,53.959724,-1.038626
8499,2025-10,T1,suspicious activity,53.959724,-1.038626
8500,2025-10,T1,vandalism,53.959398,-1.043938
8501,2025-10,T1,vandalism,53.95983,-1.042831
8502,2025-10,T1,vandalism,53.962363,-1.040425
8503,2025-10,T1,physical assault,53.958482,-1.038411
8504,2025-10,T1,physical assault,53.95983,-1.042831
8505,2025-10,T1,physical assault,53.960287,-1.040458
8506,2025-10,T1,suspicious activity,53.960223,-1.05458
8507,2025-10,T1,suspicious activity,53.962789,-1.052198
8508,2025-10,T1,suspicious activity,53.960119,-1.05898
8509,2025-10,T1,suspicious activity,53.961362,-1.059318
8510,2025-10,T1,suspicious activity,53.961754,-1.056519
8511,2025-10,T1,vandalism,53.961236,-1.051288
8512,2025-10,T1,physical assault,53.961232,-1.05423
8513,2025-10,T1,physical assault,53.962789,-1.052198
8514,2025-10,T1,physical assault,53.961232,-1.05423
8515,2025-10,T1,suspicious activity,53.957454,-1.046969
8516,2025-10,T1,vandalism,53.956999,-1.045181
8517,2025-10,T1,physical assault,53.956999,-1.045181
8518,2025-10,T1,suspicious activity,53.957632,-1.05582
8519,2025-10,T1,suspicious activity,53.956238,-1.057091
8520,2025-10,T1,suspicious activity,53.956238,-1.057091
8521,2025-10,T1,suspicious activity,53.956937,-1.054312
8522,2025-10,T1,suspicious activity,53.958459,-1.057824
8523,2025-10,T1,suspicious activity,53.957038,-1.059247
8524,2025-10,T1,suspicious activity,53.956948,-1.0523
8525,2025-10,T1,suspicious activity,53.956544,-1.06159
8526,2025-10,T1,suspicious activity,53.956937,-1.054312
8527,2025-10,T1,suspicious activity,53.956544,-1.06159
8528,2025-10,T1,vandalism,53.956544,-1.06159
8529,2025-10,T1,harassment,53.958134,-1.056815
8530,2025-10,T1,harassment,53.958134,-1.056815
8531,2025-10,T1,physical assault,53.956238,-1.057091
8532,2025-10,T1,physical assault,53.956238,-1.057091
8533,2025-10,T1,physical assault,53.956238,-1.057091
8534,2025-10,T1,physical assault,53.958134,-1.056815
8535,2025-10,T1,physical assault,53.957632,-1.05582
8536,2025-10,T1,physical assault,53.958459,-1.057824
8537,2025-10,T1,physical assault,53.958134,-1.056815
8538,2025-10,T1,physical assault,53.958134,-1.056815
8539,2025-10,T1,physical assault,53.956238,-1.057091
8540,2025-10,T1,physical assault,53.956948,-1.0523
8541,2025-10,T1,suspicious activity,53.954735,-1.056678
8542,2025-10,T1,suspicious activity,53.954735,-1.056678
8543,2025-10,T1,suspicious activity,53.956321,-1.062951
8544,2025-10,T1,suspicious activity,53.955988,-1.059438
8545,2025-10,T1,vandalism,53.956321,-1.062951
8546,2025-10,T1,harassment,53.955819,-1.064273
8547,2025-10,T1,physical assault,53.9553,-1.065687
8548,2025-10,T1,physical assault,53.955589,-1.061322
8549,2025-10,T1,physical assault,53.956321,-1.062951
8550,2025-10,T1,suspicious activity,53.956407,-1.047801
8551,2025-10,T1,suspicious activity,53.958124,-1.048603
8552,2025-10,T1,suspicious activity,53.95685,-1.04901
8553,2025-10,T1,suspicious activity,53.955833,-1.050024
8554,2025-10,T1,vandalism,53.959202,-1.051466
8555,2025-10,T1,vandalism,53.959482,-1.045414
8556,2025-10,T1,physical assault,53.958974,-1.047057
8557,2025-10,T1,physical assault,53.956407,-1.047801
8558,2025-10,T1,physical assault,53.959402,-1.048952
8559,2025-10,T1,physical assault,53.958124,-1.048603
8560,2025-10,T1,suspicious activity,53.953478,-1.059144
8561,2025-10,T1,suspicious activity,53.952311,-1.055925
8562,2025-10,T1,suspicious activity,53.952826,-1.047134
8563,2025-10,T1,robbery,53.95327,-1.053237
8564,2025-10,T1,physical assault,53.95327,-1.053237
8565,2025-10,T1,physical assault,53.951606,-1.056474
8566,2025-10,T1,suspicious activity,53.961721,-1.11607
8567,2025-10,T1,suspicious activity,53.961721,-1.11607
8568,2025-10,T1,physical assault,53.959886,-1.114646
8569,2025-10,T1,physical assault,53.960006,-1.111427
8570,2025-10,T1,suspicious activity,53.95807,-1.115873
8571,2025-10,T1,suspicious activity,53.960911,-1.119532
8572,2025-10,T1,suspicious activity,53.958162,-1.118507
8573,2025-10,T1,suspicious activity,53.957259,-1.119258
8574,2025-10,T1,suspicious activity,53.960911,-1.119532
8575,2025-10,T1,vandalism,53.960586,-1.118212
8576,2025-10,T1,vandalism,53.95807,-1.115873
8577,2025-10,T1,vandalism,53.956966,-1.118502
8578,2025-10,T1,physical assault,53.957517,-1.116372
8579,2025-10,T1,physical assault,53.95807,-1.115873
8580,2025-10,T1,physical assault,53.958162,-1.118507
8581,2025-10,T1,physical assault,53.95807,-1.115873
8582,2025-10,T1,suspicious activity,53.95513,-1.107127
8583,2025-10,T1,suspicious activity,53.953529,-1.110681
8584,2025-10,T1,harassment,53.952999,-1.108239
8585,2025-10,T1,suspicious activity,53.95578,-1.119685
8586,2025-10,T1,vandalism,53.956402,-1.120136
8587,2025-10,T1,vandalism,53.956165,-1.115852
8588,2025-10,T1,physical assault,53.956086,-1.118597
8589,2025-10,T1,physical assault,53.956165,-1.115852
8590,2025-10,T1,physical assault,53.956182,-1.116964
8591,2025-10,T1,physical assault,53.956402,-1.120136
8592,2025-10,T1,physical assault,53.956402,-1.120136
8593,2025-10,T1,suspicious activity,53.955363,-1.125394
8594,2025-10,T1,suspicious activity,53.955788,-1.124486
8595,2025-10,T1,suspicious activity,53.955363,-1.125394
8596,2025-10,T1,suspicious activity,53.955363,-1.125394
8597,2025-10,T1,suspicious activity,53.955788,-1.124486
8598,2025-10,T1,suspicious activity,53.955363,-1.125394
8599,2025-10,T1,suspicious activity,53.955702,-1.125051
8600,2025-10,T1,suspicious activity,53.952246,-1.126861
8601,2025-10,T1,suspicious activity,53.954484,-1.121983
8602,2025-10,T1,suspicious activity,53.955363,-1.125394
8603,2025-10,T1,suspicious activity,53.955363,-1.125394
8604,2025-10,T1,suspicious activity,53.955788,-1.124486
8605,2025-10,T1,suspicious activity,53.955363,-1.125394
8606,2025-10,T1,suspicious activity,53.952246,-1.126861
8607,2025-10,T1,suspicious activity,53.955337,-1.121859
8608,2025-10,T1,suspicious activity,53.955006,-1.124472
8609,2025-10,T1,suspicious activity,53.952246,-1.126861
8610,2025-10,T1,suspicious activity,53.955788,-1.124486
8611,2025-10,T1,suspicious activity,53.952246,-1.126861
8612,2025-10,T1,suspicious activity,53.955788,-1.124486
8613,2025-10,T1,suspicious activity,53.951451,-1.11903
8614,2025-10,T1,vandalism,53.955788,-1.124486
8615,2025-10,T1,harassment,53.955363,-1.125394
8616,2025-10,T1,physical assault,53.951879,-1.120971
8617,2025-10,T1,physical assault,53.951879,-1.120971
8618,2025-10,T1,physical assault,53.954947,-1.123863
8619,2025-10,T1,physical assault,53.954947,-1.123863
8620,2025-10,T1,physical assault,53.955513,-1.121322
8621,2025-10,T1,physical assault,53.951879,-1.120971
8622,2025-10,T1,suspicious activity,53.950359,-1.124478
8623,2025-10,T1,physical assault,53.950359,-1.124478
8624,2025-10,T1,physical assault,53.950359,-1.124478
8625,2025-10,T1,physical assault,53.950359,-1.124478
8626,2025-10,T1,physical assault,53.950359,-1.124478
8627,2025-10,T1,physical assault,53.950359,-1.124478
8628,2025-10,T1,physical assault,53.950359,-1.124478
8629,2025-10,T1,suspicious activity,53.964387,-1.109459
8630,2025-10,T1,suspicious activity,53.965239,-1.104472
8631,2025-10,T1,suspicious activity,53.963488,-1.10579
8632,2025-10,T1,vandalism,53.965424,-1.106327
8633,2025-10,T1,vandalism,53.965424,-1.106327
8634,2025-10,T1,vandalism,53.965424,-1.106327
8635,2025-10,T1,vandalism,53.96311,-1.102109
8636,2025-10,T1,physical assault,53.963668,-1.107142
8637,2025-10,T1,physical assault,53.96387,-1.108906
8638,2025-10,T1,physical assault,53.965424,-1.106327
8639,2025-10,T1,suspicious activity,53.962934,-1.108743
8640,2025-10,T1,physical assault,53.963103,-1.107215
8641,2025-10,T1,physical assault,53.956911,-1.101343
8642,2025-10,T1,physical assault,53.953787,-1.100694
8643,2025-10,T1,physical assault,53.951085,-1.105979
8644,2025-10,T1,suspicious activity,53.947169,-1.091908
8645,2025-10,T1,suspicious activity,53.949339,-1.08892
8646,2025-10,T1,vandalism,53.949083,-1.087051
8647,2025-10,T1,physical assault,53.949339,-1.08892
8648,2025-10,T1,physical assault,53.949083,-1.087051
8649,2025-10,T1,physical assault,53.947844,-1.086042
8650,2025-10,T1,suspicious activity,53.953735,-1.092512
8651,2025-10,T1,suspicious activity,53.951811,-1.094839
8652,2025-10,T1,suspicious activity,53.952502,-1.09583
8653,2025-10,T1,suspicious activity,53.949482,-1.094676
8654,2025-10,T1,suspicious activity,53.951811,-1.094839
8655,2025-10,T1,suspicious activity,53.952502,-1.09583
8656,2025-10,T1,suspicious activity,53.951709,-1.098072
8657,2025-10,T1,suspicious activity,53.948813,-1.102523
8658,2025-10,T1,suspicious activity,53.952502,-1.09583
8659,2025-10,T1,vandalism,53.949482,-1.094676
8660,2025-10,T1,vandalism,53.952811,-1.092761
8661,2025-10,T1,vandalism,53.95015,-1.098639
8662,2025-10,T1,vandalism,53.952273,-1.095287
8663,2025-10,T1,vandalism,53.949482,-1.094676
8664,2025-10,T1,vandalism,53.949482,-1.094676
8665,2025-10,T1,harassment,53.952811,-1.092761
8666,2025-10,T1,harassment,53.952502,-1.09583
8667,2025-10,T1,physical assault,53.952502,-1.09583
8668,2025-10,T1,physical assault,53.951709,-1.098072
8669,2025-10,T1,physical assault,53.952811,-1.092761
8670,2025-10,T1,suspicious activity,53.945307,-1.124431
8671,2025-10,T1,suspicious activity,53.947598,-1.119309
8672,2025-10,T1,suspicious activity,53.94629,-1.124898
8673,2025-10,T1,suspicious activity,53.94629,-1.124898
8674,2025-10,T1,suspicious activity,53.947949,-1.121907
8675,2025-10,T1,suspicious activity,53.94629,-1.124898
8676,2025-10,T1,suspicious activity,53.947949,-1.121907
8677,2025-10,T1,physical assault,53.942931,-1.1264
8678,2025-10,T1,robbery,53.944104,-1.120861
8679,2025-10,T1,robbery,53.94629,-1.124898
8680,2025-10,T1,physical assault,53.94629,-1.124898
8681,2025-10,T1,physical assault,53.945307,-1.124431
8682,2025-10,T1,physical assault,53.946346,-1.11897
8683,2025-10,T1,physical assault,53.945775,-1.120825
8684,2025-10,T1,physical assault,53.947772,-1.118574
8685,2025-10,T1,suspicious activity,53.948905,-1.127266
8686,2025-10,T1,vandalism,53.948905,-1.127266
8687,2025-10,T1,harassment,53.948905,-1.127266
8688,2025-10,T1,physical assault,53.948567,-1.125231
8689,2025-10,T1,physical assault,53.948905,-1.127266
8690,2025-10,T1,vandalism,53.94097,-1.067637
8691,2025-10,T1,physical assault,53.939993,-1.062251
8692,2025-10,T1,physical assault,53.939993,-1.062251
8693,2025-10,T1,physical assault,53.939993,-1.062251
8694,2025-10,T1,physical assault,53.940784,-1.072964
8695,2025-10,T1,suspicious activity,53.947642,-1.076189
8696,2025-10,T1,suspicious activity,53.947021,-1.078366
8697,2025-10,T1,vandalism,53.950476,-1.076553
8698,2025-10,T1,suspicious activity,53.94814,-1.071926
8699,2025-10,T1,suspicious activity,53.942275,-1.078288
8700,2025-10,T1,suspicious activity,53.948528,-1.062925
8701,2025-10,T1,vandalism,53.94649,-1.072405
8702,2025-10,T1,vandalism,53.943681,-1.075316
8703,2025-10,T1,physical assault,53.94649,-1.072405
8704,2025-10,T1,harassment,53.94649,-1.072405
8705,2025-10,T1,harassment,53.94649,-1.072405
8706,2025-10,T1,harassment,53.94649,-1.072405
8707,2025-10,T1,harassment,53.94649,-1.072405
8708,2025-10,T1,harassment,53.94649,-1.072405
8709,2025-10,T1,harassment,53.94649,-1.072405
8710,2025-10,T1,harassment,53.94649,-1.072405
8711,2025-10,T1,harassment,53.94649,-1.072405
8712,2025-10,T1,harassment,53.94649,-1.072405
8713,2025-10,T1,harassment,53.94649,-1.072405
8714,2025-10,T1,harassment,53.94649,-1.072405
8715,2025-10,T1,physical assault,53.946518,-1.076046
8716,2025-10,T1,physical assault,53.94649,-1.072405
8717,2025-10,T1,physical assault,53.94649,-1.072405
8718,2025-10,T1,physical assault,53.94649,-1.072405
8719,2025-10,T1,physical assault,53.944298,-1.076034
8720,2025-10,T1,physical assault,53.948305,-1.073584
8721,2025-10,T1,physical assault,53.94649,-1.072405
8722,2025-10,T1,physical assault,53.94649,-1.072405
8723,2025-10,T1,suspicious activity,53.954421,-1.063649
8724,2025-10,T1,suspicious activity,53.952668,-1.062424
8725,2025-10,T1,suspicious activity,53.954388,-1.070904
8726,2025-10,T1,suspicious activity,53.954522,-1.069651
8727,2025-10,T1,suspicious activity,53.954522,-1.069651
8728,2025-10,T1,vandalism,53.954388,-1.070904
8729,2025-10,T1,vandalism,53.950822,-1.06664
8730,2025-10,T1,harassment,53.954522,-1.069651
8731,2025-10,T1,physical assault,53.953545,-1.067677
8732,2025-10,T1,physical assault,53.953545,-1.067677
8733,2025-10,T1,physical assault,53.95368,-1.073541
8734,2025-10,T1,physical assault,53.95368,-1.073541
8735,2025-10,T1,physical assault,53.95368,-1.073541
8736,2025-10,T1,suspicious activity,53.952333,-1.077271
8737,2025-10,T1,suspicious activity,53.952934,-1.071271
8738,2025-10,T1,suspicious activity,53.951565,-1.069671
8739,2025-10,T1,vandalism,53.953663,-1.076771
8740,2025-10,T1,harassment,53.95217,-1.071212
8741,2025-10,T1,physical assault,53.951365,-1.07283
8742,2025-10,T1,physical assault,53.950742,-1.072585
8743,2025-10,T1,physical assault,53.951661,-1.071696
8744,2025-10,T1,physical assault,53.952133,-1.075693
8745,2025-10,T1,suspicious activity,53.95148,-1.085536
8746,2025-10,T1,suspicious activity,53.948497,-1.081744
8747,2025-10,T1,suspicious activity,53.952103,-1.083618
8748,2025-10,T1,vandalism,53.95148,-1.085536
8749,2025-10,T1,vandalism,53.948497,-1.081744
8750,2025-10,T1,vandalism,53.950625,-1.084199
8751,2025-10,T1,vandalism,53.949575,-1.079711
8752,2025-10,T1,vandalism,53.95148,-1.085536
8753,2025-10,T1,harassment,53.950088,-1.083403
8754,2025-10,T1,physical assault,53.952009,-1.08298
8755,2025-10,T1,physical assault,53.952009,-1.08298
8756,2025-10,T1,physical assault,53.950088,-1.083403
8757,2025-10,T1,physical assault,53.948497,-1.081744
8758,2025-10,T1,physical assault,53.950521,-1.082403
8759,2025-10,T1,physical assault,53.952516,-1.082359
8760,2025-10,T1,physical assault,53.948497,-1.081744
8761,2025-10,T1,suspicious activity,53.936796,-1.107381
8762,2025-10,T1,suspicious activity,53.932133,-1.106429
8763,2025-10,T1,physical assault,53.932133,-1.106429
8764,2025-10,T1,suspicious activity,53.947247,-1.102313
8765,2025-10,T1,suspicious activity,53.947726,-1.10503
8766,2025-10,T1,suspicious activity,53.943443,-1.105578
8767,2025-10,T1,suspicious activity,53.942262,-1.112429
8768,2025-10,T1,suspicious activity,53.940592,-1.113866
8769,2025-10,T1,suspicious activity,53.947262,-1.104354
8770,2025-10,T1,physical assault,53.940592,-1.113866
8771,2025-10,T1,harassment,53.942262,-1.112429
8772,2025-10,T1,harassment,53.94741,-1.106057
8773,2025-10,T1,suspicious activity,53.947692,-1.093374
8774,2025-10,T1,suspicious activity,53.944051,-1.093194
8775,2025-10,T1,suspicious activity,53.945959,-1.092345
8776,2025-10,T1,suspicious activity,53.94415,-1.087342
8777,2025-10,T1,vandalism,53.944661,-1.09539
8778,2025-10,T1,harassment,53.942659,-1.089812
8779,2025-10,T1,physical assault,53.942659,-1.089812
8780,2025-10,T1,physical assault,53.942659,-1.089812
8781,2025-10,T1,physical assault,53.942659,-1.089812
8782,2025-10,T1,physical assault,53.942659,-1.089812
8783,2025-10,T1,physical assault,53.942659,-1.089812
8784,2025-10,T1,physical assault,53.942659,-1.089812
8785,2025-10,T1,suspicious activity,53.945119,-1.082553
8786,2025-10,T1,suspicious activity,53.945009,-1.087948
8787,2025-10,T1,suspicious activity,53.942202,-1.088755
8788,2025-10,T1,suspicious activity,53.945921,-1.085033
8789,2025-10,T1,suspicious activity,53.945119,-1.082553
8790,2025-10,T1,vandalism,53.94225,-1.088023
8791,2025-10,T1,physical assault,53.942206,-1.085724
8792,2025-10,T1,physical assault,53.94537,-1.089342
8793,2025-10,T1,physical assault,53.94537,-1.089342
8794,2025-10,T1,physical assault,53.945119,-1.082553
8795,2025-10,T1,vandalism,53.938311,-1.117829
8796,2025-10,T1,physical assault,53.937495,-1.120466
8797,2025-10,T1,harassment,53.939429,-1.120715
8798,2025-10,T1,physical assault,53.937495,-1.120466
8799,2025-10,T1,suspicious activity,53.937061,-1.123872
8800,2025-10,T1,vandalism,53.94092,-1.12434
8801,2025-10,T1,harassment,53.937349,-1.125161
8802,2025-10,T1,robbery,53.937061,-1.123872
8803,2025-10,T1,vandalism,53.941595,-1.12201
8804,2025-10,T1,suspicious activity,53.948815,-1.052454
8805,2025-10,T1,suspicious activity,53.944656,-1.055123
8806,2025-10,T1,suspicious activity,53.948815,-1.052454
8807,2025-10,T1,suspicious activity,53.941189,-1.042953
8808,2025-10,T1,vandalism,53.941189,-1.042953
8809,2025-10,T1,harassment,53.948815,-1.052454
8810,2025-10,T1,harassment,53.948815,-1.052454
8811,2025-10,T1,harassment,53.948815,-1.052454
8812,2025-10,T1,harassment,53.946777,-1.048234
8813,2025-10,T1,robbery,53.948804,-1.04773
8814,2025-10,T1,robbery,53.948815,-1.052454
8815,2025-10,T1,physical assault,53.94432,-1.041068
8816,2025-10,T1,physical assault,53.948815,-1.052454
8817,2025-10,T1,physical assault,53.948815,-1.052454
8818,2025-10,T1,physical assault,53.94316,-1.050038
8819,2025-10,T1,suspicious activity,53.93863,-1.063774
8820,2025-10,T1,suspicious activity,53.938061,-1.061121
8821,2025-10,T1,suspicious activity,53.93441,-1.064443
8822,2025-10,T1,physical assault,53.937207,-1.06798
8823,2025-10,T1,physical assault,53.934797,-1.062119
8824,2025-10,T1,physical assault,53.934797,-1.062119
8825,2025-10,T1,physical assault,53.938061,-1.061121
8826,2025-10,T1,physical assault,53.934797,-1.062119
8827,2025-10,T1,physical assault,53.934797,-1.062119
8828,2025-10,T1,suspicious activity,53.939796,-1.074069
8829,2025-10,T1,suspicious activity,53.93754,-1.073339
8830,2025-10,T1,suspicious activity,53.939219,-1.074849
8831,2025-10,T1,suspicious activity,53.933027,-1.070236
8832,2025-10,T1,physical assault,53.934209,-1.072007
8833,2025-11,T1,suspicious activity,53.983516,-1.069448
8834,2025-11,T1,vandalism,53.981876,-1.063171
8835,2025-11,T1,suspicious activity,53.979349,-1.069983
8836,2025-11,T1,vandalism,53.981342,-1.061521
8837,2025-11,T1,vandalism,53.981342,-1.061521
8838,2025-11,T1,harassment,53.979349,-1.069983
8839,2025-11,T1,harassment,53.979349,-1.069983
8840,2025-11,T1,physical assault,53.979349,-1.069983
8841,2025-11,T1,physical assault,53.979349,-1.069983
8842,2025-11,T1,physical assault,53.979349,-1.069983
8843,2025-11,T1,physical assault,53.979349,-1.069983
8844,2025-11,T1,physical assault,53.979349,-1.069983
8845,2025-11,T1,physical assault,53.979349,-1.069983
8846,2025-11,T1,physical assault,53.979349,-1.069983
8847,2025-11,T1,suspicious activity,53.982568,-1.051993
8848,2025-11,T1,suspicious activity,53.982568,-1.051993
8849,2025-11,T1,suspicious activity,53.982568,-1.051993
8850,2025-11,T1,suspicious activity,53.982568,-1.051993
8851,2025-11,T1,suspicious activity,53.982568,-1.051993
8852,2025-11,T1,suspicious activity,53.982568,-1.051993
8853,2025-11,T1,suspicious activity,53.986004,-1.055453
8854,2025-11,T1,suspicious activity,53.98508,-1.048282
8855,2025-11,T1,suspicious activity,53.982568,-1.051993
8856,2025-11,T1,suspicious activity,53.982568,-1.051993
8857,2025-11,T1,suspicious activity,53.982568,-1.051993
8858,2025-11,T1,physical assault,53.98596,-1.063598
8859,2025-11,T1,suspicious activity,53.981083,-1.100488
8860,2025-11,T1,physical assault,53.981083,-1.100488
8861,2025-11,T1,suspicious activity,53.984459,-1.112112
8862,2025-11,T1,suspicious activity,53.985394,-1.111055
8863,2025-11,T1,physical assault,53.984459,-1.112112
8864,2025-11,T1,suspicious activity,53.984013,-1.099326
8865,2025-11,T1,suspicious activity,53.983763,-1.095509
8866,2025-11,T1,suspicious activity,53.984958,-1.09653
8867,2025-11,T1,suspicious activity,53.983763,-1.095509
8868,2025-11,T1,suspicious activity,53.983763,-1.095509
8869,2025-11,T1,suspicious activity,53.983763,-1.095509
8870,2025-11,T1,vandalism,53.978243,-1.092269
8871,2025-11,T1,harassment,53.983595,-1.098741
8872,2025-11,T1,robbery,53.979147,-1.094034
8873,2025-11,T1,physical assault,53.984013,-1.099326
8874,2025-11,T1,physical assault,53.983763,-1.095509
8875,2025-11,T1,physical assault,53.983595,-1.098741
8876,2025-11,T1,suspicious activity,53.979366,-1.104123
8877,2025-11,T1,suspicious activity,53.976629,-1.101163
8878,2025-11,T1,harassment,53.980615,-1.101626
8879,2025-11,T1,physical assault,53.976629,-1.101163
8880,2025-11,T1,physical assault,53.979992,-1.101243
8881,2025-11,T1,suspicious activity,53.968671,-1.088636
8882,2025-11,T1,suspicious activity,53.965061,-1.091458
8883,2025-11,T1,suspicious activity,53.965061,-1.091458
8884,2025-11,T1,vandalism,53.968544,-1.094477
8885,2025-11,T1,robbery,53.964506,-1.090586
8886,2025-11,T1,suspicious activity,53.970587,-1.09489
8887,2025-11,T1,suspicious activity,53.971403,-1.095757
8888,2025-11,T1,suspicious activity,53.967519,-1.101649
8889,2025-11,T1,suspicious activity,53.970587,-1.09489
8890,2025-11,T1,suspicious activity,53.969049,-1.097088
8891,2025-11,T1,suspicious activity,53.967519,-1.101649
8892,2025-11,T1,suspicious activity,53.969049,-1.097088
8893,2025-11,T1,suspicious activity,53.967342,-1.096027
8894,2025-11,T1,suspicious activity,53.969049,-1.097088
8895,2025-11,T1,physical assault,53.971924,-1.096995
8896,2025-11,T1,vandalism,53.982417,-1.109471
8897,2025-11,T1,physical assault,53.985107,-1.107386
8898,2025-11,T1,physical assault,53.984361,-1.102582
8899,2025-11,T1,physical assault,53.984361,-1.102582
8900,2025-11,T1,physical assault,53.984361,-1.102582
8901,2025-11,T1,physical assault,53.984361,-1.102582
8902,2025-11,T1,physical assault,53.984361,-1.102582
8903,2025-11,T1,physical assault,53.984455,-1.115253
8904,2025-11,T1,suspicious activity,53.975158,-1.102704
8905,2025-11,T1,harassment,53.978738,-1.106698
8906,2025-11,T1,physical assault,53.976915,-1.115382
8907,2025-11,T1,physical assault,53.970379,-1.056693
8908,2025-11,T1,physical assault,53.969386,-1.05903
8909,2025-11,T1,suspicious activity,53.964819,-1.061145
8910,2025-11,T1,suspicious activity,53.966289,-1.05933
8911,2025-11,T1,vandalism,53.966353,-1.064297
8912,2025-11,T1,harassment,53.965632,-1.063993
8913,2025-11,T1,physical assault,53.964381,-1.060271
8914,2025-11,T1,physical assault,53.966957,-1.062134
8915,2025-11,T1,physical assault,53.964381,-1.060271
8916,2025-11,T1,suspicious activity,53.978327,-1.062168
8917,2025-11,T1,vandalism,53.976827,-1.062263
8918,2025-11,T1,vandalism,53.976827,-1.062263
8919,2025-11,T1,physical assault,53.973784,-1.065136
8920,2025-11,T1,physical assault,53.973784,-1.065136
8921,2025-11,T1,physical assault,53.971621,-1.048308
8922,2025-11,T1,physical assault,53.966707,-1.047582
8923,2025-11,T1,suspicious activity,53.968952,-1.084285
8924,2025-11,T1,suspicious activity,53.968952,-1.084285
8925,2025-11,T1,vandalism,53.968952,-1.084285
8926,2025-11,T1,harassment,53.969333,-1.083514
8927,2025-11,T1,physical assault,53.969432,-1.082384
8928,2025-11,T1,physical assault,53.968952,-1.084285
8929,2025-11,T1,physical assault,53.968952,-1.084285
8930,2025-11,T1,physical assault,53.968952,-1.084285
8931,2025-11,T1,physical assault,53.968952,-1.084285
8932,2025-11,T1,physical assault,53.968952,-1.084285
8933,2025-11,T1,physical assault,53.970595,-1.080514
8934,2025-11,T1,suspicious activity,53.972255,-1.088329
8935,2025-11,T1,suspicious activity,53.972402,-1.089942
8936,2025-11,T1,suspicious activity,53.974308,-1.08647
8937,2025-11,T1,suspicious activity,53.972255,-1.088329
8938,2025-11,T1,suspicious activity,53.973443,-1.088623
8939,2025-11,T1,suspicious activity,53.972766,-1.086976
8940,2025-11,T1,vandalism,53.972766,-1.086976
8941,2025-11,T1,vandalism,53.972766,-1.086976
8942,2025-11,T1,vandalism,53.972766,-1.086976
8943,2025-11,T1,vandalism,53.973443,-1.088623
8944,2025-11,T1,vandalism,53.972766,-1.086976
8945,2025-11,T1,vandalism,53.970245,-1.091254
8946,2025-11,T1,robbery,53.972766,-1.086976
8947,2025-11,T1,physical assault,53.972766,-1.086976
8948,2025-11,T1,suspicious activity,53.973887,-1.091464
8949,2025-11,T1,suspicious activity,53.973887,-1.091464
8950,2025-11,T1,suspicious activity,53.973887,-1.091464
8951,2025-11,T1,suspicious activity,53.973404,-1.089432
8952,2025-11,T1,vandalism,53.974117,-1.089752
8953,2025-11,T1,vandalism,53.974117,-1.089752
8954,2025-11,T1,harassment,53.973887,-1.091464
8955,2025-11,T1,harassment,53.974117,-1.089752
8956,2025-11,T1,physical assault,53.974117,-1.089752
8957,2025-11,T1,physical assault,53.973887,-1.091464
8958,2025-11,T1,physical assault,53.974117,-1.089752
8959,2025-11,T1,suspicious activity,53.974164,-1.096017
8960,2025-11,T1,suspicious activity,53.975967,-1.094316
8961,2025-11,T1,suspicious activity,53.973855,-1.093127
8962,2025-11,T1,suspicious activity,53.975967,-1.094316
8963,2025-11,T1,suspicious activity,53.975967,-1.094316
8964,2025-11,T1,suspicious activity,53.975967,-1.094316
8965,2025-11,T1,suspicious activity,53.975967,-1.094316
8966,2025-11,T1,vandalism,53.974149,-1.094005
8967,2025-11,T1,vandalism,53.975967,-1.094316
8968,2025-11,T1,harassment,53.975967,-1.094316
8969,2025-11,T1,physical assault,53.974164,-1.096017
8970,2025-11,T1,physical assault,53.974675,-1.094573
8971,2025-11,T1,physical assault,53.975967,-1.094316
8972,2025-11,T1,physical assault,53.977102,-1.092294
8973,2025-11,T1,physical assault,53.973855,-1.093127
8974,2025-11,T1,physical assault,53.977102,-1.092294
8975,2025-11,T1,suspicious activity,53.976532,-1.088251
8976,2025-11,T1,suspicious activity,53.976532,-1.088251
8977,2025-11,T1,suspicious activity,53.976532,-1.088251
8978,2025-11,T1,suspicious activity,53.976532,-1.088251
8979,2025-11,T1,suspicious activity,53.976532,-1.088251
8980,2025-11,T1,suspicious activity,53.976082,-1.083366
8981,2025-11,T1,suspicious activity,53.976532,-1.088251
8982,2025-11,T1,suspicious activity,53.976532,-1.088251
8983,2025-11,T1,suspicious activity,53.977431,-1.09061
8984,2025-11,T1,suspicious activity,53.976532,-1.088251
8985,2025-11,T1,suspicious activity,53.977431,-1.09061
8986,2025-11,T1,suspicious activity,53.976532,-1.088251
8987,2025-11,T1,vandalism,53.977686,-1.089811
8988,2025-11,T1,vandalism,53.976532,-1.088251
8989,2025-11,T1,vandalism,53.976532,-1.088251
8990,2025-11,T1,robbery,53.979806,-1.085007
8991,2025-11,T1,physical assault,53.977794,-1.087461
8992,2025-11,T1,physical assault,53.973532,-1.084886
8993,2025-11,T1,physical assault,53.977794,-1.087461
8994,2025-11,T1,suspicious activity,53.972975,-1.081468
8995,2025-11,T1,vandalism,53.97316,-1.077362
8996,2025-11,T1,vandalism,53.977759,-1.081759
8997,2025-11,T1,physical assault,53.971603,-1.077168
8998,2025-11,T1,physical assault,53.977292,-1.074755
8999,2025-11,T1,physical assault,53.97316,-1.077362
9000,2025-11,T1,suspicious activity,53.969346,-1.076989
9001,2025-11,T1,vandalism,53.969132,-1.076079
9002,2025-11,T1,vandalism,53.967599,-1.071906
9003,2025-11,T1,vandalism,53.968182,-1.077579
9004,2025-11,T1,harassment,53.969984,-1.077051
9005,2025-11,T1,physical assault,53.968182,-1.077579
9006,2025-11,T1,physical assault,53.969984,-1.077051
9007,2025-11,T1,physical assault,53.969984,-1.077051
9008,2025-11,T1,suspicious activity,53.9705,-1.070454
9009,2025-11,T1,suspicious activity,53.966424,-1.06992
9010,2025-11,T1,suspicious activity,53.965587,-1.072042
9011,2025-11,T1,suspicious activity,53.966849,-1.069057
9012,2025-11,T1,vandalism,53.966849,-1.069057
9013,2025-11,T1,robbery,53.9705,-1.070454
9014,2025-11,T1,physical assault,53.970504,-1.069829
9015,2025-11,T1,physical assault,53.965587,-1.072042
9016,2025-11,T1,physical assault,53.9705,-1.070454
9017,2025-11,T1,physical assault,53.9705,-1.070454
9018,2025-11,T1,physical assault,53.9705,-1.070454
9019,2025-11,T1,suspicious activity,53.963874,-1.058632
9020,2025-11,T1,suspicious activity,53.962387,-1.05931
9021,2025-11,T1,suspicious activity,53.963874,-1.058632
9022,2025-11,T1,suspicious activity,53.962786,-1.071388
9023,2025-11,T1,suspicious activity,53.962786,-1.071388
9024,2025-11,T1,suspicious activity,53.959688,-1.070588
9025,2025-11,T1,suspicious activity,53.963874,-1.058632
9026,2025-11,T1,suspicious activity,53.963628,-1.066385
9027,2025-11,T1,vandalism,53.962786,-1.071388
9028,2025-11,T1,vandalism,53.962207,-1.060472
9029,2025-11,T1,vandalism,53.96189,-1.068253
9030,2025-11,T1,vandalism,53.96274,-1.072425
9031,2025-11,T1,vandalism,53.962218,-1.061889
9032,2025-11,T1,physical assault,53.959688,-1.070588
9033,2025-11,T1,physical assault,53.963628,-1.066385
9034,2025-11,T1,physical assault,53.964227,-1.065945
9035,2025-11,T1,physical assault,53.961588,-1.072131
9036,2025-11,T1,physical assault,53.963874,-1.058632
9037,2025-11,T1,physical assault,53.96177,-1.064414
9038,2025-11,T1,physical assault,53.961588,-1.072131
9039,2025-11,T1,physical assault,53.963874,-1.058632
9040,2025-11,T1,physical assault,53.964473,-1.063544
9041,2025-11,T1,physical assault,53.96177,-1.064414
9042,2025-11,T1,physical assault,53.962083,-1.071114
9043,2025-11,T1,physical assault,53.962083,-1.071114
9044,2025-11,T1,vandalism,53.977135,-1.067226
9045,2025-11,T1,physical assault,53.975807,-1.068689
9046,2025-11,T1,physical assault,53.976326,-1.070645
9047,2025-11,T1,vandalism,53.961663,-1.126557
9048,2025-11,T1,suspicious activity,53.957249,-1.126513
9049,2025-11,T1,suspicious activity,53.956131,-1.127146
9050,2025-11,T1,suspicious activity,53.957952,-1.125477
9051,2025-11,T1,vandalism,53.965959,-1.12162
9052,2025-11,T1,physical assault,53.968078,-1.124975
9053,2025-11,T1,physical assault,53.96644,-1.122174
9054,2025-11,T1,physical assault,53.974687,-1.125944
9055,2025-11,T1,suspicious activity,53.964065,-1.118261
9056,2025-11,T1,physical assault,53.964294,-1.116366
9057,2025-11,T1,suspicious activity,53.962948,-1.085422
9058,2025-11,T1,suspicious activity,53.960793,-1.084601
9059,2025-11,T1,suspicious activity,53.958528,-1.083246
9060,2025-11,T1,suspicious activity,53.959662,-1.081996
9061,2025-11,T1,suspicious activity,53.963813,-1.085693
9062,2025-11,T1,suspicious activity,53.959662,-1.081996
9063,2025-11,T1,suspicious activity,53.962109,-1.083886
9064,2025-11,T1,suspicious activity,53.961611,-1.079797
9065,2025-11,T1,suspicious activity,53.960793,-1.084601
9066,2025-11,T1,suspicious activity,53.960793,-1.084601
9067,2025-11,T1,suspicious activity,53.965236,-1.083726
9068,2025-11,T1,suspicious activity,53.960122,-1.084517
9069,2025-11,T1,suspicious activity,53.959782,-1.083212
9070,2025-11,T1,suspicious activity,53.966683,-1.082505
9071,2025-11,T1,suspicious activity,53.966876,-1.080794
9072,2025-11,T1,suspicious activity,53.962239,-1.085545
9073,2025-11,T1,suspicious activity,53.960793,-1.084601
9074,2025-11,T1,suspicious activity,53.959662,-1.081996
9075,2025-11,T1,suspicious activity,53.961677,-1.084962
9076,2025-11,T1,suspicious activity,53.959662,-1.081996
9077,2025-11,T1,suspicious activity,53.968124,-1.081757
9078,2025-11,T1,suspicious activity,53.960122,-1.084517
9079,2025-11,T1,suspicious activity,53.967202,-1.081046
9080,2025-11,T1,suspicious activity,53.960793,-1.084601
9081,2025-11,T1,suspicious activity,53.959782,-1.083212
9082,2025-11,T1,suspicious activity,53.962239,-1.085545
9083,2025-11,T1,suspicious activity,53.961677,-1.084962
9084,2025-11,T1,suspicious activity,53.968124,-1.081757
9085,2025-11,T1,suspicious activity,53.960387,-1.085585
9086,2025-11,T1,suspicious activity,53.960122,-1.084517
9087,2025-11,T1,suspicious activity,53.958528,-1.083246
9088,2025-11,T1,vandalism,53.961067,-1.082827
9089,2025-11,T1,vandalism,53.968124,-1.081757
9090,2025-11,T1,vandalism,53.959662,-1.081996
9091,2025-11,T1,physical assault,53.957537,-1.083087
9092,2025-11,T1,harassment,53.961369,-1.085884
9093,2025-11,T1,harassment,53.959662,-1.081996
9094,2025-11,T1,harassment,53.967163,-1.079446
9095,2025-11,T1,harassment,53.968124,-1.081757
9096,2025-11,T1,harassment,53.961067,-1.082827
9097,2025-11,T1,harassment,53.959662,-1.081996
9098,2025-11,T1,harassment,53.958528,-1.083246
9099,2025-11,T1,robbery,53.960122,-1.084517
9100,2025-11,T1,robbery,53.968124,-1.081757
9101,2025-11,T1,robbery,53.965236,-1.083726
9102,2025-11,T1,robbery,53.968124,-1.081757
9103,2025-11,T1,robbery,53.967163,-1.079446
9104,2025-11,T1,robbery,53.961677,-1.084962
9105,2025-11,T1,robbery,53.960122,-1.084517
9106,2025-11,T1,robbery,53.960122,-1.084517
9107,2025-11,T1,robbery,53.968124,-1.081757
9108,2025-11,T1,physical assault,53.966468,-1.079095
9109,2025-11,T1,physical assault,53.959782,-1.083212
9110,2025-11,T1,physical assault,53.958528,-1.083246
9111,2025-11,T1,physical assault,53.961067,-1.082827
9112,2025-11,T1,physical assault,53.960122,-1.084517
9113,2025-11,T1,physical assault,53.968124,-1.081757
9114,2025-11,T1,physical assault,53.961677,-1.084962
9115,2025-11,T1,physical assault,53.960793,-1.084601
9116,2025-11,T1,physical assault,53.960122,-1.084517
9117,2025-11,T1,physical assault,53.960122,-1.084517
9118,2025-11,T1,physical assault,53.957537,-1.083087
9119,2025-11,T1,physical assault,53.960122,-1.084517
9120,2025-11,T1,physical assault,53.959782,-1.083212
9121,2025-11,T1,physical assault,53.960122,-1.084517
9122,2025-11,T1,physical assault,53.961067,-1.082827
9123,2025-11,T1,physical assault,53.960387,-1.085585
9124,2025-11,T1,physical assault,53.958528,-1.083246
9125,2025-11,T1,physical assault,53.960793,-1.084601
9126,2025-11,T1,physical assault,53.960387,-1.085585
9127,2025-11,T1,physical assault,53.961677,-1.084962
9128,2025-11,T1,physical assault,53.968124,-1.081757
9129,2025-11,T1,physical assault,53.957537,-1.083087
9130,2025-11,T1,physical assault,53.960387,-1.085585
9131,2025-11,T1,physical assault,53.960122,-1.084517
9132,2025-11,T1,physical assault,53.960122,-1.084517
9133,2025-11,T1,physical assault,53.958528,-1.083246
9134,2025-11,T1,physical assault,53.958528,-1.083246
9135,2025-11,T1,physical assault,53.957537,-1.083087
9136,2025-11,T1,physical assault,53.959662,-1.081996
9137,2025-11,T1,physical assault,53.960122,-1.084517
9138,2025-11,T1,physical assault,53.965236,-1.083726
9139,2025-11,T1,physical assault,53.961067,-1.082827
9140,2025-11,T1,physical assault,53.961677,-1.084962
9141,2025-11,T1,physical assault,53.959782,-1.083212
9142,2025-11,T1,physical assault,53.966468,-1.079095
9143,2025-11,T1,physical assault,53.961677,-1.084962
9144,2025-11,T1,physical assault,53.961067,-1.082827
9145,2025-11,T1,physical assault,53.968124,-1.081757
9146,2025-11,T1,physical assault,53.960387,-1.085585
9147,2025-11,T1,physical assault,53.960387,-1.085585
9148,2025-11,T1,physical assault,53.959662,-1.081996
9149,2025-11,T1,physical assault,53.961067,-1.082827
9150,2025-11,T1,physical assault,53.957537,-1.083087
9151,2025-11,T1,physical assault,53.961067,-1.082827
9152,2025-11,T1,physical assault,53.961067,-1.082827
9153,2025-11,T1,physical assault,53.961067,-1.082827
9154,2025-11,T1,suspicious activity,53.962781,-1.078902
9155,2025-11,T1,suspicious activity,53.964468,-1.076137
9156,2025-11,T1,suspicious activity,53.962956,-1.07364
9157,2025-11,T1,suspicious activity,53.962638,-1.07668
9158,2025-11,T1,suspicious activity,53.965335,-1.077916
9159,2025-11,T1,suspicious activity,53.965454,-1.074713
9160,2025-11,T1,suspicious activity,53.962638,-1.07668
9161,2025-11,T1,suspicious activity,53.962781,-1.078902
9162,2025-11,T1,suspicious activity,53.962781,-1.078902
9163,2025-11,T1,vandalism,53.965926,-1.075297
9164,2025-11,T1,robbery,53.965454,-1.074713
9165,2025-11,T1,physical assault,53.963219,-1.07621
9166,2025-11,T1,physical assault,53.966575,-1.077782
9167,2025-11,T1,physical assault,53.965454,-1.074713
9168,2025-11,T1,physical assault,53.965335,-1.077916
9169,2025-11,T1,physical assault,53.965114,-1.07722
9170,2025-11,T1,physical assault,53.966575,-1.077782
9171,2025-11,T1,suspicious activity,53.952204,-1.085002
9172,2025-11,T1,suspicious activity,53.954264,-1.092378
9173,2025-11,T1,suspicious activity,53.951793,-1.08655
9174,2025-11,T1,suspicious activity,53.954621,-1.093194
9175,2025-11,T1,suspicious activity,53.951281,-1.090173
9176,2025-11,T1,suspicious activity,53.955032,-1.09413
9177,2025-11,T1,vandalism,53.954128,-1.097014
9178,2025-11,T1,harassment,53.954128,-1.097014
9179,2025-11,T1,harassment,53.953159,-1.086536
9180,2025-11,T1,robbery,53.951281,-1.090173
9181,2025-11,T1,physical assault,53.954264,-1.092378
9182,2025-11,T1,physical assault,53.952787,-1.086026
9183,2025-11,T1,physical assault,53.954264,-1.092378
9184,2025-11,T1,physical assault,53.954264,-1.092378
9185,2025-11,T1,physical assault,53.951281,-1.090173
9186,2025-11,T1,suspicious activity,53.956109,-1.071475
9187,2025-11,T1,suspicious activity,53.959245,-1.078355
9188,2025-11,T1,suspicious activity,53.959053,-1.079183
9189,2025-11,T1,suspicious activity,53.960694,-1.075123
9190,2025-11,T1,suspicious activity,53.954973,-1.068788
9191,2025-11,T1,suspicious activity,53.956109,-1.071475
9192,2025-11,T1,suspicious activity,53.956372,-1.074106
9193,2025-11,T1,suspicious activity,53.959167,-1.064838
9194,2025-11,T1,suspicious activity,53.959053,-1.079183
9195,2025-11,T1,suspicious activity,53.959245,-1.078355
9196,2025-11,T1,vandalism,53.959167,-1.064838
9197,2025-11,T1,vandalism,53.959167,-1.064838
9198,2025-11,T1,physical assault,53.960274,-1.076595
9199,2025-11,T1,harassment,53.960274,-1.076595
9200,2025-11,T1,robbery,53.960783,-1.06858
9201,2025-11,T1,robbery,53.960274,-1.076595
9202,2025-11,T1,robbery,53.958399,-1.068879
9203,2025-11,T1,physical assault,53.9554,-1.072431
9204,2025-11,T1,physical assault,53.959053,-1.079183
9205,2025-11,T1,physical assault,53.959053,-1.079183
9206,2025-11,T1,physical assault,53.95612,-1.067162
9207,2025-11,T1,physical assault,53.957344,-1.071981
9208,2025-11,T1,physical assault,53.954784,-1.073394
9209,2025-11,T1,physical assault,53.960274,-1.076595
9210,2025-11,T1,physical assault,53.956372,-1.074106
9211,2025-11,T1,physical assault,53.957761,-1.072414
9212,2025-11,T1,physical assault,53.960274,-1.076595
9213,2025-11,T1,physical assault,53.955333,-1.074647
9214,2025-11,T1,physical assault,53.9554,-1.072431
9215,2025-11,T1,physical assault,53.956372,-1.074106
9216,2025-11,T1,physical assault,53.958317,-1.071167
9217,2025-11,T1,physical assault,53.957761,-1.072414
9218,2025-11,T1,physical assault,53.956372,-1.074106
9219,2025-11,T1,physical assault,53.959053,-1.079183
9220,2025-11,T1,physical assault,53.960274,-1.076595
9221,2025-11,T1,suspicious activity,53.96043,-1.091223
9222,2025-11,T1,suspicious activity,53.957273,-1.084983
9223,2025-11,T1,suspicious activity,53.96043,-1.091223
9224,2025-11,T1,suspicious activity,53.953905,-1.081795
9225,2025-11,T1,suspicious activity,53.957273,-1.084983
9226,2025-11,T1,suspicious activity,53.958398,-1.092228
9227,2025-11,T1,suspicious activity,53.957585,-1.089426
9228,2025-11,T1,suspicious activity,53.96043,-1.091223
9229,2025-11,T1,suspicious activity,53.957273,-1.084983
9230,2025-11,T1,suspicious activity,53.958398,-1.092228
9231,2025-11,T1,suspicious activity,53.957273,-1.084983
9232,2025-11,T1,suspicious activity,53.958732,-1.087694
9233,2025-11,T1,suspicious activity,53.95615,-1.090996
9234,2025-11,T1,suspicious activity,53.95816,-1.088164
9235,2025-11,T1,vandalism,53.96043,-1.091223
9236,2025-11,T1,vandalism,53.96043,-1.091223
9237,2025-11,T1,vandalism,53.957808,-1.086785
9238,2025-11,T1,physical assault,53.957273,-1.084983
9239,2025-11,T1,physical assault,53.959055,-1.087626
9240,2025-11,T1,harassment,53.96043,-1.091223
9241,2025-11,T1,harassment,53.958167,-1.085481
9242,2025-11,T1,physical assault,53.96043,-1.091223
9243,2025-11,T1,physical assault,53.959055,-1.087626
9244,2025-11,T1,physical assault,53.96043,-1.091223
9245,2025-11,T1,physical assault,53.958398,-1.092228
9246,2025-11,T1,physical assault,53.96043,-1.091223
9247,2025-11,T1,physical assault,53.958796,-1.086732
9248,2025-11,T1,physical assault,53.96043,-1.091223
9249,2025-11,T1,physical assault,53.957273,-1.084983
9250,2025-11,T1,physical assault,53.95615,-1.090996
9251,2025-11,T1,physical assault,53.96043,-1.091223
9252,2025-11,T1,physical assault,53.958796,-1.086732
9253,2025-11,T1,physical assault,53.958796,-1.086732
9254,2025-11,T1,physical assault,53.958796,-1.086732
9255,2025-11,T1,physical assault,53.958732,-1.087694
9256,2025-11,T1,physical assault,53.958796,-1.086732
9257,2025-11,T1,physical assault,53.958796,-1.086732
9258,2025-11,T1,physical assault,53.959055,-1.087626
9259,2025-11,T1,physical assault,53.96043,-1.091223
9260,2025-11,T1,physical assault,53.95615,-1.090996
9261,2025-11,T1,physical assault,53.958796,-1.086732
9262,2025-11,T1,physical assault,53.958796,-1.086732
9263,2025-11,T1,physical assault,53.958796,-1.086732
9264,2025-11,T1,physical assault,53.958796,-1.086732
9265,2025-11,T1,physical assault,53.957831,-1.087409
9266,2025-11,T1,physical assault,53.96043,-1.091223
9267,2025-11,T1,physical assault,53.96043,-1.091223
9268,2025-11,T1,physical assault,53.958796,-1.086732
9269,2025-11,T1,physical assault,53.958796,-1.086732
9270,2025-11,T1,physical assault,53.96043,-1.091223
9271,2025-11,T1,physical assault,53.957585,-1.089426
9272,2025-11,T1,physical assault,53.95615,-1.090996
9273,2025-11,T1,physical assault,53.958796,-1.086732
9274,2025-11,T1,physical assault,53.957831,-1.087409
9275,2025-11,T1,physical assault,53.96043,-1.091223
9276,2025-11,T1,physical assault,53.958796,-1.086732
9277,2025-11,T1,physical assault,53.957808,-1.086785
9278,2025-11,T1,physical assault,53.957808,-1.086785
9279,2025-11,T1,suspicious activity,53.955721,-1.086571
9280,2025-11,T1,suspicious activity,53.955365,-1.083485
9281,2025-11,T1,suspicious activity,53.953697,-1.083979
9282,2025-11,T1,physical assault,53.955363,-1.08443
9283,2025-11,T1,physical assault,53.956813,-1.087157
9284,2025-11,T1,physical assault,53.956813,-1.087157
9285,2025-11,T1,suspicious activity,53.959281,-1.084118
9286,2025-11,T1,suspicious activity,53.957159,-1.078249
9287,2025-11,T1,suspicious activity,53.95869,-1.082269
9288,2025-11,T1,suspicious activity,53.958919,-1.080451
9289,2025-11,T1,suspicious activity,53.960121,-1.080058
9290,2025-11,T1,suspicious activity,53.957,-1.075189
9291,2025-11,T1,suspicious activity,53.957819,-1.079324
9292,2025-11,T1,suspicious activity,53.95728,-1.082376
9293,2025-11,T1,suspicious activity,53.959281,-1.084118
9294,2025-11,T1,suspicious activity,53.957819,-1.079324
9295,2025-11,T1,suspicious activity,53.959658,-1.080632
9296,2025-11,T1,suspicious activity,53.954925,-1.080036
9297,2025-11,T1,suspicious activity,53.960121,-1.080058
9298,2025-11,T1,suspicious activity,53.956944,-1.081896
9299,2025-11,T1,suspicious activity,53.955888,-1.078993
9300,2025-11,T1,suspicious activity,53.956623,-1.077529
9301,2025-11,T1,suspicious activity,53.959281,-1.084118
9302,2025-11,T1,suspicious activity,53.958064,-1.08143
9303,2025-11,T1,suspicious activity,53.95869,-1.082269
9304,2025-11,T1,suspicious activity,53.958919,-1.080451
9305,2025-11,T1,suspicious activity,53.957819,-1.079324
9306,2025-11,T1,suspicious activity,53.959658,-1.080632
9307,2025-11,T1,suspicious activity,53.958346,-1.080242
9308,2025-11,T1,suspicious activity,53.960121,-1.080058
9309,2025-11,T1,suspicious activity,53.956597,-1.074131
9310,2025-11,T1,suspicious activity,53.954439,-1.077608
9311,2025-11,T1,suspicious activity,53.958064,-1.08143
9312,2025-11,T1,suspicious activity,53.958346,-1.080242
9313,2025-11,T1,suspicious activity,53.957819,-1.079324
9314,2025-11,T1,suspicious activity,53.95728,-1.082376
9315,2025-11,T1,suspicious activity,53.956836,-1.079597
9316,2025-11,T1,suspicious activity,53.959281,-1.084118
9317,2025-11,T1,vandalism,53.957159,-1.078249
9318,2025-11,T1,vandalism,53.958346,-1.080242
9319,2025-11,T1,vandalism,53.959281,-1.084118
9320,2025-11,T1,physical assault,53.95728,-1.082376
9321,2025-11,T1,physical assault,53.95823,-1.076092
9322,2025-11,T1,harassment,53.957862,-1.082339
9323,2025-11,T1,harassment,53.959658,-1.080632
9324,2025-11,T1,harassment,53.959281,-1.084118
9325,2025-11,T1,harassment,53.957139,-1.076817
9326,2025-11,T1,harassment,53.957862,-1.082339
9327,2025-11,T1,robbery,53.956836,-1.079597
9328,2025-11,T1,robbery,53.955888,-1.078993
9329,2025-11,T1,physical assault,53.956866,-1.08234
9330,2025-11,T1,physical assault,53.959281,-1.084118
9331,2025-11,T1,physical assault,53.959658,-1.080632
9332,2025-11,T1,physical assault,53.959281,-1.084118
9333,2025-11,T1,physical assault,53.959281,-1.084118
9334,2025-11,T1,physical assault,53.959281,-1.084118
9335,2025-11,T1,physical assault,53.959658,-1.080632
9336,2025-11,T1,physical assault,53.956866,-1.08234
9337,2025-11,T1,physical assault,53.956609,-1.0734
9338,2025-11,T1,physical assault,53.957862,-1.082339
9339,2025-11,T1,physical assault,53.957862,-1.082339
9340,2025-11,T1,physical assault,53.958346,-1.080242
9341,2025-11,T1,physical assault,53.95728,-1.082376
9342,2025-11,T1,physical assault,53.956569,-1.08224
9343,2025-11,T1,physical assault,53.956866,-1.08234
9344,2025-11,T1,physical assault,53.960121,-1.080058
9345,2025-11,T1,physical assault,53.958346,-1.080242
9346,2025-11,T1,physical assault,53.956866,-1.08234
9347,2025-11,T1,physical assault,53.955084,-1.077335
9348,2025-11,T1,physical assault,53.956866,-1.08234
9349,2025-11,T1,physical assault,53.959658,-1.080632
9350,2025-11,T1,physical assault,53.95728,-1.082376
9351,2025-11,T1,physical assault,53.959281,-1.084118
9352,2025-11,T1,physical assault,53.959281,-1.084118
9353,2025-11,T1,physical assault,53.959658,-1.080632
9354,2025-11,T1,physical assault,53.956569,-1.08224
9355,2025-11,T1,physical assault,53.956944,-1.081896
9356,2025-11,T1,physical assault,53.956609,-1.0734
9357,2025-11,T1,physical assault,53.958919,-1.080451
9358,2025-11,T1,physical assault,53.959281,-1.084118
9359,2025-11,T1,physical assault,53.959281,-1.084118
9360,2025-11,T1,physical assault,53.95728,-1.082376
9361,2025-11,T1,physical assault,53.95728,-1.082376
9362,2025-11,T1,physical assault,53.956866,-1.08234
9363,2025-11,T1,physical assault,53.958346,-1.080242
9364,2025-11,T1,physical assault,53.959281,-1.084118
9365,2025-11,T1,physical assault,53.956866,-1.08234
9366,2025-11,T1,physical assault,53.954869,-1.080729
9367,2025-11,T1,suspicious activity,53.950621,-1.037723
9368,2025-11,T1,suspicious activity,53.950621,-1.037723
9369,2025-11,T1,suspicious activity,53.95005,-1.03827
9370,2025-11,T1,physical assault,53.950621,-1.037723
9371,2025-11,T1,physical assault,53.951034,-1.039908
9372,2025-11,T1,suspicious activity,53.959398,-1.043938
9373,2025-11,T1,suspicious activity,53.961284,-1.044809
9374,2025-11,T1,suspicious activity,53.960113,-1.044647
9375,2025-11,T1,suspicious activity,53.959784,-1.035973
9376,2025-11,T1,suspicious activity,53.962363,-1.040425
9377,2025-11,T1,suspicious activity,53.961092,-1.041079
9378,2025-11,T1,vandalism,53.959398,-1.043938
9379,2025-11,T1,vandalism,53.961677,-1.044079
9380,2025-11,T1,vandalism,53.9592,-1.042096
9381,2025-11,T1,physical assault,53.95983,-1.042831
9382,2025-11,T1,physical assault,53.956588,-1.036489
9383,2025-11,T1,physical assault,53.95983,-1.042831
9384,2025-11,T1,physical assault,53.95983,-1.042831
9385,2025-11,T1,physical assault,53.961592,-1.041815
9386,2025-11,T1,physical assault,53.959398,-1.043938
9387,2025-11,T1,physical assault,53.954668,-1.038011
9388,2025-11,T1,suspicious activity,53.961362,-1.059318
9389,2025-11,T1,suspicious activity,53.960223,-1.05458
9390,2025-11,T1,suspicious activity,53.960223,-1.05458
9391,2025-11,T1,suspicious activity,53.960223,-1.05458
9392,2025-11,T1,vandalism,53.960119,-1.05898
9393,2025-11,T1,harassment,53.960119,-1.05898
9394,2025-11,T1,physical assault,53.960119,-1.05898
9395,2025-11,T1,physical assault,53.960119,-1.05898
9396,2025-11,T1,physical assault,53.964326,-1.053367
9397,2025-11,T1,physical assault,53.962852,-1.055595
9398,2025-11,T1,physical assault,53.964326,-1.053367
9399,2025-11,T1,physical assault,53.956999,-1.045181
9400,2025-11,T1,physical assault,53.956894,-1.044315
9401,2025-11,T1,physical assault,53.956999,-1.045181
9402,2025-11,T1,physical assault,53.955176,-1.045345
9403,2025-11,T1,physical assault,53.956999,-1.045181
9404,2025-11,T1,physical assault,53.956999,-1.045181
9405,2025-11,T1,physical assault,53.955176,-1.045345
9406,2025-11,T1,physical assault,53.957882,-1.045375
9407,2025-11,T1,physical assault,53.956999,-1.045181
9408,2025-11,T1,suspicious activity,53.956238,-1.057091
9409,2025-11,T1,suspicious activity,53.956238,-1.057091
9410,2025-11,T1,suspicious activity,53.957632,-1.05582
9411,2025-11,T1,suspicious activity,53.957632,-1.05582
9412,2025-11,T1,suspicious activity,53.957038,-1.059247
9413,2025-11,T1,vandalism,53.957632,-1.05582
9414,2025-11,T1,vandalism,53.957632,-1.05582
9415,2025-11,T1,vandalism,53.958447,-1.053241
9416,2025-11,T1,vandalism,53.957632,-1.05582
9417,2025-11,T1,vandalism,53.956544,-1.06159
9418,2025-11,T1,vandalism,53.957038,-1.059247
9419,2025-11,T1,harassment,53.957905,-1.052827
9420,2025-11,T1,harassment,53.958134,-1.056815
9421,2025-11,T1,physical assault,53.957885,-1.059518
9422,2025-11,T1,physical assault,53.959111,-1.054202
9423,2025-11,T1,physical assault,53.956238,-1.057091
9424,2025-11,T1,physical assault,53.958459,-1.057824
9425,2025-11,T1,suspicious activity,53.955988,-1.059438
9426,2025-11,T1,suspicious activity,53.956321,-1.062951
9427,2025-11,T1,suspicious activity,53.955988,-1.059438
9428,2025-11,T1,vandalism,53.956321,-1.062951
9429,2025-11,T1,physical assault,53.956321,-1.062951
9430,2025-11,T1,physical assault,53.955819,-1.064273
9431,2025-11,T1,suspicious activity,53.956407,-1.047801
9432,2025-11,T1,suspicious activity,53.956407,-1.047801
9433,2025-11,T1,suspicious activity,53.955622,-1.05169
9434,2025-11,T1,physical assault,53.958105,-1.050744
9435,2025-11,T1,physical assault,53.956407,-1.047801
9436,2025-11,T1,suspicious activity,53.951642,-1.054264
9437,2025-11,T1,suspicious activity,53.953478,-1.059144
9438,2025-11,T1,suspicious activity,53.952905,-1.057115
9439,2025-11,T1,suspicious activity,53.953478,-1.059144
9440,2025-11,T1,suspicious activity,53.95342,-1.05177
9441,2025-11,T1,physical assault,53.954403,-1.05446
9442,2025-11,T1,physical assault,53.954962,-1.052375
9443,2025-11,T1,harassment,53.962287,-1.114747
9444,2025-11,T1,physical assault,53.962287,-1.114747
9445,2025-11,T1,physical assault,53.962287,-1.114747
9446,2025-11,T1,suspicious activity,53.95807,-1.115873
9447,2025-11,T1,vandalism,53.95807,-1.115873
9448,2025-11,T1,vandalism,53.95807,-1.115873
9449,2025-11,T1,vandalism,53.958393,-1.116963
9450,2025-11,T1,harassment,53.957259,-1.119258
9451,2025-11,T1,harassment,53.958162,-1.118507
9452,2025-11,T1,robbery,53.958393,-1.116963
9453,2025-11,T1,physical assault,53.960911,-1.119532
9454,2025-11,T1,physical assault,53.958162,-1.118507
9455,2025-11,T1,physical assault,53.957259,-1.119258
9456,2025-11,T1,physical assault,53.957517,-1.116372
9457,2025-11,T1,physical assault,53.960911,-1.119532
9458,2025-11,T1,physical assault,53.957259,-1.119258
9459,2025-11,T1,physical assault,53.958393,-1.116963
9460,2025-11,T1,physical assault,53.960911,-1.119532
9461,2025-11,T1,physical assault,53.957517,-1.116372
9462,2025-11,T1,suspicious activity,53.95513,-1.107127
9463,2025-11,T1,suspicious activity,53.953529,-1.110681
9464,2025-11,T1,suspicious activity,53.952268,-1.109154
9465,2025-11,T1,vandalism,53.953529,-1.110681
9466,2025-11,T1,physical assault,53.954329,-1.10943
9467,2025-11,T1,physical assault,53.95513,-1.107127
9468,2025-11,T1,suspicious activity,53.956402,-1.120136
9469,2025-11,T1,suspicious activity,53.951687,-1.116892
9470,2025-11,T1,suspicious activity,53.956402,-1.120136
9471,2025-11,T1,suspicious activity,53.956402,-1.120136
9472,2025-11,T1,suspicious activity,53.954634,-1.120334
9473,2025-11,T1,suspicious activity,53.954634,-1.120334
9474,2025-11,T1,suspicious activity,53.956402,-1.120136
9475,2025-11,T1,suspicious activity,53.951687,-1.116892
9476,2025-11,T1,vandalism,53.951253,-1.11399
9477,2025-11,T1,vandalism,53.954634,-1.120334
9478,2025-11,T1,harassment,53.956086,-1.118597
9479,2025-11,T1,physical assault,53.956402,-1.120136
9480,2025-11,T1,physical assault,53.956402,-1.120136
9481,2025-11,T1,physical assault,53.956182,-1.116964
9482,2025-11,T1,physical assault,53.956182,-1.116964
9483,2025-11,T1,suspicious activity,53.955788,-1.124486
9484,2025-11,T1,suspicious activity,53.955363,-1.125394
9485,2025-11,T1,suspicious activity,53.955337,-1.121859
9486,2025-11,T1,suspicious activity,53.955337,-1.121859
9487,2025-11,T1,suspicious activity,53.955337,-1.121859
9488,2025-11,T1,suspicious activity,53.955363,-1.125394
9489,2025-11,T1,suspicious activity,53.955363,-1.125394
9490,2025-11,T1,suspicious activity,53.955363,-1.125394
9491,2025-11,T1,suspicious activity,53.955363,-1.125394
9492,2025-11,T1,suspicious activity,53.951451,-1.11903
9493,2025-11,T1,suspicious activity,53.955337,-1.121859
9494,2025-11,T1,suspicious activity,53.955337,-1.121859
9495,2025-11,T1,suspicious activity,53.955788,-1.124486
9496,2025-11,T1,suspicious activity,53.955006,-1.124472
9497,2025-11,T1,suspicious activity,53.953404,-1.122997
9498,2025-11,T1,suspicious activity,53.955363,-1.125394
9499,2025-11,T1,suspicious activity,53.955702,-1.125051
9500,2025-11,T1,suspicious activity,53.955788,-1.124486
9501,2025-11,T1,suspicious activity,53.955363,-1.125394
9502,2025-11,T1,suspicious activity,53.955702,-1.125051
9503,2025-11,T1,suspicious activity,53.955788,-1.124486
9504,2025-11,T1,suspicious activity,53.955363,-1.125394
9505,2025-11,T1,suspicious activity,53.955363,-1.125394
9506,2025-11,T1,suspicious activity,53.955363,-1.125394
9507,2025-11,T1,suspicious activity,53.955363,-1.125394
9508,2025-11,T1,suspicious activity,53.955363,-1.125394
9509,2025-11,T1,suspicious activity,53.955363,-1.125394
9510,2025-11,T1,suspicious activity,53.955363,-1.125394
9511,2025-11,T1,suspicious activity,53.953404,-1.122997
9512,2025-11,T1,suspicious activity,53.955363,-1.125394
9513,2025-11,T1,suspicious activity,53.955363,-1.125394
9514,2025-11,T1,suspicious activity,53.955006,-1.124472
9515,2025-11,T1,suspicious activity,53.953794,-1.125975
9516,2025-11,T1,suspicious activity,53.955363,-1.125394
9517,2025-11,T1,suspicious activity,53.955363,-1.125394
9518,2025-11,T1,suspicious activity,53.955363,-1.125394
9519,2025-11,T1,suspicious activity,53.955363,-1.125394
9520,2025-11,T1,suspicious activity,53.955363,-1.125394
9521,2025-11,T1,suspicious activity,53.951451,-1.11903
9522,2025-11,T1,suspicious activity,53.955788,-1.124486
9523,2025-11,T1,suspicious activity,53.955513,-1.121322
9524,2025-11,T1,suspicious activity,53.955363,-1.125394
9525,2025-11,T1,suspicious activity,53.955363,-1.125394
9526,2025-11,T1,suspicious activity,53.955363,-1.125394
9527,2025-11,T1,suspicious activity,53.955006,-1.124472
9528,2025-11,T1,suspicious activity,53.955363,-1.125394
9529,2025-11,T1,suspicious activity,53.955006,-1.124472
9530,2025-11,T1,vandalism,53.954947,-1.123863
9531,2025-11,T1,vandalism,53.955788,-1.124486
9532,2025-11,T1,vandalism,53.955788,-1.124486
9533,2025-11,T1,physical assault,53.951879,-1.120971
9534,2025-11,T1,harassment,53.955006,-1.124472
9535,2025-11,T1,harassment,53.955363,-1.125394
9536,2025-11,T1,harassment,53.955702,-1.125051
9537,2025-11,T1,robbery,53.951451,-1.11903
9538,2025-11,T1,physical assault,53.955513,-1.121322
9539,2025-11,T1,physical assault,53.953404,-1.122997
9540,2025-11,T1,physical assault,53.951879,-1.120971
9541,2025-11,T1,physical assault,53.955363,-1.125394
9542,2025-11,T1,physical assault,53.953404,-1.122997
9543,2025-11,T1,physical assault,53.955788,-1.124486
9544,2025-11,T1,physical assault,53.955513,-1.121322
9545,2025-11,T1,physical assault,53.955788,-1.124486
9546,2025-11,T1,physical assault,53.953404,-1.122997
9547,2025-11,T1,physical assault,53.955788,-1.124486
9548,2025-11,T1,physical assault,53.953794,-1.125975
9549,2025-11,T1,vandalism,53.948619,-1.125017
9550,2025-11,T1,suspicious activity,53.963484,-1.106537
9551,2025-11,T1,suspicious activity,53.965239,-1.104472
9552,2025-11,T1,vandalism,53.965424,-1.106327
9553,2025-11,T1,vandalism,53.965424,-1.106327
9554,2025-11,T1,vandalism,53.964026,-1.104513
9555,2025-11,T1,vandalism,53.965424,-1.106327
9556,2025-11,T1,physical assault,53.964808,-1.104435
9557,2025-11,T1,physical assault,53.965424,-1.106327
9558,2025-11,T1,physical assault,53.965424,-1.106327
9559,2025-11,T1,physical assault,53.961435,-1.101688
9560,2025-11,T1,physical assault,53.954608,-1.101012
9561,2025-11,T1,suspicious activity,53.953787,-1.100694
9562,2025-11,T1,robbery,53.953787,-1.100694
9563,2025-11,T1,suspicious activity,53.952502,-1.09583
9564,2025-11,T1,suspicious activity,53.948813,-1.102523
9565,2025-11,T1,suspicious activity,53.949367,-1.100957
9566,2025-11,T1,suspicious activity,53.95015,-1.098639
9567,2025-11,T1,suspicious activity,53.949586,-1.102506
9568,2025-11,T1,suspicious activity,53.942931,-1.1264
9569,2025-11,T1,suspicious activity,53.947482,-1.120637
9570,2025-11,T1,suspicious activity,53.94629,-1.124898
9571,2025-11,T1,suspicious activity,53.945307,-1.124431
9572,2025-11,T1,suspicious activity,53.945307,-1.124431
9573,2025-11,T1,suspicious activity,53.946265,-1.117783
9574,2025-11,T1,suspicious activity,53.94629,-1.124898
9575,2025-11,T1,vandalism,53.946265,-1.117783
9576,2025-11,T1,harassment,53.94629,-1.124898
9577,2025-11,T1,physical assault,53.945749,-1.120872
9578,2025-11,T1,physical assault,53.946559,-1.119803
9579,2025-11,T1,physical assault,53.947598,-1.119309
9580,2025-11,T1,physical assault,53.945307,-1.124431
9581,2025-11,T1,physical assault,53.947598,-1.119309
9582,2025-11,T1,physical assault,53.948397,-1.122964
9583,2025-11,T1,physical assault,53.946559,-1.119803
9584,2025-11,T1,suspicious activity,53.948905,-1.127266
9585,2025-11,T1,suspicious activity,53.948905,-1.127266
9586,2025-11,T1,suspicious activity,53.948905,-1.127266
9587,2025-11,T1,suspicious activity,53.948905,-1.127266
9588,2025-11,T1,suspicious activity,53.948567,-1.125231
9589,2025-11,T1,physical assault,53.948567,-1.125231
9590,2025-11,T1,robbery,53.940907,-1.069985
9591,2025-11,T1,harassment,53.950476,-1.076553
9592,2025-11,T1,suspicious activity,53.946614,-1.074596
9593,2025-11,T1,suspicious activity,53.942183,-1.072196
9594,2025-11,T1,vandalism,53.942275,-1.078288
9595,2025-11,T1,vandalism,53.948528,-1.062925
9596,2025-11,T1,harassment,53.94649,-1.072405
9597,2025-11,T1,harassment,53.94649,-1.072405
9598,2025-11,T1,harassment,53.942183,-1.072196
9599,2025-11,T1,harassment,53.94649,-1.072405
9600,2025-11,T1,harassment,53.94649,-1.072405
9601,2025-11,T1,physical assault,53.94649,-1.072405
9602,2025-11,T1,physical assault,53.94649,-1.072405
9603,2025-11,T1,physical assault,53.943061,-1.075406
9604,2025-11,T1,physical assault,53.94649,-1.072405
9605,2025-11,T1,physical assault,53.946614,-1.074596
9606,2025-11,T1,physical assault,53.94649,-1.072405
9607,2025-11,T1,physical assault,53.94693,-1.07593
9608,2025-11,T1,physical assault,53.94649,-1.072405
9609,2025-11,T1,physical assault,53.943061,-1.075406
9610,2025-11,T1,physical assault,53.946614,-1.074596
9611,2025-11,T1,physical assault,53.94649,-1.072405
9612,2025-11,T1,physical assault,53.94649,-1.072405
9613,2025-11,T1,physical assault,53.94649,-1.072405
9614,2025-11,T1,physical assault,53.94649,-1.072405
9615,2025-11,T1,suspicious activity,53.954522,-1.069651
9616,2025-11,T1,suspicious activity,53.953927,-1.071767
9617,2025-11,T1,suspicious activity,53.95368,-1.073541
9618,2025-11,T1,vandalism,53.952286,-1.063042
9619,2025-11,T1,vandalism,53.954454,-1.064411
9620,2025-11,T1,vandalism,53.953574,-1.063348
9621,2025-11,T1,robbery,53.954421,-1.063649
9622,2025-11,T1,physical assault,53.952753,-1.067527
9623,2025-11,T1,physical assault,53.954522,-1.069651
9624,2025-11,T1,physical assault,53.952753,-1.067527
9625,2025-11,T1,physical assault,53.953574,-1.063348
9626,2025-11,T1,physical assault,53.95368,-1.073541
9627,2025-11,T1,physical assault,53.953545,-1.067677
9628,2025-11,T1,physical assault,53.953574,-1.063348
9629,2025-11,T1,physical assault,53.953574,-1.063348
9630,2025-11,T1,physical assault,53.95368,-1.073541
9631,2025-11,T1,suspicious activity,53.952438,-1.07334
9632,2025-11,T1,suspicious activity,53.951631,-1.070036
9633,2025-11,T1,suspicious activity,53.951661,-1.071696
9634,2025-11,T1,vandalism,53.952774,-1.076191
9635,2025-11,T1,vandalism,53.951661,-1.071696
9636,2025-11,T1,harassment,53.95217,-1.071212
9637,2025-11,T1,physical assault,53.952333,-1.077271
9638,2025-11,T1,physical assault,53.951334,-1.073562
9639,2025-11,T1,physical assault,53.952438,-1.07334
9640,2025-11,T1,physical assault,53.951495,-1.076957
9641,2025-11,T1,physical assault,53.951565,-1.069671
9642,2025-11,T1,physical assault,53.952333,-1.077271
9643,2025-11,T1,physical assault,53.952628,-1.069998
9644,2025-11,T1,physical assault,53.953663,-1.076771
9645,2025-11,T1,physical assault,53.950742,-1.072585
9646,2025-11,T1,physical assault,53.952333,-1.077271
9647,2025-11,T1,physical assault,53.951334,-1.073562
9648,2025-11,T1,physical assault,53.952333,-1.077271
9649,2025-11,T1,physical assault,53.952333,-1.077271
9650,2025-11,T1,physical assault,53.951495,-1.076957
9651,2025-11,T1,suspicious activity,53.95148,-1.085536
9652,2025-11,T1,suspicious activity,53.951701,-1.08384
9653,2025-11,T1,vandalism,53.95148,-1.085536
9654,2025-11,T1,vandalism,53.95148,-1.085536
9655,2025-11,T1,vandalism,53.95148,-1.085536
9656,2025-11,T1,vandalism,53.948497,-1.081744
9657,2025-11,T1,vandalism,53.951044,-1.082589
9658,2025-11,T1,harassment,53.95148,-1.085536
9659,2025-11,T1,harassment,53.950088,-1.083403
9660,2025-11,T1,physical assault,53.950521,-1.082403
9661,2025-11,T1,physical assault,53.952103,-1.083618
9662,2025-11,T1,physical assault,53.952103,-1.083618
9663,2025-11,T1,physical assault,53.950521,-1.082403
9664,2025-11,T1,suspicious activity,53.93959,-1.104747
9665,2025-11,T1,suspicious activity,53.933146,-1.108434
9666,2025-11,T1,suspicious activity,53.934536,-1.110445
9667,2025-11,T1,suspicious activity,53.947726,-1.10503
9668,2025-11,T1,physical assault,53.947726,-1.10503
9669,2025-11,T1,suspicious activity,53.945959,-1.092345
9670,2025-11,T1,suspicious activity,53.948118,-1.092573
9671,2025-11,T1,suspicious activity,53.942659,-1.089812
9672,2025-11,T1,suspicious activity,53.94545,-1.102321
9673,2025-11,T1,suspicious activity,53.947624,-1.093787
9674,2025-11,T1,suspicious activity,53.946441,-1.096693
9675,2025-11,T1,physical assault,53.944833,-1.094366
9676,2025-11,T1,harassment,53.943274,-1.090332
9677,2025-11,T1,physical assault,53.944833,-1.094366
9678,2025-11,T1,physical assault,53.944051,-1.093194
9679,2025-11,T1,physical assault,53.94225,-1.088023
9680,2025-11,T1,suspicious activity,53.938171,-1.120726
9681,2025-11,T1,suspicious activity,53.938171,-1.120726
9682,2025-11,T1,suspicious activity,53.938901,-1.121
9683,2025-11,T1,physical assault,53.935012,-1.121478
9684,2025-11,T1,suspicious activity,53.937061,-1.123872
9685,2025-11,T1,suspicious activity,53.936492,-1.125925
9686,2025-11,T1,robbery,53.937061,-1.123872
9687,2025-11,T1,physical assault,53.937061,-1.123872
9688,2025-11,T1,physical assault,53.941595,-1.12201
9689,2025-11,T1,physical assault,53.940861,-1.118628
9690,2025-11,T1,suspicious activity,53.946777,-1.048234
9691,2025-11,T1,suspicious activity,53.948804,-1.04773
9692,2025-11,T1,suspicious activity,53.943256,-1.042892
9693,2025-11,T1,suspicious activity,53.942019,-1.05315
9694,2025-11,T1,physical assault,53.944627,-1.058216
9695,2025-11,T1,physical assault,53.944631,-1.041655
9696,2025-11,T1,suspicious activity,53.93441,-1.064443
9697,2025-11,T1,suspicious activity,53.933364,-1.065065
9698,2025-11,T1,suspicious activity,53.937207,-1.06798
9699,2025-11,T1,suspicious activity,53.937207,-1.06798
9700,2025-11,T1,vandalism,53.933784,-1.067066
9701,2025-11,T1,physical assault,53.934797,-1.062119
9702,2025-11,T1,physical assault,53.934797,-1.062119
9703,2025-11,T1,physical assault,53.939796,-1.074069
9704,2025-11,T1,physical assault,53.939796,-1.074069
9705,2025-12,T1,suspicious activity,53.980007,-1.058669
9706,2025-12,T1,vandalism,53.980928,-1.06028
9707,2025-12,T1,physical assault,53.979349,-1.069983
9708,2025-12,T1,physical assault,53.979349,-1.069983
9709,2025-12,T1,physical assault,53.979349,-1.069983
9710,2025-12,T1,physical assault,53.979349,-1.069983
9711,2025-12,T1,physical assault,53.980487,-1.068311
9712,2025-12,T1,physical assault,53.980425,-1.06729
9713,2025-12,T1,physical assault,53.979349,-1.069983
9714,2025-12,T1,physical assault,53.979349,-1.069983
9715,2025-12,T1,physical assault,53.979349,-1.069983
9716,2025-12,T1,physical assault,53.979349,-1.069983
9717,2025-12,T1,physical assault,53.979349,-1.069983
9718,2025-12,T1,suspicious activity,53.982568,-1.051993
9719,2025-12,T1,suspicious activity,53.982568,-1.051993
9720,2025-12,T1,suspicious activity,53.98508,-1.048282
9721,2025-12,T1,suspicious activity,53.982568,-1.051993
9722,2025-12,T1,suspicious activity,53.982568,-1.051993
9723,2025-12,T1,suspicious activity,53.982568,-1.051993
9724,2025-12,T1,suspicious activity,53.982568,-1.051993
9725,2025-12,T1,suspicious activity,53.982568,-1.051993
9726,2025-12,T1,vandalism,53.982568,-1.051993
9727,2025-12,T1,vandalism,53.986004,-1.055453
9728,2025-12,T1,vandalism,53.982568,-1.051993
9729,2025-12,T1,vandalism,53.982568,-1.051993
9730,2025-12,T1,suspicious activity,53.985222,-1.062272
9731,2025-12,T1,physical assault,53.977675,-1.094386
9732,2025-12,T1,physical assault,53.984459,-1.112112
9733,2025-12,T1,suspicious activity,53.984519,-1.092575
9734,2025-12,T1,suspicious activity,53.984958,-1.09653
9735,2025-12,T1,vandalism,53.984659,-1.10035
9736,2025-12,T1,vandalism,53.985452,-1.097712
9737,2025-12,T1,harassment,53.983595,-1.098741
9738,2025-12,T1,harassment,53.983595,-1.098741
9739,2025-12,T1,harassment,53.97964,-1.082812
9740,2025-12,T1,robbery,53.97964,-1.082812
9741,2025-12,T1,physical assault,53.983763,-1.095509
9742,2025-12,T1,physical assault,53.983,-1.103283
9743,2025-12,T1,physical assault,53.97964,-1.082812
9744,2025-12,T1,physical assault,53.983763,-1.095509
9745,2025-12,T1,suspicious activity,53.976629,-1.101163
9746,2025-12,T1,suspicious activity,53.976629,-1.101163
9747,2025-12,T1,physical assault,53.98218,-1.103056
9748,2025-12,T1,physical assault,53.976629,-1.101163
9749,2025-12,T1,physical assault,53.962613,-1.093386
9750,2025-12,T1,suspicious activity,53.971403,-1.095757
9751,2025-12,T1,physical assault,53.972728,-1.097512
9752,2025-12,T1,physical assault,53.971381,-1.102495
9753,2025-12,T1,physical assault,53.972728,-1.097512
9754,2025-12,T1,physical assault,53.971403,-1.095757
9755,2025-12,T1,physical assault,53.983839,-1.117096
9756,2025-12,T1,vandalism,53.985107,-1.107386
9757,2025-12,T1,physical assault,53.985107,-1.107386
9758,2025-12,T1,physical assault,53.982212,-1.113379
9759,2025-12,T1,physical assault,53.979935,-1.111766
9760,2025-12,T1,suspicious activity,53.976915,-1.115382
9761,2025-12,T1,harassment,53.976915,-1.115382
9762,2025-12,T1,physical assault,53.978738,-1.106698
9763,2025-12,T1,physical assault,53.976915,-1.115382
9764,2025-12,T1,suspicious activity,53.966377,-1.055851
9765,2025-12,T1,suspicious activity,53.96543,-1.05543
9766,2025-12,T1,physical assault,53.970379,-1.056693
9767,2025-12,T1,vandalism,53.967105,-1.061551
9768,2025-12,T1,vandalism,53.965309,-1.066317
9769,2025-12,T1,physical assault,53.966289,-1.05933
9770,2025-12,T1,vandalism,53.976827,-1.062263
9771,2025-12,T1,vandalism,53.975207,-1.065547
9772,2025-12,T1,physical assault,53.971516,-1.05184
9773,2025-12,T1,physical assault,53.970379,-1.050364
9774,2025-12,T1,physical assault,53.971516,-1.05184
9775,2025-12,T1,physical assault,53.966797,-1.04418
9776,2025-12,T1,suspicious activity,53.969333,-1.083514
9777,2025-12,T1,vandalism,53.968952,-1.084285
9778,2025-12,T1,physical assault,53.968952,-1.084285
9779,2025-12,T1,physical assault,53.968952,-1.084285
9780,2025-12,T1,physical assault,53.968952,-1.084285
9781,2025-12,T1,physical assault,53.970504,-1.079189
9782,2025-12,T1,physical assault,53.969333,-1.083514
9783,2025-12,T1,physical assault,53.969432,-1.082384
9784,2025-12,T1,physical assault,53.969432,-1.082384
9785,2025-12,T1,physical assault,53.968952,-1.084285
9786,2025-12,T1,physical assault,53.969802,-1.080257
9787,2025-12,T1,physical assault,53.968952,-1.084285
9788,2025-12,T1,physical assault,53.970504,-1.079189
9789,2025-12,T1,physical assault,53.969333,-1.083514
9790,2025-12,T1,vandalism,53.974097,-1.087084
9791,2025-12,T1,vandalism,53.974308,-1.08647
9792,2025-12,T1,vandalism,53.970245,-1.091254
9793,2025-12,T1,vandalism,53.972648,-1.088
9794,2025-12,T1,physical assault,53.972766,-1.086976
9795,2025-12,T1,physical assault,53.96906,-1.09253
9796,2025-12,T1,physical assault,53.970245,-1.091254
9797,2025-12,T1,physical assault,53.973624,-1.08871
9798,2025-12,T1,physical assault,53.96906,-1.09253
9799,2025-12,T1,suspicious activity,53.976961,-1.086671
9800,2025-12,T1,suspicious activity,53.974117,-1.089752
9801,2025-12,T1,vandalism,53.974117,-1.089752
9802,2025-12,T1,vandalism,53.973887,-1.091464
9803,2025-12,T1,vandalism,53.974117,-1.089752
9804,2025-12,T1,vandalism,53.974117,-1.089752
9805,2025-12,T1,physical assault,53.974117,-1.089752
9806,2025-12,T1,physical assault,53.974117,-1.089752
9807,2025-12,T1,physical assault,53.973887,-1.091464
9808,2025-12,T1,physical assault,53.976961,-1.086671
9809,2025-12,T1,suspicious activity,53.973855,-1.093127
9810,2025-12,T1,vandalism,53.974675,-1.094573
9811,2025-12,T1,vandalism,53.973855,-1.093127
9812,2025-12,T1,vandalism,53.977102,-1.092294
9813,2025-12,T1,vandalism,53.974164,-1.096017
9814,2025-12,T1,vandalism,53.974675,-1.094573
9815,2025-12,T1,physical assault,53.974164,-1.096017
9816,2025-12,T1,robbery,53.973855,-1.093127
9817,2025-12,T1,physical assault,53.974164,-1.096017
9818,2025-12,T1,physical assault,53.977102,-1.092294
9819,2025-12,T1,physical assault,53.973855,-1.093127
9820,2025-12,T1,physical assault,53.974675,-1.094573
9821,2025-12,T1,physical assault,53.975967,-1.094316
9822,2025-12,T1,physical assault,53.974675,-1.094573
9823,2025-12,T1,physical assault,53.974164,-1.096017
9824,2025-12,T1,physical assault,53.974164,-1.096017
9825,2025-12,T1,physical assault,53.973855,-1.093127
9826,2025-12,T1,physical assault,53.975967,-1.094316
9827,2025-12,T1,suspicious activity,53.976532,-1.088251
9828,2025-12,T1,vandalism,53.972636,-1.085271
9829,2025-12,T1,harassment,53.979806,-1.085007
9830,2025-12,T1,physical assault,53.979806,-1.085007
9831,2025-12,T1,physical assault,53.976082,-1.083366
9832,2025-12,T1,physical assault,53.976082,-1.083366
9833,2025-12,T1,physical assault,53.976532,-1.088251
9834,2025-12,T1,suspicious activity,53.971603,-1.077168
9835,2025-12,T1,vandalism,53.972734,-1.074582
9836,2025-12,T1,physical assault,53.973344,-1.079127
9837,2025-12,T1,physical assault,53.973344,-1.079127
9838,2025-12,T1,physical assault,53.972367,-1.074788
9839,2025-12,T1,physical assault,53.972367,-1.074788
9840,2025-12,T1,physical assault,53.973989,-1.073029
9841,2025-12,T1,suspicious activity,53.968213,-1.07924
9842,2025-12,T1,physical assault,53.968213,-1.07924
9843,2025-12,T1,harassment,53.968743,-1.079228
9844,2025-12,T1,physical assault,53.969984,-1.077051
9845,2025-12,T1,physical assault,53.968213,-1.07924
9846,2025-12,T1,physical assault,53.969984,-1.077051
9847,2025-12,T1,physical assault,53.967599,-1.071906
9848,2025-12,T1,physical assault,53.968388,-1.07634
9849,2025-12,T1,physical assault,53.968721,-1.076332
9850,2025-12,T1,physical assault,53.968743,-1.079228
9851,2025-12,T1,suspicious activity,53.965587,-1.072042
9852,2025-12,T1,suspicious activity,53.9705,-1.070454
9853,2025-12,T1,physical assault,53.970844,-1.071925
9854,2025-12,T1,physical assault,53.966424,-1.06992
9855,2025-12,T1,physical assault,53.965587,-1.072042
9856,2025-12,T1,physical assault,53.9705,-1.070454
9857,2025-12,T1,physical assault,53.9705,-1.070454
9858,2025-12,T1,physical assault,53.965587,-1.072042
9859,2025-12,T1,physical assault,53.965587,-1.072042
9860,2025-12,T1,physical assault,53.965587,-1.072042
9861,2025-12,T1,suspicious activity,53.959688,-1.070588
9862,2025-12,T1,suspicious activity,53.962387,-1.05931
9863,2025-12,T1,suspicious activity,53.961588,-1.072131
9864,2025-12,T1,suspicious activity,53.960859,-1.070836
9865,2025-12,T1,suspicious activity,53.960859,-1.070836
9866,2025-12,T1,suspicious activity,53.960859,-1.070836
9867,2025-12,T1,suspicious activity,53.962786,-1.071388
9868,2025-12,T1,suspicious activity,53.962786,-1.071388
9869,2025-12,T1,suspicious activity,53.964125,-1.071373
9870,2025-12,T1,suspicious activity,53.962786,-1.071388
9871,2025-12,T1,suspicious activity,53.96177,-1.064414
9872,2025-12,T1,vandalism,53.962786,-1.071388
9873,2025-12,T1,harassment,53.962448,-1.068316
9874,2025-12,T1,harassment,53.96274,-1.072425
9875,2025-12,T1,physical assault,53.963874,-1.058632
9876,2025-12,T1,physical assault,53.963012,-1.065713
9877,2025-12,T1,physical assault,53.963874,-1.058632
9878,2025-12,T1,physical assault,53.962508,-1.063377
9879,2025-12,T1,suspicious activity,53.976326,-1.070645
9880,2025-12,T1,physical assault,53.973612,-1.070736
9881,2025-12,T1,physical assault,53.977258,-1.06916
9882,2025-12,T1,physical assault,53.973612,-1.070736
9883,2025-12,T1,physical assault,53.973612,-1.070736
9884,2025-12,T1,physical assault,53.975807,-1.068689
9885,2025-12,T1,physical assault,53.975807,-1.068689
9886,2025-12,T1,physical assault,53.961663,-1.126557
9887,2025-12,T1,suspicious activity,53.957952,-1.125477
9888,2025-12,T1,suspicious activity,53.965577,-1.120973
9889,2025-12,T1,suspicious activity,53.966081,-1.123477
9890,2025-12,T1,suspicious activity,53.965405,-1.124574
9891,2025-12,T1,physical assault,53.965959,-1.12162
9892,2025-12,T1,physical assault,53.966288,-1.12608
9893,2025-12,T1,physical assault,53.967341,-1.126286
9894,2025-12,T1,physical assault,53.966288,-1.12608
9895,2025-12,T1,physical assault,53.966288,-1.12608
9896,2025-12,T1,suspicious activity,53.964149,-1.107772
9897,2025-12,T1,suspicious activity,53.963587,-1.120542
9898,2025-12,T1,vandalism,53.961181,-1.120898
9899,2025-12,T1,harassment,53.964065,-1.118261
9900,2025-12,T1,physical assault,53.964065,-1.118261
9901,2025-12,T1,suspicious activity,53.960793,-1.084601
9902,2025-12,T1,suspicious activity,53.961611,-1.079797
9903,2025-12,T1,suspicious activity,53.965236,-1.083726
9904,2025-12,T1,suspicious activity,53.967163,-1.079446
9905,2025-12,T1,suspicious activity,53.960793,-1.084601
9906,2025-12,T1,suspicious activity,53.965236,-1.083726
9907,2025-12,T1,suspicious activity,53.959662,-1.081996
9908,2025-12,T1,suspicious activity,53.960387,-1.085585
9909,2025-12,T1,suspicious activity,53.958528,-1.083246
9910,2025-12,T1,suspicious activity,53.960122,-1.084517
9911,2025-12,T1,suspicious activity,53.965236,-1.083726
9912,2025-12,T1,suspicious activity,53.960793,-1.084601
9913,2025-12,T1,suspicious activity,53.959662,-1.081996
9914,2025-12,T1,suspicious activity,53.959662,-1.081996
9915,2025-12,T1,suspicious activity,53.959662,-1.081996
9916,2025-12,T1,suspicious activity,53.960387,-1.085585
9917,2025-12,T1,suspicious activity,53.959662,-1.081996
9918,2025-12,T1,suspicious activity,53.961677,-1.084962
9919,2025-12,T1,suspicious activity,53.960793,-1.084601
9920,2025-12,T1,suspicious activity,53.962109,-1.083886
9921,2025-12,T1,suspicious activity,53.961677,-1.084962
9922,2025-12,T1,suspicious activity,53.966683,-1.082505
9923,2025-12,T1,suspicious activity,53.960122,-1.084517
9924,2025-12,T1,suspicious activity,53.960122,-1.084517
9925,2025-12,T1,suspicious activity,53.961067,-1.082827
9926,2025-12,T1,suspicious activity,53.961611,-1.079797
9927,2025-12,T1,suspicious activity,53.965236,-1.083726
9928,2025-12,T1,suspicious activity,53.960793,-1.084601
9929,2025-12,T1,suspicious activity,53.965236,-1.083726
9930,2025-12,T1,suspicious activity,53.967163,-1.079446
9931,2025-12,T1,suspicious activity,53.960387,-1.085585
9932,2025-12,T1,suspicious activity,53.967163,-1.079446
9933,2025-12,T1,suspicious activity,53.961067,-1.082827
9934,2025-12,T1,suspicious activity,53.966263,-1.0841
9935,2025-12,T1,vandalism,53.960122,-1.084517
9936,2025-12,T1,vandalism,53.962011,-1.091098
9937,2025-12,T1,vandalism,53.96114,-1.081758
9938,2025-12,T1,physical assault,53.966683,-1.082505
9939,2025-12,T1,harassment,53.962669,-1.080749
9940,2025-12,T1,harassment,53.958528,-1.083246
9941,2025-12,T1,harassment,53.962239,-1.085545
9942,2025-12,T1,robbery,53.964079,-1.084041
9943,2025-12,T1,robbery,53.968124,-1.081757
9944,2025-12,T1,robbery,53.968124,-1.081757
9945,2025-12,T1,physical assault,53.968124,-1.081757
9946,2025-12,T1,physical assault,53.966683,-1.082505
9947,2025-12,T1,physical assault,53.961677,-1.084962
9948,2025-12,T1,physical assault,53.960793,-1.084601
9949,2025-12,T1,physical assault,53.961677,-1.084962
9950,2025-12,T1,physical assault,53.961067,-1.082827
9951,2025-12,T1,physical assault,53.960122,-1.084517
9952,2025-12,T1,physical assault,53.961677,-1.084962
9953,2025-12,T1,physical assault,53.957537,-1.083087
9954,2025-12,T1,physical assault,53.959662,-1.081996
9955,2025-12,T1,physical assault,53.961677,-1.084962
9956,2025-12,T1,physical assault,53.959662,-1.081996
9957,2025-12,T1,physical assault,53.961677,-1.084962
9958,2025-12,T1,physical assault,53.961067,-1.082827
9959,2025-12,T1,physical assault,53.959782,-1.083212
9960,2025-12,T1,physical assault,53.961677,-1.084962
9961,2025-12,T1,physical assault,53.959782,-1.083212
9962,2025-12,T1,physical assault,53.960722,-1.081082
9963,2025-12,T1,physical assault,53.963813,-1.085693
9964,2025-12,T1,physical assault,53.965236,-1.083726
9965,2025-12,T1,physical assault,53.961067,-1.082827
9966,2025-12,T1,physical assault,53.957868,-1.082866
9967,2025-12,T1,physical assault,53.961369,-1.085884
9968,2025-12,T1,physical assault,53.965236,-1.083726
9969,2025-12,T1,physical assault,53.959782,-1.083212
9970,2025-12,T1,physical assault,53.957537,-1.083087
9971,2025-12,T1,physical assault,53.960387,-1.085585
9972,2025-12,T1,physical assault,53.964528,-1.083985
9973,2025-12,T1,physical assault,53.965236,-1.083726
9974,2025-12,T1,physical assault,53.957868,-1.082866
9975,2025-12,T1,physical assault,53.966683,-1.082505
9976,2025-12,T1,physical assault,53.966683,-1.082505
9977,2025-12,T1,physical assault,53.958528,-1.083246
9978,2025-12,T1,physical assault,53.962669,-1.080749
9979,2025-12,T1,physical assault,53.961067,-1.082827
9980,2025-12,T1,physical assault,53.958528,-1.083246
9981,2025-12,T1,physical assault,53.968124,-1.081757
9982,2025-12,T1,physical assault,53.960793,-1.084601
9983,2025-12,T1,physical assault,53.961677,-1.084962
9984,2025-12,T1,physical assault,53.961677,-1.084962
9985,2025-12,T1,physical assault,53.966683,-1.082505
9986,2025-12,T1,physical assault,53.959662,-1.081996
9987,2025-12,T1,physical assault,53.960122,-1.084517
9988,2025-12,T1,physical assault,53.959662,-1.081996
9989,2025-12,T1,physical assault,53.966683,-1.082505
9990,2025-12,T1,physical assault,53.959662,-1.081996
9991,2025-12,T1,physical assault,53.960793,-1.084601
9992,2025-12,T1,physical assault,53.959782,-1.083212
9993,2025-12,T1,physical assault,53.960387,-1.085585
9994,2025-12,T1,physical assault,53.961677,-1.084962
9995,2025-12,T1,physical assault,53.958528,-1.083246
9996,2025-12,T1,physical assault,53.958528,-1.083246
9997,2025-12,T1,physical assault,53.961677,-1.084962
9998,2025-12,T1,physical assault,53.961067,-1.082827
9999,2025-12,T1,suspicious activity,53.965454,-1.074713
10000,2025-12,T1,suspicious activity,53.96129,-1.078996
10001,2025-12,T1,suspicious activity,53.965454,-1.074713
10002,2025-12,T1,suspicious activity,53.965454,-1.074713
10003,2025-12,T1,vandalism,53.966575,-1.077782
10004,2025-12,T1,vandalism,53.96619,-1.07683
10005,2025-12,T1,vandalism,53.96256,-1.079364
10006,2025-12,T1,harassment,53.960778,-1.079084
10007,2025-12,T1,physical assault,53.96619,-1.07683
10008,2025-12,T1,physical assault,53.96619,-1.07683
10009,2025-12,T1,physical assault,53.966575,-1.077782
10010,2025-12,T1,physical assault,53.965454,-1.074713
10011,2025-12,T1,physical assault,53.966575,-1.077782
10012,2025-12,T1,physical assault,53.96619,-1.07683
10013,2025-12,T1,physical assault,53.96619,-1.07683
10014,2025-12,T1,physical assault,53.96619,-1.07683
10015,2025-12,T1,physical assault,53.96619,-1.07683
10016,2025-12,T1,physical assault,53.96619,-1.07683
10017,2025-12,T1,suspicious activity,53.954621,-1.093194
10018,2025-12,T1,suspicious activity,53.954621,-1.093194
10019,2025-12,T1,suspicious activity,53.953497,-1.090765
10020,2025-12,T1,suspicious activity,53.954804,-1.092428
10021,2025-12,T1,suspicious activity,53.954621,-1.093194
10022,2025-12,T1,vandalism,53.954804,-1.092428
10023,2025-12,T1,harassment,53.954621,-1.093194
10024,2025-12,T1,robbery,53.951281,-1.090173
10025,2025-12,T1,physical assault,53.954128,-1.097014
10026,2025-12,T1,physical assault,53.954621,-1.093194
10027,2025-12,T1,physical assault,53.954128,-1.097014
10028,2025-12,T1,physical assault,53.951793,-1.08655
10029,2025-12,T1,physical assault,53.955025,-1.089634
10030,2025-12,T1,suspicious activity,53.959053,-1.079183
10031,2025-12,T1,suspicious activity,53.955489,-1.073882
10032,2025-12,T1,suspicious activity,53.959851,-1.073084
10033,2025-12,T1,suspicious activity,53.956372,-1.074106
10034,2025-12,T1,suspicious activity,53.956741,-1.071873
10035,2025-12,T1,suspicious activity,53.958317,-1.071167
10036,2025-12,T1,suspicious activity,53.959167,-1.064838
10037,2025-12,T1,suspicious activity,53.959053,-1.079183
10038,2025-12,T1,suspicious activity,53.95439,-1.07524
10039,2025-12,T1,suspicious activity,53.955489,-1.073882
10040,2025-12,T1,suspicious activity,53.9554,-1.072431
10041,2025-12,T1,suspicious activity,53.958399,-1.068879
10042,2025-12,T1,suspicious activity,53.958399,-1.068879
10043,2025-12,T1,vandalism,53.957761,-1.072414
10044,2025-12,T1,harassment,53.955333,-1.074647
10045,2025-12,T1,robbery,53.958399,-1.068879
10046,2025-12,T1,robbery,53.959245,-1.078355
10047,2025-12,T1,robbery,53.958399,-1.068879
10048,2025-12,T1,physical assault,53.960274,-1.076595
10049,2025-12,T1,physical assault,53.955321,-1.068338
10050,2025-12,T1,physical assault,53.955489,-1.073882
10051,2025-12,T1,physical assault,53.95612,-1.067162
10052,2025-12,T1,suspicious activity,53.95816,-1.088164
10053,2025-12,T1,suspicious activity,53.95615,-1.090996
10054,2025-12,T1,suspicious activity,53.959055,-1.087626
10055,2025-12,T1,suspicious activity,53.957273,-1.084983
10056,2025-12,T1,suspicious activity,53.96043,-1.091223
10057,2025-12,T1,suspicious activity,53.95615,-1.090996
10058,2025-12,T1,suspicious activity,53.95816,-1.088164
10059,2025-12,T1,suspicious activity,53.957808,-1.086785
10060,2025-12,T1,suspicious activity,53.955925,-1.089752
10061,2025-12,T1,suspicious activity,53.96043,-1.091223
10062,2025-12,T1,suspicious activity,53.957139,-1.088597
10063,2025-12,T1,suspicious activity,53.958398,-1.092228
10064,2025-12,T1,suspicious activity,53.957273,-1.084983
10065,2025-12,T1,suspicious activity,53.96043,-1.091223
10066,2025-12,T1,suspicious activity,53.958398,-1.092228
10067,2025-12,T1,suspicious activity,53.958796,-1.086732
10068,2025-12,T1,suspicious activity,53.957585,-1.089426
10069,2025-12,T1,vandalism,53.957585,-1.089426
10070,2025-12,T1,vandalism,53.96043,-1.091223
10071,2025-12,T1,harassment,53.959055,-1.087626
10072,2025-12,T1,harassment,53.957273,-1.084983
10073,2025-12,T1,harassment,53.959055,-1.087626
10074,2025-12,T1,harassment,53.96043,-1.091223
10075,2025-12,T1,harassment,53.959055,-1.087626
10076,2025-12,T1,harassment,53.958796,-1.086732
10077,2025-12,T1,physical assault,53.96043,-1.091223
10078,2025-12,T1,physical assault,53.957273,-1.084983
10079,2025-12,T1,physical assault,53.95615,-1.090996
10080,2025-12,T1,physical assault,53.958796,-1.086732
10081,2025-12,T1,physical assault,53.958796,-1.086732
10082,2025-12,T1,physical assault,53.96043,-1.091223
10083,2025-12,T1,physical assault,53.959055,-1.087626
10084,2025-12,T1,physical assault,53.959055,-1.087626
10085,2025-12,T1,physical assault,53.958796,-1.086732
10086,2025-12,T1,physical assault,53.955925,-1.089752
10087,2025-12,T1,physical assault,53.958167,-1.085481
10088,2025-12,T1,physical assault,53.96043,-1.091223
10089,2025-12,T1,physical assault,53.957831,-1.087409
10090,2025-12,T1,physical assault,53.957808,-1.086785
10091,2025-12,T1,physical assault,53.958398,-1.092228
10092,2025-12,T1,physical assault,53.95615,-1.090996
10093,2025-12,T1,physical assault,53.957808,-1.086785
10094,2025-12,T1,physical assault,53.96043,-1.091223
10095,2025-12,T1,physical assault,53.957273,-1.084983
10096,2025-12,T1,physical assault,53.957808,-1.086785
10097,2025-12,T1,physical assault,53.96043,-1.091223
10098,2025-12,T1,physical assault,53.95615,-1.090996
10099,2025-12,T1,physical assault,53.957585,-1.089426
10100,2025-12,T1,physical assault,53.958796,-1.086732
10101,2025-12,T1,physical assault,53.958398,-1.092228
10102,2025-12,T1,physical assault,53.957808,-1.086785
10103,2025-12,T1,physical assault,53.95615,-1.090996
10104,2025-12,T1,physical assault,53.958796,-1.086732
10105,2025-12,T1,physical assault,53.957808,-1.086785
10106,2025-12,T1,physical assault,53.957585,-1.089426
10107,2025-12,T1,physical assault,53.955925,-1.089752
10108,2025-12,T1,vandalism,53.955363,-1.08443
10109,2025-12,T1,harassment,53.955911,-1.084296
10110,2025-12,T1,suspicious activity,53.954222,-1.076272
10111,2025-12,T1,suspicious activity,53.957139,-1.076817
10112,2025-12,T1,suspicious activity,53.958303,-1.078605
10113,2025-12,T1,suspicious activity,53.957319,-1.079175
10114,2025-12,T1,suspicious activity,53.958303,-1.078605
10115,2025-12,T1,suspicious activity,53.958346,-1.080242
10116,2025-12,T1,suspicious activity,53.956683,-1.078397
10117,2025-12,T1,suspicious activity,53.956623,-1.077529
10118,2025-12,T1,suspicious activity,53.960121,-1.080058
10119,2025-12,T1,suspicious activity,53.958346,-1.080242
10120,2025-12,T1,suspicious activity,53.958346,-1.080242
10121,2025-12,T1,suspicious activity,53.959281,-1.084118
10122,2025-12,T1,suspicious activity,53.958346,-1.080242
10123,2025-12,T1,suspicious activity,53.958689,-1.0798
10124,2025-12,T1,suspicious activity,53.954643,-1.076003
10125,2025-12,T1,suspicious activity,53.959281,-1.084118
10126,2025-12,T1,suspicious activity,53.959281,-1.084118
10127,2025-12,T1,suspicious activity,53.959476,-1.080438
10128,2025-12,T1,suspicious activity,53.957819,-1.079324
10129,2025-12,T1,suspicious activity,53.957159,-1.078249
10130,2025-12,T1,suspicious activity,53.958346,-1.080242
10131,2025-12,T1,suspicious activity,53.958346,-1.080242
10132,2025-12,T1,suspicious activity,53.959658,-1.080632
10133,2025-12,T1,suspicious activity,53.957862,-1.082339
10134,2025-12,T1,suspicious activity,53.955888,-1.078993
10135,2025-12,T1,suspicious activity,53.95869,-1.082269
10136,2025-12,T1,suspicious activity,53.958346,-1.080242
10137,2025-12,T1,vandalism,53.955888,-1.078993
10138,2025-12,T1,vandalism,53.958303,-1.078605
10139,2025-12,T1,vandalism,53.960121,-1.080058
10140,2025-12,T1,vandalism,53.954439,-1.077608
10141,2025-12,T1,vandalism,53.959281,-1.084118
10142,2025-12,T1,vandalism,53.958346,-1.080242
10143,2025-12,T1,vandalism,53.956569,-1.08224
10144,2025-12,T1,physical assault,53.954643,-1.076003
10145,2025-12,T1,physical assault,53.957139,-1.076817
10146,2025-12,T1,physical assault,53.956623,-1.077529
10147,2025-12,T1,harassment,53.956866,-1.08234
10148,2025-12,T1,harassment,53.958346,-1.080242
10149,2025-12,T1,harassment,53.954439,-1.077608
10150,2025-12,T1,harassment,53.959281,-1.084118
10151,2025-12,T1,harassment,53.958346,-1.080242
10152,2025-12,T1,harassment,53.959658,-1.080632
10153,2025-12,T1,harassment,53.955888,-1.078993
10154,2025-12,T1,harassment,53.960121,-1.080058
10155,2025-12,T1,harassment,53.954439,-1.077608
10156,2025-12,T1,harassment,53.958919,-1.080451
10157,2025-12,T1,harassment,53.958346,-1.080242
10158,2025-12,T1,robbery,53.95728,-1.082376
10159,2025-12,T1,robbery,53.958346,-1.080242
10160,2025-12,T1,physical assault,53.95869,-1.082269
10161,2025-12,T1,physical assault,53.959281,-1.084118
10162,2025-12,T1,physical assault,53.959281,-1.084118
10163,2025-12,T1,physical assault,53.956609,-1.0734
10164,2025-12,T1,physical assault,53.95728,-1.082376
10165,2025-12,T1,physical assault,53.95507,-1.076695
10166,2025-12,T1,physical assault,53.956609,-1.0734
10167,2025-12,T1,physical assault,53.95507,-1.076695
10168,2025-12,T1,physical assault,53.959281,-1.084118
10169,2025-12,T1,physical assault,53.95728,-1.082376
10170,2025-12,T1,physical assault,53.95728,-1.082376
10171,2025-12,T1,physical assault,53.955888,-1.078993
10172,2025-12,T1,physical assault,53.957159,-1.078249
10173,2025-12,T1,physical assault,53.956569,-1.08224
10174,2025-12,T1,physical assault,53.957862,-1.082339
10175,2025-12,T1,physical assault,53.95728,-1.082376
10176,2025-12,T1,physical assault,53.95728,-1.082376
10177,2025-12,T1,physical assault,53.960121,-1.080058
10178,2025-12,T1,physical assault,53.959281,-1.084118
10179,2025-12,T1,physical assault,53.956866,-1.08234
10180,2025-12,T1,physical assault,53.95728,-1.082376
10181,2025-12,T1,physical assault,53.958346,-1.080242
10182,2025-12,T1,physical assault,53.95507,-1.076695
10183,2025-12,T1,physical assault,53.957862,-1.082339
10184,2025-12,T1,physical assault,53.959281,-1.084118
10185,2025-12,T1,physical assault,53.957808,-1.080917
10186,2025-12,T1,physical assault,53.956569,-1.08224
10187,2025-12,T1,physical assault,53.956904,-1.082507
10188,2025-12,T1,physical assault,53.959281,-1.084118
10189,2025-12,T1,physical assault,53.960121,-1.080058
10190,2025-12,T1,physical assault,53.956866,-1.08234
10191,2025-12,T1,physical assault,53.958346,-1.080242
10192,2025-12,T1,physical assault,53.960121,-1.080058
10193,2025-12,T1,physical assault,53.956609,-1.0734
10194,2025-12,T1,physical assault,53.957808,-1.080917
10195,2025-12,T1,physical assault,53.957862,-1.082339
10196,2025-12,T1,physical assault,53.956609,-1.0734
10197,2025-12,T1,physical assault,53.959658,-1.080632
10198,2025-12,T1,physical assault,53.956569,-1.08224
10199,2025-12,T1,physical assault,53.959281,-1.084118
10200,2025-12,T1,physical assault,53.956569,-1.08224
10201,2025-12,T1,physical assault,53.958346,-1.080242
10202,2025-12,T1,physical assault,53.959281,-1.084118
10203,2025-12,T1,physical assault,53.958346,-1.080242
10204,2025-12,T1,physical assault,53.958346,-1.080242
10205,2025-12,T1,physical assault,53.957159,-1.078249
10206,2025-12,T1,physical assault,53.95728,-1.082376
10207,2025-12,T1,physical assault,53.956836,-1.079597
10208,2025-12,T1,physical assault,53.955888,-1.078993
10209,2025-12,T1,physical assault,53.959281,-1.084118
10210,2025-12,T1,physical assault,53.958346,-1.080242
10211,2025-12,T1,physical assault,53.959281,-1.084118
10212,2025-12,T1,physical assault,53.95728,-1.082376
10213,2025-12,T1,suspicious activity,53.966547,-1.050055
10214,2025-12,T1,suspicious activity,53.964837,-1.051953
10215,2025-12,T1,suspicious activity,53.950621,-1.037723
10216,2025-12,T1,physical assault,53.951034,-1.039908
10217,2025-12,T1,physical assault,53.950621,-1.037723
10218,2025-12,T1,suspicious activity,53.95983,-1.042831
10219,2025-12,T1,suspicious activity,53.959724,-1.038626
10220,2025-12,T1,suspicious activity,53.961677,-1.044079
10221,2025-12,T1,suspicious activity,53.961284,-1.044809
10222,2025-12,T1,suspicious activity,53.961677,-1.044079
10223,2025-12,T1,suspicious activity,53.961092,-1.041079
10224,2025-12,T1,suspicious activity,53.961284,-1.044809
10225,2025-12,T1,suspicious activity,53.961092,-1.041079
10226,2025-12,T1,suspicious activity,53.961284,-1.044809
10227,2025-12,T1,vandalism,53.96189,-1.043088
10228,2025-12,T1,harassment,53.961092,-1.041079
10229,2025-12,T1,physical assault,53.959398,-1.043938
10230,2025-12,T1,physical assault,53.958482,-1.038411
10231,2025-12,T1,physical assault,53.960008,-1.035877
10232,2025-12,T1,suspicious activity,53.962789,-1.052198
10233,2025-12,T1,suspicious activity,53.960223,-1.05458
10234,2025-12,T1,vandalism,53.960119,-1.05898
10235,2025-12,T1,harassment,53.962789,-1.052198
10236,2025-12,T1,physical assault,53.961002,-1.053488
10237,2025-12,T1,physical assault,53.961362,-1.059318
10238,2025-12,T1,suspicious activity,53.956999,-1.045181
10239,2025-12,T1,suspicious activity,53.957454,-1.046969
10240,2025-12,T1,harassment,53.954726,-1.042963
10241,2025-12,T1,physical assault,53.956999,-1.045181
10242,2025-12,T1,physical assault,53.957454,-1.046969
10243,2025-12,T1,physical assault,53.957882,-1.045375
10244,2025-12,T1,physical assault,53.956999,-1.045181
10245,2025-12,T1,physical assault,53.956999,-1.045181
10246,2025-12,T1,physical assault,53.956999,-1.045181
10247,2025-12,T1,suspicious activity,53.957905,-1.052827
10248,2025-12,T1,suspicious activity,53.957632,-1.05582
10249,2025-12,T1,suspicious activity,53.957885,-1.059518
10250,2025-12,T1,suspicious activity,53.957905,-1.052827
10251,2025-12,T1,suspicious activity,53.957038,-1.059247
10252,2025-12,T1,suspicious activity,53.957038,-1.059247
10253,2025-12,T1,suspicious activity,53.957038,-1.059247
10254,2025-12,T1,vandalism,53.957632,-1.05582
10255,2025-12,T1,vandalism,53.957632,-1.05582
10256,2025-12,T1,physical assault,53.957632,-1.05582
10257,2025-12,T1,physical assault,53.957632,-1.05582
10258,2025-12,T1,physical assault,53.957885,-1.059518
10259,2025-12,T1,physical assault,53.956544,-1.06159
10260,2025-12,T1,physical assault,53.958134,-1.056815
10261,2025-12,T1,physical assault,53.957632,-1.05582
10262,2025-12,T1,suspicious activity,53.954668,-1.061922
10263,2025-12,T1,suspicious activity,53.956321,-1.062951
10264,2025-12,T1,vandalism,53.954735,-1.056678
10265,2025-12,T1,vandalism,53.954735,-1.056678
10266,2025-12,T1,harassment,53.955988,-1.059438
10267,2025-12,T1,physical assault,53.956321,-1.062951
10268,2025-12,T1,physical assault,53.956321,-1.062951
10269,2025-12,T1,physical assault,53.956321,-1.062951
10270,2025-12,T1,physical assault,53.956321,-1.062951
10271,2025-12,T1,physical assault,53.956321,-1.062951
10272,2025-12,T1,suspicious activity,53.959091,-1.049464
10273,2025-12,T1,vandalism,53.959202,-1.051466
10274,2025-12,T1,physical assault,53.959202,-1.051466
10275,2025-12,T1,physical assault,53.959202,-1.051466
10276,2025-12,T1,physical assault,53.959202,-1.051466
10277,2025-12,T1,physical assault,53.959091,-1.049464
10278,2025-12,T1,suspicious activity,53.95342,-1.05177
10279,2025-12,T1,physical assault,53.952826,-1.047134
10280,2025-12,T1,vandalism,53.961721,-1.11607
10281,2025-12,T1,suspicious activity,53.957517,-1.116372
10282,2025-12,T1,suspicious activity,53.957517,-1.116372
10283,2025-12,T1,suspicious activity,53.957517,-1.116372
10284,2025-12,T1,suspicious activity,53.956596,-1.119424
10285,2025-12,T1,suspicious activity,53.956596,-1.119424
10286,2025-12,T1,suspicious activity,53.958162,-1.118507
10287,2025-12,T1,vandalism,53.960586,-1.118212
10288,2025-12,T1,vandalism,53.960586,-1.118212
10289,2025-12,T1,vandalism,53.958393,-1.116963
10290,2025-12,T1,harassment,53.958393,-1.116963
10291,2025-12,T1,physical assault,53.95807,-1.115873
10292,2025-12,T1,physical assault,53.95807,-1.115873
10293,2025-12,T1,physical assault,53.95807,-1.115873
10294,2025-12,T1,physical assault,53.960586,-1.118212
10295,2025-12,T1,physical assault,53.958162,-1.118507
10296,2025-12,T1,physical assault,53.95807,-1.115873
10297,2025-12,T1,physical assault,53.958162,-1.118507
10298,2025-12,T1,physical assault,53.958162,-1.118507
10299,2025-12,T1,physical assault,53.95807,-1.115873
10300,2025-12,T1,suspicious activity,53.95513,-1.107127
10301,2025-12,T1,suspicious activity,53.953433,-1.109769
10302,2025-12,T1,vandalism,53.95513,-1.107127
10303,2025-12,T1,suspicious activity,53.956182,-1.116964
10304,2025-12,T1,suspicious activity,53.956086,-1.118597
10305,2025-12,T1,suspicious activity,53.951794,-1.111861
10306,2025-12,T1,suspicious activity,53.956402,-1.120136
10307,2025-12,T1,physical assault,53.956182,-1.116964
10308,2025-12,T1,physical assault,53.956182,-1.116964
10309,2025-12,T1,suspicious activity,53.955788,-1.124486
10310,2025-12,T1,suspicious activity,53.955363,-1.125394
10311,2025-12,T1,suspicious activity,53.955788,-1.124486
10312,2025-12,T1,suspicious activity,53.955788,-1.124486
10313,2025-12,T1,suspicious activity,53.955788,-1.124486
10314,2025-12,T1,suspicious activity,53.955363,-1.125394
10315,2025-12,T1,suspicious activity,53.955788,-1.124486
10316,2025-12,T1,suspicious activity,53.955702,-1.125051
10317,2025-12,T1,suspicious activity,53.954443,-1.123737
10318,2025-12,T1,suspicious activity,53.955702,-1.125051
10319,2025-12,T1,suspicious activity,53.955788,-1.124486
10320,2025-12,T1,vandalism,53.955546,-1.12091
10321,2025-12,T1,vandalism,53.955363,-1.125394
10322,2025-12,T1,vandalism,53.955788,-1.124486
10323,2025-12,T1,harassment,53.955006,-1.124472
10324,2025-12,T1,physical assault,53.955702,-1.125051
10325,2025-12,T1,physical assault,53.955363,-1.125394
10326,2025-12,T1,physical assault,53.955363,-1.125394
10327,2025-12,T1,physical assault,53.948619,-1.125017
10328,2025-12,T1,physical assault,53.950359,-1.124478
10329,2025-12,T1,suspicious activity,53.965239,-1.104472
10330,2025-12,T1,suspicious activity,53.963481,-1.107329
10331,2025-12,T1,suspicious activity,53.963112,-1.102429
10332,2025-12,T1,suspicious activity,53.965239,-1.104472
10333,2025-12,T1,suspicious activity,53.964808,-1.104435
10334,2025-12,T1,vandalism,53.965424,-1.106327
10335,2025-12,T1,vandalism,53.965424,-1.106327
10336,2025-12,T1,vandalism,53.966194,-1.105945
10337,2025-12,T1,physical assault,53.965424,-1.106327
10338,2025-12,T1,suspicious activity,53.963452,-1.109418
10339,2025-12,T1,vandalism,53.963427,-1.109784
10340,2025-12,T1,physical assault,53.955471,-1.099881
10341,2025-12,T1,physical assault,53.957817,-1.108395
10342,2025-12,T1,physical assault,53.962934,-1.108743
10343,2025-12,T1,physical assault,53.957817,-1.108395
10344,2025-12,T1,physical assault,53.963103,-1.107215
10345,2025-12,T1,suspicious activity,53.954449,-1.100253
10346,2025-12,T1,suspicious activity,53.951495,-1.104248
10347,2025-12,T1,suspicious activity,53.951085,-1.105979
10348,2025-12,T1,vandalism,53.950993,-1.108099
10349,2025-12,T1,robbery,53.953787,-1.100694
10350,2025-12,T1,suspicious activity,53.949826,-1.0867
10351,2025-12,T1,vandalism,53.950772,-1.088172
10352,2025-12,T1,suspicious activity,53.953735,-1.092512
10353,2025-12,T1,vandalism,53.949482,-1.094676
10354,2025-12,T1,vandalism,53.95015,-1.098639
10355,2025-12,T1,vandalism,53.949482,-1.094676
10356,2025-12,T1,suspicious activity,53.945307,-1.124431
10357,2025-12,T1,suspicious activity,53.946559,-1.119803
10358,2025-12,T1,suspicious activity,53.946346,-1.11897
10359,2025-12,T1,vandalism,53.948397,-1.122964
10360,2025-12,T1,vandalism,53.94629,-1.124898
10361,2025-12,T1,vandalism,53.944801,-1.12677
10362,2025-12,T1,harassment,53.944801,-1.12677
10363,2025-12,T1,harassment,53.94629,-1.124898
10364,2025-12,T1,harassment,53.946559,-1.119803
10365,2025-12,T1,harassment,53.948397,-1.122964
10366,2025-12,T1,physical assault,53.944104,-1.120861
10367,2025-12,T1,physical assault,53.94629,-1.124898
10368,2025-12,T1,physical assault,53.948397,-1.122964
10369,2025-12,T1,physical assault,53.948397,-1.122964
10370,2025-12,T1,physical assault,53.94629,-1.124898
10371,2025-12,T1,physical assault,53.948397,-1.122964
10372,2025-12,T1,physical assault,53.946265,-1.117783
10373,2025-12,T1,physical assault,53.945307,-1.124431
10374,2025-12,T1,physical assault,53.946346,-1.11897
10375,2025-12,T1,physical assault,53.945307,-1.124431
10376,2025-12,T1,physical assault,53.945749,-1.120872
10377,2025-12,T1,physical assault,53.945307,-1.124431
10378,2025-12,T1,physical assault,53.945307,-1.124431
10379,2025-12,T1,physical assault,53.944104,-1.120861
10380,2025-12,T1,physical assault,53.946346,-1.11897
10381,2025-12,T1,physical assault,53.948397,-1.122964
10382,2025-12,T1,physical assault,53.945307,-1.124431
10383,2025-12,T1,physical assault,53.948567,-1.125231
10384,2025-12,T1,physical assault,53.948567,-1.125231
10385,2025-12,T1,physical assault,53.948905,-1.127266
10386,2025-12,T1,physical assault,53.948905,-1.127266
10387,2025-12,T1,physical assault,53.948905,-1.127266
10388,2025-12,T1,suspicious activity,53.939349,-1.070312
10389,2025-12,T1,physical assault,53.940784,-1.072964
10390,2025-12,T1,physical assault,53.9496,-1.074444
10391,2025-12,T1,physical assault,53.9496,-1.074444
10392,2025-12,T1,physical assault,53.947021,-1.078366
10393,2025-12,T1,physical assault,53.947021,-1.078366
10394,2025-12,T1,suspicious activity,53.944344,-1.073869
10395,2025-12,T1,suspicious activity,53.946614,-1.074596
10396,2025-12,T1,vandalism,53.94649,-1.072405
10397,2025-12,T1,vandalism,53.947636,-1.071877
10398,2025-12,T1,vandalism,53.94649,-1.072405
10399,2025-12,T1,vandalism,53.946614,-1.074596
10400,2025-12,T1,vandalism,53.94649,-1.072405
10401,2025-12,T1,vandalism,53.942275,-1.078288
10402,2025-12,T1,physical assault,53.94649,-1.072405
10403,2025-12,T1,harassment,53.94649,-1.072405
10404,2025-12,T1,physical assault,53.94649,-1.072405
10405,2025-12,T1,physical assault,53.946614,-1.074596
10406,2025-12,T1,physical assault,53.943681,-1.075316
10407,2025-12,T1,physical assault,53.946518,-1.076046
10408,2025-12,T1,physical assault,53.94649,-1.072405
10409,2025-12,T1,physical assault,53.943681,-1.075316
10410,2025-12,T1,physical assault,53.946614,-1.074596
10411,2025-12,T1,physical assault,53.946614,-1.074596
10412,2025-12,T1,suspicious activity,53.952668,-1.062424
10413,2025-12,T1,suspicious activity,53.953545,-1.067677
10414,2025-12,T1,vandalism,53.954281,-1.064125
10415,2025-12,T1,physical assault,53.953545,-1.067677
10416,2025-12,T1,harassment,53.95368,-1.073541
10417,2025-12,T1,harassment,53.952668,-1.062424
10418,2025-12,T1,physical assault,53.95368,-1.073541
10419,2025-12,T1,physical assault,53.954421,-1.063649
10420,2025-12,T1,physical assault,53.953927,-1.071767
10421,2025-12,T1,physical assault,53.954522,-1.069651
10422,2025-12,T1,physical assault,53.95368,-1.073541
10423,2025-12,T1,physical assault,53.953927,-1.071767
10424,2025-12,T1,physical assault,53.952815,-1.060531
10425,2025-12,T1,suspicious activity,53.953663,-1.076771
10426,2025-12,T1,suspicious activity,53.952438,-1.07334
10427,2025-12,T1,vandalism,53.950955,-1.075689
10428,2025-12,T1,vandalism,53.951565,-1.069671
10429,2025-12,T1,physical assault,53.952438,-1.07334
10430,2025-12,T1,physical assault,53.951661,-1.071696
10431,2025-12,T1,physical assault,53.950955,-1.075689
10432,2025-12,T1,physical assault,53.952934,-1.071271
10433,2025-12,T1,suspicious activity,53.950521,-1.082403
10434,2025-12,T1,suspicious activity,53.952103,-1.083618
10435,2025-12,T1,suspicious activity,53.950521,-1.082403
10436,2025-12,T1,suspicious activity,53.950521,-1.082403
10437,2025-12,T1,suspicious activity,53.950521,-1.082403
10438,2025-12,T1,vandalism,53.95148,-1.085536
10439,2025-12,T1,harassment,53.95148,-1.085536
10440,2025-12,T1,physical assault,53.952103,-1.083618
10441,2025-12,T1,physical assault,53.950521,-1.082403
10442,2025-12,T1,physical assault,53.950521,-1.082403
10443,2025-12,T1,physical assault,53.950521,-1.082403
10444,2025-12,T1,physical assault,53.950625,-1.084199
10445,2025-12,T1,physical assault,53.951879,-1.081276
10446,2025-12,T1,physical assault,53.950625,-1.084199
10447,2025-12,T1,physical assault,53.951879,-1.081276
10448,2025-12,T1,suspicious activity,53.933146,-1.108434
10449,2025-12,T1,suspicious activity,53.942288,-1.106167
10450,2025-12,T1,suspicious activity,53.942301,-1.109183
10451,2025-12,T1,suspicious activity,53.943443,-1.105578
10452,2025-12,T1,physical assault,53.940592,-1.113866
10453,2025-12,T1,physical assault,53.947726,-1.10503
10454,2025-12,T1,vandalism,53.94545,-1.102321
10455,2025-12,T1,physical assault,53.946156,-1.088669
10456,2025-12,T1,physical assault,53.94415,-1.087342
10457,2025-12,T1,physical assault,53.942659,-1.089812
10458,2025-12,T1,physical assault,53.947692,-1.093374
10459,2025-12,T1,vandalism,53.945119,-1.082553
10460,2025-12,T1,vandalism,53.942202,-1.088755
10461,2025-12,T1,physical assault,53.945119,-1.082553
10462,2025-12,T1,physical assault,53.945119,-1.082553
10463,2025-12,T1,suspicious activity,53.939429,-1.120715
10464,2025-12,T1,suspicious activity,53.938171,-1.120726
10465,2025-12,T1,vandalism,53.939033,-1.115833
10466,2025-12,T1,physical assault,53.938171,-1.120726
10467,2025-12,T1,physical assault,53.938171,-1.120726
10468,2025-12,T1,physical assault,53.939429,-1.120715
10469,2025-12,T1,physical assault,53.939033,-1.115833
10470,2025-12,T1,physical assault,53.939033,-1.115833
10471,2025-12,T1,physical assault,53.939429,-1.120715
10472,2025-12,T1,physical assault,53.938171,-1.120726
10473,2025-12,T1,physical assault,53.933423,-1.110697
10474,2025-12,T1,vandalism,53.937061,-1.123872
10475,2025-12,T1,physical assault,53.938951,-1.123041
10476,2025-12,T1,physical assault,53.941779,-1.115181
10477,2025-12,T1,physical assault,53.940861,-1.118628
10478,2025-12,T1,vandalism,53.948815,-1.052454
10479,2025-12,T1,physical assault,53.944627,-1.058216
10480,2025-12,T1,physical assault,53.947119,-1.056225
10481,2025-12,T1,physical assault,53.944627,-1.058216
10482,2025-12,T1,suspicious activity,53.934797,-1.062119
10483,2025-12,T1,physical assault,53.93441,-1.064443
10484,2025-12,T1,physical assault,53.93441,-1.064443
10485,2025-12,T1,suspicious activity,53.933415,-1.070486
10486,2025-12,T1,harassment,53.933415,-1.070486
10487,2025-12,T1,physical assault,53.933415,-1.070486
10488,2025-12,T1,physical assault,53.935796,-1.072642
10489,2025-12,T1,physical assault,53.939796,-1.074069
10490,2025-12,T1,physical assault,53.933415,-1.070486
10491,2025-12,T1,physical assault,53.933415,-1.070486
10492,2025-12,T1,physical assault,53.933415,-1.070486
10493,2025-12,T1,physical assault,53.935796,-1.072642
10494,2026-01,T2,vandalism,53.979349,-1.069983
10495,2026-01,T2,harassment,53.979349,-1.069983
10496,2026-01,T2,harassment,53.979349,-1.069983
10497,2026-01,T2,physical assault,53.979349,-1.069983
10498,2026-01,T2,physical assault,53.979349,-1.069983
10499,2026-01,T2,physical assault,53.978373,-1.064591
10500,2026-01,T2,physical assault,53.979349,-1.069983
10501,2026-01,T2,physical assault,53.979349,-1.069983
10502,2026-01,T2,physical assault,53.979349,-1.069983
10503,2026-01,T2,physical assault,53.979242,-1.06201
10504,2026-01,T2,suspicious activity,53.982568,-1.051993
10505,2026-01,T2,suspicious activity,53.982568,-1.051993
10506,2026-01,T2,suspicious activity,53.982568,-1.051993
10507,2026-01,T2,suspicious activity,53.9835,-1.049362
10508,2026-01,T2,harassment,53.982568,-1.051993
10509,2026-01,T2,physical assault,53.982568,-1.051993
10510,2026-01,T2,physical assault,53.9835,-1.049362
10511,2026-01,T2,vandalism,53.974178,-1.097861
10512,2026-01,T2,suspicious activity,53.985394,-1.111055
10513,2026-01,T2,suspicious activity,53.983763,-1.095509
10514,2026-01,T2,vandalism,53.97964,-1.082812
10515,2026-01,T2,vandalism,53.982032,-1.100025
10516,2026-01,T2,physical assault,53.984659,-1.10035
10517,2026-01,T2,physical assault,53.983627,-1.098191
10518,2026-01,T2,physical assault,53.984659,-1.10035
10519,2026-01,T2,physical assault,53.97964,-1.082812
10520,2026-01,T2,physical assault,53.984659,-1.10035
10521,2026-01,T2,physical assault,53.984659,-1.10035
10522,2026-01,T2,physical assault,53.97964,-1.082812
10523,2026-01,T2,physical assault,53.981757,-1.101739
10524,2026-01,T2,physical assault,53.965061,-1.091458
10525,2026-01,T2,physical assault,53.964506,-1.090586
10526,2026-01,T2,physical assault,53.965061,-1.091458
10527,2026-01,T2,suspicious activity,53.967519,-1.101649
10528,2026-01,T2,suspicious activity,53.969049,-1.097088
10529,2026-01,T2,suspicious activity,53.967244,-1.09856
10530,2026-01,T2,vandalism,53.972276,-1.097064
10531,2026-01,T2,vandalism,53.970991,-1.098372
10532,2026-01,T2,vandalism,53.967244,-1.09856
10533,2026-01,T2,physical assault,53.970587,-1.09489
10534,2026-01,T2,physical assault,53.971403,-1.095757
10535,2026-01,T2,physical assault,53.967342,-1.096027
10536,2026-01,T2,physical assault,53.967342,-1.096027
10537,2026-01,T2,physical assault,53.985513,-1.116131
10538,2026-01,T2,physical assault,53.985513,-1.116131
10539,2026-01,T2,suspicious activity,53.984361,-1.102582
10540,2026-01,T2,physical assault,53.980787,-1.115133
10541,2026-01,T2,physical assault,53.977862,-1.113456
10542,2026-01,T2,physical assault,53.976915,-1.115382
10543,2026-01,T2,physical assault,53.977862,-1.113456
10544,2026-01,T2,physical assault,53.977862,-1.113456
10545,2026-01,T2,physical assault,53.979341,-1.110406
10546,2026-01,T2,suspicious activity,53.965825,-1.066869
10547,2026-01,T2,robbery,53.96606,-1.065812
10548,2026-01,T2,physical assault,53.966353,-1.064297
10549,2026-01,T2,physical assault,53.967105,-1.061551
10550,2026-01,T2,physical assault,53.966233,-1.064939
10551,2026-01,T2,physical assault,53.96606,-1.065812
10552,2026-01,T2,physical assault,53.967105,-1.061551
10553,2026-01,T2,physical assault,53.967105,-1.061551
10554,2026-01,T2,physical assault,53.96606,-1.065812
10555,2026-01,T2,suspicious activity,53.977651,-1.060811
10556,2026-01,T2,suspicious activity,53.976596,-1.063808
10557,2026-01,T2,suspicious activity,53.976827,-1.062263
10558,2026-01,T2,harassment,53.976841,-1.064153
10559,2026-01,T2,harassment,53.976596,-1.063808
10560,2026-01,T2,physical assault,53.973784,-1.065136
10561,2026-01,T2,physical assault,53.976841,-1.064153
10562,2026-01,T2,physical assault,53.974585,-1.06524
10563,2026-01,T2,suspicious activity,53.967735,-1.04522
10564,2026-01,T2,suspicious activity,53.969333,-1.083514
10565,2026-01,T2,suspicious activity,53.968952,-1.084285
10566,2026-01,T2,suspicious activity,53.968952,-1.084285
10567,2026-01,T2,suspicious activity,53.969333,-1.083514
10568,2026-01,T2,vandalism,53.97123,-1.080058
10569,2026-01,T2,vandalism,53.97123,-1.080058
10570,2026-01,T2,physical assault,53.969333,-1.083514
10571,2026-01,T2,physical assault,53.971887,-1.08018
10572,2026-01,T2,physical assault,53.969333,-1.083514
10573,2026-01,T2,physical assault,53.968952,-1.084285
10574,2026-01,T2,physical assault,53.970595,-1.080514
10575,2026-01,T2,physical assault,53.971887,-1.08018
10576,2026-01,T2,physical assault,53.968952,-1.084285
10577,2026-01,T2,physical assault,53.968952,-1.084285
10578,2026-01,T2,physical assault,53.97123,-1.080058
10579,2026-01,T2,physical assault,53.968952,-1.084285
10580,2026-01,T2,physical assault,53.968952,-1.084285
10581,2026-01,T2,physical assault,53.969333,-1.083514
10582,2026-01,T2,suspicious activity,53.974308,-1.08647
10583,2026-01,T2,robbery,53.972255,-1.088329
10584,2026-01,T2,physical assault,53.969599,-1.086603
10585,2026-01,T2,physical assault,53.969691,-1.086921
10586,2026-01,T2,physical assault,53.972648,-1.088
10587,2026-01,T2,suspicious activity,53.97671,-1.087942
10588,2026-01,T2,suspicious activity,53.973404,-1.089432
10589,2026-01,T2,suspicious activity,53.974117,-1.089752
10590,2026-01,T2,vandalism,53.974117,-1.089752
10591,2026-01,T2,vandalism,53.975407,-1.086888
10592,2026-01,T2,physical assault,53.974117,-1.089752
10593,2026-01,T2,physical assault,53.974117,-1.089752
10594,2026-01,T2,physical assault,53.974117,-1.089752
10595,2026-01,T2,physical assault,53.974117,-1.089752
10596,2026-01,T2,physical assault,53.975407,-1.086888
10597,2026-01,T2,suspicious activity,53.974675,-1.094573
10598,2026-01,T2,suspicious activity,53.973855,-1.093127
10599,2026-01,T2,vandalism,53.973855,-1.093127
10600,2026-01,T2,harassment,53.973855,-1.093127
10601,2026-01,T2,physical assault,53.975967,-1.094316
10602,2026-01,T2,physical assault,53.974149,-1.094005
10603,2026-01,T2,physical assault,53.974675,-1.094573
10604,2026-01,T2,suspicious activity,53.976532,-1.088251
10605,2026-01,T2,suspicious activity,53.976532,-1.088251
10606,2026-01,T2,vandalism,53.976189,-1.084446
10607,2026-01,T2,vandalism,53.977794,-1.087461
10608,2026-01,T2,vandalism,53.976082,-1.083366
10609,2026-01,T2,vandalism,53.972558,-1.083276
10610,2026-01,T2,harassment,53.972636,-1.085271
10611,2026-01,T2,physical assault,53.974407,-1.082976
10612,2026-01,T2,physical assault,53.977794,-1.087461
10613,2026-01,T2,physical assault,53.979806,-1.085007
10614,2026-01,T2,physical assault,53.977794,-1.087461
10615,2026-01,T2,suspicious activity,53.973171,-1.07535
10616,2026-01,T2,suspicious activity,53.972975,-1.081468
10617,2026-01,T2,suspicious activity,53.977759,-1.081759
10618,2026-01,T2,harassment,53.972975,-1.081468
10619,2026-01,T2,physical assault,53.97316,-1.077362
10620,2026-01,T2,physical assault,53.973344,-1.079127
10621,2026-01,T2,physical assault,53.970918,-1.075735
10622,2026-01,T2,harassment,53.969132,-1.076079
10623,2026-01,T2,suspicious activity,53.970504,-1.069829
10624,2026-01,T2,vandalism,53.970504,-1.069829
10625,2026-01,T2,harassment,53.9705,-1.070454
10626,2026-01,T2,physical assault,53.970504,-1.069829
10627,2026-01,T2,physical assault,53.970504,-1.069829
10628,2026-01,T2,physical assault,53.965587,-1.072042
10629,2026-01,T2,physical assault,53.969475,-1.070385
10630,2026-01,T2,physical assault,53.966341,-1.068474
10631,2026-01,T2,physical assault,53.970504,-1.069829
10632,2026-01,T2,suspicious activity,53.963628,-1.066385
10633,2026-01,T2,suspicious activity,53.963628,-1.066385
10634,2026-01,T2,suspicious activity,53.96274,-1.072425
10635,2026-01,T2,suspicious activity,53.96177,-1.064414
10636,2026-01,T2,suspicious activity,53.960859,-1.070836
10637,2026-01,T2,suspicious activity,53.962786,-1.071388
10638,2026-01,T2,suspicious activity,53.964125,-1.071373
10639,2026-01,T2,suspicious activity,53.962786,-1.071388
10640,2026-01,T2,vandalism,53.962448,-1.068316
10641,2026-01,T2,harassment,53.96274,-1.072425
10642,2026-01,T2,physical assault,53.964473,-1.063544
10643,2026-01,T2,physical assault,53.962387,-1.05931
10644,2026-01,T2,physical assault,53.962387,-1.05931
10645,2026-01,T2,physical assault,53.962387,-1.05931
10646,2026-01,T2,physical assault,53.962508,-1.063377
10647,2026-01,T2,suspicious activity,53.972665,-1.068012
10648,2026-01,T2,suspicious activity,53.973348,-1.069141
10649,2026-01,T2,suspicious activity,53.973612,-1.070736
10650,2026-01,T2,vandalism,53.972665,-1.068012
10651,2026-01,T2,physical assault,53.977928,-1.068718
10652,2026-01,T2,physical assault,53.975807,-1.068689
10653,2026-01,T2,physical assault,53.977928,-1.068718
10654,2026-01,T2,vandalism,53.962838,-1.126304
10655,2026-01,T2,harassment,53.957952,-1.125477
10656,2026-01,T2,harassment,53.957952,-1.125477
10657,2026-01,T2,physical assault,53.957952,-1.125477
10658,2026-01,T2,physical assault,53.965959,-1.12162
10659,2026-01,T2,physical assault,53.966288,-1.12608
10660,2026-01,T2,suspicious activity,53.964065,-1.118261
10661,2026-01,T2,suspicious activity,53.964065,-1.118261
10662,2026-01,T2,suspicious activity,53.960035,-1.122751
10663,2026-01,T2,suspicious activity,53.959662,-1.081996
10664,2026-01,T2,suspicious activity,53.959662,-1.081996
10665,2026-01,T2,suspicious activity,53.961677,-1.084962
10666,2026-01,T2,suspicious activity,53.961067,-1.082827
10667,2026-01,T2,suspicious activity,53.960122,-1.084517
10668,2026-01,T2,suspicious activity,53.960122,-1.084517
10669,2026-01,T2,suspicious activity,53.960793,-1.084601
10670,2026-01,T2,suspicious activity,53.959662,-1.081996
10671,2026-01,T2,suspicious activity,53.962582,-1.090506
10672,2026-01,T2,suspicious activity,53.960793,-1.084601
10673,2026-01,T2,suspicious activity,53.960793,-1.084601
10674,2026-01,T2,suspicious activity,53.960793,-1.084601
10675,2026-01,T2,suspicious activity,53.957537,-1.083087
10676,2026-01,T2,suspicious activity,53.960793,-1.084601
10677,2026-01,T2,suspicious activity,53.960793,-1.084601
10678,2026-01,T2,suspicious activity,53.959662,-1.081996
10679,2026-01,T2,suspicious activity,53.964189,-1.087895
10680,2026-01,T2,suspicious activity,53.96114,-1.081758
10681,2026-01,T2,suspicious activity,53.957537,-1.083087
10682,2026-01,T2,suspicious activity,53.967163,-1.079446
10683,2026-01,T2,suspicious activity,53.961369,-1.085884
10684,2026-01,T2,suspicious activity,53.961067,-1.082827
10685,2026-01,T2,suspicious activity,53.968124,-1.081757
10686,2026-01,T2,suspicious activity,53.962948,-1.085422
10687,2026-01,T2,suspicious activity,53.960793,-1.084601
10688,2026-01,T2,suspicious activity,53.966683,-1.082505
10689,2026-01,T2,suspicious activity,53.960122,-1.084517
10690,2026-01,T2,suspicious activity,53.958528,-1.083246
10691,2026-01,T2,suspicious activity,53.961677,-1.084962
10692,2026-01,T2,suspicious activity,53.960793,-1.084601
10693,2026-01,T2,suspicious activity,53.960722,-1.081082
10694,2026-01,T2,suspicious activity,53.958528,-1.083246
10695,2026-01,T2,suspicious activity,53.958528,-1.083246
10696,2026-01,T2,suspicious activity,53.964079,-1.084041
10697,2026-01,T2,suspicious activity,53.961067,-1.082827
10698,2026-01,T2,suspicious activity,53.959662,-1.081996
10699,2026-01,T2,vandalism,53.961067,-1.082827
10700,2026-01,T2,vandalism,53.959662,-1.081996
10701,2026-01,T2,harassment,53.963813,-1.085693
10702,2026-01,T2,harassment,53.960722,-1.081082
10703,2026-01,T2,harassment,53.959662,-1.081996
10704,2026-01,T2,harassment,53.962948,-1.085422
10705,2026-01,T2,harassment,53.960122,-1.084517
10706,2026-01,T2,robbery,53.966683,-1.082505
10707,2026-01,T2,physical assault,53.962948,-1.085422
10708,2026-01,T2,physical assault,53.959662,-1.081996
10709,2026-01,T2,physical assault,53.959662,-1.081996
10710,2026-01,T2,physical assault,53.959662,-1.081996
10711,2026-01,T2,physical assault,53.961677,-1.084962
10712,2026-01,T2,physical assault,53.958528,-1.083246
10713,2026-01,T2,physical assault,53.959662,-1.081996
10714,2026-01,T2,physical assault,53.960122,-1.084517
10715,2026-01,T2,physical assault,53.962948,-1.085422
10716,2026-01,T2,physical assault,53.958528,-1.083246
10717,2026-01,T2,physical assault,53.957537,-1.083087
10718,2026-01,T2,physical assault,53.961677,-1.084962
10719,2026-01,T2,physical assault,53.961677,-1.084962
10720,2026-01,T2,physical assault,53.962948,-1.085422
10721,2026-01,T2,physical assault,53.958528,-1.083246
10722,2026-01,T2,physical assault,53.964249,-1.08512
10723,2026-01,T2,physical assault,53.965236,-1.083726
10724,2026-01,T2,physical assault,53.960722,-1.081082
10725,2026-01,T2,physical assault,53.966635,-1.080997
10726,2026-01,T2,physical assault,53.959662,-1.081996
10727,2026-01,T2,physical assault,53.962669,-1.080749
10728,2026-01,T2,physical assault,53.968124,-1.081757
10729,2026-01,T2,physical assault,53.961067,-1.082827
10730,2026-01,T2,physical assault,53.959662,-1.081996
10731,2026-01,T2,physical assault,53.958528,-1.083246
10732,2026-01,T2,physical assault,53.966635,-1.080997
10733,2026-01,T2,physical assault,53.962669,-1.080749
10734,2026-01,T2,physical assault,53.961067,-1.082827
10735,2026-01,T2,physical assault,53.959662,-1.081996
10736,2026-01,T2,physical assault,53.96114,-1.081758
10737,2026-01,T2,physical assault,53.960722,-1.081082
10738,2026-01,T2,physical assault,53.961067,-1.082827
10739,2026-01,T2,physical assault,53.962669,-1.080749
10740,2026-01,T2,suspicious activity,53.962102,-1.078216
10741,2026-01,T2,suspicious activity,53.965454,-1.074713
10742,2026-01,T2,suspicious activity,53.961914,-1.077169
10743,2026-01,T2,suspicious activity,53.960714,-1.078856
10744,2026-01,T2,suspicious activity,53.960714,-1.078856
10745,2026-01,T2,suspicious activity,53.965027,-1.075255
10746,2026-01,T2,suspicious activity,53.965027,-1.075255
10747,2026-01,T2,physical assault,53.966575,-1.077782
10748,2026-01,T2,physical assault,53.965454,-1.074713
10749,2026-01,T2,physical assault,53.96256,-1.079364
10750,2026-01,T2,physical assault,53.96256,-1.079364
10751,2026-01,T2,physical assault,53.966575,-1.077782
10752,2026-01,T2,physical assault,53.962781,-1.078902
10753,2026-01,T2,suspicious activity,53.954621,-1.093194
10754,2026-01,T2,suspicious activity,53.954621,-1.093194
10755,2026-01,T2,suspicious activity,53.954621,-1.093194
10756,2026-01,T2,suspicious activity,53.954621,-1.093194
10757,2026-01,T2,suspicious activity,53.954804,-1.092428
10758,2026-01,T2,suspicious activity,53.951995,-1.088313
10759,2026-01,T2,suspicious activity,53.954804,-1.092428
10760,2026-01,T2,suspicious activity,53.951281,-1.090173
10761,2026-01,T2,suspicious activity,53.954621,-1.093194
10762,2026-01,T2,suspicious activity,53.954621,-1.093194
10763,2026-01,T2,suspicious activity,53.954621,-1.093194
10764,2026-01,T2,suspicious activity,53.953677,-1.087195
10765,2026-01,T2,suspicious activity,53.954621,-1.093194
10766,2026-01,T2,suspicious activity,53.954804,-1.092428
10767,2026-01,T2,suspicious activity,53.954804,-1.092428
10768,2026-01,T2,suspicious activity,53.954264,-1.092378
10769,2026-01,T2,suspicious activity,53.954621,-1.093194
10770,2026-01,T2,suspicious activity,53.954621,-1.093194
10771,2026-01,T2,suspicious activity,53.954621,-1.093194
10772,2026-01,T2,vandalism,53.954804,-1.092428
10773,2026-01,T2,vandalism,53.954621,-1.093194
10774,2026-01,T2,physical assault,53.952204,-1.085002
10775,2026-01,T2,physical assault,53.955025,-1.089634
10776,2026-01,T2,physical assault,53.954685,-1.095692
10777,2026-01,T2,physical assault,53.952733,-1.088374
10778,2026-01,T2,physical assault,53.951793,-1.08655
10779,2026-01,T2,physical assault,53.956259,-1.092335
10780,2026-01,T2,physical assault,53.955025,-1.089634
10781,2026-01,T2,physical assault,53.954128,-1.097014
10782,2026-01,T2,physical assault,53.951793,-1.08655
10783,2026-01,T2,suspicious activity,53.959053,-1.079183
10784,2026-01,T2,suspicious activity,53.958399,-1.068879
10785,2026-01,T2,suspicious activity,53.954489,-1.073538
10786,2026-01,T2,suspicious activity,53.958399,-1.068879
10787,2026-01,T2,suspicious activity,53.956725,-1.069846
10788,2026-01,T2,suspicious activity,53.959068,-1.074092
10789,2026-01,T2,physical assault,53.957761,-1.072414
10790,2026-01,T2,physical assault,53.960694,-1.075123
10791,2026-01,T2,harassment,53.959053,-1.079183
10792,2026-01,T2,physical assault,53.959851,-1.073084
10793,2026-01,T2,physical assault,53.958317,-1.071167
10794,2026-01,T2,physical assault,53.957761,-1.072414
10795,2026-01,T2,physical assault,53.95612,-1.067162
10796,2026-01,T2,physical assault,53.955489,-1.073882
10797,2026-01,T2,suspicious activity,53.958167,-1.085481
10798,2026-01,T2,suspicious activity,53.957831,-1.087409
10799,2026-01,T2,suspicious activity,53.957273,-1.084983
10800,2026-01,T2,suspicious activity,53.96043,-1.091223
10801,2026-01,T2,suspicious activity,53.959055,-1.087626
10802,2026-01,T2,suspicious activity,53.95615,-1.090996
10803,2026-01,T2,suspicious activity,53.959055,-1.087626
10804,2026-01,T2,suspicious activity,53.957273,-1.084983
10805,2026-01,T2,suspicious activity,53.95615,-1.090996
10806,2026-01,T2,suspicious activity,53.95615,-1.090996
10807,2026-01,T2,suspicious activity,53.958732,-1.087694
10808,2026-01,T2,suspicious activity,53.957808,-1.086785
10809,2026-01,T2,suspicious activity,53.95615,-1.090996
10810,2026-01,T2,vandalism,53.957585,-1.089426
10811,2026-01,T2,vandalism,53.95888,-1.087066
10812,2026-01,T2,harassment,53.957585,-1.089426
10813,2026-01,T2,robbery,53.957273,-1.084983
10814,2026-01,T2,physical assault,53.96043,-1.091223
10815,2026-01,T2,physical assault,53.957808,-1.086785
10816,2026-01,T2,physical assault,53.95816,-1.088164
10817,2026-01,T2,physical assault,53.958398,-1.092228
10818,2026-01,T2,physical assault,53.959055,-1.087626
10819,2026-01,T2,physical assault,53.959055,-1.087626
10820,2026-01,T2,physical assault,53.958732,-1.087694
10821,2026-01,T2,physical assault,53.959055,-1.087626
10822,2026-01,T2,physical assault,53.957775,-1.093125
10823,2026-01,T2,physical assault,53.958796,-1.086732
10824,2026-01,T2,physical assault,53.96043,-1.091223
10825,2026-01,T2,physical assault,53.958398,-1.092228
10826,2026-01,T2,physical assault,53.957808,-1.086785
10827,2026-01,T2,physical assault,53.96043,-1.091223
10828,2026-01,T2,physical assault,53.96043,-1.091223
10829,2026-01,T2,physical assault,53.96043,-1.091223
10830,2026-01,T2,physical assault,53.95816,-1.088164
10831,2026-01,T2,physical assault,53.958732,-1.087694
10832,2026-01,T2,physical assault,53.96043,-1.091223
10833,2026-01,T2,physical assault,53.959155,-1.09023
10834,2026-01,T2,physical assault,53.96043,-1.091223
10835,2026-01,T2,physical assault,53.957831,-1.087409
10836,2026-01,T2,physical assault,53.957273,-1.084983
10837,2026-01,T2,physical assault,53.958732,-1.087694
10838,2026-01,T2,physical assault,53.957585,-1.089426
10839,2026-01,T2,physical assault,53.957377,-1.089263
10840,2026-01,T2,physical assault,53.96043,-1.091223
10841,2026-01,T2,physical assault,53.957831,-1.087409
10842,2026-01,T2,physical assault,53.96043,-1.091223
10843,2026-01,T2,physical assault,53.957273,-1.084983
10844,2026-01,T2,suspicious activity,53.955365,-1.083485
10845,2026-01,T2,vandalism,53.956495,-1.08788
10846,2026-01,T2,physical assault,53.956495,-1.08788
10847,2026-01,T2,physical assault,53.956813,-1.087157
10848,2026-01,T2,suspicious activity,53.956609,-1.0734
10849,2026-01,T2,suspicious activity,53.95728,-1.082376
10850,2026-01,T2,suspicious activity,53.957319,-1.079175
10851,2026-01,T2,suspicious activity,53.956609,-1.0734
10852,2026-01,T2,suspicious activity,53.95706,-1.080659
10853,2026-01,T2,suspicious activity,53.957862,-1.082339
10854,2026-01,T2,suspicious activity,53.95869,-1.082269
10855,2026-01,T2,suspicious activity,53.958919,-1.080451
10856,2026-01,T2,suspicious activity,53.956609,-1.0734
10857,2026-01,T2,suspicious activity,53.959281,-1.084118
10858,2026-01,T2,suspicious activity,53.959281,-1.084118
10859,2026-01,T2,suspicious activity,53.958689,-1.0798
10860,2026-01,T2,suspicious activity,53.960121,-1.080058
10861,2026-01,T2,suspicious activity,53.959281,-1.084118
10862,2026-01,T2,suspicious activity,53.956904,-1.082507
10863,2026-01,T2,suspicious activity,53.957819,-1.079324
10864,2026-01,T2,suspicious activity,53.95879,-1.081139
10865,2026-01,T2,suspicious activity,53.95869,-1.082269
10866,2026-01,T2,suspicious activity,53.958064,-1.08143
10867,2026-01,T2,suspicious activity,53.95706,-1.080659
10868,2026-01,T2,suspicious activity,53.958064,-1.08143
10869,2026-01,T2,suspicious activity,53.95869,-1.082269
10870,2026-01,T2,suspicious activity,53.957819,-1.079324
10871,2026-01,T2,suspicious activity,53.956944,-1.081896
10872,2026-01,T2,suspicious activity,53.95879,-1.081139
10873,2026-01,T2,suspicious activity,53.957819,-1.079324
10874,2026-01,T2,suspicious activity,53.957159,-1.078249
10875,2026-01,T2,suspicious activity,53.958919,-1.080451
10876,2026-01,T2,suspicious activity,53.958689,-1.0798
10877,2026-01,T2,vandalism,53.957588,-1.080126
10878,2026-01,T2,vandalism,53.955888,-1.078993
10879,2026-01,T2,vandalism,53.956944,-1.081896
10880,2026-01,T2,physical assault,53.958346,-1.080242
10881,2026-01,T2,physical assault,53.958346,-1.080242
10882,2026-01,T2,harassment,53.959281,-1.084118
10883,2026-01,T2,harassment,53.957862,-1.082339
10884,2026-01,T2,harassment,53.956623,-1.077529
10885,2026-01,T2,harassment,53.95823,-1.076092
10886,2026-01,T2,harassment,53.958346,-1.080242
10887,2026-01,T2,harassment,53.956623,-1.077529
10888,2026-01,T2,robbery,53.959281,-1.084118
10889,2026-01,T2,robbery,53.95879,-1.081139
10890,2026-01,T2,physical assault,53.956866,-1.08234
10891,2026-01,T2,physical assault,53.957006,-1.072492
10892,2026-01,T2,physical assault,53.954439,-1.077608
10893,2026-01,T2,physical assault,53.958346,-1.080242
10894,2026-01,T2,physical assault,53.957159,-1.078249
10895,2026-01,T2,physical assault,53.959281,-1.084118
10896,2026-01,T2,physical assault,53.957862,-1.082339
10897,2026-01,T2,physical assault,53.959281,-1.084118
10898,2026-01,T2,physical assault,53.959281,-1.084118
10899,2026-01,T2,physical assault,53.954869,-1.080729
10900,2026-01,T2,physical assault,53.956866,-1.08234
10901,2026-01,T2,physical assault,53.956866,-1.08234
10902,2026-01,T2,physical assault,53.956866,-1.08234
10903,2026-01,T2,physical assault,53.959281,-1.084118
10904,2026-01,T2,physical assault,53.956866,-1.08234
10905,2026-01,T2,physical assault,53.956866,-1.08234
10906,2026-01,T2,physical assault,53.959281,-1.084118
10907,2026-01,T2,physical assault,53.959281,-1.084118
10908,2026-01,T2,physical assault,53.958064,-1.08143
10909,2026-01,T2,physical assault,53.957006,-1.072492
10910,2026-01,T2,physical assault,53.959281,-1.084118
10911,2026-01,T2,physical assault,53.959281,-1.084118
10912,2026-01,T2,physical assault,53.958346,-1.080242
10913,2026-01,T2,physical assault,53.95879,-1.081139
10914,2026-01,T2,physical assault,53.957862,-1.082339
10915,2026-01,T2,physical assault,53.957159,-1.078249
10916,2026-01,T2,physical assault,53.957159,-1.078249
10917,2026-01,T2,physical assault,53.960121,-1.080058
10918,2026-01,T2,physical assault,53.957006,-1.072492
10919,2026-01,T2,physical assault,53.958919,-1.080451
10920,2026-01,T2,physical assault,53.959281,-1.084118
10921,2026-01,T2,physical assault,53.958346,-1.080242
10922,2026-01,T2,physical assault,53.956866,-1.08234
10923,2026-01,T2,physical assault,53.956851,-1.073348
10924,2026-01,T2,physical assault,53.956866,-1.08234
10925,2026-01,T2,physical assault,53.957862,-1.082339
10926,2026-01,T2,physical assault,53.956866,-1.08234
10927,2026-01,T2,physical assault,53.959281,-1.084118
10928,2026-01,T2,physical assault,53.957862,-1.082339
10929,2026-01,T2,physical assault,53.956866,-1.08234
10930,2026-01,T2,physical assault,53.954439,-1.077608
10931,2026-01,T2,physical assault,53.95728,-1.082376
10932,2026-01,T2,physical assault,53.95728,-1.082376
10933,2026-01,T2,physical assault,53.959281,-1.084118
10934,2026-01,T2,physical assault,53.958919,-1.080451
10935,2026-01,T2,physical assault,53.954222,-1.076272
10936,2026-01,T2,physical assault,53.958919,-1.080451
10937,2026-01,T2,physical assault,53.959281,-1.084118
10938,2026-01,T2,physical assault,53.957819,-1.079324
10939,2026-01,T2,physical assault,53.957006,-1.072492
10940,2026-01,T2,physical assault,53.956609,-1.0734
10941,2026-01,T2,physical assault,53.956866,-1.08234
10942,2026-01,T2,physical assault,53.959281,-1.084118
10943,2026-01,T2,physical assault,53.956866,-1.08234
10944,2026-01,T2,physical assault,53.95869,-1.082269
10945,2026-01,T2,physical assault,53.956866,-1.08234
10946,2026-01,T2,physical assault,53.955888,-1.078993
10947,2026-01,T2,suspicious activity,53.964242,-1.0484
10948,2026-01,T2,suspicious activity,53.964242,-1.0484
10949,2026-01,T2,suspicious activity,53.964837,-1.051953
10950,2026-01,T2,suspicious activity,53.964242,-1.0484
10951,2026-01,T2,physical assault,53.964242,-1.0484
10952,2026-01,T2,physical assault,53.964242,-1.0484
10953,2026-01,T2,physical assault,53.96163,-1.049018
10954,2026-01,T2,physical assault,53.962238,-1.05064
10955,2026-01,T2,suspicious activity,53.950621,-1.037723
10956,2026-01,T2,suspicious activity,53.950621,-1.037723
10957,2026-01,T2,suspicious activity,53.950621,-1.037723
10958,2026-01,T2,suspicious activity,53.951034,-1.039908
10959,2026-01,T2,harassment,53.951034,-1.039908
10960,2026-01,T2,physical assault,53.950621,-1.037723
10961,2026-01,T2,physical assault,53.951034,-1.039908
10962,2026-01,T2,physical assault,53.95005,-1.03827
10963,2026-01,T2,physical assault,53.951034,-1.039908
10964,2026-01,T2,suspicious activity,53.959398,-1.043938
10965,2026-01,T2,suspicious activity,53.957998,-1.039733
10966,2026-01,T2,vandalism,53.96189,-1.043088
10967,2026-01,T2,vandalism,53.961826,-1.045382
10968,2026-01,T2,physical assault,53.96189,-1.043088
10969,2026-01,T2,physical assault,53.960287,-1.040458
10970,2026-01,T2,physical assault,53.960287,-1.040458
10971,2026-01,T2,physical assault,53.956588,-1.036489
10972,2026-01,T2,suspicious activity,53.960119,-1.05898
10973,2026-01,T2,suspicious activity,53.961236,-1.051288
10974,2026-01,T2,harassment,53.964641,-1.052217
10975,2026-01,T2,suspicious activity,53.956999,-1.045181
10976,2026-01,T2,vandalism,53.957454,-1.046969
10977,2026-01,T2,vandalism,53.956999,-1.045181
10978,2026-01,T2,physical assault,53.956999,-1.045181
10979,2026-01,T2,physical assault,53.955176,-1.045345
10980,2026-01,T2,physical assault,53.956999,-1.045181
10981,2026-01,T2,physical assault,53.955176,-1.045345
10982,2026-01,T2,suspicious activity,53.958459,-1.057824
10983,2026-01,T2,suspicious activity,53.957632,-1.05582
10984,2026-01,T2,suspicious activity,53.956238,-1.057091
10985,2026-01,T2,vandalism,53.957424,-1.052824
10986,2026-01,T2,vandalism,53.957632,-1.05582
10987,2026-01,T2,vandalism,53.956937,-1.054312
10988,2026-01,T2,vandalism,53.956937,-1.054312
10989,2026-01,T2,physical assault,53.957905,-1.052827
10990,2026-01,T2,harassment,53.958134,-1.056815
10991,2026-01,T2,physical assault,53.959111,-1.054202
10992,2026-01,T2,physical assault,53.958134,-1.056815
10993,2026-01,T2,suspicious activity,53.954668,-1.061922
10994,2026-01,T2,suspicious activity,53.955819,-1.064273
10995,2026-01,T2,suspicious activity,53.955589,-1.061322
10996,2026-01,T2,vandalism,53.954825,-1.060135
10997,2026-01,T2,vandalism,53.956321,-1.062951
10998,2026-01,T2,physical assault,53.954825,-1.060135
10999,2026-01,T2,physical assault,53.956321,-1.062951
11000,2026-01,T2,physical assault,53.954668,-1.061922
11001,2026-01,T2,physical assault,53.954825,-1.060135
11002,2026-01,T2,suspicious activity,53.958105,-1.050744
11003,2026-01,T2,suspicious activity,53.959402,-1.048952
11004,2026-01,T2,suspicious activity,53.958105,-1.050744
11005,2026-01,T2,vandalism,53.959202,-1.051466
11006,2026-01,T2,physical assault,53.959091,-1.049464
11007,2026-01,T2,suspicious activity,53.954403,-1.05446
11008,2026-01,T2,suspicious activity,53.953478,-1.059144
11009,2026-01,T2,physical assault,53.953089,-1.055313
11010,2026-01,T2,physical assault,53.952826,-1.047134
11011,2026-01,T2,physical assault,53.952647,-1.050775
11012,2026-01,T2,physical assault,53.954611,-1.053496
11013,2026-01,T2,physical assault,53.952826,-1.047134
11014,2026-01,T2,suspicious activity,53.961335,-1.113746
11015,2026-01,T2,suspicious activity,53.961335,-1.113746
11016,2026-01,T2,harassment,53.962287,-1.114747
11017,2026-01,T2,suspicious activity,53.95863,-1.122277
11018,2026-01,T2,suspicious activity,53.95807,-1.115873
11019,2026-01,T2,suspicious activity,53.956966,-1.118502
11020,2026-01,T2,suspicious activity,53.95807,-1.115873
11021,2026-01,T2,physical assault,53.95807,-1.115873
11022,2026-01,T2,physical assault,53.95863,-1.122277
11023,2026-01,T2,physical assault,53.958162,-1.118507
11024,2026-01,T2,physical assault,53.95807,-1.115873
11025,2026-01,T2,physical assault,53.957259,-1.119258
11026,2026-01,T2,physical assault,53.960911,-1.119532
11027,2026-01,T2,physical assault,53.960911,-1.119532
11028,2026-01,T2,physical assault,53.960586,-1.118212
11029,2026-01,T2,harassment,53.95513,-1.107127
11030,2026-01,T2,physical assault,53.95513,-1.107127
11031,2026-01,T2,physical assault,53.95513,-1.107127
11032,2026-01,T2,suspicious activity,53.956402,-1.120136
11033,2026-01,T2,suspicious activity,53.954634,-1.120334
11034,2026-01,T2,suspicious activity,53.956402,-1.120136
11035,2026-01,T2,physical assault,53.956182,-1.116964
11036,2026-01,T2,physical assault,53.956182,-1.116964
11037,2026-01,T2,physical assault,53.952426,-1.115901
11038,2026-01,T2,physical assault,53.956182,-1.116964
11039,2026-01,T2,physical assault,53.956182,-1.116964
11040,2026-01,T2,suspicious activity,53.952246,-1.126861
11041,2026-01,T2,suspicious activity,53.955363,-1.125394
11042,2026-01,T2,suspicious activity,53.955702,-1.125051
11043,2026-01,T2,suspicious activity,53.951879,-1.120971
11044,2026-01,T2,suspicious activity,53.951879,-1.120971
11045,2026-01,T2,suspicious activity,53.954484,-1.121983
11046,2026-01,T2,suspicious activity,53.955363,-1.125394
11047,2026-01,T2,suspicious activity,53.951879,-1.120971
11048,2026-01,T2,suspicious activity,53.955788,-1.124486
11049,2026-01,T2,suspicious activity,53.951879,-1.120971
11050,2026-01,T2,suspicious activity,53.955337,-1.121859
11051,2026-01,T2,vandalism,53.954484,-1.121983
11052,2026-01,T2,vandalism,53.955337,-1.121859
11053,2026-01,T2,vandalism,53.953404,-1.122997
11054,2026-01,T2,harassment,53.955788,-1.124486
11055,2026-01,T2,physical assault,53.955363,-1.125394
11056,2026-01,T2,physical assault,53.953794,-1.125975
11057,2026-01,T2,physical assault,53.954484,-1.121983
11058,2026-01,T2,physical assault,53.955337,-1.121859
11059,2026-01,T2,physical assault,53.953794,-1.125975
11060,2026-01,T2,physical assault,53.955788,-1.124486
11061,2026-01,T2,physical assault,53.953794,-1.125975
11062,2026-01,T2,physical assault,53.955363,-1.125394
11063,2026-01,T2,physical assault,53.955363,-1.125394
11064,2026-01,T2,physical assault,53.953794,-1.125975
11065,2026-01,T2,suspicious activity,53.964026,-1.104513
11066,2026-01,T2,vandalism,53.963112,-1.102429
11067,2026-01,T2,physical assault,53.963484,-1.106521
11068,2026-01,T2,physical assault,53.965424,-1.106327
11069,2026-01,T2,physical assault,53.966021,-1.105659
11070,2026-01,T2,physical assault,53.965424,-1.106327
11071,2026-01,T2,physical assault,53.965239,-1.104472
11072,2026-01,T2,suspicious activity,53.963091,-1.109243
11073,2026-01,T2,suspicious activity,53.961153,-1.097685
11074,2026-01,T2,suspicious activity,53.963091,-1.109243
11075,2026-01,T2,suspicious activity,53.962934,-1.108743
11076,2026-01,T2,physical assault,53.962934,-1.108743
11077,2026-01,T2,physical assault,53.961435,-1.101688
11078,2026-01,T2,physical assault,53.962726,-1.107269
11079,2026-01,T2,physical assault,53.954449,-1.100253
11080,2026-01,T2,physical assault,53.949339,-1.08892
11081,2026-01,T2,suspicious activity,53.949482,-1.094676
11082,2026-01,T2,suspicious activity,53.953735,-1.092512
11083,2026-01,T2,suspicious activity,53.95015,-1.098639
11084,2026-01,T2,suspicious activity,53.952273,-1.095287
11085,2026-01,T2,suspicious activity,53.95015,-1.098639
11086,2026-01,T2,vandalism,53.949482,-1.094676
11087,2026-01,T2,vandalism,53.953473,-1.095977
11088,2026-01,T2,vandalism,53.95015,-1.098639
11089,2026-01,T2,harassment,53.952811,-1.092761
11090,2026-01,T2,physical assault,53.952811,-1.092761
11091,2026-01,T2,physical assault,53.951709,-1.098072
11092,2026-01,T2,physical assault,53.952811,-1.092761
11093,2026-01,T2,suspicious activity,53.944104,-1.120861
11094,2026-01,T2,suspicious activity,53.94629,-1.124898
11095,2026-01,T2,vandalism,53.948397,-1.122964
11096,2026-01,T2,vandalism,53.942931,-1.1264
11097,2026-01,T2,vandalism,53.947949,-1.121907
11098,2026-01,T2,vandalism,53.94629,-1.124898
11099,2026-01,T2,physical assault,53.946346,-1.11897
11100,2026-01,T2,harassment,53.94629,-1.124898
11101,2026-01,T2,harassment,53.942931,-1.1264
11102,2026-01,T2,physical assault,53.946265,-1.117783
11103,2026-01,T2,physical assault,53.944104,-1.120861
11104,2026-01,T2,physical assault,53.945307,-1.124431
11105,2026-01,T2,physical assault,53.947772,-1.118574
11106,2026-01,T2,physical assault,53.94629,-1.124898
11107,2026-01,T2,physical assault,53.946346,-1.11897
11108,2026-01,T2,physical assault,53.946265,-1.117783
11109,2026-01,T2,physical assault,53.948397,-1.122964
11110,2026-01,T2,physical assault,53.94629,-1.124898
11111,2026-01,T2,physical assault,53.948567,-1.125231
11112,2026-01,T2,physical assault,53.948567,-1.125231
11113,2026-01,T2,physical assault,53.948567,-1.125231
11114,2026-01,T2,physical assault,53.948567,-1.125231
11115,2026-01,T2,physical assault,53.948905,-1.127266
11116,2026-01,T2,physical assault,53.948567,-1.125231
11117,2026-01,T2,harassment,53.940907,-1.069985
11118,2026-01,T2,physical assault,53.940784,-1.072964
11119,2026-01,T2,physical assault,53.939669,-1.067895
11120,2026-01,T2,suspicious activity,53.950476,-1.076553
11121,2026-01,T2,suspicious activity,53.950476,-1.076553
11122,2026-01,T2,physical assault,53.947321,-1.074925
11123,2026-01,T2,physical assault,53.947021,-1.078366
11124,2026-01,T2,physical assault,53.947021,-1.078366
11125,2026-01,T2,physical assault,53.947021,-1.078366
11126,2026-01,T2,suspicious activity,53.948305,-1.073584
11127,2026-01,T2,vandalism,53.946614,-1.074596
11128,2026-01,T2,harassment,53.94649,-1.072405
11129,2026-01,T2,harassment,53.94649,-1.072405
11130,2026-01,T2,harassment,53.94649,-1.072405
11131,2026-01,T2,harassment,53.94649,-1.072405
11132,2026-01,T2,harassment,53.94649,-1.072405
11133,2026-01,T2,harassment,53.94649,-1.072405
11134,2026-01,T2,harassment,53.94649,-1.072405
11135,2026-01,T2,harassment,53.94649,-1.072405
11136,2026-01,T2,harassment,53.94649,-1.072405
11137,2026-01,T2,physical assault,53.946614,-1.074596
11138,2026-01,T2,physical assault,53.946614,-1.074596
11139,2026-01,T2,physical assault,53.94649,-1.072405
11140,2026-01,T2,physical assault,53.946614,-1.074596
11141,2026-01,T2,physical assault,53.946614,-1.074596
11142,2026-01,T2,physical assault,53.944298,-1.076034
11143,2026-01,T2,physical assault,53.946614,-1.074596
11144,2026-01,T2,physical assault,53.94649,-1.072405
11145,2026-01,T2,physical assault,53.946614,-1.074596
11146,2026-01,T2,physical assault,53.946614,-1.074596
11147,2026-01,T2,physical assault,53.946518,-1.076046
11148,2026-01,T2,physical assault,53.946614,-1.074596
11149,2026-01,T2,suspicious activity,53.95405,-1.059787
11150,2026-01,T2,suspicious activity,53.954421,-1.063649
11151,2026-01,T2,suspicious activity,53.954454,-1.064411
11152,2026-01,T2,suspicious activity,53.95368,-1.073541
11153,2026-01,T2,vandalism,53.95405,-1.059787
11154,2026-01,T2,vandalism,53.954388,-1.070904
11155,2026-01,T2,physical assault,53.95368,-1.073541
11156,2026-01,T2,physical assault,53.952753,-1.067527
11157,2026-01,T2,physical assault,53.952753,-1.067527
11158,2026-01,T2,physical assault,53.954421,-1.063649
11159,2026-01,T2,physical assault,53.952753,-1.067527
11160,2026-01,T2,physical assault,53.952753,-1.067527
11161,2026-01,T2,physical assault,53.95368,-1.073541
11162,2026-01,T2,physical assault,53.952815,-1.060531
11163,2026-01,T2,physical assault,53.954421,-1.063649
11164,2026-01,T2,suspicious activity,53.951639,-1.075841
11165,2026-01,T2,suspicious activity,53.950742,-1.072585
11166,2026-01,T2,vandalism,53.951639,-1.075841
11167,2026-01,T2,vandalism,53.951661,-1.071696
11168,2026-01,T2,physical assault,53.951631,-1.070036
11169,2026-01,T2,physical assault,53.951365,-1.07283
11170,2026-01,T2,physical assault,53.951639,-1.075841
11171,2026-01,T2,physical assault,53.951565,-1.069671
11172,2026-01,T2,physical assault,53.951365,-1.07283
11173,2026-01,T2,physical assault,53.951639,-1.075841
11174,2026-01,T2,physical assault,53.951565,-1.069671
11175,2026-01,T2,physical assault,53.951365,-1.07283
11176,2026-01,T2,suspicious activity,53.950521,-1.082403
11177,2026-01,T2,suspicious activity,53.95148,-1.085536
11178,2026-01,T2,suspicious activity,53.948497,-1.081744
11179,2026-01,T2,suspicious activity,53.948497,-1.081744
11180,2026-01,T2,suspicious activity,53.950625,-1.084199
11181,2026-01,T2,suspicious activity,53.950521,-1.082403
11182,2026-01,T2,harassment,53.950521,-1.082403
11183,2026-01,T2,harassment,53.952103,-1.083618
11184,2026-01,T2,physical assault,53.950521,-1.082403
11185,2026-01,T2,physical assault,53.949412,-1.08421
11186,2026-01,T2,physical assault,53.95148,-1.085536
11187,2026-01,T2,physical assault,53.949412,-1.08421
11188,2026-01,T2,suspicious activity,53.932111,-1.108273
11189,2026-01,T2,vandalism,53.93959,-1.104747
11190,2026-01,T2,harassment,53.93959,-1.104747
11191,2026-01,T2,harassment,53.93959,-1.104747
11192,2026-01,T2,physical assault,53.933146,-1.108434
11193,2026-01,T2,suspicious activity,53.940592,-1.113866
11194,2026-01,T2,suspicious activity,53.942262,-1.112429
11195,2026-01,T2,suspicious activity,53.941067,-1.106406
11196,2026-01,T2,suspicious activity,53.941067,-1.106406
11197,2026-01,T2,suspicious activity,53.942288,-1.106167
11198,2026-01,T2,suspicious activity,53.942288,-1.106167
11199,2026-01,T2,vandalism,53.94741,-1.106057
11200,2026-01,T2,physical assault,53.942262,-1.112429
11201,2026-01,T2,suspicious activity,53.944051,-1.093194
11202,2026-01,T2,suspicious activity,53.945999,-1.091705
11203,2026-01,T2,suspicious activity,53.944833,-1.094366
11204,2026-01,T2,robbery,53.942659,-1.089812
11205,2026-01,T2,physical assault,53.948118,-1.092573
11206,2026-01,T2,physical assault,53.944051,-1.093194
11207,2026-01,T2,suspicious activity,53.942202,-1.088755
11208,2026-01,T2,suspicious activity,53.945119,-1.082553
11209,2026-01,T2,physical assault,53.942202,-1.088755
11210,2026-01,T2,physical assault,53.942202,-1.088755
11211,2026-01,T2,physical assault,53.945119,-1.082553
11212,2026-01,T2,physical assault,53.942336,-1.087534
11213,2026-01,T2,physical assault,53.939033,-1.115833
11214,2026-01,T2,suspicious activity,53.933423,-1.110697
11215,2026-01,T2,suspicious activity,53.933561,-1.120915
11216,2026-01,T2,physical assault,53.932734,-1.10995
11217,2026-01,T2,suspicious activity,53.93621,-1.124996
11218,2026-01,T2,suspicious activity,53.941316,-1.121864
11219,2026-01,T2,physical assault,53.941595,-1.12201
11220,2026-01,T2,suspicious activity,53.944631,-1.041655
11221,2026-01,T2,suspicious activity,53.948902,-1.051019
11222,2026-01,T2,suspicious activity,53.948815,-1.052454
11223,2026-01,T2,harassment,53.946611,-1.052199
11224,2026-01,T2,physical assault,53.944068,-1.05119
11225,2026-01,T2,physical assault,53.948815,-1.052454
11226,2026-01,T2,physical assault,53.948815,-1.052454
11227,2026-01,T2,suspicious activity,53.933364,-1.065065
11228,2026-01,T2,vandalism,53.933364,-1.065065
11229,2026-01,T2,physical assault,53.934797,-1.062119
11230,2026-01,T2,physical assault,53.93284,-1.066965
11231,2026-01,T2,physical assault,53.934797,-1.062119
11232,2026-01,T2,physical assault,53.93284,-1.066965
11233,2026-01,T2,physical assault,53.93284,-1.066965
11234,2026-01,T2,suspicious activity,53.933027,-1.070236
11235,2026-01,T2,suspicious activity,53.933415,-1.070486
11236,2026-01,T2,physical assault,53.935796,-1.072642
11237,2026-01,T2,physical assault,53.939796,-1.074069
11238,2026-01,T2,physical assault,53.935796,-1.072642
11239,2026-02,T2,physical assault,53.984084,-1.069679
11240,2026-02,T2,suspicious activity,53.980367,-1.067886
11241,2026-02,T2,suspicious activity,53.979051,-1.062823
11242,2026-02,T2,suspicious activity,53.978921,-1.065738
11243,2026-02,T2,vandalism,53.979349,-1.069983
11244,2026-02,T2,vandalism,53.979242,-1.06201
11245,2026-02,T2,harassment,53.979349,-1.069983
11246,2026-02,T2,harassment,53.980367,-1.067886
11247,2026-02,T2,physical assault,53.980928,-1.06028
11248,2026-02,T2,physical assault,53.979349,-1.069983
11249,2026-02,T2,physical assault,53.979349,-1.069983
11250,2026-02,T2,physical assault,53.979349,-1.069983
11251,2026-02,T2,physical assault,53.979349,-1.069983
11252,2026-02,T2,physical assault,53.979349,-1.069983
11253,2026-02,T2,physical assault,53.979349,-1.069983
11254,2026-02,T2,suspicious activity,53.982568,-1.051993
11255,2026-02,T2,suspicious activity,53.982568,-1.051993
11256,2026-02,T2,suspicious activity,53.982728,-1.048285
11257,2026-02,T2,suspicious activity,53.982568,-1.051993
11258,2026-02,T2,suspicious activity,53.982568,-1.051993
11259,2026-02,T2,suspicious activity,53.982728,-1.048285
11260,2026-02,T2,suspicious activity,53.982728,-1.048285
11261,2026-02,T2,suspicious activity,53.982568,-1.051993
11262,2026-02,T2,vandalism,53.986004,-1.055453
11263,2026-02,T2,harassment,53.986004,-1.055453
11264,2026-02,T2,harassment,53.982728,-1.048285
11265,2026-02,T2,robbery,53.982568,-1.051993
11266,2026-02,T2,physical assault,53.982568,-1.051993
11267,2026-02,T2,physical assault,53.986004,-1.055453
11268,2026-02,T2,harassment,53.976716,-1.094696
11269,2026-02,T2,physical assault,53.977675,-1.094386
11270,2026-02,T2,suspicious activity,53.985394,-1.111055
11271,2026-02,T2,suspicious activity,53.981228,-1.093561
11272,2026-02,T2,suspicious activity,53.984013,-1.099326
11273,2026-02,T2,suspicious activity,53.983477,-1.093741
11274,2026-02,T2,vandalism,53.983477,-1.093741
11275,2026-02,T2,vandalism,53.983541,-1.099901
11276,2026-02,T2,harassment,53.983595,-1.098741
11277,2026-02,T2,physical assault,53.984659,-1.10035
11278,2026-02,T2,physical assault,53.981723,-1.096021
11279,2026-02,T2,physical assault,53.983763,-1.095509
11280,2026-02,T2,physical assault,53.984659,-1.10035
11281,2026-02,T2,suspicious activity,53.977581,-1.107043
11282,2026-02,T2,suspicious activity,53.976629,-1.101163
11283,2026-02,T2,suspicious activity,53.976629,-1.101163
11284,2026-02,T2,suspicious activity,53.976629,-1.101163
11285,2026-02,T2,suspicious activity,53.979366,-1.104123
11286,2026-02,T2,harassment,53.976629,-1.101163
11287,2026-02,T2,suspicious activity,53.968671,-1.088636
11288,2026-02,T2,vandalism,53.968544,-1.094477
11289,2026-02,T2,harassment,53.965061,-1.091458
11290,2026-02,T2,physical assault,53.961942,-1.093782
11291,2026-02,T2,physical assault,53.961942,-1.093782
11292,2026-02,T2,physical assault,53.965061,-1.091458
11293,2026-02,T2,physical assault,53.965061,-1.091458
11294,2026-02,T2,physical assault,53.967376,-1.088557
11295,2026-02,T2,suspicious activity,53.971403,-1.095757
11296,2026-02,T2,vandalism,53.967342,-1.096027
11297,2026-02,T2,vandalism,53.971403,-1.095757
11298,2026-02,T2,physical assault,53.971403,-1.095757
11299,2026-02,T2,physical assault,53.971403,-1.095757
11300,2026-02,T2,physical assault,53.986021,-1.114397
11301,2026-02,T2,physical assault,53.983247,-1.114745
11302,2026-02,T2,physical assault,53.986021,-1.114397
11303,2026-02,T2,suspicious activity,53.976728,-1.107107
11304,2026-02,T2,suspicious activity,53.978293,-1.110886
11305,2026-02,T2,physical assault,53.976915,-1.115382
11306,2026-02,T2,physical assault,53.976915,-1.115382
11307,2026-02,T2,physical assault,53.976915,-1.115382
11308,2026-02,T2,physical assault,53.976911,-1.107622
11309,2026-02,T2,suspicious activity,53.962757,-1.056116
11310,2026-02,T2,suspicious activity,53.96606,-1.065812
11311,2026-02,T2,physical assault,53.965632,-1.063993
11312,2026-02,T2,vandalism,53.977651,-1.060811
11313,2026-02,T2,physical assault,53.975941,-1.058166
11314,2026-02,T2,physical assault,53.978327,-1.062168
11315,2026-02,T2,physical assault,53.976827,-1.062263
11316,2026-02,T2,physical assault,53.975175,-1.052283
11317,2026-02,T2,physical assault,53.975175,-1.052283
11318,2026-02,T2,suspicious activity,53.972739,-1.04316
11319,2026-02,T2,suspicious activity,53.969286,-1.046288
11320,2026-02,T2,suspicious activity,53.966797,-1.04418
11321,2026-02,T2,suspicious activity,53.968952,-1.084285
11322,2026-02,T2,vandalism,53.970595,-1.080514
11323,2026-02,T2,vandalism,53.97115,-1.084953
11324,2026-02,T2,vandalism,53.972301,-1.081498
11325,2026-02,T2,physical assault,53.968952,-1.084285
11326,2026-02,T2,harassment,53.969333,-1.083514
11327,2026-02,T2,physical assault,53.968952,-1.084285
11328,2026-02,T2,physical assault,53.968952,-1.084285
11329,2026-02,T2,physical assault,53.969333,-1.083514
11330,2026-02,T2,physical assault,53.968952,-1.084285
11331,2026-02,T2,physical assault,53.968952,-1.084285
11332,2026-02,T2,suspicious activity,53.972255,-1.088329
11333,2026-02,T2,suspicious activity,53.972001,-1.090423
11334,2026-02,T2,vandalism,53.970245,-1.091254
11335,2026-02,T2,vandalism,53.973443,-1.088623
11336,2026-02,T2,harassment,53.972255,-1.088329
11337,2026-02,T2,physical assault,53.974308,-1.08647
11338,2026-02,T2,suspicious activity,53.973887,-1.091464
11339,2026-02,T2,physical assault,53.976961,-1.086671
11340,2026-02,T2,suspicious activity,53.975967,-1.094316
11341,2026-02,T2,suspicious activity,53.973855,-1.093127
11342,2026-02,T2,vandalism,53.975967,-1.094316
11343,2026-02,T2,vandalism,53.973855,-1.093127
11344,2026-02,T2,physical assault,53.977102,-1.092294
11345,2026-02,T2,physical assault,53.975967,-1.094316
11346,2026-02,T2,physical assault,53.973855,-1.093127
11347,2026-02,T2,physical assault,53.974675,-1.094573
11348,2026-02,T2,physical assault,53.974149,-1.094005
11349,2026-02,T2,suspicious activity,53.979806,-1.085007
11350,2026-02,T2,suspicious activity,53.976532,-1.088251
11351,2026-02,T2,suspicious activity,53.979806,-1.085007
11352,2026-02,T2,suspicious activity,53.979806,-1.085007
11353,2026-02,T2,suspicious activity,53.976532,-1.088251
11354,2026-02,T2,vandalism,53.976532,-1.088251
11355,2026-02,T2,robbery,53.976532,-1.088251
11356,2026-02,T2,physical assault,53.979806,-1.085007
11357,2026-02,T2,vandalism,53.973989,-1.073029
11358,2026-02,T2,vandalism,53.97316,-1.077362
11359,2026-02,T2,harassment,53.973989,-1.073029
11360,2026-02,T2,physical assault,53.973344,-1.079127
11361,2026-02,T2,physical assault,53.971603,-1.077168
11362,2026-02,T2,physical assault,53.97316,-1.077362
11363,2026-02,T2,physical assault,53.973344,-1.079127
11364,2026-02,T2,physical assault,53.973344,-1.079127
11365,2026-02,T2,physical assault,53.973344,-1.079127
11366,2026-02,T2,physical assault,53.970918,-1.075735
11367,2026-02,T2,physical assault,53.973989,-1.073029
11368,2026-02,T2,physical assault,53.973344,-1.079127
11369,2026-02,T2,physical assault,53.970918,-1.075735
11370,2026-02,T2,physical assault,53.971603,-1.077168
11371,2026-02,T2,physical assault,53.97316,-1.077362
11372,2026-02,T2,physical assault,53.977759,-1.081759
11373,2026-02,T2,suspicious activity,53.968213,-1.07924
11374,2026-02,T2,harassment,53.968743,-1.079228
11375,2026-02,T2,physical assault,53.967315,-1.074671
11376,2026-02,T2,physical assault,53.967315,-1.074671
11377,2026-02,T2,physical assault,53.968213,-1.07924
11378,2026-02,T2,physical assault,53.968368,-1.074892
11379,2026-02,T2,physical assault,53.968213,-1.07924
11380,2026-02,T2,suspicious activity,53.969475,-1.070385
11381,2026-02,T2,suspicious activity,53.965587,-1.072042
11382,2026-02,T2,suspicious activity,53.966849,-1.069057
11383,2026-02,T2,vandalism,53.970504,-1.069829
11384,2026-02,T2,physical assault,53.9705,-1.070454
11385,2026-02,T2,physical assault,53.969475,-1.070385
11386,2026-02,T2,suspicious activity,53.96386,-1.068422
11387,2026-02,T2,suspicious activity,53.961588,-1.072131
11388,2026-02,T2,suspicious activity,53.962786,-1.071388
11389,2026-02,T2,suspicious activity,53.963155,-1.059887
11390,2026-02,T2,suspicious activity,53.962207,-1.060472
11391,2026-02,T2,suspicious activity,53.96274,-1.072425
11392,2026-02,T2,suspicious activity,53.962218,-1.061889
11393,2026-02,T2,suspicious activity,53.960859,-1.070836
11394,2026-02,T2,suspicious activity,53.963012,-1.065713
11395,2026-02,T2,vandalism,53.961758,-1.068545
11396,2026-02,T2,harassment,53.96274,-1.072425
11397,2026-02,T2,physical assault,53.961758,-1.068545
11398,2026-02,T2,physical assault,53.96177,-1.064414
11399,2026-02,T2,physical assault,53.962448,-1.068316
11400,2026-02,T2,physical assault,53.960859,-1.070836
11401,2026-02,T2,physical assault,53.962218,-1.061889
11402,2026-02,T2,physical assault,53.962448,-1.068316
11403,2026-02,T2,physical assault,53.96386,-1.068422
11404,2026-02,T2,physical assault,53.962508,-1.063377
11405,2026-02,T2,physical assault,53.959688,-1.070588
11406,2026-02,T2,physical assault,53.962508,-1.063377
11407,2026-02,T2,physical assault,53.963155,-1.059887
11408,2026-02,T2,physical assault,53.962786,-1.071388
11409,2026-02,T2,physical assault,53.961588,-1.072131
11410,2026-02,T2,suspicious activity,53.975493,-1.072249
11411,2026-02,T2,suspicious activity,53.973348,-1.069141
11412,2026-02,T2,robbery,53.976417,-1.073219
11413,2026-02,T2,physical assault,53.977928,-1.068718
11414,2026-02,T2,physical assault,53.973348,-1.069141
11415,2026-02,T2,physical assault,53.974363,-1.071435
11416,2026-02,T2,physical assault,53.977258,-1.06916
11417,2026-02,T2,physical assault,53.975807,-1.068689
11418,2026-02,T2,physical assault,53.975807,-1.068689
11419,2026-02,T2,physical assault,53.975807,-1.068689
11420,2026-02,T2,vandalism,53.965405,-1.124574
11421,2026-02,T2,vandalism,53.965405,-1.124574
11422,2026-02,T2,physical assault,53.964294,-1.116366
11423,2026-02,T2,harassment,53.964065,-1.118261
11424,2026-02,T2,physical assault,53.964294,-1.116366
11425,2026-02,T2,suspicious activity,53.957537,-1.083087
11426,2026-02,T2,suspicious activity,53.959662,-1.081996
11427,2026-02,T2,suspicious activity,53.960122,-1.084517
11428,2026-02,T2,suspicious activity,53.958528,-1.083246
11429,2026-02,T2,suspicious activity,53.961677,-1.084962
11430,2026-02,T2,suspicious activity,53.962948,-1.085422
11431,2026-02,T2,suspicious activity,53.960793,-1.084601
11432,2026-02,T2,suspicious activity,53.961369,-1.085884
11433,2026-02,T2,suspicious activity,53.965236,-1.083726
11434,2026-02,T2,suspicious activity,53.966683,-1.082505
11435,2026-02,T2,suspicious activity,53.960793,-1.084601
11436,2026-02,T2,suspicious activity,53.960793,-1.084601
11437,2026-02,T2,suspicious activity,53.959662,-1.081996
11438,2026-02,T2,suspicious activity,53.959662,-1.081996
11439,2026-02,T2,suspicious activity,53.960793,-1.084601
11440,2026-02,T2,suspicious activity,53.957537,-1.083087
11441,2026-02,T2,suspicious activity,53.965783,-1.078821
11442,2026-02,T2,suspicious activity,53.960793,-1.084601
11443,2026-02,T2,suspicious activity,53.957537,-1.083087
11444,2026-02,T2,suspicious activity,53.967625,-1.082393
11445,2026-02,T2,suspicious activity,53.957537,-1.083087
11446,2026-02,T2,suspicious activity,53.957537,-1.083087
11447,2026-02,T2,suspicious activity,53.961677,-1.084962
11448,2026-02,T2,suspicious activity,53.961067,-1.082827
11449,2026-02,T2,suspicious activity,53.966683,-1.082505
11450,2026-02,T2,suspicious activity,53.965236,-1.083726
11451,2026-02,T2,suspicious activity,53.960387,-1.085585
11452,2026-02,T2,suspicious activity,53.958528,-1.083246
11453,2026-02,T2,suspicious activity,53.961067,-1.082827
11454,2026-02,T2,suspicious activity,53.958528,-1.083246
11455,2026-02,T2,suspicious activity,53.966876,-1.080794
11456,2026-02,T2,suspicious activity,53.961067,-1.082827
11457,2026-02,T2,suspicious activity,53.961677,-1.084962
11458,2026-02,T2,suspicious activity,53.961067,-1.082827
11459,2026-02,T2,suspicious activity,53.961369,-1.085884
11460,2026-02,T2,suspicious activity,53.959782,-1.083212
11461,2026-02,T2,suspicious activity,53.962478,-1.083939
11462,2026-02,T2,suspicious activity,53.960793,-1.084601
11463,2026-02,T2,vandalism,53.967202,-1.081046
11464,2026-02,T2,vandalism,53.960122,-1.084517
11465,2026-02,T2,vandalism,53.966683,-1.082505
11466,2026-02,T2,vandalism,53.965236,-1.083726
11467,2026-02,T2,vandalism,53.966635,-1.080997
11468,2026-02,T2,vandalism,53.965236,-1.083726
11469,2026-02,T2,vandalism,53.963635,-1.089538
11470,2026-02,T2,vandalism,53.958528,-1.083246
11471,2026-02,T2,physical assault,53.964249,-1.08512
11472,2026-02,T2,physical assault,53.966683,-1.082505
11473,2026-02,T2,harassment,53.959782,-1.083212
11474,2026-02,T2,harassment,53.960122,-1.084517
11475,2026-02,T2,harassment,53.959662,-1.081996
11476,2026-02,T2,harassment,53.961369,-1.085884
11477,2026-02,T2,robbery,53.968124,-1.081757
11478,2026-02,T2,physical assault,53.960387,-1.085585
11479,2026-02,T2,physical assault,53.960793,-1.084601
11480,2026-02,T2,physical assault,53.962669,-1.080749
11481,2026-02,T2,physical assault,53.958528,-1.083246
11482,2026-02,T2,physical assault,53.959782,-1.083212
11483,2026-02,T2,physical assault,53.957537,-1.083087
11484,2026-02,T2,physical assault,53.964249,-1.08512
11485,2026-02,T2,physical assault,53.960122,-1.084517
11486,2026-02,T2,physical assault,53.967163,-1.079446
11487,2026-02,T2,physical assault,53.963813,-1.085693
11488,2026-02,T2,physical assault,53.959662,-1.081996
11489,2026-02,T2,physical assault,53.961677,-1.084962
11490,2026-02,T2,physical assault,53.957537,-1.083087
11491,2026-02,T2,physical assault,53.966683,-1.082505
11492,2026-02,T2,physical assault,53.966468,-1.079095
11493,2026-02,T2,physical assault,53.958528,-1.083246
11494,2026-02,T2,physical assault,53.959662,-1.081996
11495,2026-02,T2,physical assault,53.959662,-1.081996
11496,2026-02,T2,physical assault,53.960793,-1.084601
11497,2026-02,T2,physical assault,53.959662,-1.081996
11498,2026-02,T2,physical assault,53.966468,-1.079095
11499,2026-02,T2,physical assault,53.961067,-1.082827
11500,2026-02,T2,physical assault,53.960793,-1.084601
11501,2026-02,T2,physical assault,53.962669,-1.080749
11502,2026-02,T2,physical assault,53.961677,-1.084962
11503,2026-02,T2,physical assault,53.960387,-1.085585
11504,2026-02,T2,suspicious activity,53.965454,-1.074713
11505,2026-02,T2,suspicious activity,53.966575,-1.077782
11506,2026-02,T2,suspicious activity,53.965454,-1.074713
11507,2026-02,T2,suspicious activity,53.962781,-1.078902
11508,2026-02,T2,vandalism,53.965454,-1.074713
11509,2026-02,T2,vandalism,53.962781,-1.078902
11510,2026-02,T2,harassment,53.961242,-1.077488
11511,2026-02,T2,harassment,53.964395,-1.078349
11512,2026-02,T2,harassment,53.966575,-1.077782
11513,2026-02,T2,harassment,53.965496,-1.076647
11514,2026-02,T2,physical assault,53.962332,-1.076656
11515,2026-02,T2,physical assault,53.965454,-1.074713
11516,2026-02,T2,physical assault,53.965454,-1.074713
11517,2026-02,T2,physical assault,53.960778,-1.079084
11518,2026-02,T2,suspicious activity,53.954685,-1.095692
11519,2026-02,T2,suspicious activity,53.951793,-1.08655
11520,2026-02,T2,suspicious activity,53.954804,-1.092428
11521,2026-02,T2,suspicious activity,53.955025,-1.089634
11522,2026-02,T2,suspicious activity,53.954621,-1.093194
11523,2026-02,T2,suspicious activity,53.951281,-1.090173
11524,2026-02,T2,suspicious activity,53.954804,-1.092428
11525,2026-02,T2,vandalism,53.951281,-1.090173
11526,2026-02,T2,vandalism,53.952204,-1.085002
11527,2026-02,T2,vandalism,53.951281,-1.090173
11528,2026-02,T2,vandalism,53.953497,-1.090765
11529,2026-02,T2,harassment,53.952204,-1.085002
11530,2026-02,T2,physical assault,53.953497,-1.090765
11531,2026-02,T2,physical assault,53.954621,-1.093194
11532,2026-02,T2,physical assault,53.951281,-1.090173
11533,2026-02,T2,physical assault,53.955032,-1.09413
11534,2026-02,T2,physical assault,53.952733,-1.088374
11535,2026-02,T2,suspicious activity,53.958399,-1.068879
11536,2026-02,T2,suspicious activity,53.960274,-1.076595
11537,2026-02,T2,suspicious activity,53.958399,-1.068879
11538,2026-02,T2,suspicious activity,53.955489,-1.073882
11539,2026-02,T2,suspicious activity,53.959068,-1.074092
11540,2026-02,T2,suspicious activity,53.958399,-1.068879
11541,2026-02,T2,suspicious activity,53.958399,-1.068879
11542,2026-02,T2,suspicious activity,53.955333,-1.074647
11543,2026-02,T2,vandalism,53.959167,-1.064838
11544,2026-02,T2,vandalism,53.959245,-1.078355
11545,2026-02,T2,vandalism,53.955321,-1.068338
11546,2026-02,T2,harassment,53.955333,-1.074647
11547,2026-02,T2,harassment,53.958399,-1.068879
11548,2026-02,T2,physical assault,53.955333,-1.074647
11549,2026-02,T2,physical assault,53.958399,-1.068879
11550,2026-02,T2,physical assault,53.955333,-1.074647
11551,2026-02,T2,physical assault,53.960274,-1.076595
11552,2026-02,T2,physical assault,53.95439,-1.07524
11553,2026-02,T2,physical assault,53.955321,-1.068338
11554,2026-02,T2,physical assault,53.959798,-1.077871
11555,2026-02,T2,physical assault,53.956372,-1.074106
11556,2026-02,T2,physical assault,53.959245,-1.078355
11557,2026-02,T2,physical assault,53.955321,-1.068338
11558,2026-02,T2,suspicious activity,53.958398,-1.092228
11559,2026-02,T2,suspicious activity,53.958398,-1.092228
11560,2026-02,T2,suspicious activity,53.95615,-1.090996
11561,2026-02,T2,suspicious activity,53.95816,-1.088164
11562,2026-02,T2,suspicious activity,53.959055,-1.087626
11563,2026-02,T2,suspicious activity,53.96043,-1.091223
11564,2026-02,T2,suspicious activity,53.957808,-1.086785
11565,2026-02,T2,suspicious activity,53.958398,-1.092228
11566,2026-02,T2,suspicious activity,53.958732,-1.087694
11567,2026-02,T2,suspicious activity,53.958732,-1.087694
11568,2026-02,T2,suspicious activity,53.958796,-1.086732
11569,2026-02,T2,suspicious activity,53.958398,-1.092228
11570,2026-02,T2,suspicious activity,53.95615,-1.090996
11571,2026-02,T2,suspicious activity,53.95615,-1.090996
11572,2026-02,T2,vandalism,53.957139,-1.088597
11573,2026-02,T2,vandalism,53.95615,-1.090996
11574,2026-02,T2,vandalism,53.957139,-1.088597
11575,2026-02,T2,harassment,53.958796,-1.086732
11576,2026-02,T2,harassment,53.957273,-1.084983
11577,2026-02,T2,harassment,53.95615,-1.090996
11578,2026-02,T2,harassment,53.96043,-1.091223
11579,2026-02,T2,harassment,53.956692,-1.091289
11580,2026-02,T2,harassment,53.956563,-1.08387
11581,2026-02,T2,harassment,53.95615,-1.090996
11582,2026-02,T2,harassment,53.96043,-1.091223
11583,2026-02,T2,robbery,53.957273,-1.084983
11584,2026-02,T2,robbery,53.96043,-1.091223
11585,2026-02,T2,physical assault,53.957808,-1.086785
11586,2026-02,T2,physical assault,53.957808,-1.086785
11587,2026-02,T2,physical assault,53.958167,-1.085481
11588,2026-02,T2,physical assault,53.957273,-1.084983
11589,2026-02,T2,physical assault,53.957831,-1.087409
11590,2026-02,T2,physical assault,53.958796,-1.086732
11591,2026-02,T2,physical assault,53.958796,-1.086732
11592,2026-02,T2,physical assault,53.958398,-1.092228
11593,2026-02,T2,physical assault,53.957808,-1.086785
11594,2026-02,T2,physical assault,53.957808,-1.086785
11595,2026-02,T2,physical assault,53.958796,-1.086732
11596,2026-02,T2,physical assault,53.957831,-1.087409
11597,2026-02,T2,physical assault,53.958796,-1.086732
11598,2026-02,T2,physical assault,53.95816,-1.088164
11599,2026-02,T2,physical assault,53.96043,-1.091223
11600,2026-02,T2,physical assault,53.96043,-1.091223
11601,2026-02,T2,physical assault,53.957273,-1.084983
11602,2026-02,T2,physical assault,53.957831,-1.087409
11603,2026-02,T2,physical assault,53.959055,-1.087626
11604,2026-02,T2,physical assault,53.958796,-1.086732
11605,2026-02,T2,physical assault,53.957831,-1.087409
11606,2026-02,T2,physical assault,53.96043,-1.091223
11607,2026-02,T2,physical assault,53.958796,-1.086732
11608,2026-02,T2,physical assault,53.958796,-1.086732
11609,2026-02,T2,physical assault,53.957831,-1.087409
11610,2026-02,T2,physical assault,53.96043,-1.091223
11611,2026-02,T2,physical assault,53.96043,-1.091223
11612,2026-02,T2,physical assault,53.957273,-1.084983
11613,2026-02,T2,physical assault,53.957831,-1.087409
11614,2026-02,T2,physical assault,53.958796,-1.086732
11615,2026-02,T2,physical assault,53.958796,-1.086732
11616,2026-02,T2,physical assault,53.957831,-1.087409
11617,2026-02,T2,physical assault,53.957808,-1.086785
11618,2026-02,T2,physical assault,53.958796,-1.086732
11619,2026-02,T2,physical assault,53.958796,-1.086732
11620,2026-02,T2,physical assault,53.958796,-1.086732
11621,2026-02,T2,physical assault,53.95615,-1.090996
11622,2026-02,T2,physical assault,53.957808,-1.086785
11623,2026-02,T2,physical assault,53.96043,-1.091223
11624,2026-02,T2,physical assault,53.958796,-1.086732
11625,2026-02,T2,physical assault,53.95615,-1.090996
11626,2026-02,T2,physical assault,53.957585,-1.089426
11627,2026-02,T2,physical assault,53.958398,-1.092228
11628,2026-02,T2,physical assault,53.96043,-1.091223
11629,2026-02,T2,suspicious activity,53.956495,-1.08788
11630,2026-02,T2,suspicious activity,53.955698,-1.087135
11631,2026-02,T2,suspicious activity,53.954172,-1.084913
11632,2026-02,T2,suspicious activity,53.956495,-1.08788
11633,2026-02,T2,physical assault,53.956495,-1.08788
11634,2026-02,T2,physical assault,53.956813,-1.087157
11635,2026-02,T2,physical assault,53.956813,-1.087157
11636,2026-02,T2,physical assault,53.955365,-1.083485
11637,2026-02,T2,physical assault,53.955365,-1.083485
11638,2026-02,T2,suspicious activity,53.958064,-1.08143
11639,2026-02,T2,suspicious activity,53.959281,-1.084118
11640,2026-02,T2,suspicious activity,53.95706,-1.080659
11641,2026-02,T2,suspicious activity,53.958346,-1.080242
11642,2026-02,T2,suspicious activity,53.954439,-1.077608
11643,2026-02,T2,suspicious activity,53.958689,-1.0798
11644,2026-02,T2,suspicious activity,53.960121,-1.080058
11645,2026-02,T2,suspicious activity,53.956866,-1.08234
11646,2026-02,T2,suspicious activity,53.957819,-1.079324
11647,2026-02,T2,suspicious activity,53.958689,-1.0798
11648,2026-02,T2,suspicious activity,53.960121,-1.080058
11649,2026-02,T2,suspicious activity,53.956836,-1.079597
11650,2026-02,T2,suspicious activity,53.957819,-1.079324
11651,2026-02,T2,suspicious activity,53.955888,-1.078993
11652,2026-02,T2,suspicious activity,53.960121,-1.080058
11653,2026-02,T2,suspicious activity,53.955888,-1.078993
11654,2026-02,T2,suspicious activity,53.954439,-1.077608
11655,2026-02,T2,suspicious activity,53.957588,-1.080126
11656,2026-02,T2,suspicious activity,53.958064,-1.08143
11657,2026-02,T2,suspicious activity,53.955888,-1.078993
11658,2026-02,T2,suspicious activity,53.957819,-1.079324
11659,2026-02,T2,suspicious activity,53.960121,-1.080058
11660,2026-02,T2,suspicious activity,53.956754,-1.081702
11661,2026-02,T2,suspicious activity,53.957819,-1.079324
11662,2026-02,T2,suspicious activity,53.958346,-1.080242
11663,2026-02,T2,suspicious activity,53.957159,-1.078249
11664,2026-02,T2,suspicious activity,53.959658,-1.080632
11665,2026-02,T2,suspicious activity,53.95869,-1.082269
11666,2026-02,T2,suspicious activity,53.955888,-1.078993
11667,2026-02,T2,suspicious activity,53.957819,-1.079324
11668,2026-02,T2,vandalism,53.960121,-1.080058
11669,2026-02,T2,vandalism,53.95869,-1.082269
11670,2026-02,T2,vandalism,53.957139,-1.076817
11671,2026-02,T2,vandalism,53.956569,-1.08224
11672,2026-02,T2,vandalism,53.958689,-1.0798
11673,2026-02,T2,vandalism,53.95879,-1.081139
11674,2026-02,T2,vandalism,53.956866,-1.08234
11675,2026-02,T2,vandalism,53.95507,-1.076695
11676,2026-02,T2,harassment,53.957862,-1.082339
11677,2026-02,T2,harassment,53.957862,-1.082339
11678,2026-02,T2,harassment,53.95728,-1.082376
11679,2026-02,T2,harassment,53.95728,-1.082376
11680,2026-02,T2,harassment,53.958346,-1.080242
11681,2026-02,T2,physical assault,53.95706,-1.080659
11682,2026-02,T2,physical assault,53.959281,-1.084118
11683,2026-02,T2,physical assault,53.958303,-1.078605
11684,2026-02,T2,physical assault,53.957159,-1.078249
11685,2026-02,T2,physical assault,53.957159,-1.078249
11686,2026-02,T2,physical assault,53.957862,-1.082339
11687,2026-02,T2,physical assault,53.959476,-1.080438
11688,2026-02,T2,physical assault,53.956569,-1.08224
11689,2026-02,T2,physical assault,53.959281,-1.084118
11690,2026-02,T2,physical assault,53.959559,-1.075956
11691,2026-02,T2,physical assault,53.959281,-1.084118
11692,2026-02,T2,physical assault,53.960121,-1.080058
11693,2026-02,T2,physical assault,53.956866,-1.08234
11694,2026-02,T2,physical assault,53.957862,-1.082339
11695,2026-02,T2,physical assault,53.959281,-1.084118
11696,2026-02,T2,physical assault,53.958346,-1.080242
11697,2026-02,T2,physical assault,53.956851,-1.073348
11698,2026-02,T2,physical assault,53.954439,-1.077608
11699,2026-02,T2,physical assault,53.957159,-1.078249
11700,2026-02,T2,physical assault,53.956851,-1.073348
11701,2026-02,T2,physical assault,53.957159,-1.078249
11702,2026-02,T2,physical assault,53.960121,-1.080058
11703,2026-02,T2,physical assault,53.960121,-1.080058
11704,2026-02,T2,physical assault,53.960121,-1.080058
11705,2026-02,T2,physical assault,53.959281,-1.084118
11706,2026-02,T2,physical assault,53.954439,-1.077608
11707,2026-02,T2,physical assault,53.959281,-1.084118
11708,2026-02,T2,physical assault,53.957862,-1.082339
11709,2026-02,T2,physical assault,53.959281,-1.084118
11710,2026-02,T2,physical assault,53.954439,-1.077608
11711,2026-02,T2,physical assault,53.960121,-1.080058
11712,2026-02,T2,physical assault,53.960121,-1.080058
11713,2026-02,T2,physical assault,53.958689,-1.0798
11714,2026-02,T2,physical assault,53.959281,-1.084118
11715,2026-02,T2,physical assault,53.956569,-1.08224
11716,2026-02,T2,physical assault,53.957862,-1.082339
11717,2026-02,T2,physical assault,53.957006,-1.072492
11718,2026-02,T2,physical assault,53.956569,-1.08224
11719,2026-02,T2,physical assault,53.958816,-1.076323
11720,2026-02,T2,physical assault,53.95728,-1.082376
11721,2026-02,T2,physical assault,53.959658,-1.080632
11722,2026-02,T2,physical assault,53.959281,-1.084118
11723,2026-02,T2,physical assault,53.959281,-1.084118
11724,2026-02,T2,physical assault,53.954439,-1.077608
11725,2026-02,T2,suspicious activity,53.96163,-1.049018
11726,2026-02,T2,suspicious activity,53.965126,-1.047633
11727,2026-02,T2,suspicious activity,53.964242,-1.0484
11728,2026-02,T2,suspicious activity,53.964242,-1.0484
11729,2026-02,T2,suspicious activity,53.964242,-1.0484
11730,2026-02,T2,suspicious activity,53.960737,-1.048449
11731,2026-02,T2,suspicious activity,53.966547,-1.050055
11732,2026-02,T2,suspicious activity,53.965053,-1.053183
11733,2026-02,T2,suspicious activity,53.96163,-1.049018
11734,2026-02,T2,suspicious activity,53.964837,-1.051953
11735,2026-02,T2,suspicious activity,53.965126,-1.047633
11736,2026-02,T2,suspicious activity,53.965126,-1.047633
11737,2026-02,T2,physical assault,53.960328,-1.050059
11738,2026-02,T2,suspicious activity,53.950621,-1.037723
11739,2026-02,T2,suspicious activity,53.951034,-1.039908
11740,2026-02,T2,suspicious activity,53.951034,-1.039908
11741,2026-02,T2,physical assault,53.951034,-1.039908
11742,2026-02,T2,physical assault,53.951951,-1.037693
11743,2026-02,T2,physical assault,53.951034,-1.039908
11744,2026-02,T2,physical assault,53.951034,-1.039908
11745,2026-02,T2,suspicious activity,53.960287,-1.040458
11746,2026-02,T2,suspicious activity,53.960287,-1.040458
11747,2026-02,T2,suspicious activity,53.960113,-1.044647
11748,2026-02,T2,suspicious activity,53.959724,-1.038626
11749,2026-02,T2,vandalism,53.965225,-1.044231
11750,2026-02,T2,suspicious activity,53.960119,-1.05898
11751,2026-02,T2,suspicious activity,53.960119,-1.05898
11752,2026-02,T2,vandalism,53.960119,-1.05898
11753,2026-02,T2,vandalism,53.960119,-1.05898
11754,2026-02,T2,physical assault,53.961232,-1.05423
11755,2026-02,T2,physical assault,53.961232,-1.05423
11756,2026-02,T2,physical assault,53.960223,-1.05458
11757,2026-02,T2,physical assault,53.961232,-1.05423
11758,2026-02,T2,physical assault,53.961754,-1.056519
11759,2026-02,T2,suspicious activity,53.957882,-1.045375
11760,2026-02,T2,vandalism,53.955176,-1.045345
11761,2026-02,T2,physical assault,53.956999,-1.045181
11762,2026-02,T2,physical assault,53.956999,-1.045181
11763,2026-02,T2,physical assault,53.956999,-1.045181
11764,2026-02,T2,physical assault,53.957882,-1.045375
11765,2026-02,T2,physical assault,53.956999,-1.045181
11766,2026-02,T2,physical assault,53.956999,-1.045181
11767,2026-02,T2,physical assault,53.956999,-1.045181
11768,2026-02,T2,physical assault,53.957454,-1.046969
11769,2026-02,T2,physical assault,53.956999,-1.045181
11770,2026-02,T2,physical assault,53.954726,-1.042963
11771,2026-02,T2,suspicious activity,53.957038,-1.059247
11772,2026-02,T2,suspicious activity,53.958447,-1.053241
11773,2026-02,T2,suspicious activity,53.957905,-1.052827
11774,2026-02,T2,vandalism,53.957632,-1.05582
11775,2026-02,T2,vandalism,53.957632,-1.05582
11776,2026-02,T2,vandalism,53.956238,-1.057091
11777,2026-02,T2,harassment,53.958134,-1.056815
11778,2026-02,T2,physical assault,53.958134,-1.056815
11779,2026-02,T2,physical assault,53.958447,-1.053241
11780,2026-02,T2,physical assault,53.957885,-1.059518
11781,2026-02,T2,physical assault,53.957905,-1.052827
11782,2026-02,T2,physical assault,53.958447,-1.053241
11783,2026-02,T2,physical assault,53.957905,-1.052827
11784,2026-02,T2,physical assault,53.957038,-1.059247
11785,2026-02,T2,physical assault,53.957885,-1.059518
11786,2026-02,T2,physical assault,53.956948,-1.0523
11787,2026-02,T2,physical assault,53.957038,-1.059247
11788,2026-02,T2,suspicious activity,53.955589,-1.061322
11789,2026-02,T2,vandalism,53.955988,-1.059438
11790,2026-02,T2,physical assault,53.955988,-1.059438
11791,2026-02,T2,physical assault,53.956321,-1.062951
11792,2026-02,T2,suspicious activity,53.956407,-1.047801
11793,2026-02,T2,suspicious activity,53.959091,-1.049464
11794,2026-02,T2,suspicious activity,53.959091,-1.049464
11795,2026-02,T2,suspicious activity,53.959091,-1.049464
11796,2026-02,T2,suspicious activity,53.959091,-1.049464
11797,2026-02,T2,vandalism,53.959091,-1.049464
11798,2026-02,T2,vandalism,53.959091,-1.049464
11799,2026-02,T2,vandalism,53.959091,-1.049464
11800,2026-02,T2,physical assault,53.959091,-1.049464
11801,2026-02,T2,suspicious activity,53.95304,-1.053668
11802,2026-02,T2,robbery,53.95327,-1.053237
11803,2026-02,T2,physical assault,53.952311,-1.055925
11804,2026-02,T2,suspicious activity,53.960006,-1.111427
11805,2026-02,T2,suspicious activity,53.960006,-1.111427
11806,2026-02,T2,physical assault,53.961335,-1.113746
11807,2026-02,T2,suspicious activity,53.95807,-1.115873
11808,2026-02,T2,suspicious activity,53.958393,-1.116963
11809,2026-02,T2,suspicious activity,53.960911,-1.119532
11810,2026-02,T2,suspicious activity,53.958393,-1.116963
11811,2026-02,T2,suspicious activity,53.960586,-1.118212
11812,2026-02,T2,harassment,53.95807,-1.115873
11813,2026-02,T2,physical assault,53.958162,-1.118507
11814,2026-02,T2,physical assault,53.960911,-1.119532
11815,2026-02,T2,physical assault,53.95807,-1.115873
11816,2026-02,T2,physical assault,53.95807,-1.115873
11817,2026-02,T2,physical assault,53.95807,-1.115873
11818,2026-02,T2,physical assault,53.957259,-1.119258
11819,2026-02,T2,physical assault,53.960911,-1.119532
11820,2026-02,T2,physical assault,53.958162,-1.118507
11821,2026-02,T2,suspicious activity,53.954329,-1.10943
11822,2026-02,T2,vandalism,53.95513,-1.107127
11823,2026-02,T2,vandalism,53.954329,-1.10943
11824,2026-02,T2,harassment,53.954329,-1.10943
11825,2026-02,T2,physical assault,53.95513,-1.107127
11826,2026-02,T2,physical assault,53.95513,-1.107127
11827,2026-02,T2,suspicious activity,53.951253,-1.11399
11828,2026-02,T2,suspicious activity,53.954572,-1.114316
11829,2026-02,T2,suspicious activity,53.956402,-1.120136
11830,2026-02,T2,suspicious activity,53.956165,-1.115852
11831,2026-02,T2,vandalism,53.951253,-1.11399
11832,2026-02,T2,physical assault,53.952426,-1.115901
11833,2026-02,T2,physical assault,53.954634,-1.120334
11834,2026-02,T2,physical assault,53.952426,-1.115901
11835,2026-02,T2,suspicious activity,53.954947,-1.123863
11836,2026-02,T2,suspicious activity,53.955788,-1.124486
11837,2026-02,T2,suspicious activity,53.955546,-1.12091
11838,2026-02,T2,suspicious activity,53.955006,-1.124472
11839,2026-02,T2,suspicious activity,53.952246,-1.126861
11840,2026-02,T2,suspicious activity,53.955363,-1.125394
11841,2026-02,T2,suspicious activity,53.953404,-1.122997
11842,2026-02,T2,suspicious activity,53.955546,-1.12091
11843,2026-02,T2,suspicious activity,53.955788,-1.124486
11844,2026-02,T2,suspicious activity,53.951879,-1.120971
11845,2026-02,T2,suspicious activity,53.955363,-1.125394
11846,2026-02,T2,suspicious activity,53.955363,-1.125394
11847,2026-02,T2,suspicious activity,53.950801,-1.118602
11848,2026-02,T2,suspicious activity,53.955363,-1.125394
11849,2026-02,T2,vandalism,53.955702,-1.125051
11850,2026-02,T2,vandalism,53.955702,-1.125051
11851,2026-02,T2,harassment,53.955363,-1.125394
11852,2026-02,T2,harassment,53.951879,-1.120971
11853,2026-02,T2,robbery,53.955363,-1.125394
11854,2026-02,T2,robbery,53.955363,-1.125394
11855,2026-02,T2,physical assault,53.955363,-1.125394
11856,2026-02,T2,physical assault,53.950801,-1.118602
11857,2026-02,T2,physical assault,53.955788,-1.124486
11858,2026-02,T2,physical assault,53.951451,-1.11903
11859,2026-02,T2,physical assault,53.951879,-1.120971
11860,2026-02,T2,suspicious activity,53.950359,-1.124478
11861,2026-02,T2,suspicious activity,53.950359,-1.124478
11862,2026-02,T2,suspicious activity,53.950359,-1.124478
11863,2026-02,T2,physical assault,53.950359,-1.124478
11864,2026-02,T2,physical assault,53.950359,-1.124478
11865,2026-02,T2,suspicious activity,53.963488,-1.10579
11866,2026-02,T2,suspicious activity,53.964383,-1.10417
11867,2026-02,T2,suspicious activity,53.964383,-1.10417
11868,2026-02,T2,suspicious activity,53.965424,-1.106327
11869,2026-02,T2,suspicious activity,53.965424,-1.106327
11870,2026-02,T2,vandalism,53.964387,-1.109459
11871,2026-02,T2,vandalism,53.965239,-1.104472
11872,2026-02,T2,vandalism,53.96311,-1.102109
11873,2026-02,T2,vandalism,53.964387,-1.109459
11874,2026-02,T2,physical assault,53.964808,-1.104435
11875,2026-02,T2,physical assault,53.964383,-1.10417
11876,2026-02,T2,physical assault,53.96311,-1.102109
11877,2026-02,T2,suspicious activity,53.960657,-1.102223
11878,2026-02,T2,suspicious activity,53.955465,-1.099027
11879,2026-02,T2,suspicious activity,53.961435,-1.101688
11880,2026-02,T2,vandalism,53.962934,-1.108743
11881,2026-02,T2,physical assault,53.960716,-1.10053
11882,2026-02,T2,physical assault,53.961435,-1.101688
11883,2026-02,T2,vandalism,53.951085,-1.105979
11884,2026-02,T2,physical assault,53.954449,-1.100253
11885,2026-02,T2,physical assault,53.954449,-1.100253
11886,2026-02,T2,vandalism,53.949339,-1.08892
11887,2026-02,T2,physical assault,53.949339,-1.08892
11888,2026-02,T2,physical assault,53.949339,-1.08892
11889,2026-02,T2,physical assault,53.949339,-1.08892
11890,2026-02,T2,suspicious activity,53.951811,-1.094839
11891,2026-02,T2,suspicious activity,53.952273,-1.095287
11892,2026-02,T2,vandalism,53.953247,-1.092233
11893,2026-02,T2,vandalism,53.949367,-1.100957
11894,2026-02,T2,vandalism,53.95015,-1.098639
11895,2026-02,T2,vandalism,53.95172,-1.099474
11896,2026-02,T2,suspicious activity,53.947949,-1.121907
11897,2026-02,T2,suspicious activity,53.94629,-1.124898
11898,2026-02,T2,suspicious activity,53.948397,-1.122964
11899,2026-02,T2,suspicious activity,53.945307,-1.124431
11900,2026-02,T2,suspicious activity,53.947949,-1.121907
11901,2026-02,T2,suspicious activity,53.947949,-1.121907
11902,2026-02,T2,vandalism,53.944104,-1.120861
11903,2026-02,T2,vandalism,53.947949,-1.121907
11904,2026-02,T2,vandalism,53.945307,-1.124431
11905,2026-02,T2,vandalism,53.94629,-1.124898
11906,2026-02,T2,vandalism,53.946265,-1.117783
11907,2026-02,T2,vandalism,53.945307,-1.124431
11908,2026-02,T2,harassment,53.948397,-1.122964
11909,2026-02,T2,physical assault,53.948397,-1.122964
11910,2026-02,T2,physical assault,53.948397,-1.122964
11911,2026-02,T2,physical assault,53.945307,-1.124431
11912,2026-02,T2,physical assault,53.947772,-1.118574
11913,2026-02,T2,physical assault,53.948397,-1.122964
11914,2026-02,T2,physical assault,53.948905,-1.127266
11915,2026-02,T2,physical assault,53.948905,-1.127266
11916,2026-02,T2,suspicious activity,53.940784,-1.072964
11917,2026-02,T2,harassment,53.93918,-1.067464
11918,2026-02,T2,physical assault,53.941495,-1.068052
11919,2026-02,T2,physical assault,53.939669,-1.067895
11920,2026-02,T2,suspicious activity,53.947642,-1.076189
11921,2026-02,T2,suspicious activity,53.947642,-1.076189
11922,2026-02,T2,suspicious activity,53.947642,-1.076189
11923,2026-02,T2,vandalism,53.947321,-1.074925
11924,2026-02,T2,harassment,53.950476,-1.076553
11925,2026-02,T2,harassment,53.947021,-1.078366
11926,2026-02,T2,physical assault,53.947642,-1.076189
11927,2026-02,T2,suspicious activity,53.946614,-1.074596
11928,2026-02,T2,vandalism,53.948528,-1.062925
11929,2026-02,T2,vandalism,53.948528,-1.062925
11930,2026-02,T2,vandalism,53.94649,-1.072405
11931,2026-02,T2,vandalism,53.948528,-1.062925
11932,2026-02,T2,vandalism,53.94649,-1.072405
11933,2026-02,T2,physical assault,53.94649,-1.072405
11934,2026-02,T2,physical assault,53.946518,-1.076046
11935,2026-02,T2,harassment,53.94649,-1.072405
11936,2026-02,T2,harassment,53.94649,-1.072405
11937,2026-02,T2,harassment,53.94649,-1.072405
11938,2026-02,T2,harassment,53.94649,-1.072405
11939,2026-02,T2,harassment,53.94649,-1.072405
11940,2026-02,T2,physical assault,53.946614,-1.074596
11941,2026-02,T2,physical assault,53.946614,-1.074596
11942,2026-02,T2,physical assault,53.946614,-1.074596
11943,2026-02,T2,physical assault,53.94649,-1.072405
11944,2026-02,T2,physical assault,53.94649,-1.072405
11945,2026-02,T2,physical assault,53.94649,-1.072405
11946,2026-02,T2,physical assault,53.943061,-1.075406
11947,2026-02,T2,physical assault,53.946614,-1.074596
11948,2026-02,T2,physical assault,53.94649,-1.072405
11949,2026-02,T2,physical assault,53.943061,-1.075406
11950,2026-02,T2,physical assault,53.94649,-1.072405
11951,2026-02,T2,physical assault,53.946518,-1.076046
11952,2026-02,T2,physical assault,53.946614,-1.074596
11953,2026-02,T2,physical assault,53.946614,-1.074596
11954,2026-02,T2,physical assault,53.94649,-1.072405
11955,2026-02,T2,physical assault,53.94649,-1.072405
11956,2026-02,T2,suspicious activity,53.95405,-1.059787
11957,2026-02,T2,suspicious activity,53.953927,-1.071767
11958,2026-02,T2,suspicious activity,53.953574,-1.063348
11959,2026-02,T2,suspicious activity,53.953574,-1.063348
11960,2026-02,T2,suspicious activity,53.95405,-1.059787
11961,2026-02,T2,suspicious activity,53.954421,-1.063649
11962,2026-02,T2,vandalism,53.952286,-1.063042
11963,2026-02,T2,harassment,53.95368,-1.073541
11964,2026-02,T2,physical assault,53.952286,-1.063042
11965,2026-02,T2,physical assault,53.95192,-1.061888
11966,2026-02,T2,physical assault,53.953574,-1.063348
11967,2026-02,T2,physical assault,53.953574,-1.063348
11968,2026-02,T2,physical assault,53.95368,-1.073541
11969,2026-02,T2,physical assault,53.95192,-1.061888
11970,2026-02,T2,physical assault,53.952753,-1.067527
11971,2026-02,T2,suspicious activity,53.952333,-1.077271
11972,2026-02,T2,suspicious activity,53.951639,-1.075841
11973,2026-02,T2,suspicious activity,53.952438,-1.07334
11974,2026-02,T2,vandalism,53.950742,-1.072585
11975,2026-02,T2,harassment,53.952972,-1.077275
11976,2026-02,T2,physical assault,53.9534,-1.06989
11977,2026-02,T2,physical assault,53.950908,-1.073099
11978,2026-02,T2,physical assault,53.950742,-1.072585
11979,2026-02,T2,physical assault,53.951565,-1.069671
11980,2026-02,T2,physical assault,53.953663,-1.076771
11981,2026-02,T2,physical assault,53.950742,-1.072585
11982,2026-02,T2,physical assault,53.951565,-1.069671
11983,2026-02,T2,suspicious activity,53.952103,-1.083618
11984,2026-02,T2,suspicious activity,53.952103,-1.083618
11985,2026-02,T2,vandalism,53.950625,-1.084199
11986,2026-02,T2,vandalism,53.95148,-1.085536
11987,2026-02,T2,vandalism,53.95148,-1.085536
11988,2026-02,T2,harassment,53.95148,-1.085536
11989,2026-02,T2,harassment,53.95148,-1.085536
11990,2026-02,T2,harassment,53.950521,-1.082403
11991,2026-02,T2,robbery,53.95148,-1.085536
11992,2026-02,T2,physical assault,53.950625,-1.084199
11993,2026-02,T2,physical assault,53.950088,-1.083403
11994,2026-02,T2,physical assault,53.950521,-1.082403
11995,2026-02,T2,physical assault,53.950521,-1.082403
11996,2026-02,T2,suspicious activity,53.935389,-1.105492
11997,2026-02,T2,physical assault,53.93438,-1.102863
11998,2026-02,T2,suspicious activity,53.947247,-1.102313
11999,2026-02,T2,suspicious activity,53.942262,-1.112429
12000,2026-02,T2,vandalism,53.94741,-1.106057
12001,2026-02,T2,physical assault,53.942288,-1.106167
12002,2026-02,T2,vandalism,53.938061,-1.087688
12003,2026-02,T2,robbery,53.943274,-1.090332
12004,2026-02,T2,suspicious activity,53.942202,-1.088755
12005,2026-02,T2,suspicious activity,53.937495,-1.120466
12006,2026-02,T2,physical assault,53.939875,-1.11414
12007,2026-02,T2,physical assault,53.939875,-1.11414
12008,2026-02,T2,physical assault,53.94092,-1.12434
12009,2026-02,T2,physical assault,53.938525,-1.124969
12010,2026-02,T2,physical assault,53.937797,-1.122486
12011,2026-02,T2,vandalism,53.943532,-1.120065
12012,2026-02,T2,harassment,53.943553,-1.114443
12013,2026-02,T2,physical assault,53.941779,-1.115181
12014,2026-02,T2,physical assault,53.941016,-1.115319
12015,2026-02,T2,physical assault,53.941595,-1.12201
12016,2026-02,T2,physical assault,53.943173,-1.119021
12017,2026-02,T2,suspicious activity,53.94592,-1.045572
12018,2026-02,T2,suspicious activity,53.948815,-1.052454
12019,2026-02,T2,suspicious activity,53.947696,-1.05414
12020,2026-02,T2,robbery,53.948815,-1.052454
12021,2026-02,T2,physical assault,53.950628,-1.050135
12022,2026-02,T2,physical assault,53.941073,-1.047556
12023,2026-02,T2,physical assault,53.94592,-1.045572
12024,2026-02,T2,physical assault,53.947763,-1.057003
12025,2026-02,T2,physical assault,53.94609,-1.056797
12026,2026-02,T2,physical assault,53.950628,-1.050135
12027,2026-02,T2,physical assault,53.941073,-1.047556
12028,2026-02,T2,suspicious activity,53.937207,-1.06798
12029,2026-02,T2,physical assault,53.934797,-1.062119
12030,2026-02,T2,physical assault,53.937207,-1.06798
12031,2026-02,T2,physical assault,53.933784,-1.067066
12032,2026-02,T2,suspicious activity,53.933027,-1.070236
12033,2026-02,T2,suspicious activity,53.939219,-1.074849
12034,2026-02,T2,physical assault,53.933027,-1.070236
12035,2026-02,T2,physical assault,53.938666,-1.078931
12036,2026-02,T2,physical assault,53.939796,-1.074069
12037,2026-02,T2,physical assault,53.939796,-1.074069
12038,2026-02,T2,suspicious activity,53.933068,-1.08967
12039,2026-03,T2,suspicious activity,53.982518,-1.076216
12040,2026-03,T2,physical assault,53.98609,-1.078068
12041,2026-03,T2,physical assault,53.98496,-1.063285
12042,2026-03,T2,physical assault,53.98496,-1.063285
12043,2026-03,T2,physical assault,53.983807,-1.067611
12044,2026-03,T2,vandalism,53.978162,-1.062965
12045,2026-03,T2,physical assault,53.979349,-1.069983
12046,2026-03,T2,physical assault,53.979792,-1.060976
12047,2026-03,T2,physical assault,53.978162,-1.062965
12048,2026-03,T2,physical assault,53.979349,-1.069983
12049,2026-03,T2,physical assault,53.979349,-1.069983
12050,2026-03,T2,physical assault,53.979349,-1.069983
12051,2026-03,T2,physical assault,53.978162,-1.062965
12052,2026-03,T2,physical assault,53.979349,-1.069983
12053,2026-03,T2,physical assault,53.979349,-1.069983
12054,2026-03,T2,physical assault,53.979349,-1.069983
12055,2026-03,T2,suspicious activity,53.982568,-1.051993
12056,2026-03,T2,suspicious activity,53.982568,-1.051993
12057,2026-03,T2,suspicious activity,53.982728,-1.048285
12058,2026-03,T2,suspicious activity,53.982568,-1.051993
12059,2026-03,T2,suspicious activity,53.982568,-1.051993
12060,2026-03,T2,suspicious activity,53.982568,-1.051993
12061,2026-03,T2,suspicious activity,53.982728,-1.048285
12062,2026-03,T2,suspicious activity,53.9835,-1.049362
12063,2026-03,T2,suspicious activity,53.9835,-1.049362
12064,2026-03,T2,vandalism,53.982568,-1.051993
12065,2026-03,T2,vandalism,53.982568,-1.051993
12066,2026-03,T2,harassment,53.986004,-1.055453
12067,2026-03,T2,physical assault,53.982568,-1.051993
12068,2026-03,T2,physical assault,53.982568,-1.051993
12069,2026-03,T2,physical assault,53.986004,-1.055453
12070,2026-03,T2,physical assault,53.985369,-1.066158
12071,2026-03,T2,suspicious activity,53.973899,-1.097791
12072,2026-03,T2,suspicious activity,53.980951,-1.096129
12073,2026-03,T2,suspicious activity,53.979586,-1.095091
12074,2026-03,T2,suspicious activity,53.979586,-1.095091
12075,2026-03,T2,vandalism,53.977675,-1.094386
12076,2026-03,T2,vandalism,53.974178,-1.097861
12077,2026-03,T2,physical assault,53.980148,-1.098159
12078,2026-03,T2,physical assault,53.977675,-1.094386
12079,2026-03,T2,physical assault,53.978662,-1.096575
12080,2026-03,T2,suspicious activity,53.985394,-1.111055
12081,2026-03,T2,robbery,53.985802,-1.105358
12082,2026-03,T2,suspicious activity,53.983763,-1.095509
12083,2026-03,T2,suspicious activity,53.983763,-1.095509
12084,2026-03,T2,suspicious activity,53.983763,-1.095509
12085,2026-03,T2,suspicious activity,53.984013,-1.099326
12086,2026-03,T2,suspicious activity,53.983763,-1.095509
12087,2026-03,T2,suspicious activity,53.979147,-1.094034
12088,2026-03,T2,suspicious activity,53.978781,-1.093294
12089,2026-03,T2,suspicious activity,53.981228,-1.093561
12090,2026-03,T2,suspicious activity,53.981228,-1.093561
12091,2026-03,T2,suspicious activity,53.981228,-1.093561
12092,2026-03,T2,suspicious activity,53.983763,-1.095509
12093,2026-03,T2,suspicious activity,53.983763,-1.095509
12094,2026-03,T2,suspicious activity,53.98358,-1.097872
12095,2026-03,T2,suspicious activity,53.983763,-1.095509
12096,2026-03,T2,suspicious activity,53.981723,-1.096021
12097,2026-03,T2,vandalism,53.984659,-1.10035
12098,2026-03,T2,vandalism,53.983763,-1.095509
12099,2026-03,T2,harassment,53.983541,-1.099901
12100,2026-03,T2,harassment,53.983595,-1.098741
12101,2026-03,T2,physical assault,53.983445,-1.093132
12102,2026-03,T2,physical assault,53.983763,-1.095509
12103,2026-03,T2,suspicious activity,53.982016,-1.105149
12104,2026-03,T2,physical assault,53.979366,-1.104123
12105,2026-03,T2,physical assault,53.979366,-1.104123
12106,2026-03,T2,physical assault,53.976629,-1.101163
12107,2026-03,T2,suspicious activity,53.968671,-1.088636
12108,2026-03,T2,physical assault,53.967548,-1.09113
12109,2026-03,T2,physical assault,53.967548,-1.09113
12110,2026-03,T2,suspicious activity,53.967342,-1.096027
12111,2026-03,T2,suspicious activity,53.969049,-1.097088
12112,2026-03,T2,suspicious activity,53.970403,-1.101419
12113,2026-03,T2,suspicious activity,53.970587,-1.09489
12114,2026-03,T2,harassment,53.969049,-1.097088
12115,2026-03,T2,physical assault,53.967244,-1.09856
12116,2026-03,T2,physical assault,53.969049,-1.097088
12117,2026-03,T2,physical assault,53.969049,-1.097088
12118,2026-03,T2,physical assault,53.969049,-1.097088
12119,2026-03,T2,physical assault,53.969049,-1.097088
12120,2026-03,T2,physical assault,53.970403,-1.101419
12121,2026-03,T2,physical assault,53.969049,-1.097088
12122,2026-03,T2,vandalism,53.98521,-1.122603
12123,2026-03,T2,suspicious activity,53.985107,-1.107386
12124,2026-03,T2,vandalism,53.980402,-1.11296
12125,2026-03,T2,physical assault,53.979935,-1.111766
12126,2026-03,T2,suspicious activity,53.975158,-1.102704
12127,2026-03,T2,harassment,53.975158,-1.102704
12128,2026-03,T2,physical assault,53.978738,-1.106698
12129,2026-03,T2,physical assault,53.975158,-1.102704
12130,2026-03,T2,suspicious activity,53.966974,-1.053993
12131,2026-03,T2,vandalism,53.968002,-1.05389
12132,2026-03,T2,physical assault,53.9669,-1.055087
12133,2026-03,T2,physical assault,53.97,-1.057111
12134,2026-03,T2,physical assault,53.966816,-1.057914
12135,2026-03,T2,suspicious activity,53.96606,-1.065812
12136,2026-03,T2,harassment,53.966933,-1.062607
12137,2026-03,T2,physical assault,53.967105,-1.061551
12138,2026-03,T2,physical assault,53.966353,-1.064297
12139,2026-03,T2,physical assault,53.966933,-1.062607
12140,2026-03,T2,physical assault,53.965632,-1.063993
12141,2026-03,T2,suspicious activity,53.978691,-1.059263
12142,2026-03,T2,vandalism,53.973784,-1.065136
12143,2026-03,T2,vandalism,53.973784,-1.065136
12144,2026-03,T2,harassment,53.974585,-1.06524
12145,2026-03,T2,harassment,53.976596,-1.063808
12146,2026-03,T2,physical assault,53.977651,-1.060811
12147,2026-03,T2,physical assault,53.976827,-1.062263
12148,2026-03,T2,suspicious activity,53.970379,-1.050364
12149,2026-03,T2,vandalism,53.972739,-1.04316
12150,2026-03,T2,physical assault,53.971608,-1.041791
12151,2026-03,T2,physical assault,53.972739,-1.04316
12152,2026-03,T2,physical assault,53.966797,-1.04418
12153,2026-03,T2,physical assault,53.966797,-1.04418
12154,2026-03,T2,suspicious activity,53.968952,-1.084285
12155,2026-03,T2,suspicious activity,53.97123,-1.080058
12156,2026-03,T2,suspicious activity,53.971982,-1.085545
12157,2026-03,T2,vandalism,53.968952,-1.084285
12158,2026-03,T2,vandalism,53.968952,-1.084285
12159,2026-03,T2,physical assault,53.968952,-1.084285
12160,2026-03,T2,harassment,53.968952,-1.084285
12161,2026-03,T2,harassment,53.969333,-1.083514
12162,2026-03,T2,harassment,53.969333,-1.083514
12163,2026-03,T2,physical assault,53.968952,-1.084285
12164,2026-03,T2,physical assault,53.968952,-1.084285
12165,2026-03,T2,physical assault,53.972301,-1.081498
12166,2026-03,T2,physical assault,53.972301,-1.081498
12167,2026-03,T2,physical assault,53.968952,-1.084285
12168,2026-03,T2,physical assault,53.968952,-1.084285
12169,2026-03,T2,physical assault,53.968952,-1.084285
12170,2026-03,T2,physical assault,53.968952,-1.084285
12171,2026-03,T2,physical assault,53.969333,-1.083514
12172,2026-03,T2,suspicious activity,53.970529,-1.086034
12173,2026-03,T2,suspicious activity,53.974162,-1.084994
12174,2026-03,T2,suspicious activity,53.970912,-1.090264
12175,2026-03,T2,vandalism,53.971161,-1.088764
12176,2026-03,T2,vandalism,53.971161,-1.088764
12177,2026-03,T2,vandalism,53.971161,-1.088764
12178,2026-03,T2,vandalism,53.970245,-1.091254
12179,2026-03,T2,harassment,53.970529,-1.086034
12180,2026-03,T2,harassment,53.970245,-1.091254
12181,2026-03,T2,physical assault,53.972766,-1.086976
12182,2026-03,T2,physical assault,53.970912,-1.090264
12183,2026-03,T2,physical assault,53.970912,-1.090264
12184,2026-03,T2,vandalism,53.974117,-1.089752
12185,2026-03,T2,physical assault,53.973887,-1.091464
12186,2026-03,T2,physical assault,53.975407,-1.086888
12187,2026-03,T2,physical assault,53.973887,-1.091464
12188,2026-03,T2,suspicious activity,53.975967,-1.094316
12189,2026-03,T2,vandalism,53.974675,-1.094573
12190,2026-03,T2,vandalism,53.974675,-1.094573
12191,2026-03,T2,vandalism,53.974164,-1.096017
12192,2026-03,T2,harassment,53.975967,-1.094316
12193,2026-03,T2,harassment,53.974675,-1.094573
12194,2026-03,T2,physical assault,53.977102,-1.092294
12195,2026-03,T2,physical assault,53.975967,-1.094316
12196,2026-03,T2,physical assault,53.977102,-1.092294
12197,2026-03,T2,physical assault,53.975967,-1.094316
12198,2026-03,T2,physical assault,53.977102,-1.092294
12199,2026-03,T2,physical assault,53.977102,-1.092294
12200,2026-03,T2,physical assault,53.975967,-1.094316
12201,2026-03,T2,suspicious activity,53.976532,-1.088251
12202,2026-03,T2,suspicious activity,53.976532,-1.088251
12203,2026-03,T2,suspicious activity,53.972636,-1.085271
12204,2026-03,T2,suspicious activity,53.976082,-1.083366
12205,2026-03,T2,suspicious activity,53.979806,-1.085007
12206,2026-03,T2,suspicious activity,53.979806,-1.085007
12207,2026-03,T2,suspicious activity,53.979806,-1.085007
12208,2026-03,T2,suspicious activity,53.979806,-1.085007
12209,2026-03,T2,suspicious activity,53.976532,-1.088251
12210,2026-03,T2,suspicious activity,53.973532,-1.084886
12211,2026-03,T2,suspicious activity,53.976532,-1.088251
12212,2026-03,T2,suspicious activity,53.976532,-1.088251
12213,2026-03,T2,suspicious activity,53.976532,-1.088251
12214,2026-03,T2,vandalism,53.972033,-1.082784
12215,2026-03,T2,physical assault,53.976532,-1.088251
12216,2026-03,T2,harassment,53.976532,-1.088251
12217,2026-03,T2,harassment,53.976532,-1.088251
12218,2026-03,T2,physical assault,53.976532,-1.088251
12219,2026-03,T2,physical assault,53.977794,-1.087461
12220,2026-03,T2,physical assault,53.976532,-1.088251
12221,2026-03,T2,physical assault,53.976532,-1.088251
12222,2026-03,T2,physical assault,53.974407,-1.082976
12223,2026-03,T2,physical assault,53.976532,-1.088251
12224,2026-03,T2,physical assault,53.976082,-1.083366
12225,2026-03,T2,physical assault,53.976082,-1.083366
12226,2026-03,T2,suspicious activity,53.977759,-1.081759
12227,2026-03,T2,vandalism,53.973344,-1.079127
12228,2026-03,T2,vandalism,53.972734,-1.074582
12229,2026-03,T2,robbery,53.972975,-1.081468
12230,2026-03,T2,physical assault,53.977759,-1.081759
12231,2026-03,T2,physical assault,53.971603,-1.077168
12232,2026-03,T2,physical assault,53.971603,-1.077168
12233,2026-03,T2,physical assault,53.974407,-1.075902
12234,2026-03,T2,suspicious activity,53.969642,-1.07805
12235,2026-03,T2,suspicious activity,53.968743,-1.079228
12236,2026-03,T2,harassment,53.969214,-1.078532
12237,2026-03,T2,physical assault,53.968721,-1.076332
12238,2026-03,T2,physical assault,53.969214,-1.078532
12239,2026-03,T2,physical assault,53.966594,-1.074535
12240,2026-03,T2,suspicious activity,53.966849,-1.069057
12241,2026-03,T2,suspicious activity,53.966341,-1.068474
12242,2026-03,T2,suspicious activity,53.968138,-1.066132
12243,2026-03,T2,suspicious activity,53.970504,-1.069829
12244,2026-03,T2,vandalism,53.9705,-1.070454
12245,2026-03,T2,physical assault,53.9705,-1.070454
12246,2026-03,T2,physical assault,53.9705,-1.070454
12247,2026-03,T2,physical assault,53.966341,-1.068474
12248,2026-03,T2,physical assault,53.970504,-1.069829
12249,2026-03,T2,suspicious activity,53.964227,-1.065945
12250,2026-03,T2,suspicious activity,53.963874,-1.058632
12251,2026-03,T2,suspicious activity,53.963874,-1.058632
12252,2026-03,T2,suspicious activity,53.963012,-1.065713
12253,2026-03,T2,suspicious activity,53.963874,-1.058632
12254,2026-03,T2,suspicious activity,53.961588,-1.072131
12255,2026-03,T2,suspicious activity,53.963874,-1.058632
12256,2026-03,T2,suspicious activity,53.960859,-1.070836
12257,2026-03,T2,harassment,53.959688,-1.070588
12258,2026-03,T2,physical assault,53.962786,-1.071388
12259,2026-03,T2,physical assault,53.961758,-1.068545
12260,2026-03,T2,physical assault,53.963874,-1.058632
12261,2026-03,T2,physical assault,53.96274,-1.072425
12262,2026-03,T2,physical assault,53.959688,-1.070588
12263,2026-03,T2,physical assault,53.963012,-1.065713
12264,2026-03,T2,physical assault,53.963012,-1.065713
12265,2026-03,T2,physical assault,53.96274,-1.072425
12266,2026-03,T2,physical assault,53.962508,-1.063377
12267,2026-03,T2,physical assault,53.963999,-1.06787
12268,2026-03,T2,physical assault,53.962448,-1.068316
12269,2026-03,T2,suspicious activity,53.975807,-1.068689
12270,2026-03,T2,vandalism,53.973348,-1.069141
12271,2026-03,T2,physical assault,53.975807,-1.068689
12272,2026-03,T2,physical assault,53.975807,-1.068689
12273,2026-03,T2,physical assault,53.977258,-1.06916
12274,2026-03,T2,physical assault,53.975807,-1.068689
12275,2026-03,T2,vandalism,53.961355,-1.12507
12276,2026-03,T2,physical assault,53.966792,-1.123706
12277,2026-03,T2,physical assault,53.965959,-1.12162
12278,2026-03,T2,suspicious activity,53.964065,-1.118261
12279,2026-03,T2,suspicious activity,53.961579,-1.122459
12280,2026-03,T2,suspicious activity,53.961579,-1.122459
12281,2026-03,T2,vandalism,53.963587,-1.120542
12282,2026-03,T2,harassment,53.964065,-1.118261
12283,2026-03,T2,physical assault,53.963587,-1.120542
12284,2026-03,T2,physical assault,53.961579,-1.122459
12285,2026-03,T2,physical assault,53.964294,-1.116366
12286,2026-03,T2,suspicious activity,53.960793,-1.084601
12287,2026-03,T2,suspicious activity,53.959662,-1.081996
12288,2026-03,T2,suspicious activity,53.966876,-1.080794
12289,2026-03,T2,suspicious activity,53.958528,-1.083246
12290,2026-03,T2,suspicious activity,53.959782,-1.083212
12291,2026-03,T2,suspicious activity,53.957537,-1.083087
12292,2026-03,T2,suspicious activity,53.961677,-1.084962
12293,2026-03,T2,suspicious activity,53.960122,-1.084517
12294,2026-03,T2,suspicious activity,53.960793,-1.084601
12295,2026-03,T2,suspicious activity,53.959782,-1.083212
12296,2026-03,T2,suspicious activity,53.960122,-1.084517
12297,2026-03,T2,suspicious activity,53.961369,-1.085884
12298,2026-03,T2,suspicious activity,53.960793,-1.084601
12299,2026-03,T2,suspicious activity,53.960122,-1.084517
12300,2026-03,T2,suspicious activity,53.960793,-1.084601
12301,2026-03,T2,suspicious activity,53.961677,-1.084962
12302,2026-03,T2,suspicious activity,53.960793,-1.084601
12303,2026-03,T2,suspicious activity,53.960793,-1.084601
12304,2026-03,T2,suspicious activity,53.960793,-1.084601
12305,2026-03,T2,suspicious activity,53.959662,-1.081996
12306,2026-03,T2,suspicious activity,53.960793,-1.084601
12307,2026-03,T2,suspicious activity,53.960793,-1.084601
12308,2026-03,T2,suspicious activity,53.960793,-1.084601
12309,2026-03,T2,suspicious activity,53.966635,-1.080997
12310,2026-03,T2,suspicious activity,53.962239,-1.085545
12311,2026-03,T2,suspicious activity,53.958528,-1.083246
12312,2026-03,T2,suspicious activity,53.967163,-1.079446
12313,2026-03,T2,suspicious activity,53.961677,-1.084962
12314,2026-03,T2,suspicious activity,53.960122,-1.084517
12315,2026-03,T2,suspicious activity,53.960793,-1.084601
12316,2026-03,T2,suspicious activity,53.959782,-1.083212
12317,2026-03,T2,suspicious activity,53.957537,-1.083087
12318,2026-03,T2,suspicious activity,53.960722,-1.081082
12319,2026-03,T2,suspicious activity,53.961677,-1.084962
12320,2026-03,T2,suspicious activity,53.960793,-1.084601
12321,2026-03,T2,vandalism,53.962011,-1.091098
12322,2026-03,T2,vandalism,53.959782,-1.083212
12323,2026-03,T2,vandalism,53.957868,-1.082866
12324,2026-03,T2,vandalism,53.967163,-1.079446
12325,2026-03,T2,vandalism,53.958528,-1.083246
12326,2026-03,T2,vandalism,53.961067,-1.082827
12327,2026-03,T2,vandalism,53.959662,-1.081996
12328,2026-03,T2,vandalism,53.958528,-1.083246
12329,2026-03,T2,vandalism,53.961067,-1.082827
12330,2026-03,T2,physical assault,53.963989,-1.085262
12331,2026-03,T2,physical assault,53.959662,-1.081996
12332,2026-03,T2,harassment,53.957537,-1.083087
12333,2026-03,T2,harassment,53.958528,-1.083246
12334,2026-03,T2,harassment,53.957537,-1.083087
12335,2026-03,T2,harassment,53.959782,-1.083212
12336,2026-03,T2,harassment,53.959782,-1.083212
12337,2026-03,T2,harassment,53.961677,-1.084962
12338,2026-03,T2,harassment,53.961067,-1.082827
12339,2026-03,T2,harassment,53.958528,-1.083246
12340,2026-03,T2,harassment,53.959662,-1.081996
12341,2026-03,T2,harassment,53.962109,-1.083886
12342,2026-03,T2,harassment,53.967163,-1.079446
12343,2026-03,T2,harassment,53.962239,-1.085545
12344,2026-03,T2,robbery,53.967163,-1.079446
12345,2026-03,T2,robbery,53.960793,-1.084601
12346,2026-03,T2,physical assault,53.957537,-1.083087
12347,2026-03,T2,physical assault,53.962239,-1.085545
12348,2026-03,T2,physical assault,53.964659,-1.082321
12349,2026-03,T2,physical assault,53.965236,-1.083726
12350,2026-03,T2,physical assault,53.961677,-1.084962
12351,2026-03,T2,physical assault,53.961677,-1.084962
12352,2026-03,T2,physical assault,53.966263,-1.0841
12353,2026-03,T2,physical assault,53.960122,-1.084517
12354,2026-03,T2,physical assault,53.959782,-1.083212
12355,2026-03,T2,physical assault,53.960793,-1.084601
12356,2026-03,T2,physical assault,53.958528,-1.083246
12357,2026-03,T2,physical assault,53.958528,-1.083246
12358,2026-03,T2,physical assault,53.965236,-1.083726
12359,2026-03,T2,physical assault,53.961677,-1.084962
12360,2026-03,T2,physical assault,53.965833,-1.088257
12361,2026-03,T2,physical assault,53.961677,-1.084962
12362,2026-03,T2,physical assault,53.958528,-1.083246
12363,2026-03,T2,physical assault,53.957537,-1.083087
12364,2026-03,T2,physical assault,53.965236,-1.083726
12365,2026-03,T2,physical assault,53.960387,-1.085585
12366,2026-03,T2,physical assault,53.959782,-1.083212
12367,2026-03,T2,physical assault,53.960793,-1.084601
12368,2026-03,T2,physical assault,53.960122,-1.084517
12369,2026-03,T2,physical assault,53.961677,-1.084962
12370,2026-03,T2,physical assault,53.959782,-1.083212
12371,2026-03,T2,physical assault,53.961677,-1.084962
12372,2026-03,T2,physical assault,53.961369,-1.085884
12373,2026-03,T2,physical assault,53.959662,-1.081996
12374,2026-03,T2,physical assault,53.957537,-1.083087
12375,2026-03,T2,physical assault,53.957537,-1.083087
12376,2026-03,T2,physical assault,53.957537,-1.083087
12377,2026-03,T2,physical assault,53.966876,-1.080794
12378,2026-03,T2,physical assault,53.959662,-1.081996
12379,2026-03,T2,physical assault,53.966683,-1.082505
12380,2026-03,T2,physical assault,53.966635,-1.080997
12381,2026-03,T2,physical assault,53.961067,-1.082827
12382,2026-03,T2,physical assault,53.959782,-1.083212
12383,2026-03,T2,physical assault,53.959662,-1.081996
12384,2026-03,T2,physical assault,53.962109,-1.083886
12385,2026-03,T2,physical assault,53.959662,-1.081996
12386,2026-03,T2,physical assault,53.958528,-1.083246
12387,2026-03,T2,suspicious activity,53.961242,-1.077488
12388,2026-03,T2,suspicious activity,53.965496,-1.076647
12389,2026-03,T2,suspicious activity,53.963375,-1.074271
12390,2026-03,T2,physical assault,53.96619,-1.07683
12391,2026-03,T2,physical assault,53.961914,-1.077169
12392,2026-03,T2,physical assault,53.962638,-1.07668
12393,2026-03,T2,physical assault,53.965454,-1.074713
12394,2026-03,T2,physical assault,53.965027,-1.075255
12395,2026-03,T2,physical assault,53.965454,-1.074713
12396,2026-03,T2,suspicious activity,53.954128,-1.097014
12397,2026-03,T2,suspicious activity,53.954621,-1.093194
12398,2026-03,T2,suspicious activity,53.954264,-1.092378
12399,2026-03,T2,suspicious activity,53.954685,-1.095692
12400,2026-03,T2,suspicious activity,53.954621,-1.093194
12401,2026-03,T2,suspicious activity,53.956259,-1.092335
12402,2026-03,T2,vandalism,53.952955,-1.088079
12403,2026-03,T2,physical assault,53.954685,-1.095692
12404,2026-03,T2,robbery,53.951281,-1.090173
12405,2026-03,T2,physical assault,53.956259,-1.092335
12406,2026-03,T2,physical assault,53.954094,-1.087689
12407,2026-03,T2,physical assault,53.951281,-1.090173
12408,2026-03,T2,physical assault,53.951281,-1.090173
12409,2026-03,T2,physical assault,53.954621,-1.093194
12410,2026-03,T2,physical assault,53.953709,-1.089145
12411,2026-03,T2,physical assault,53.954264,-1.092378
12412,2026-03,T2,physical assault,53.954094,-1.087689
12413,2026-03,T2,suspicious activity,53.959167,-1.064838
12414,2026-03,T2,suspicious activity,53.959167,-1.064838
12415,2026-03,T2,suspicious activity,53.959053,-1.079183
12416,2026-03,T2,suspicious activity,53.959851,-1.073084
12417,2026-03,T2,suspicious activity,53.959053,-1.079183
12418,2026-03,T2,suspicious activity,53.959068,-1.074092
12419,2026-03,T2,suspicious activity,53.95439,-1.07524
12420,2026-03,T2,suspicious activity,53.95439,-1.07524
12421,2026-03,T2,suspicious activity,53.960274,-1.076595
12422,2026-03,T2,suspicious activity,53.959068,-1.074092
12423,2026-03,T2,suspicious activity,53.958399,-1.068879
12424,2026-03,T2,suspicious activity,53.960274,-1.076595
12425,2026-03,T2,vandalism,53.959167,-1.064838
12426,2026-03,T2,vandalism,53.959167,-1.064838
12427,2026-03,T2,harassment,53.959053,-1.079183
12428,2026-03,T2,harassment,53.959245,-1.078355
12429,2026-03,T2,harassment,53.959245,-1.078355
12430,2026-03,T2,harassment,53.959798,-1.077871
12431,2026-03,T2,robbery,53.958399,-1.068879
12432,2026-03,T2,physical assault,53.956725,-1.069846
12433,2026-03,T2,physical assault,53.959053,-1.079183
12434,2026-03,T2,physical assault,53.959053,-1.079183
12435,2026-03,T2,physical assault,53.959053,-1.079183
12436,2026-03,T2,physical assault,53.95612,-1.067162
12437,2026-03,T2,physical assault,53.960274,-1.076595
12438,2026-03,T2,physical assault,53.957761,-1.072414
12439,2026-03,T2,physical assault,53.954784,-1.073394
12440,2026-03,T2,physical assault,53.955333,-1.074647
12441,2026-03,T2,physical assault,53.95612,-1.067162
12442,2026-03,T2,physical assault,53.957761,-1.072414
12443,2026-03,T2,physical assault,53.960694,-1.075123
12444,2026-03,T2,physical assault,53.960694,-1.075123
12445,2026-03,T2,physical assault,53.957761,-1.072414
12446,2026-03,T2,physical assault,53.95612,-1.067162
12447,2026-03,T2,physical assault,53.959053,-1.079183
12448,2026-03,T2,suspicious activity,53.958796,-1.086732
12449,2026-03,T2,suspicious activity,53.957377,-1.089263
12450,2026-03,T2,suspicious activity,53.957273,-1.084983
12451,2026-03,T2,suspicious activity,53.957273,-1.084983
12452,2026-03,T2,suspicious activity,53.957585,-1.089426
12453,2026-03,T2,suspicious activity,53.958398,-1.092228
12454,2026-03,T2,suspicious activity,53.957273,-1.084983
12455,2026-03,T2,suspicious activity,53.958398,-1.092228
12456,2026-03,T2,suspicious activity,53.958796,-1.086732
12457,2026-03,T2,suspicious activity,53.957273,-1.084983
12458,2026-03,T2,suspicious activity,53.957139,-1.088597
12459,2026-03,T2,suspicious activity,53.957139,-1.088597
12460,2026-03,T2,suspicious activity,53.957273,-1.084983
12461,2026-03,T2,suspicious activity,53.957808,-1.086785
12462,2026-03,T2,suspicious activity,53.957273,-1.084983
12463,2026-03,T2,suspicious activity,53.959055,-1.087626
12464,2026-03,T2,suspicious activity,53.95615,-1.090996
12465,2026-03,T2,vandalism,53.95816,-1.088164
12466,2026-03,T2,vandalism,53.95816,-1.088164
12467,2026-03,T2,vandalism,53.957273,-1.084983
12468,2026-03,T2,vandalism,53.958732,-1.087694
12469,2026-03,T2,vandalism,53.959055,-1.087626
12470,2026-03,T2,robbery,53.959155,-1.09023
12471,2026-03,T2,physical assault,53.957831,-1.087409
12472,2026-03,T2,physical assault,53.96043,-1.091223
12473,2026-03,T2,physical assault,53.957808,-1.086785
12474,2026-03,T2,physical assault,53.959155,-1.09023
12475,2026-03,T2,physical assault,53.958398,-1.092228
12476,2026-03,T2,physical assault,53.958398,-1.092228
12477,2026-03,T2,physical assault,53.958796,-1.086732
12478,2026-03,T2,physical assault,53.957831,-1.087409
12479,2026-03,T2,physical assault,53.957831,-1.087409
12480,2026-03,T2,physical assault,53.958796,-1.086732
12481,2026-03,T2,physical assault,53.96043,-1.091223
12482,2026-03,T2,physical assault,53.95615,-1.090996
12483,2026-03,T2,physical assault,53.957273,-1.084983
12484,2026-03,T2,physical assault,53.96043,-1.091223
12485,2026-03,T2,physical assault,53.959055,-1.087626
12486,2026-03,T2,physical assault,53.95615,-1.090996
12487,2026-03,T2,physical assault,53.958796,-1.086732
12488,2026-03,T2,physical assault,53.958732,-1.087694
12489,2026-03,T2,physical assault,53.96043,-1.091223
12490,2026-03,T2,physical assault,53.96043,-1.091223
12491,2026-03,T2,physical assault,53.958398,-1.092228
12492,2026-03,T2,physical assault,53.96043,-1.091223
12493,2026-03,T2,physical assault,53.958796,-1.086732
12494,2026-03,T2,physical assault,53.958398,-1.092228
12495,2026-03,T2,physical assault,53.959055,-1.087626
12496,2026-03,T2,physical assault,53.96043,-1.091223
12497,2026-03,T2,physical assault,53.95615,-1.090996
12498,2026-03,T2,physical assault,53.96043,-1.091223
12499,2026-03,T2,physical assault,53.96043,-1.091223
12500,2026-03,T2,physical assault,53.96043,-1.091223
12501,2026-03,T2,physical assault,53.96043,-1.091223
12502,2026-03,T2,physical assault,53.96043,-1.091223
12503,2026-03,T2,physical assault,53.957273,-1.084983
12504,2026-03,T2,physical assault,53.958398,-1.092228
12505,2026-03,T2,physical assault,53.957831,-1.087409
12506,2026-03,T2,suspicious activity,53.956495,-1.08788
12507,2026-03,T2,suspicious activity,53.955363,-1.08443
12508,2026-03,T2,vandalism,53.956495,-1.08788
12509,2026-03,T2,harassment,53.955698,-1.087135
12510,2026-03,T2,physical assault,53.955363,-1.08443
12511,2026-03,T2,physical assault,53.955365,-1.083485
12512,2026-03,T2,physical assault,53.955365,-1.083485
12513,2026-03,T2,physical assault,53.955234,-1.086338
12514,2026-03,T2,suspicious activity,53.955888,-1.078993
12515,2026-03,T2,suspicious activity,53.960121,-1.080058
12516,2026-03,T2,suspicious activity,53.956836,-1.079597
12517,2026-03,T2,suspicious activity,53.957819,-1.079324
12518,2026-03,T2,suspicious activity,53.95879,-1.081139
12519,2026-03,T2,suspicious activity,53.955888,-1.078993
12520,2026-03,T2,suspicious activity,53.957819,-1.079324
12521,2026-03,T2,suspicious activity,53.959281,-1.084118
12522,2026-03,T2,suspicious activity,53.959281,-1.084118
12523,2026-03,T2,suspicious activity,53.957819,-1.079324
12524,2026-03,T2,suspicious activity,53.958064,-1.08143
12525,2026-03,T2,suspicious activity,53.956836,-1.079597
12526,2026-03,T2,suspicious activity,53.95507,-1.076695
12527,2026-03,T2,suspicious activity,53.958346,-1.080242
12528,2026-03,T2,suspicious activity,53.956836,-1.079597
12529,2026-03,T2,suspicious activity,53.958064,-1.08143
12530,2026-03,T2,suspicious activity,53.959476,-1.080438
12531,2026-03,T2,suspicious activity,53.95879,-1.081139
12532,2026-03,T2,suspicious activity,53.958064,-1.08143
12533,2026-03,T2,suspicious activity,53.957319,-1.079175
12534,2026-03,T2,suspicious activity,53.95879,-1.081139
12535,2026-03,T2,suspicious activity,53.959559,-1.075956
12536,2026-03,T2,suspicious activity,53.957819,-1.079324
12537,2026-03,T2,suspicious activity,53.955888,-1.078993
12538,2026-03,T2,suspicious activity,53.95879,-1.081139
12539,2026-03,T2,suspicious activity,53.955888,-1.078993
12540,2026-03,T2,suspicious activity,53.954439,-1.077608
12541,2026-03,T2,suspicious activity,53.958064,-1.08143
12542,2026-03,T2,suspicious activity,53.955888,-1.078993
12543,2026-03,T2,suspicious activity,53.958064,-1.08143
12544,2026-03,T2,suspicious activity,53.95879,-1.081139
12545,2026-03,T2,suspicious activity,53.957819,-1.079324
12546,2026-03,T2,suspicious activity,53.958064,-1.08143
12547,2026-03,T2,suspicious activity,53.957819,-1.079324
12548,2026-03,T2,suspicious activity,53.957819,-1.079324
12549,2026-03,T2,suspicious activity,53.957588,-1.080126
12550,2026-03,T2,vandalism,53.95879,-1.081139
12551,2026-03,T2,vandalism,53.956851,-1.073348
12552,2026-03,T2,vandalism,53.959658,-1.080632
12553,2026-03,T2,vandalism,53.958919,-1.080451
12554,2026-03,T2,harassment,53.960121,-1.080058
12555,2026-03,T2,harassment,53.957819,-1.079324
12556,2026-03,T2,harassment,53.958346,-1.080242
12557,2026-03,T2,harassment,53.956754,-1.081702
12558,2026-03,T2,harassment,53.958689,-1.0798
12559,2026-03,T2,harassment,53.957819,-1.079324
12560,2026-03,T2,harassment,53.95879,-1.081139
12561,2026-03,T2,harassment,53.95728,-1.082376
12562,2026-03,T2,harassment,53.958346,-1.080242
12563,2026-03,T2,physical assault,53.959281,-1.084118
12564,2026-03,T2,physical assault,53.95728,-1.082376
12565,2026-03,T2,physical assault,53.959658,-1.080632
12566,2026-03,T2,physical assault,53.958346,-1.080242
12567,2026-03,T2,physical assault,53.956569,-1.08224
12568,2026-03,T2,physical assault,53.959476,-1.080438
12569,2026-03,T2,physical assault,53.959658,-1.080632
12570,2026-03,T2,physical assault,53.956866,-1.08234
12571,2026-03,T2,physical assault,53.956866,-1.08234
12572,2026-03,T2,physical assault,53.956866,-1.08234
12573,2026-03,T2,physical assault,53.956623,-1.077529
12574,2026-03,T2,physical assault,53.956866,-1.08234
12575,2026-03,T2,physical assault,53.956866,-1.08234
12576,2026-03,T2,physical assault,53.956866,-1.08234
12577,2026-03,T2,physical assault,53.956866,-1.08234
12578,2026-03,T2,physical assault,53.958816,-1.076323
12579,2026-03,T2,physical assault,53.959281,-1.084118
12580,2026-03,T2,physical assault,53.959281,-1.084118
12581,2026-03,T2,physical assault,53.957159,-1.078249
12582,2026-03,T2,physical assault,53.960121,-1.080058
12583,2026-03,T2,physical assault,53.956866,-1.08234
12584,2026-03,T2,physical assault,53.956754,-1.081702
12585,2026-03,T2,physical assault,53.956866,-1.08234
12586,2026-03,T2,physical assault,53.956836,-1.079597
12587,2026-03,T2,physical assault,53.956851,-1.073348
12588,2026-03,T2,physical assault,53.955084,-1.077335
12589,2026-03,T2,physical assault,53.956569,-1.08224
12590,2026-03,T2,physical assault,53.956904,-1.082507
12591,2026-03,T2,physical assault,53.956866,-1.08234
12592,2026-03,T2,physical assault,53.957862,-1.082339
12593,2026-03,T2,physical assault,53.958425,-1.076895
12594,2026-03,T2,physical assault,53.958816,-1.076323
12595,2026-03,T2,physical assault,53.959658,-1.080632
12596,2026-03,T2,physical assault,53.956434,-1.076345
12597,2026-03,T2,physical assault,53.958346,-1.080242
12598,2026-03,T2,physical assault,53.957159,-1.078249
12599,2026-03,T2,physical assault,53.957159,-1.078249
12600,2026-03,T2,physical assault,53.956609,-1.0734
12601,2026-03,T2,physical assault,53.960121,-1.080058
12602,2026-03,T2,physical assault,53.959658,-1.080632
12603,2026-03,T2,physical assault,53.959281,-1.084118
12604,2026-03,T2,physical assault,53.956866,-1.08234
12605,2026-03,T2,suspicious activity,53.960178,-1.057287
12606,2026-03,T2,suspicious activity,53.964837,-1.051953
12607,2026-03,T2,suspicious activity,53.964837,-1.051953
12608,2026-03,T2,suspicious activity,53.964837,-1.051953
12609,2026-03,T2,suspicious activity,53.964242,-1.0484
12610,2026-03,T2,suspicious activity,53.959875,-1.050816
12611,2026-03,T2,suspicious activity,53.964242,-1.0484
12612,2026-03,T2,vandalism,53.963033,-1.050089
12613,2026-03,T2,vandalism,53.964242,-1.0484
12614,2026-03,T2,physical assault,53.964242,-1.0484
12615,2026-03,T2,suspicious activity,53.950621,-1.037723
12616,2026-03,T2,suspicious activity,53.951034,-1.039908
12617,2026-03,T2,suspicious activity,53.950621,-1.037723
12618,2026-03,T2,harassment,53.950621,-1.037723
12619,2026-03,T2,physical assault,53.953483,-1.035875
12620,2026-03,T2,physical assault,53.950621,-1.037723
12621,2026-03,T2,suspicious activity,53.961677,-1.044079
12622,2026-03,T2,suspicious activity,53.961677,-1.044079
12623,2026-03,T2,suspicious activity,53.959724,-1.038626
12624,2026-03,T2,suspicious activity,53.963041,-1.040928
12625,2026-03,T2,suspicious activity,53.960113,-1.044647
12626,2026-03,T2,suspicious activity,53.960113,-1.044647
12627,2026-03,T2,suspicious activity,53.961677,-1.044079
12628,2026-03,T2,suspicious activity,53.960113,-1.044647
12629,2026-03,T2,suspicious activity,53.961677,-1.044079
12630,2026-03,T2,suspicious activity,53.961677,-1.044079
12631,2026-03,T2,suspicious activity,53.9592,-1.042096
12632,2026-03,T2,suspicious activity,53.960287,-1.040458
12633,2026-03,T2,suspicious activity,53.961284,-1.044809
12634,2026-03,T2,suspicious activity,53.960287,-1.040458
12635,2026-03,T2,suspicious activity,53.96189,-1.043088
12636,2026-03,T2,harassment,53.959724,-1.038626
12637,2026-03,T2,physical assault,53.959724,-1.038626
12638,2026-03,T2,physical assault,53.964428,-1.042359
12639,2026-03,T2,physical assault,53.960287,-1.040458
12640,2026-03,T2,physical assault,53.959398,-1.043938
12641,2026-03,T2,physical assault,53.960287,-1.040458
12642,2026-03,T2,physical assault,53.963378,-1.041454
12643,2026-03,T2,suspicious activity,53.961362,-1.059318
12644,2026-03,T2,suspicious activity,53.961236,-1.051288
12645,2026-03,T2,suspicious activity,53.963647,-1.053825
12646,2026-03,T2,suspicious activity,53.960223,-1.05458
12647,2026-03,T2,suspicious activity,53.961362,-1.059318
12648,2026-03,T2,vandalism,53.961232,-1.05423
12649,2026-03,T2,physical assault,53.961362,-1.059318
12650,2026-03,T2,physical assault,53.964326,-1.053367
12651,2026-03,T2,physical assault,53.961002,-1.053488
12652,2026-03,T2,physical assault,53.964326,-1.053367
12653,2026-03,T2,physical assault,53.961002,-1.053488
12654,2026-03,T2,physical assault,53.956999,-1.045181
12655,2026-03,T2,physical assault,53.954726,-1.042963
12656,2026-03,T2,physical assault,53.955176,-1.045345
12657,2026-03,T2,physical assault,53.956999,-1.045181
12658,2026-03,T2,suspicious activity,53.957905,-1.052827
12659,2026-03,T2,suspicious activity,53.956238,-1.057091
12660,2026-03,T2,suspicious activity,53.956544,-1.06159
12661,2026-03,T2,suspicious activity,53.956937,-1.054312
12662,2026-03,T2,suspicious activity,53.956238,-1.057091
12663,2026-03,T2,suspicious activity,53.956544,-1.06159
12664,2026-03,T2,suspicious activity,53.956544,-1.06159
12665,2026-03,T2,suspicious activity,53.958134,-1.056815
12666,2026-03,T2,suspicious activity,53.956544,-1.06159
12667,2026-03,T2,vandalism,53.958447,-1.053241
12668,2026-03,T2,harassment,53.958134,-1.056815
12669,2026-03,T2,harassment,53.956238,-1.057091
12670,2026-03,T2,harassment,53.957885,-1.059518
12671,2026-03,T2,physical assault,53.958447,-1.053241
12672,2026-03,T2,physical assault,53.958447,-1.053241
12673,2026-03,T2,physical assault,53.958447,-1.053241
12674,2026-03,T2,physical assault,53.958447,-1.053241
12675,2026-03,T2,physical assault,53.958134,-1.056815
12676,2026-03,T2,physical assault,53.957905,-1.052827
12677,2026-03,T2,physical assault,53.958134,-1.056815
12678,2026-03,T2,physical assault,53.959111,-1.054202
12679,2026-03,T2,physical assault,53.956238,-1.057091
12680,2026-03,T2,physical assault,53.958447,-1.053241
12681,2026-03,T2,suspicious activity,53.955128,-1.06438
12682,2026-03,T2,harassment,53.955589,-1.061322
12683,2026-03,T2,physical assault,53.955589,-1.061322
12684,2026-03,T2,physical assault,53.95514,-1.064791
12685,2026-03,T2,physical assault,53.955988,-1.059438
12686,2026-03,T2,physical assault,53.956321,-1.062951
12687,2026-03,T2,suspicious activity,53.956407,-1.047801
12688,2026-03,T2,physical assault,53.958751,-1.046163
12689,2026-03,T2,suspicious activity,53.952826,-1.047134
12690,2026-03,T2,suspicious activity,53.954611,-1.053496
12691,2026-03,T2,suspicious activity,53.95304,-1.053668
12692,2026-03,T2,suspicious activity,53.952826,-1.047134
12693,2026-03,T2,suspicious activity,53.953478,-1.059144
12694,2026-03,T2,suspicious activity,53.952826,-1.047134
12695,2026-03,T2,physical assault,53.952311,-1.055925
12696,2026-03,T2,physical assault,53.952647,-1.050775
12697,2026-03,T2,physical assault,53.952647,-1.050775
12698,2026-03,T2,physical assault,53.952826,-1.047134
12699,2026-03,T2,physical assault,53.953442,-1.054467
12700,2026-03,T2,physical assault,53.95304,-1.053668
12701,2026-03,T2,physical assault,53.954611,-1.053496
12702,2026-03,T2,suspicious activity,53.962287,-1.114747
12703,2026-03,T2,suspicious activity,53.961335,-1.113746
12704,2026-03,T2,suspicious activity,53.960006,-1.111427
12705,2026-03,T2,physical assault,53.962287,-1.114747
12706,2026-03,T2,physical assault,53.961335,-1.113746
12707,2026-03,T2,physical assault,53.961335,-1.113746
12708,2026-03,T2,suspicious activity,53.958162,-1.118507
12709,2026-03,T2,suspicious activity,53.956596,-1.119424
12710,2026-03,T2,suspicious activity,53.958393,-1.116963
12711,2026-03,T2,suspicious activity,53.958162,-1.118507
12712,2026-03,T2,suspicious activity,53.960911,-1.119532
12713,2026-03,T2,suspicious activity,53.95807,-1.115873
12714,2026-03,T2,suspicious activity,53.956596,-1.119424
12715,2026-03,T2,vandalism,53.957517,-1.116372
12716,2026-03,T2,harassment,53.957517,-1.116372
12717,2026-03,T2,physical assault,53.956596,-1.119424
12718,2026-03,T2,physical assault,53.957517,-1.116372
12719,2026-03,T2,physical assault,53.958162,-1.118507
12720,2026-03,T2,physical assault,53.957259,-1.119258
12721,2026-03,T2,physical assault,53.960586,-1.118212
12722,2026-03,T2,physical assault,53.957517,-1.116372
12723,2026-03,T2,suspicious activity,53.95513,-1.107127
12724,2026-03,T2,physical assault,53.953529,-1.110681
12725,2026-03,T2,suspicious activity,53.956402,-1.120136
12726,2026-03,T2,physical assault,53.956182,-1.116964
12727,2026-03,T2,physical assault,53.956402,-1.120136
12728,2026-03,T2,physical assault,53.952719,-1.112908
12729,2026-03,T2,physical assault,53.951687,-1.116892
12730,2026-03,T2,physical assault,53.956182,-1.116964
12731,2026-03,T2,suspicious activity,53.955006,-1.124472
12732,2026-03,T2,suspicious activity,53.955363,-1.125394
12733,2026-03,T2,suspicious activity,53.955363,-1.125394
12734,2026-03,T2,suspicious activity,53.955337,-1.121859
12735,2026-03,T2,suspicious activity,53.955006,-1.124472
12736,2026-03,T2,suspicious activity,53.955006,-1.124472
12737,2026-03,T2,suspicious activity,53.955788,-1.124486
12738,2026-03,T2,suspicious activity,53.955006,-1.124472
12739,2026-03,T2,suspicious activity,53.955788,-1.124486
12740,2026-03,T2,suspicious activity,53.955363,-1.125394
12741,2026-03,T2,physical assault,53.951879,-1.120971
12742,2026-03,T2,harassment,53.955363,-1.125394
12743,2026-03,T2,robbery,53.955006,-1.124472
12744,2026-03,T2,physical assault,53.955513,-1.121322
12745,2026-03,T2,physical assault,53.954443,-1.123737
12746,2026-03,T2,physical assault,53.954947,-1.123863
12747,2026-03,T2,physical assault,53.951879,-1.120971
12748,2026-03,T2,physical assault,53.951879,-1.120971
12749,2026-03,T2,physical assault,53.950359,-1.124478
12750,2026-03,T2,physical assault,53.950359,-1.124478
12751,2026-03,T2,physical assault,53.950359,-1.124478
12752,2026-03,T2,physical assault,53.950359,-1.124478
12753,2026-03,T2,physical assault,53.948619,-1.125017
12754,2026-03,T2,physical assault,53.948619,-1.125017
12755,2026-03,T2,physical assault,53.950359,-1.124478
12756,2026-03,T2,physical assault,53.948619,-1.125017
12757,2026-03,T2,physical assault,53.950359,-1.124478
12758,2026-03,T2,suspicious activity,53.964314,-1.105696
12759,2026-03,T2,suspicious activity,53.964383,-1.10417
12760,2026-03,T2,vandalism,53.964026,-1.104513
12761,2026-03,T2,vandalism,53.965239,-1.104472
12762,2026-03,T2,suspicious activity,53.957817,-1.108395
12763,2026-03,T2,suspicious activity,53.963103,-1.107215
12764,2026-03,T2,suspicious activity,53.957817,-1.108395
12765,2026-03,T2,vandalism,53.961153,-1.097685
12766,2026-03,T2,physical assault,53.963452,-1.109418
12767,2026-03,T2,suspicious activity,53.950872,-1.111103
12768,2026-03,T2,suspicious activity,53.949804,-1.108977
12769,2026-03,T2,suspicious activity,53.953787,-1.100694
12770,2026-03,T2,physical assault,53.949297,-1.107251
12771,2026-03,T2,physical assault,53.953787,-1.100694
12772,2026-03,T2,physical assault,53.951085,-1.105979
12773,2026-03,T2,physical assault,53.953787,-1.100694
12774,2026-03,T2,physical assault,53.949297,-1.107251
12775,2026-03,T2,harassment,53.948572,-1.086148
12776,2026-03,T2,physical assault,53.949339,-1.08892
12777,2026-03,T2,suspicious activity,53.949367,-1.100957
12778,2026-03,T2,suspicious activity,53.953735,-1.092512
12779,2026-03,T2,physical assault,53.949482,-1.094676
12780,2026-03,T2,physical assault,53.949367,-1.100957
12781,2026-03,T2,physical assault,53.949367,-1.100957
12782,2026-03,T2,physical assault,53.954108,-1.095521
12783,2026-03,T2,physical assault,53.949367,-1.100957
12784,2026-03,T2,physical assault,53.949367,-1.100957
12785,2026-03,T2,suspicious activity,53.944104,-1.120861
12786,2026-03,T2,suspicious activity,53.945307,-1.124431
12787,2026-03,T2,suspicious activity,53.94629,-1.124898
12788,2026-03,T2,vandalism,53.94629,-1.124898
12789,2026-03,T2,vandalism,53.948397,-1.122964
12790,2026-03,T2,physical assault,53.947482,-1.120637
12791,2026-03,T2,harassment,53.947772,-1.118574
12792,2026-03,T2,harassment,53.947949,-1.121907
12793,2026-03,T2,harassment,53.94629,-1.124898
12794,2026-03,T2,physical assault,53.945307,-1.124431
12795,2026-03,T2,physical assault,53.945775,-1.120825
12796,2026-03,T2,physical assault,53.945307,-1.124431
12797,2026-03,T2,physical assault,53.947949,-1.121907
12798,2026-03,T2,physical assault,53.944801,-1.12677
12799,2026-03,T2,physical assault,53.945749,-1.120872
12800,2026-03,T2,physical assault,53.946346,-1.11897
12801,2026-03,T2,physical assault,53.946346,-1.11897
12802,2026-03,T2,physical assault,53.944801,-1.12677
12803,2026-03,T2,physical assault,53.947949,-1.121907
12804,2026-03,T2,suspicious activity,53.948905,-1.127266
12805,2026-03,T2,suspicious activity,53.948905,-1.127266
12806,2026-03,T2,physical assault,53.948567,-1.125231
12807,2026-03,T2,physical assault,53.941545,-1.126216
12808,2026-03,T2,physical assault,53.941495,-1.068052
12809,2026-03,T2,vandalism,53.947021,-1.078366
12810,2026-03,T2,harassment,53.950476,-1.076553
12811,2026-03,T2,physical assault,53.950476,-1.076553
12812,2026-03,T2,physical assault,53.950476,-1.076553
12813,2026-03,T2,physical assault,53.945126,-1.074961
12814,2026-03,T2,physical assault,53.950476,-1.076553
12815,2026-03,T2,physical assault,53.950476,-1.076553
12816,2026-03,T2,physical assault,53.950476,-1.076553
12817,2026-03,T2,physical assault,53.950476,-1.076553
12818,2026-03,T2,physical assault,53.950476,-1.076553
12819,2026-03,T2,suspicious activity,53.94649,-1.072405
12820,2026-03,T2,suspicious activity,53.947209,-1.073654
12821,2026-03,T2,suspicious activity,53.94649,-1.072405
12822,2026-03,T2,suspicious activity,53.946518,-1.076046
12823,2026-03,T2,vandalism,53.94649,-1.072405
12824,2026-03,T2,vandalism,53.94649,-1.072405
12825,2026-03,T2,harassment,53.94649,-1.072405
12826,2026-03,T2,harassment,53.94649,-1.072405
12827,2026-03,T2,harassment,53.94649,-1.072405
12828,2026-03,T2,harassment,53.94649,-1.072405
12829,2026-03,T2,robbery,53.946614,-1.074596
12830,2026-03,T2,physical assault,53.94649,-1.072405
12831,2026-03,T2,physical assault,53.94649,-1.072405
12832,2026-03,T2,physical assault,53.94649,-1.072405
12833,2026-03,T2,physical assault,53.94693,-1.07593
12834,2026-03,T2,physical assault,53.943681,-1.075316
12835,2026-03,T2,physical assault,53.946614,-1.074596
12836,2026-03,T2,physical assault,53.94649,-1.072405
12837,2026-03,T2,physical assault,53.94649,-1.072405
12838,2026-03,T2,physical assault,53.946614,-1.074596
12839,2026-03,T2,physical assault,53.946614,-1.074596
12840,2026-03,T2,physical assault,53.94649,-1.072405
12841,2026-03,T2,physical assault,53.946614,-1.074596
12842,2026-03,T2,physical assault,53.94649,-1.072405
12843,2026-03,T2,physical assault,53.948305,-1.073584
12844,2026-03,T2,physical assault,53.946518,-1.076046
12845,2026-03,T2,physical assault,53.94649,-1.072405
12846,2026-03,T2,physical assault,53.946614,-1.074596
12847,2026-03,T2,physical assault,53.946614,-1.074596
12848,2026-03,T2,suspicious activity,53.95405,-1.059787
12849,2026-03,T2,suspicious activity,53.954522,-1.069651
12850,2026-03,T2,suspicious activity,53.952286,-1.063042
12851,2026-03,T2,suspicious activity,53.95368,-1.073541
12852,2026-03,T2,suspicious activity,53.95405,-1.059787
12853,2026-03,T2,suspicious activity,53.952286,-1.063042
12854,2026-03,T2,suspicious activity,53.95405,-1.059787
12855,2026-03,T2,suspicious activity,53.954421,-1.063649
12856,2026-03,T2,suspicious activity,53.954388,-1.070904
12857,2026-03,T2,suspicious activity,53.95405,-1.059787
12858,2026-03,T2,suspicious activity,53.953574,-1.063348
12859,2026-03,T2,vandalism,53.953574,-1.063348
12860,2026-03,T2,vandalism,53.952286,-1.063042
12861,2026-03,T2,harassment,53.952286,-1.063042
12862,2026-03,T2,robbery,53.954421,-1.063649
12863,2026-03,T2,robbery,53.95368,-1.073541
12864,2026-03,T2,physical assault,53.953545,-1.067677
12865,2026-03,T2,physical assault,53.95405,-1.059787
12866,2026-03,T2,physical assault,53.952815,-1.060531
12867,2026-03,T2,physical assault,53.952815,-1.060531
12868,2026-03,T2,physical assault,53.952753,-1.067527
12869,2026-03,T2,physical assault,53.954522,-1.069651
12870,2026-03,T2,physical assault,53.952753,-1.067527
12871,2026-03,T2,physical assault,53.952753,-1.067527
12872,2026-03,T2,physical assault,53.953574,-1.063348
12873,2026-03,T2,physical assault,53.952753,-1.067527
12874,2026-03,T2,physical assault,53.952815,-1.060531
12875,2026-03,T2,physical assault,53.954522,-1.069651
12876,2026-03,T2,physical assault,53.952753,-1.067527
12877,2026-03,T2,physical assault,53.952635,-1.075575
12878,2026-03,T2,physical assault,53.953425,-1.074263
12879,2026-03,T2,physical assault,53.953574,-1.063348
12880,2026-03,T2,suspicious activity,53.952438,-1.07334
12881,2026-03,T2,suspicious activity,53.951315,-1.069966
12882,2026-03,T2,vandalism,53.951495,-1.076957
12883,2026-03,T2,physical assault,53.950742,-1.072585
12884,2026-03,T2,physical assault,53.951334,-1.073562
12885,2026-03,T2,physical assault,53.951565,-1.069671
12886,2026-03,T2,physical assault,53.951661,-1.071696
12887,2026-03,T2,physical assault,53.951565,-1.069671
12888,2026-03,T2,suspicious activity,53.951044,-1.082589
12889,2026-03,T2,suspicious activity,53.95148,-1.085536
12890,2026-03,T2,suspicious activity,53.952009,-1.08298
12891,2026-03,T2,suspicious activity,53.952103,-1.083618
12892,2026-03,T2,vandalism,53.952212,-1.080171
12893,2026-03,T2,vandalism,53.952212,-1.080171
12894,2026-03,T2,harassment,53.952212,-1.080171
12895,2026-03,T2,physical assault,53.951044,-1.082589
12896,2026-03,T2,physical assault,53.949575,-1.079711
12897,2026-03,T2,physical assault,53.949575,-1.079711
12898,2026-03,T2,physical assault,53.952212,-1.080171
12899,2026-03,T2,physical assault,53.950625,-1.084199
12900,2026-03,T2,physical assault,53.951044,-1.082589
12901,2026-03,T2,physical assault,53.952103,-1.083618
12902,2026-03,T2,physical assault,53.950088,-1.083403
12903,2026-03,T2,physical assault,53.951044,-1.082589
12904,2026-03,T2,suspicious activity,53.933146,-1.108434
12905,2026-03,T2,suspicious activity,53.932111,-1.108273
12906,2026-03,T2,physical assault,53.939074,-1.10913
12907,2026-03,T2,physical assault,53.939609,-1.10985
12908,2026-03,T2,suspicious activity,53.942262,-1.112429
12909,2026-03,T2,suspicious activity,53.944684,-1.10447
12910,2026-03,T2,harassment,53.940592,-1.113866
12911,2026-03,T2,harassment,53.945331,-1.108052
12912,2026-03,T2,harassment,53.940592,-1.113866
12913,2026-03,T2,physical assault,53.942288,-1.106167
12914,2026-03,T2,physical assault,53.941067,-1.106406
12915,2026-03,T2,suspicious activity,53.946441,-1.096693
12916,2026-03,T2,vandalism,53.938061,-1.087688
12917,2026-03,T2,vandalism,53.946156,-1.088669
12918,2026-03,T2,physical assault,53.944833,-1.094366
12919,2026-03,T2,physical assault,53.944833,-1.094366
12920,2026-03,T2,suspicious activity,53.945119,-1.082553
12921,2026-03,T2,suspicious activity,53.945119,-1.082553
12922,2026-03,T2,suspicious activity,53.945119,-1.082553
12923,2026-03,T2,suspicious activity,53.945119,-1.082553
12924,2026-03,T2,suspicious activity,53.945119,-1.082553
12925,2026-03,T2,harassment,53.942202,-1.088755
12926,2026-03,T2,physical assault,53.943429,-1.091745
12927,2026-03,T2,physical assault,53.94225,-1.088023
12928,2026-03,T2,physical assault,53.945119,-1.082553
12929,2026-03,T2,physical assault,53.945009,-1.087948
12930,2026-03,T2,physical assault,53.939033,-1.115833
12931,2026-03,T2,physical assault,53.93497,-1.121829
12932,2026-03,T2,physical assault,53.93497,-1.121829
12933,2026-03,T2,physical assault,53.933423,-1.110697
12934,2026-03,T2,suspicious activity,53.937797,-1.122486
12935,2026-03,T2,suspicious activity,53.937061,-1.123872
12936,2026-03,T2,harassment,53.938951,-1.123041
12937,2026-03,T2,robbery,53.937061,-1.123872
12938,2026-03,T2,robbery,53.937061,-1.123872
12939,2026-03,T2,suspicious activity,53.941316,-1.121864
12940,2026-03,T2,harassment,53.942425,-1.117407
12941,2026-03,T2,harassment,53.941833,-1.118806
12942,2026-03,T2,physical assault,53.941595,-1.12201
12943,2026-03,T2,physical assault,53.941595,-1.12201
12944,2026-03,T2,physical assault,53.943173,-1.119021
12945,2026-03,T2,physical assault,53.941595,-1.12201
12946,2026-03,T2,suspicious activity,53.941073,-1.047556
12947,2026-03,T2,suspicious activity,53.948815,-1.052454
12948,2026-03,T2,suspicious activity,53.94609,-1.056797
12949,2026-03,T2,suspicious activity,53.94592,-1.045572
12950,2026-03,T2,suspicious activity,53.948815,-1.052454
12951,2026-03,T2,harassment,53.94609,-1.056797
12952,2026-03,T2,physical assault,53.950628,-1.050135
12953,2026-03,T2,physical assault,53.94609,-1.056797
12954,2026-03,T2,physical assault,53.943802,-1.055005
12955,2026-03,T2,physical assault,53.948815,-1.052454
12956,2026-03,T2,physical assault,53.944704,-1.044091
12957,2026-03,T2,suspicious activity,53.93441,-1.064443
12958,2026-03,T2,suspicious activity,53.934352,-1.069612
12959,2026-03,T2,vandalism,53.93441,-1.064443
12960,2026-03,T2,harassment,53.93441,-1.064443
12961,2026-03,T2,harassment,53.93904,-1.061023
12962,2026-03,T2,physical assault,53.937207,-1.06798
12963,2026-03,T2,physical assault,53.937207,-1.06798
12964,2026-03,T2,physical assault,53.93441,-1.064443
12965,2026-03,T2,physical assault,53.937207,-1.06798
12966,2026-03,T2,physical assault,53.93441,-1.064443
12967,2026-03,T2,physical assault,53.937207,-1.06798
12968,2026-03,T2,suspicious activity,53.939219,-1.074849
12969,2026-03,T2,physical assault,53.939219,-1.074849
12970,2026-03,T2,physical assault,53.939796,-1.074069
12971,2026-03,T2,vandalism,53.933068,-1.08967
12972,2026-04,T2,physical assault,53.984084,-1.069679
12973,2026-04,T2,physical assault,53.983944,-1.060929
12974,2026-04,T2,physical assault,53.98521,-1.067732
12975,2026-04,T2,suspicious activity,53.979349,-1.069983
12976,2026-04,T2,vandalism,53.978921,-1.065738
12977,2026-04,T2,vandalism,53.979349,-1.069983
12978,2026-04,T2,physical assault,53.980357,-1.065416
12979,2026-04,T2,physical assault,53.979349,-1.069983
12980,2026-04,T2,suspicious activity,53.98508,-1.048282
12981,2026-04,T2,suspicious activity,53.982568,-1.051993
12982,2026-04,T2,suspicious activity,53.982728,-1.048285
12983,2026-04,T2,physical assault,53.98596,-1.063598
12984,2026-04,T2,suspicious activity,53.975091,-1.099748
12985,2026-04,T2,harassment,53.978662,-1.096575
12986,2026-04,T2,physical assault,53.980148,-1.098159
12987,2026-04,T2,physical assault,53.976716,-1.094696
12988,2026-04,T2,physical assault,53.976716,-1.094696
12989,2026-04,T2,physical assault,53.980148,-1.098159
12990,2026-04,T2,physical assault,53.976716,-1.094696
12991,2026-04,T2,physical assault,53.974178,-1.097861
12992,2026-04,T2,physical assault,53.980148,-1.098159
12993,2026-04,T2,physical assault,53.976716,-1.094696
12994,2026-04,T2,suspicious activity,53.983763,-1.095509
12995,2026-04,T2,suspicious activity,53.981228,-1.093561
12996,2026-04,T2,suspicious activity,53.981228,-1.093561
12997,2026-04,T2,suspicious activity,53.981228,-1.093561
12998,2026-04,T2,suspicious activity,53.981228,-1.093561
12999,2026-04,T2,suspicious activity,53.981228,-1.093561
13000,2026-04,T2,suspicious activity,53.984013,-1.099326
13001,2026-04,T2,suspicious activity,53.981228,-1.093561
13002,2026-04,T2,suspicious activity,53.981228,-1.093561
13003,2026-04,T2,suspicious activity,53.984958,-1.09653
13004,2026-04,T2,suspicious activity,53.97964,-1.082812
13005,2026-04,T2,suspicious activity,53.981228,-1.093561
13006,2026-04,T2,suspicious activity,53.981228,-1.093561
13007,2026-04,T2,suspicious activity,53.982241,-1.096757
13008,2026-04,T2,suspicious activity,53.981228,-1.093561
13009,2026-04,T2,suspicious activity,53.984519,-1.092575
13010,2026-04,T2,suspicious activity,53.983763,-1.095509
13011,2026-04,T2,suspicious activity,53.984958,-1.09653
13012,2026-04,T2,suspicious activity,53.984659,-1.10035
13013,2026-04,T2,suspicious activity,53.984659,-1.10035
13014,2026-04,T2,suspicious activity,53.981228,-1.093561
13015,2026-04,T2,suspicious activity,53.981228,-1.093561
13016,2026-04,T2,suspicious activity,53.981228,-1.093561
13017,2026-04,T2,vandalism,53.983477,-1.093741
13018,2026-04,T2,vandalism,53.983763,-1.095509
13019,2026-04,T2,harassment,53.981666,-1.09555
13020,2026-04,T2,robbery,53.983763,-1.095509
13021,2026-04,T2,physical assault,53.984659,-1.10035
13022,2026-04,T2,physical assault,53.984659,-1.10035
13023,2026-04,T2,physical assault,53.982651,-1.096306
13024,2026-04,T2,physical assault,53.984659,-1.10035
13025,2026-04,T2,physical assault,53.984659,-1.10035
13026,2026-04,T2,physical assault,53.982651,-1.096306
13027,2026-04,T2,physical assault,53.982651,-1.096306
13028,2026-04,T2,physical assault,53.984659,-1.10035
13029,2026-04,T2,suspicious activity,53.982016,-1.105149
13030,2026-04,T2,harassment,53.98157,-1.104335
13031,2026-04,T2,physical assault,53.979366,-1.104123
13032,2026-04,T2,physical assault,53.98157,-1.104335
13033,2026-04,T2,physical assault,53.98157,-1.104335
13034,2026-04,T2,suspicious activity,53.964506,-1.090586
13035,2026-04,T2,suspicious activity,53.967485,-1.089988
13036,2026-04,T2,suspicious activity,53.968544,-1.094477
13037,2026-04,T2,suspicious activity,53.965061,-1.091458
13038,2026-04,T2,vandalism,53.967128,-1.087831
13039,2026-04,T2,vandalism,53.967376,-1.088557
13040,2026-04,T2,harassment,53.968671,-1.088636
13041,2026-04,T2,harassment,53.965061,-1.091458
13042,2026-04,T2,physical assault,53.965061,-1.091458
13043,2026-04,T2,physical assault,53.967376,-1.088557
13044,2026-04,T2,physical assault,53.968671,-1.088636
13045,2026-04,T2,physical assault,53.964506,-1.090586
13046,2026-04,T2,suspicious activity,53.972276,-1.097064
13047,2026-04,T2,suspicious activity,53.970587,-1.09489
13048,2026-04,T2,suspicious activity,53.969307,-1.095558
13049,2026-04,T2,suspicious activity,53.967342,-1.096027
13050,2026-04,T2,suspicious activity,53.972276,-1.097064
13051,2026-04,T2,suspicious activity,53.971403,-1.095757
13052,2026-04,T2,suspicious activity,53.970587,-1.09489
13053,2026-04,T2,vandalism,53.969049,-1.097088
13054,2026-04,T2,vandalism,53.969049,-1.097088
13055,2026-04,T2,robbery,53.969049,-1.097088
13056,2026-04,T2,robbery,53.969871,-1.095256
13057,2026-04,T2,physical assault,53.971403,-1.095757
13058,2026-04,T2,physical assault,53.968505,-1.095255
13059,2026-04,T2,physical assault,53.973831,-1.101985
13060,2026-04,T2,physical assault,53.969049,-1.097088
13061,2026-04,T2,physical assault,53.969049,-1.097088
13062,2026-04,T2,physical assault,53.968505,-1.095255
13063,2026-04,T2,physical assault,53.967519,-1.101649
13064,2026-04,T2,suspicious activity,53.986021,-1.114397
13065,2026-04,T2,vandalism,53.984881,-1.116998
13066,2026-04,T2,physical assault,53.982212,-1.113379
13067,2026-04,T2,physical assault,53.982212,-1.113379
13068,2026-04,T2,vandalism,53.977434,-1.112688
13069,2026-04,T2,physical assault,53.976915,-1.115382
13070,2026-04,T2,suspicious activity,53.968002,-1.05389
13071,2026-04,T2,physical assault,53.9669,-1.055087
13072,2026-04,T2,physical assault,53.97,-1.057111
13073,2026-04,T2,physical assault,53.965632,-1.063993
13074,2026-04,T2,suspicious activity,53.976827,-1.062263
13075,2026-04,T2,vandalism,53.973784,-1.065136
13076,2026-04,T2,harassment,53.975941,-1.058166
13077,2026-04,T2,harassment,53.975941,-1.058166
13078,2026-04,T2,harassment,53.976827,-1.062263
13079,2026-04,T2,harassment,53.975941,-1.058166
13080,2026-04,T2,physical assault,53.976827,-1.062263
13081,2026-04,T2,physical assault,53.976827,-1.062263
13082,2026-04,T2,physical assault,53.976827,-1.062263
13083,2026-04,T2,physical assault,53.971516,-1.05184
13084,2026-04,T2,physical assault,53.974079,-1.053482
13085,2026-04,T2,vandalism,53.972661,-1.045738
13086,2026-04,T2,physical assault,53.972687,-1.042185
13087,2026-04,T2,physical assault,53.972687,-1.042185
13088,2026-04,T2,vandalism,53.972301,-1.081498
13089,2026-04,T2,vandalism,53.968952,-1.084285
13090,2026-04,T2,physical assault,53.968952,-1.084285
13091,2026-04,T2,harassment,53.969333,-1.083514
13092,2026-04,T2,physical assault,53.969333,-1.083514
13093,2026-04,T2,physical assault,53.970572,-1.079813
13094,2026-04,T2,physical assault,53.969333,-1.083514
13095,2026-04,T2,physical assault,53.968952,-1.084285
13096,2026-04,T2,physical assault,53.969333,-1.083514
13097,2026-04,T2,physical assault,53.970572,-1.079813
13098,2026-04,T2,suspicious activity,53.970245,-1.091254
13099,2026-04,T2,suspicious activity,53.972001,-1.090423
13100,2026-04,T2,suspicious activity,53.970245,-1.091254
13101,2026-04,T2,vandalism,53.972766,-1.086976
13102,2026-04,T2,physical assault,53.973624,-1.08871
13103,2026-04,T2,robbery,53.972255,-1.088329
13104,2026-04,T2,physical assault,53.969691,-1.086921
13105,2026-04,T2,physical assault,53.974162,-1.084994
13106,2026-04,T2,physical assault,53.974162,-1.084994
13107,2026-04,T2,physical assault,53.973443,-1.088623
13108,2026-04,T2,physical assault,53.974308,-1.08647
13109,2026-04,T2,physical assault,53.974308,-1.08647
13110,2026-04,T2,physical assault,53.974162,-1.084994
13111,2026-04,T2,physical assault,53.972766,-1.086976
13112,2026-04,T2,physical assault,53.974162,-1.084994
13113,2026-04,T2,physical assault,53.973443,-1.088623
13114,2026-04,T2,suspicious activity,53.974117,-1.089752
13115,2026-04,T2,physical assault,53.973887,-1.091464
13116,2026-04,T2,harassment,53.974117,-1.089752
13117,2026-04,T2,physical assault,53.973887,-1.091464
13118,2026-04,T2,physical assault,53.974117,-1.089752
13119,2026-04,T2,physical assault,53.974117,-1.089752
13120,2026-04,T2,physical assault,53.974117,-1.089752
13121,2026-04,T2,suspicious activity,53.974149,-1.094005
13122,2026-04,T2,suspicious activity,53.977102,-1.092294
13123,2026-04,T2,vandalism,53.973855,-1.093127
13124,2026-04,T2,physical assault,53.974164,-1.096017
13125,2026-04,T2,physical assault,53.975967,-1.094316
13126,2026-04,T2,physical assault,53.974675,-1.094573
13127,2026-04,T2,physical assault,53.975967,-1.094316
13128,2026-04,T2,physical assault,53.977102,-1.092294
13129,2026-04,T2,physical assault,53.975967,-1.094316
13130,2026-04,T2,physical assault,53.974149,-1.094005
13131,2026-04,T2,suspicious activity,53.976082,-1.083366
13132,2026-04,T2,suspicious activity,53.976532,-1.088251
13133,2026-04,T2,suspicious activity,53.976532,-1.088251
13134,2026-04,T2,suspicious activity,53.976532,-1.088251
13135,2026-04,T2,suspicious activity,53.976532,-1.088251
13136,2026-04,T2,suspicious activity,53.976532,-1.088251
13137,2026-04,T2,suspicious activity,53.979806,-1.085007
13138,2026-04,T2,suspicious activity,53.976532,-1.088251
13139,2026-04,T2,vandalism,53.976532,-1.088251
13140,2026-04,T2,robbery,53.976532,-1.088251
13141,2026-04,T2,physical assault,53.977794,-1.087461
13142,2026-04,T2,physical assault,53.976082,-1.083366
13143,2026-04,T2,physical assault,53.979806,-1.085007
13144,2026-04,T2,physical assault,53.977794,-1.087461
13145,2026-04,T2,physical assault,53.977431,-1.09061
13146,2026-04,T2,physical assault,53.976532,-1.088251
13147,2026-04,T2,physical assault,53.977794,-1.087461
13148,2026-04,T2,physical assault,53.976532,-1.088251
13149,2026-04,T2,suspicious activity,53.972975,-1.081468
13150,2026-04,T2,suspicious activity,53.977292,-1.074755
13151,2026-04,T2,suspicious activity,53.973344,-1.079127
13152,2026-04,T2,suspicious activity,53.972975,-1.081468
13153,2026-04,T2,suspicious activity,53.972258,-1.078129
13154,2026-04,T2,suspicious activity,53.971747,-1.073704
13155,2026-04,T2,suspicious activity,53.972975,-1.081468
13156,2026-04,T2,physical assault,53.972975,-1.081468
13157,2026-04,T2,harassment,53.972258,-1.078129
13158,2026-04,T2,physical assault,53.972734,-1.074582
13159,2026-04,T2,physical assault,53.973171,-1.07535
13160,2026-04,T2,physical assault,53.973344,-1.079127
13161,2026-04,T2,physical assault,53.971603,-1.077168
13162,2026-04,T2,physical assault,53.971603,-1.077168
13163,2026-04,T2,suspicious activity,53.969984,-1.077051
13164,2026-04,T2,suspicious activity,53.968721,-1.076332
13165,2026-04,T2,suspicious activity,53.965587,-1.072042
13166,2026-04,T2,vandalism,53.9705,-1.070454
13167,2026-04,T2,vandalism,53.965587,-1.072042
13168,2026-04,T2,harassment,53.970844,-1.071925
13169,2026-04,T2,harassment,53.966849,-1.069057
13170,2026-04,T2,physical assault,53.966341,-1.068474
13171,2026-04,T2,physical assault,53.970504,-1.069829
13172,2026-04,T2,physical assault,53.970504,-1.069829
13173,2026-04,T2,physical assault,53.968138,-1.066132
13174,2026-04,T2,physical assault,53.970504,-1.069829
13175,2026-04,T2,physical assault,53.970504,-1.069829
13176,2026-04,T2,physical assault,53.970504,-1.069829
13177,2026-04,T2,physical assault,53.970844,-1.071925
13178,2026-04,T2,suspicious activity,53.963874,-1.058632
13179,2026-04,T2,suspicious activity,53.960859,-1.070836
13180,2026-04,T2,suspicious activity,53.963874,-1.058632
13181,2026-04,T2,suspicious activity,53.960859,-1.070836
13182,2026-04,T2,suspicious activity,53.960859,-1.070836
13183,2026-04,T2,suspicious activity,53.960859,-1.070836
13184,2026-04,T2,suspicious activity,53.963874,-1.058632
13185,2026-04,T2,suspicious activity,53.96386,-1.068422
13186,2026-04,T2,suspicious activity,53.964473,-1.063544
13187,2026-04,T2,suspicious activity,53.964473,-1.063544
13188,2026-04,T2,suspicious activity,53.963874,-1.058632
13189,2026-04,T2,suspicious activity,53.959725,-1.071913
13190,2026-04,T2,suspicious activity,53.959725,-1.071913
13191,2026-04,T2,vandalism,53.96189,-1.068253
13192,2026-04,T2,vandalism,53.959688,-1.070588
13193,2026-04,T2,harassment,53.962786,-1.071388
13194,2026-04,T2,harassment,53.961624,-1.067588
13195,2026-04,T2,harassment,53.961588,-1.072131
13196,2026-04,T2,physical assault,53.962218,-1.061889
13197,2026-04,T2,physical assault,53.963874,-1.058632
13198,2026-04,T2,physical assault,53.962508,-1.063377
13199,2026-04,T2,physical assault,53.959688,-1.070588
13200,2026-04,T2,physical assault,53.962218,-1.061889
13201,2026-04,T2,physical assault,53.964227,-1.065945
13202,2026-04,T2,physical assault,53.963874,-1.058632
13203,2026-04,T2,physical assault,53.962218,-1.061889
13204,2026-04,T2,physical assault,53.96274,-1.072425
13205,2026-04,T2,physical assault,53.962508,-1.063377
13206,2026-04,T2,physical assault,53.962387,-1.05931
13207,2026-04,T2,physical assault,53.964227,-1.065945
13208,2026-04,T2,physical assault,53.962508,-1.063377
13209,2026-04,T2,suspicious activity,53.975807,-1.068689
13210,2026-04,T2,suspicious activity,53.975807,-1.068689
13211,2026-04,T2,suspicious activity,53.975807,-1.068689
13212,2026-04,T2,vandalism,53.977135,-1.067226
13213,2026-04,T2,vandalism,53.972665,-1.068012
13214,2026-04,T2,vandalism,53.972665,-1.068012
13215,2026-04,T2,harassment,53.973799,-1.070564
13216,2026-04,T2,physical assault,53.977928,-1.068718
13217,2026-04,T2,physical assault,53.973348,-1.069141
13218,2026-04,T2,physical assault,53.977258,-1.06916
13219,2026-04,T2,physical assault,53.977135,-1.067226
13220,2026-04,T2,suspicious activity,53.961663,-1.126557
13221,2026-04,T2,physical assault,53.962838,-1.126304
13222,2026-04,T2,physical assault,53.961663,-1.126557
13223,2026-04,T2,physical assault,53.962838,-1.126304
13224,2026-04,T2,physical assault,53.957952,-1.125477
13225,2026-04,T2,suspicious activity,53.964065,-1.118261
13226,2026-04,T2,physical assault,53.963587,-1.120542
13227,2026-04,T2,suspicious activity,53.960793,-1.084601
13228,2026-04,T2,suspicious activity,53.961369,-1.085884
13229,2026-04,T2,suspicious activity,53.967163,-1.079446
13230,2026-04,T2,suspicious activity,53.961677,-1.084962
13231,2026-04,T2,suspicious activity,53.961369,-1.085884
13232,2026-04,T2,suspicious activity,53.961677,-1.084962
13233,2026-04,T2,suspicious activity,53.960793,-1.084601
13234,2026-04,T2,suspicious activity,53.960793,-1.084601
13235,2026-04,T2,suspicious activity,53.960793,-1.084601
13236,2026-04,T2,suspicious activity,53.968124,-1.081757
13237,2026-04,T2,suspicious activity,53.960793,-1.084601
13238,2026-04,T2,suspicious activity,53.967202,-1.081046
13239,2026-04,T2,suspicious activity,53.957537,-1.083087
13240,2026-04,T2,suspicious activity,53.959782,-1.083212
13241,2026-04,T2,suspicious activity,53.960387,-1.085585
13242,2026-04,T2,suspicious activity,53.961677,-1.084962
13243,2026-04,T2,suspicious activity,53.958528,-1.083246
13244,2026-04,T2,suspicious activity,53.957537,-1.083087
13245,2026-04,T2,suspicious activity,53.961369,-1.085884
13246,2026-04,T2,suspicious activity,53.96114,-1.081758
13247,2026-04,T2,suspicious activity,53.957868,-1.082866
13248,2026-04,T2,suspicious activity,53.960793,-1.084601
13249,2026-04,T2,suspicious activity,53.968124,-1.081757
13250,2026-04,T2,suspicious activity,53.961369,-1.085884
13251,2026-04,T2,suspicious activity,53.961505,-1.088365
13252,2026-04,T2,suspicious activity,53.965236,-1.083726
13253,2026-04,T2,suspicious activity,53.959662,-1.081996
13254,2026-04,T2,suspicious activity,53.960387,-1.085585
13255,2026-04,T2,suspicious activity,53.967163,-1.079446
13256,2026-04,T2,suspicious activity,53.961677,-1.084962
13257,2026-04,T2,suspicious activity,53.957537,-1.083087
13258,2026-04,T2,suspicious activity,53.961067,-1.082827
13259,2026-04,T2,suspicious activity,53.961677,-1.084962
13260,2026-04,T2,suspicious activity,53.964079,-1.084041
13261,2026-04,T2,suspicious activity,53.961677,-1.084962
13262,2026-04,T2,vandalism,53.961611,-1.079797
13263,2026-04,T2,vandalism,53.959662,-1.081996
13264,2026-04,T2,vandalism,53.966635,-1.080997
13265,2026-04,T2,vandalism,53.959782,-1.083212
13266,2026-04,T2,physical assault,53.958528,-1.083246
13267,2026-04,T2,physical assault,53.961677,-1.084962
13268,2026-04,T2,harassment,53.961067,-1.082827
13269,2026-04,T2,harassment,53.960387,-1.085585
13270,2026-04,T2,harassment,53.968124,-1.081757
13271,2026-04,T2,harassment,53.960793,-1.084601
13272,2026-04,T2,harassment,53.960722,-1.081082
13273,2026-04,T2,harassment,53.959782,-1.083212
13274,2026-04,T2,harassment,53.958528,-1.083246
13275,2026-04,T2,harassment,53.966468,-1.079095
13276,2026-04,T2,harassment,53.961677,-1.084962
13277,2026-04,T2,harassment,53.960387,-1.085585
13278,2026-04,T2,robbery,53.960793,-1.084601
13279,2026-04,T2,robbery,53.967163,-1.079446
13280,2026-04,T2,robbery,53.964079,-1.084041
13281,2026-04,T2,robbery,53.968124,-1.081757
13282,2026-04,T2,robbery,53.963813,-1.085693
13283,2026-04,T2,physical assault,53.960122,-1.084517
13284,2026-04,T2,physical assault,53.967163,-1.079446
13285,2026-04,T2,physical assault,53.960122,-1.084517
13286,2026-04,T2,physical assault,53.968124,-1.081757
13287,2026-04,T2,physical assault,53.967163,-1.079446
13288,2026-04,T2,physical assault,53.966468,-1.079095
13289,2026-04,T2,physical assault,53.957537,-1.083087
13290,2026-04,T2,physical assault,53.966683,-1.082505
13291,2026-04,T2,physical assault,53.967163,-1.079446
13292,2026-04,T2,physical assault,53.961677,-1.084962
13293,2026-04,T2,physical assault,53.960793,-1.084601
13294,2026-04,T2,physical assault,53.965783,-1.078821
13295,2026-04,T2,physical assault,53.967163,-1.079446
13296,2026-04,T2,physical assault,53.961611,-1.079797
13297,2026-04,T2,physical assault,53.958528,-1.083246
13298,2026-04,T2,physical assault,53.957537,-1.083087
13299,2026-04,T2,physical assault,53.958528,-1.083246
13300,2026-04,T2,physical assault,53.961067,-1.082827
13301,2026-04,T2,physical assault,53.960722,-1.081082
13302,2026-04,T2,physical assault,53.968124,-1.081757
13303,2026-04,T2,physical assault,53.957868,-1.082866
13304,2026-04,T2,physical assault,53.959662,-1.081996
13305,2026-04,T2,physical assault,53.957868,-1.082866
13306,2026-04,T2,physical assault,53.967163,-1.079446
13307,2026-04,T2,physical assault,53.961677,-1.084962
13308,2026-04,T2,physical assault,53.961611,-1.079797
13309,2026-04,T2,physical assault,53.965236,-1.083726
13310,2026-04,T2,physical assault,53.957868,-1.082866
13311,2026-04,T2,physical assault,53.968124,-1.081757
13312,2026-04,T2,physical assault,53.960122,-1.084517
13313,2026-04,T2,physical assault,53.960793,-1.084601
13314,2026-04,T2,physical assault,53.958528,-1.083246
13315,2026-04,T2,physical assault,53.962948,-1.085422
13316,2026-04,T2,physical assault,53.968124,-1.081757
13317,2026-04,T2,physical assault,53.961369,-1.085884
13318,2026-04,T2,physical assault,53.960387,-1.085585
13319,2026-04,T2,physical assault,53.958528,-1.083246
13320,2026-04,T2,physical assault,53.965236,-1.083726
13321,2026-04,T2,physical assault,53.966683,-1.082505
13322,2026-04,T2,physical assault,53.957868,-1.082866
13323,2026-04,T2,physical assault,53.965236,-1.083726
13324,2026-04,T2,physical assault,53.957537,-1.083087
13325,2026-04,T2,physical assault,53.957868,-1.082866
13326,2026-04,T2,physical assault,53.961611,-1.079797
13327,2026-04,T2,physical assault,53.960122,-1.084517
13328,2026-04,T2,physical assault,53.960122,-1.084517
13329,2026-04,T2,physical assault,53.968124,-1.081757
13330,2026-04,T2,physical assault,53.962948,-1.085422
13331,2026-04,T2,physical assault,53.958528,-1.083246
13332,2026-04,T2,physical assault,53.961677,-1.084962
13333,2026-04,T2,physical assault,53.962582,-1.090506
13334,2026-04,T2,physical assault,53.959782,-1.083212
13335,2026-04,T2,physical assault,53.959662,-1.081996
13336,2026-04,T2,suspicious activity,53.965454,-1.074713
13337,2026-04,T2,suspicious activity,53.964079,-1.079331
13338,2026-04,T2,suspicious activity,53.960814,-1.077909
13339,2026-04,T2,suspicious activity,53.964079,-1.079331
13340,2026-04,T2,suspicious activity,53.962781,-1.078902
13341,2026-04,T2,suspicious activity,53.962781,-1.078902
13342,2026-04,T2,suspicious activity,53.964749,-1.078768
13343,2026-04,T2,physical assault,53.96619,-1.07683
13344,2026-04,T2,robbery,53.966859,-1.077395
13345,2026-04,T2,physical assault,53.962781,-1.078902
13346,2026-04,T2,physical assault,53.964079,-1.079331
13347,2026-04,T2,suspicious activity,53.954621,-1.093194
13348,2026-04,T2,suspicious activity,53.952733,-1.088374
13349,2026-04,T2,suspicious activity,53.954621,-1.093194
13350,2026-04,T2,suspicious activity,53.952955,-1.088079
13351,2026-04,T2,suspicious activity,53.953677,-1.087195
13352,2026-04,T2,vandalism,53.951995,-1.088313
13353,2026-04,T2,harassment,53.954621,-1.093194
13354,2026-04,T2,harassment,53.954621,-1.093194
13355,2026-04,T2,physical assault,53.954621,-1.093194
13356,2026-04,T2,physical assault,53.954804,-1.092428
13357,2026-04,T2,physical assault,53.955472,-1.094059
13358,2026-04,T2,physical assault,53.951793,-1.08655
13359,2026-04,T2,suspicious activity,53.958399,-1.068879
13360,2026-04,T2,suspicious activity,53.95612,-1.067162
13361,2026-04,T2,suspicious activity,53.95439,-1.07524
13362,2026-04,T2,suspicious activity,53.959068,-1.074092
13363,2026-04,T2,vandalism,53.959068,-1.074092
13364,2026-04,T2,harassment,53.958399,-1.068879
13365,2026-04,T2,harassment,53.959245,-1.078355
13366,2026-04,T2,robbery,53.956725,-1.069846
13367,2026-04,T2,robbery,53.956725,-1.069846
13368,2026-04,T2,physical assault,53.960274,-1.076595
13369,2026-04,T2,physical assault,53.957761,-1.072414
13370,2026-04,T2,physical assault,53.954973,-1.068788
13371,2026-04,T2,physical assault,53.959053,-1.079183
13372,2026-04,T2,physical assault,53.95612,-1.067162
13373,2026-04,T2,physical assault,53.956109,-1.071475
13374,2026-04,T2,physical assault,53.955333,-1.074647
13375,2026-04,T2,suspicious activity,53.953905,-1.081795
13376,2026-04,T2,suspicious activity,53.958398,-1.092228
13377,2026-04,T2,suspicious activity,53.959055,-1.087626
13378,2026-04,T2,suspicious activity,53.957273,-1.084983
13379,2026-04,T2,suspicious activity,53.958398,-1.092228
13380,2026-04,T2,suspicious activity,53.958398,-1.092228
13381,2026-04,T2,suspicious activity,53.958398,-1.092228
13382,2026-04,T2,suspicious activity,53.958796,-1.086732
13383,2026-04,T2,suspicious activity,53.959055,-1.087626
13384,2026-04,T2,physical assault,53.958398,-1.092228
13385,2026-04,T2,physical assault,53.95615,-1.090996
13386,2026-04,T2,harassment,53.959055,-1.087626
13387,2026-04,T2,harassment,53.959055,-1.087626
13388,2026-04,T2,physical assault,53.957808,-1.086785
13389,2026-04,T2,physical assault,53.957377,-1.089263
13390,2026-04,T2,physical assault,53.95615,-1.090996
13391,2026-04,T2,physical assault,53.96043,-1.091223
13392,2026-04,T2,physical assault,53.957273,-1.084983
13393,2026-04,T2,physical assault,53.956692,-1.091289
13394,2026-04,T2,physical assault,53.958167,-1.085481
13395,2026-04,T2,physical assault,53.958167,-1.085481
13396,2026-04,T2,physical assault,53.957831,-1.087409
13397,2026-04,T2,physical assault,53.96043,-1.091223
13398,2026-04,T2,physical assault,53.957808,-1.086785
13399,2026-04,T2,physical assault,53.95615,-1.090996
13400,2026-04,T2,physical assault,53.96043,-1.091223
13401,2026-04,T2,physical assault,53.955925,-1.089752
13402,2026-04,T2,physical assault,53.958796,-1.086732
13403,2026-04,T2,physical assault,53.95615,-1.090996
13404,2026-04,T2,physical assault,53.957273,-1.084983
13405,2026-04,T2,physical assault,53.96043,-1.091223
13406,2026-04,T2,physical assault,53.95615,-1.090996
13407,2026-04,T2,physical assault,53.958796,-1.086732
13408,2026-04,T2,physical assault,53.95615,-1.090996
13409,2026-04,T2,physical assault,53.96043,-1.091223
13410,2026-04,T2,physical assault,53.957585,-1.089426
13411,2026-04,T2,physical assault,53.959055,-1.087626
13412,2026-04,T2,physical assault,53.957775,-1.093125
13413,2026-04,T2,physical assault,53.95615,-1.090996
13414,2026-04,T2,physical assault,53.957775,-1.093125
13415,2026-04,T2,physical assault,53.959055,-1.087626
13416,2026-04,T2,physical assault,53.96043,-1.091223
13417,2026-04,T2,physical assault,53.958796,-1.086732
13418,2026-04,T2,physical assault,53.959155,-1.09023
13419,2026-04,T2,suspicious activity,53.954533,-1.084006
13420,2026-04,T2,suspicious activity,53.955696,-1.085627
13421,2026-04,T2,suspicious activity,53.956813,-1.087157
13422,2026-04,T2,vandalism,53.956495,-1.08788
13423,2026-04,T2,harassment,53.956495,-1.08788
13424,2026-04,T2,physical assault,53.956813,-1.087157
13425,2026-04,T2,suspicious activity,53.958346,-1.080242
13426,2026-04,T2,suspicious activity,53.957819,-1.079324
13427,2026-04,T2,suspicious activity,53.958346,-1.080242
13428,2026-04,T2,suspicious activity,53.958689,-1.0798
13429,2026-04,T2,suspicious activity,53.957159,-1.078249
13430,2026-04,T2,suspicious activity,53.957159,-1.078249
13431,2026-04,T2,suspicious activity,53.956866,-1.08234
13432,2026-04,T2,suspicious activity,53.955888,-1.078993
13433,2026-04,T2,suspicious activity,53.957819,-1.079324
13434,2026-04,T2,suspicious activity,53.957862,-1.082339
13435,2026-04,T2,suspicious activity,53.957819,-1.079324
13436,2026-04,T2,suspicious activity,53.957819,-1.079324
13437,2026-04,T2,suspicious activity,53.95728,-1.082376
13438,2026-04,T2,suspicious activity,53.959658,-1.080632
13439,2026-04,T2,suspicious activity,53.957819,-1.079324
13440,2026-04,T2,suspicious activity,53.95879,-1.081139
13441,2026-04,T2,suspicious activity,53.958919,-1.080451
13442,2026-04,T2,suspicious activity,53.957819,-1.079324
13443,2026-04,T2,suspicious activity,53.957862,-1.082339
13444,2026-04,T2,suspicious activity,53.957159,-1.078249
13445,2026-04,T2,suspicious activity,53.95869,-1.082269
13446,2026-04,T2,suspicious activity,53.957139,-1.076817
13447,2026-04,T2,suspicious activity,53.957819,-1.079324
13448,2026-04,T2,suspicious activity,53.958346,-1.080242
13449,2026-04,T2,suspicious activity,53.959281,-1.084118
13450,2026-04,T2,suspicious activity,53.957819,-1.079324
13451,2026-04,T2,suspicious activity,53.959658,-1.080632
13452,2026-04,T2,suspicious activity,53.958919,-1.080451
13453,2026-04,T2,suspicious activity,53.956623,-1.077529
13454,2026-04,T2,suspicious activity,53.956569,-1.08224
13455,2026-04,T2,suspicious activity,53.958064,-1.08143
13456,2026-04,T2,suspicious activity,53.958919,-1.080451
13457,2026-04,T2,suspicious activity,53.957159,-1.078249
13458,2026-04,T2,suspicious activity,53.957159,-1.078249
13459,2026-04,T2,suspicious activity,53.958346,-1.080242
13460,2026-04,T2,suspicious activity,53.958346,-1.080242
13461,2026-04,T2,vandalism,53.959281,-1.084118
13462,2026-04,T2,vandalism,53.958816,-1.076323
13463,2026-04,T2,vandalism,53.955084,-1.077335
13464,2026-04,T2,vandalism,53.959281,-1.084118
13465,2026-04,T2,vandalism,53.957862,-1.082339
13466,2026-04,T2,vandalism,53.959281,-1.084118
13467,2026-04,T2,harassment,53.959658,-1.080632
13468,2026-04,T2,harassment,53.956866,-1.08234
13469,2026-04,T2,harassment,53.95728,-1.082376
13470,2026-04,T2,harassment,53.955888,-1.078993
13471,2026-04,T2,harassment,53.959281,-1.084118
13472,2026-04,T2,harassment,53.954439,-1.077608
13473,2026-04,T2,physical assault,53.956569,-1.08224
13474,2026-04,T2,physical assault,53.955888,-1.078993
13475,2026-04,T2,physical assault,53.956623,-1.077529
13476,2026-04,T2,physical assault,53.958346,-1.080242
13477,2026-04,T2,physical assault,53.959281,-1.084118
13478,2026-04,T2,physical assault,53.954439,-1.077608
13479,2026-04,T2,physical assault,53.957,-1.075189
13480,2026-04,T2,physical assault,53.955084,-1.077335
13481,2026-04,T2,physical assault,53.956609,-1.0734
13482,2026-04,T2,physical assault,53.959281,-1.084118
13483,2026-04,T2,physical assault,53.956866,-1.08234
13484,2026-04,T2,physical assault,53.959281,-1.084118
13485,2026-04,T2,physical assault,53.957,-1.075189
13486,2026-04,T2,physical assault,53.956866,-1.08234
13487,2026-04,T2,physical assault,53.957862,-1.082339
13488,2026-04,T2,physical assault,53.956569,-1.08224
13489,2026-04,T2,physical assault,53.954439,-1.077608
13490,2026-04,T2,physical assault,53.959281,-1.084118
13491,2026-04,T2,physical assault,53.959281,-1.084118
13492,2026-04,T2,physical assault,53.957006,-1.072492
13493,2026-04,T2,physical assault,53.957006,-1.072492
13494,2026-04,T2,physical assault,53.958919,-1.080451
13495,2026-04,T2,physical assault,53.956866,-1.08234
13496,2026-04,T2,physical assault,53.955888,-1.078993
13497,2026-04,T2,physical assault,53.958064,-1.08143
13498,2026-04,T2,physical assault,53.959658,-1.080632
13499,2026-04,T2,physical assault,53.956569,-1.08224
13500,2026-04,T2,physical assault,53.958064,-1.08143
13501,2026-04,T2,physical assault,53.959281,-1.084118
13502,2026-04,T2,physical assault,53.957,-1.075189
13503,2026-04,T2,physical assault,53.959281,-1.084118
13504,2026-04,T2,physical assault,53.956569,-1.08224
13505,2026-04,T2,physical assault,53.958064,-1.08143
13506,2026-04,T2,physical assault,53.959281,-1.084118
13507,2026-04,T2,physical assault,53.956866,-1.08234
13508,2026-04,T2,physical assault,53.957159,-1.078249
13509,2026-04,T2,physical assault,53.955084,-1.077335
13510,2026-04,T2,physical assault,53.958346,-1.080242
13511,2026-04,T2,physical assault,53.957006,-1.072492
13512,2026-04,T2,physical assault,53.959281,-1.084118
13513,2026-04,T2,physical assault,53.959281,-1.084118
13514,2026-04,T2,physical assault,53.958689,-1.0798
13515,2026-04,T2,physical assault,53.959281,-1.084118
13516,2026-04,T2,physical assault,53.956904,-1.082507
13517,2026-04,T2,suspicious activity,53.960811,-1.047503
13518,2026-04,T2,suspicious activity,53.964242,-1.0484
13519,2026-04,T2,suspicious activity,53.964242,-1.0484
13520,2026-04,T2,suspicious activity,53.965126,-1.047633
13521,2026-04,T2,suspicious activity,53.966314,-1.051279
13522,2026-04,T2,suspicious activity,53.964242,-1.0484
13523,2026-04,T2,suspicious activity,53.964242,-1.0484
13524,2026-04,T2,suspicious activity,53.959875,-1.050816
13525,2026-04,T2,suspicious activity,53.964837,-1.051953
13526,2026-04,T2,suspicious activity,53.959875,-1.050816
13527,2026-04,T2,vandalism,53.964242,-1.0484
13528,2026-04,T2,harassment,53.964242,-1.0484
13529,2026-04,T2,harassment,53.959875,-1.050816
13530,2026-04,T2,physical assault,53.960457,-1.047053
13531,2026-04,T2,physical assault,53.960457,-1.047053
13532,2026-04,T2,physical assault,53.960737,-1.048449
13533,2026-04,T2,suspicious activity,53.950621,-1.037723
13534,2026-04,T2,harassment,53.949219,-1.037756
13535,2026-04,T2,harassment,53.949219,-1.037756
13536,2026-04,T2,robbery,53.951034,-1.039908
13537,2026-04,T2,physical assault,53.950621,-1.037723
13538,2026-04,T2,physical assault,53.950621,-1.037723
13539,2026-04,T2,physical assault,53.950621,-1.037723
13540,2026-04,T2,physical assault,53.951034,-1.039908
13541,2026-04,T2,physical assault,53.950621,-1.037723
13542,2026-04,T2,suspicious activity,53.959398,-1.043938
13543,2026-04,T2,suspicious activity,53.960287,-1.040458
13544,2026-04,T2,suspicious activity,53.959724,-1.038626
13545,2026-04,T2,suspicious activity,53.960287,-1.040458
13546,2026-04,T2,suspicious activity,53.961523,-1.042121
13547,2026-04,T2,suspicious activity,53.960287,-1.040458
13548,2026-04,T2,suspicious activity,53.960287,-1.040458
13549,2026-04,T2,suspicious activity,53.961092,-1.041079
13550,2026-04,T2,suspicious activity,53.961092,-1.041079
13551,2026-04,T2,suspicious activity,53.960113,-1.044647
13552,2026-04,T2,suspicious activity,53.961092,-1.041079
13553,2026-04,T2,suspicious activity,53.959398,-1.043938
13554,2026-04,T2,suspicious activity,53.96189,-1.043088
13555,2026-04,T2,suspicious activity,53.959398,-1.043938
13556,2026-04,T2,suspicious activity,53.960287,-1.040458
13557,2026-04,T2,suspicious activity,53.961677,-1.044079
13558,2026-04,T2,suspicious activity,53.960287,-1.040458
13559,2026-04,T2,suspicious activity,53.961523,-1.042121
13560,2026-04,T2,suspicious activity,53.961677,-1.044079
13561,2026-04,T2,suspicious activity,53.960287,-1.040458
13562,2026-04,T2,suspicious activity,53.961523,-1.042121
13563,2026-04,T2,suspicious activity,53.960287,-1.040458
13564,2026-04,T2,suspicious activity,53.961092,-1.041079
13565,2026-04,T2,suspicious activity,53.962363,-1.040425
13566,2026-04,T2,suspicious activity,53.961523,-1.042121
13567,2026-04,T2,suspicious activity,53.966348,-1.042813
13568,2026-04,T2,vandalism,53.961523,-1.042121
13569,2026-04,T2,vandalism,53.961092,-1.041079
13570,2026-04,T2,vandalism,53.960113,-1.044647
13571,2026-04,T2,physical assault,53.961592,-1.041815
13572,2026-04,T2,harassment,53.961092,-1.041079
13573,2026-04,T2,harassment,53.96189,-1.043088
13574,2026-04,T2,physical assault,53.961523,-1.042121
13575,2026-04,T2,physical assault,53.962363,-1.040425
13576,2026-04,T2,physical assault,53.959398,-1.043938
13577,2026-04,T2,physical assault,53.959398,-1.043938
13578,2026-04,T2,physical assault,53.961092,-1.041079
13579,2026-04,T2,physical assault,53.954668,-1.038011
13580,2026-04,T2,physical assault,53.954668,-1.038011
13581,2026-04,T2,suspicious activity,53.962789,-1.052198
13582,2026-04,T2,physical assault,53.961002,-1.053488
13583,2026-04,T2,physical assault,53.961232,-1.05423
13584,2026-04,T2,physical assault,53.962852,-1.055595
13585,2026-04,T2,physical assault,53.961002,-1.053488
13586,2026-04,T2,physical assault,53.961362,-1.059318
13587,2026-04,T2,suspicious activity,53.956999,-1.045181
13588,2026-04,T2,suspicious activity,53.956894,-1.044315
13589,2026-04,T2,suspicious activity,53.956999,-1.045181
13590,2026-04,T2,physical assault,53.954726,-1.042963
13591,2026-04,T2,physical assault,53.957454,-1.046969
13592,2026-04,T2,physical assault,53.954726,-1.042963
13593,2026-04,T2,physical assault,53.955176,-1.045345
13594,2026-04,T2,suspicious activity,53.957905,-1.052827
13595,2026-04,T2,suspicious activity,53.958459,-1.057824
13596,2026-04,T2,suspicious activity,53.957905,-1.052827
13597,2026-04,T2,physical assault,53.957424,-1.052824
13598,2026-04,T2,physical assault,53.957632,-1.05582
13599,2026-04,T2,physical assault,53.956544,-1.06159
13600,2026-04,T2,physical assault,53.957905,-1.052827
13601,2026-04,T2,physical assault,53.958447,-1.053241
13602,2026-04,T2,suspicious activity,53.954668,-1.061922
13603,2026-04,T2,suspicious activity,53.956321,-1.062951
13604,2026-04,T2,suspicious activity,53.954668,-1.061922
13605,2026-04,T2,harassment,53.955128,-1.06438
13606,2026-04,T2,harassment,53.955988,-1.059438
13607,2026-04,T2,physical assault,53.956321,-1.062951
13608,2026-04,T2,physical assault,53.956321,-1.062951
13609,2026-04,T2,physical assault,53.955481,-1.064738
13610,2026-04,T2,physical assault,53.955819,-1.064273
13611,2026-04,T2,suspicious activity,53.959091,-1.049464
13612,2026-04,T2,suspicious activity,53.959091,-1.049464
13613,2026-04,T2,suspicious activity,53.956407,-1.047801
13614,2026-04,T2,suspicious activity,53.959091,-1.049464
13615,2026-04,T2,suspicious activity,53.959091,-1.049464
13616,2026-04,T2,suspicious activity,53.956407,-1.047801
13617,2026-04,T2,suspicious activity,53.959091,-1.049464
13618,2026-04,T2,suspicious activity,53.959091,-1.049464
13619,2026-04,T2,vandalism,53.958751,-1.046163
13620,2026-04,T2,vandalism,53.958751,-1.046163
13621,2026-04,T2,physical assault,53.958105,-1.050744
13622,2026-04,T2,vandalism,53.954403,-1.05446
13623,2026-04,T2,physical assault,53.954403,-1.05446
13624,2026-04,T2,physical assault,53.954403,-1.05446
13625,2026-04,T2,physical assault,53.951264,-1.058722
13626,2026-04,T2,physical assault,53.954403,-1.05446
13627,2026-04,T2,physical assault,53.95327,-1.053237
13628,2026-04,T2,physical assault,53.954403,-1.05446
13629,2026-04,T2,physical assault,53.952826,-1.047134
13630,2026-04,T2,physical assault,53.954403,-1.05446
13631,2026-04,T2,suspicious activity,53.960808,-1.112934
13632,2026-04,T2,physical assault,53.960507,-1.114785
13633,2026-04,T2,suspicious activity,53.958162,-1.118507
13634,2026-04,T2,suspicious activity,53.95863,-1.122277
13635,2026-04,T2,suspicious activity,53.958162,-1.118507
13636,2026-04,T2,suspicious activity,53.958162,-1.118507
13637,2026-04,T2,suspicious activity,53.956596,-1.119424
13638,2026-04,T2,suspicious activity,53.958162,-1.118507
13639,2026-04,T2,suspicious activity,53.95863,-1.122277
13640,2026-04,T2,vandalism,53.957517,-1.116372
13641,2026-04,T2,vandalism,53.958162,-1.118507
13642,2026-04,T2,vandalism,53.95863,-1.122277
13643,2026-04,T2,physical assault,53.958162,-1.118507
13644,2026-04,T2,harassment,53.958162,-1.118507
13645,2026-04,T2,robbery,53.958162,-1.118507
13646,2026-04,T2,physical assault,53.957517,-1.116372
13647,2026-04,T2,physical assault,53.95807,-1.115873
13648,2026-04,T2,physical assault,53.960586,-1.118212
13649,2026-04,T2,physical assault,53.960586,-1.118212
13650,2026-04,T2,physical assault,53.95807,-1.115873
13651,2026-04,T2,physical assault,53.957517,-1.116372
13652,2026-04,T2,physical assault,53.957517,-1.116372
13653,2026-04,T2,physical assault,53.958162,-1.118507
13654,2026-04,T2,physical assault,53.958393,-1.116963
13655,2026-04,T2,physical assault,53.95807,-1.115873
13656,2026-04,T2,suspicious activity,53.953529,-1.110681
13657,2026-04,T2,physical assault,53.95513,-1.107127
13658,2026-04,T2,physical assault,53.95513,-1.107127
13659,2026-04,T2,physical assault,53.958559,-1.111443
13660,2026-04,T2,physical assault,53.956194,-1.111234
13661,2026-04,T2,physical assault,53.95513,-1.107127
13662,2026-04,T2,physical assault,53.956194,-1.111234
13663,2026-04,T2,suspicious activity,53.951687,-1.116892
13664,2026-04,T2,suspicious activity,53.956165,-1.115852
13665,2026-04,T2,suspicious activity,53.956402,-1.120136
13666,2026-04,T2,suspicious activity,53.954634,-1.120334
13667,2026-04,T2,vandalism,53.956182,-1.116964
13668,2026-04,T2,harassment,53.956086,-1.118597
13669,2026-04,T2,harassment,53.956086,-1.118597
13670,2026-04,T2,physical assault,53.956182,-1.116964
13671,2026-04,T2,suspicious activity,53.955788,-1.124486
13672,2026-04,T2,suspicious activity,53.955788,-1.124486
13673,2026-04,T2,suspicious activity,53.955363,-1.125394
13674,2026-04,T2,suspicious activity,53.955363,-1.125394
13675,2026-04,T2,suspicious activity,53.955363,-1.125394
13676,2026-04,T2,suspicious activity,53.955363,-1.125394
13677,2026-04,T2,suspicious activity,53.951879,-1.120971
13678,2026-04,T2,suspicious activity,53.954443,-1.123737
13679,2026-04,T2,suspicious activity,53.952246,-1.126861
13680,2026-04,T2,suspicious activity,53.955788,-1.124486
13681,2026-04,T2,vandalism,53.954947,-1.123863
13682,2026-04,T2,harassment,53.955788,-1.124486
13683,2026-04,T2,robbery,53.955363,-1.125394
13684,2026-04,T2,robbery,53.955363,-1.125394
13685,2026-04,T2,robbery,53.955006,-1.124472
13686,2026-04,T2,physical assault,53.953794,-1.125975
13687,2026-04,T2,physical assault,53.951879,-1.120971
13688,2026-04,T2,physical assault,53.955363,-1.125394
13689,2026-04,T2,physical assault,53.955337,-1.121859
13690,2026-04,T2,physical assault,53.953794,-1.125975
13691,2026-04,T2,suspicious activity,53.950359,-1.124478
13692,2026-04,T2,suspicious activity,53.950359,-1.124478
13693,2026-04,T2,harassment,53.950359,-1.124478
13694,2026-04,T2,harassment,53.950359,-1.124478
13695,2026-04,T2,suspicious activity,53.964026,-1.104513
13696,2026-04,T2,suspicious activity,53.966021,-1.105659
13697,2026-04,T2,physical assault,53.96387,-1.108906
13698,2026-04,T2,vandalism,53.963091,-1.109243
13699,2026-04,T2,suspicious activity,53.950142,-1.105999
13700,2026-04,T2,vandalism,53.951085,-1.105979
13701,2026-04,T2,harassment,53.949297,-1.107251
13702,2026-04,T2,physical assault,53.951085,-1.105979
13703,2026-04,T2,physical assault,53.951085,-1.105979
13704,2026-04,T2,suspicious activity,53.949826,-1.0867
13705,2026-04,T2,physical assault,53.949339,-1.08892
13706,2026-04,T2,vandalism,53.949586,-1.102506
13707,2026-04,T2,vandalism,53.95015,-1.098639
13708,2026-04,T2,physical assault,53.951811,-1.094839
13709,2026-04,T2,suspicious activity,53.945307,-1.124431
13710,2026-04,T2,suspicious activity,53.946559,-1.119803
13711,2026-04,T2,suspicious activity,53.945307,-1.124431
13712,2026-04,T2,suspicious activity,53.942931,-1.1264
13713,2026-04,T2,vandalism,53.947598,-1.119309
13714,2026-04,T2,vandalism,53.94629,-1.124898
13715,2026-04,T2,vandalism,53.94629,-1.124898
13716,2026-04,T2,harassment,53.946346,-1.11897
13717,2026-04,T2,harassment,53.945307,-1.124431
13718,2026-04,T2,harassment,53.944104,-1.120861
13719,2026-04,T2,harassment,53.946346,-1.11897
13720,2026-04,T2,harassment,53.946346,-1.11897
13721,2026-04,T2,harassment,53.947772,-1.118574
13722,2026-04,T2,harassment,53.94629,-1.124898
13723,2026-04,T2,physical assault,53.945307,-1.124431
13724,2026-04,T2,physical assault,53.945749,-1.120872
13725,2026-04,T2,physical assault,53.945307,-1.124431
13726,2026-04,T2,physical assault,53.945307,-1.124431
13727,2026-04,T2,physical assault,53.945307,-1.124431
13728,2026-04,T2,physical assault,53.945307,-1.124431
13729,2026-04,T2,physical assault,53.947949,-1.121907
13730,2026-04,T2,physical assault,53.945749,-1.120872
13731,2026-04,T2,physical assault,53.946346,-1.11897
13732,2026-04,T2,physical assault,53.946346,-1.11897
13733,2026-04,T2,physical assault,53.94629,-1.124898
13734,2026-04,T2,physical assault,53.948397,-1.122964
13735,2026-04,T2,physical assault,53.946559,-1.119803
13736,2026-04,T2,physical assault,53.945775,-1.120825
13737,2026-04,T2,physical assault,53.945749,-1.120872
13738,2026-04,T2,suspicious activity,53.948905,-1.127266
13739,2026-04,T2,suspicious activity,53.948905,-1.127266
13740,2026-04,T2,suspicious activity,53.948905,-1.127266
13741,2026-04,T2,suspicious activity,53.948567,-1.125231
13742,2026-04,T2,harassment,53.948567,-1.125231
13743,2026-04,T2,harassment,53.948567,-1.125231
13744,2026-04,T2,harassment,53.948567,-1.125231
13745,2026-04,T2,physical assault,53.948567,-1.125231
13746,2026-04,T2,physical assault,53.948905,-1.127266
13747,2026-04,T2,harassment,53.941545,-1.126216
13748,2026-04,T2,vandalism,53.940097,-1.066377
13749,2026-04,T2,suspicious activity,53.947321,-1.074925
13750,2026-04,T2,vandalism,53.947321,-1.074925
13751,2026-04,T2,physical assault,53.948456,-1.077908
13752,2026-04,T2,physical assault,53.950028,-1.0767
13753,2026-04,T2,physical assault,53.947321,-1.074925
13754,2026-04,T2,physical assault,53.950476,-1.076553
13755,2026-04,T2,physical assault,53.950028,-1.0767
13756,2026-04,T2,physical assault,53.950028,-1.0767
13757,2026-04,T2,suspicious activity,53.941468,-1.076249
13758,2026-04,T2,vandalism,53.946614,-1.074596
13759,2026-04,T2,vandalism,53.94649,-1.072405
13760,2026-04,T2,harassment,53.94649,-1.072405
13761,2026-04,T2,harassment,53.94649,-1.072405
13762,2026-04,T2,harassment,53.94649,-1.072405
13763,2026-04,T2,harassment,53.94649,-1.072405
13764,2026-04,T2,harassment,53.94649,-1.072405
13765,2026-04,T2,physical assault,53.946614,-1.074596
13766,2026-04,T2,physical assault,53.943061,-1.075406
13767,2026-04,T2,physical assault,53.94649,-1.072405
13768,2026-04,T2,physical assault,53.946614,-1.074596
13769,2026-04,T2,physical assault,53.946614,-1.074596
13770,2026-04,T2,physical assault,53.944344,-1.073869
13771,2026-04,T2,physical assault,53.943681,-1.075316
13772,2026-04,T2,physical assault,53.946614,-1.074596
13773,2026-04,T2,physical assault,53.946614,-1.074596
13774,2026-04,T2,physical assault,53.946614,-1.074596
13775,2026-04,T2,physical assault,53.94649,-1.072405
13776,2026-04,T2,physical assault,53.946614,-1.074596
13777,2026-04,T2,physical assault,53.948528,-1.062925
13778,2026-04,T2,physical assault,53.946614,-1.074596
13779,2026-04,T2,physical assault,53.94649,-1.072405
13780,2026-04,T2,suspicious activity,53.95192,-1.061888
13781,2026-04,T2,suspicious activity,53.953574,-1.063348
13782,2026-04,T2,suspicious activity,53.954522,-1.069651
13783,2026-04,T2,suspicious activity,53.95368,-1.073541
13784,2026-04,T2,suspicious activity,53.953557,-1.066945
13785,2026-04,T2,suspicious activity,53.954454,-1.064411
13786,2026-04,T2,suspicious activity,53.95192,-1.061888
13787,2026-04,T2,suspicious activity,53.953545,-1.067677
13788,2026-04,T2,suspicious activity,53.95192,-1.061888
13789,2026-04,T2,suspicious activity,53.95368,-1.073541
13790,2026-04,T2,harassment,53.953574,-1.063348
13791,2026-04,T2,harassment,53.953574,-1.063348
13792,2026-04,T2,robbery,53.95405,-1.059787
13793,2026-04,T2,physical assault,53.953557,-1.066945
13794,2026-04,T2,physical assault,53.952635,-1.075575
13795,2026-04,T2,physical assault,53.953574,-1.063348
13796,2026-04,T2,physical assault,53.95405,-1.059787
13797,2026-04,T2,physical assault,53.95405,-1.059787
13798,2026-04,T2,physical assault,53.953865,-1.074238
13799,2026-04,T2,physical assault,53.954421,-1.063649
13800,2026-04,T2,physical assault,53.953425,-1.074263
13801,2026-04,T2,physical assault,53.953425,-1.074263
13802,2026-04,T2,suspicious activity,53.953663,-1.076771
13803,2026-04,T2,suspicious activity,53.9534,-1.06989
13804,2026-04,T2,suspicious activity,53.951565,-1.069671
13805,2026-04,T2,suspicious activity,53.951639,-1.075841
13806,2026-04,T2,suspicious activity,53.951565,-1.069671
13807,2026-04,T2,suspicious activity,53.950742,-1.072585
13808,2026-04,T2,suspicious activity,53.951315,-1.069966
13809,2026-04,T2,vandalism,53.952934,-1.071271
13810,2026-04,T2,physical assault,53.951334,-1.073562
13811,2026-04,T2,physical assault,53.952438,-1.07334
13812,2026-04,T2,physical assault,53.951365,-1.07283
13813,2026-04,T2,physical assault,53.951639,-1.075841
13814,2026-04,T2,physical assault,53.951334,-1.073562
13815,2026-04,T2,physical assault,53.951661,-1.071696
13816,2026-04,T2,physical assault,53.951729,-1.076967
13817,2026-04,T2,physical assault,53.951315,-1.069966
13818,2026-04,T2,physical assault,53.951639,-1.075841
13819,2026-04,T2,physical assault,53.952333,-1.077271
13820,2026-04,T2,physical assault,53.951365,-1.07283
13821,2026-04,T2,suspicious activity,53.951879,-1.081276
13822,2026-04,T2,suspicious activity,53.948497,-1.081744
13823,2026-04,T2,suspicious activity,53.95148,-1.085536
13824,2026-04,T2,vandalism,53.951044,-1.082589
13825,2026-04,T2,vandalism,53.951044,-1.082589
13826,2026-04,T2,physical assault,53.950088,-1.083403
13827,2026-04,T2,physical assault,53.950735,-1.082109
13828,2026-04,T2,physical assault,53.951879,-1.081276
13829,2026-04,T2,physical assault,53.950088,-1.083403
13830,2026-04,T2,suspicious activity,53.932111,-1.108273
13831,2026-04,T2,harassment,53.932133,-1.106429
13832,2026-04,T2,harassment,53.932133,-1.106429
13833,2026-04,T2,suspicious activity,53.940709,-1.110314
13834,2026-04,T2,suspicious activity,53.942262,-1.112429
13835,2026-04,T2,suspicious activity,53.942262,-1.112429
13836,2026-04,T2,suspicious activity,53.942262,-1.112429
13837,2026-04,T2,suspicious activity,53.942262,-1.112429
13838,2026-04,T2,vandalism,53.942262,-1.112429
13839,2026-04,T2,harassment,53.941067,-1.106406
13840,2026-04,T2,harassment,53.940948,-1.107368
13841,2026-04,T2,physical assault,53.94741,-1.106057
13842,2026-04,T2,suspicious activity,53.943274,-1.090332
13843,2026-04,T2,suspicious activity,53.94545,-1.102321
13844,2026-04,T2,harassment,53.945867,-1.0909
13845,2026-04,T2,physical assault,53.942659,-1.089812
13846,2026-04,T2,physical assault,53.944051,-1.093194
13847,2026-04,T2,physical assault,53.938061,-1.087688
13848,2026-04,T2,physical assault,53.945959,-1.092345
13849,2026-04,T2,suspicious activity,53.944223,-1.091012
13850,2026-04,T2,suspicious activity,53.945119,-1.082553
13851,2026-04,T2,physical assault,53.94225,-1.088023
13852,2026-04,T2,physical assault,53.94482,-1.085636
13853,2026-04,T2,suspicious activity,53.938611,-1.115781
13854,2026-04,T2,vandalism,53.941512,-1.11182
13855,2026-04,T2,harassment,53.938171,-1.120726
13856,2026-04,T2,harassment,53.938171,-1.120726
13857,2026-04,T2,physical assault,53.937495,-1.120466
13858,2026-04,T2,physical assault,53.938901,-1.121
13859,2026-04,T2,physical assault,53.939084,-1.114157
13860,2026-04,T2,physical assault,53.939916,-1.116104
13861,2026-04,T2,physical assault,53.938171,-1.120726
13862,2026-04,T2,physical assault,53.938901,-1.121
13863,2026-04,T2,physical assault,53.937694,-1.11705
13864,2026-04,T2,physical assault,53.939916,-1.116104
13865,2026-04,T2,physical assault,53.939508,-1.121749
13866,2026-04,T2,physical assault,53.938611,-1.115781
13867,2026-04,T2,suspicious activity,53.933561,-1.120915
13868,2026-04,T2,suspicious activity,53.933561,-1.120915
13869,2026-04,T2,suspicious activity,53.933561,-1.120915
13870,2026-04,T2,harassment,53.93358,-1.113725
13871,2026-04,T2,physical assault,53.933423,-1.110697
13872,2026-04,T2,physical assault,53.935012,-1.121478
13873,2026-04,T2,physical assault,53.933339,-1.115207
13874,2026-04,T2,harassment,53.937061,-1.123872
13875,2026-04,T2,physical assault,53.93621,-1.124996
13876,2026-04,T2,suspicious activity,53.939903,-1.119167
13877,2026-04,T2,physical assault,53.941779,-1.115181
13878,2026-04,T2,physical assault,53.940162,-1.121477
13879,2026-04,T2,physical assault,53.939903,-1.119167
13880,2026-04,T2,suspicious activity,53.948815,-1.052454
13881,2026-04,T2,suspicious activity,53.948815,-1.052454
13882,2026-04,T2,suspicious activity,53.94592,-1.045572
13883,2026-04,T2,vandalism,53.94592,-1.045572
13884,2026-04,T2,physical assault,53.94592,-1.045572
13885,2026-04,T2,physical assault,53.948815,-1.052454
13886,2026-04,T2,physical assault,53.948902,-1.051019
13887,2026-04,T2,physical assault,53.94316,-1.050038
13888,2026-04,T2,physical assault,53.947119,-1.056225
13889,2026-04,T2,physical assault,53.944627,-1.058216
13890,2026-04,T2,vandalism,53.93441,-1.064443
13891,2026-04,T2,harassment,53.937207,-1.06798
13892,2026-04,T2,physical assault,53.934797,-1.062119
13893,2026-04,T2,physical assault,53.937003,-1.070818
13894,2026-04,T2,physical assault,53.935855,-1.068895
13895,2026-04,T2,suspicious activity,53.939219,-1.074849
13896,2026-04,T2,suspicious activity,53.933027,-1.070236
13897,2026-04,T2,physical assault,53.936029,-1.073795
13898,2026-04,T2,physical assault,53.939796,-1.074069
13899,2026-05,T2,vandalism,53.983516,-1.069448
13900,2026-05,T2,suspicious activity,53.983944,-1.060929
13901,2026-05,T2,suspicious activity,53.979349,-1.069983
13902,2026-05,T2,physical assault,53.979349,-1.069983
13903,2026-05,T2,physical assault,53.979349,-1.069983
13904,2026-05,T2,physical assault,53.982475,-1.060413
13905,2026-05,T2,physical assault,53.979349,-1.069983
13906,2026-05,T2,physical assault,53.979349,-1.069983
13907,2026-05,T2,suspicious activity,53.982568,-1.051993
13908,2026-05,T2,suspicious activity,53.982568,-1.051993
13909,2026-05,T2,suspicious activity,53.982728,-1.048285
13910,2026-05,T2,suspicious activity,53.982728,-1.048285
13911,2026-05,T2,suspicious activity,53.982568,-1.051993
13912,2026-05,T2,suspicious activity,53.982728,-1.048285
13913,2026-05,T2,suspicious activity,53.982728,-1.048285
13914,2026-05,T2,suspicious activity,53.986004,-1.055453
13915,2026-05,T2,suspicious activity,53.982728,-1.048285
13916,2026-05,T2,suspicious activity,53.982568,-1.051993
13917,2026-05,T2,suspicious activity,53.982728,-1.048285
13918,2026-05,T2,vandalism,53.982728,-1.048285
13919,2026-05,T2,vandalism,53.982568,-1.051993
13920,2026-05,T2,physical assault,53.986004,-1.055453
13921,2026-05,T2,physical assault,53.9835,-1.049362
13922,2026-05,T2,suspicious activity,53.985445,-1.064418
13923,2026-05,T2,suspicious activity,53.977048,-1.095863
13924,2026-05,T2,suspicious activity,53.979586,-1.095091
13925,2026-05,T2,suspicious activity,53.977458,-1.09654
13926,2026-05,T2,harassment,53.976716,-1.094696
13927,2026-05,T2,physical assault,53.974178,-1.097861
13928,2026-05,T2,physical assault,53.979116,-1.098319
13929,2026-05,T2,suspicious activity,53.985394,-1.111055
13930,2026-05,T2,physical assault,53.984459,-1.112112
13931,2026-05,T2,physical assault,53.984459,-1.112112
13932,2026-05,T2,suspicious activity,53.984659,-1.10035
13933,2026-05,T2,suspicious activity,53.983763,-1.095509
13934,2026-05,T2,suspicious activity,53.981228,-1.093561
13935,2026-05,T2,suspicious activity,53.981228,-1.093561
13936,2026-05,T2,suspicious activity,53.981228,-1.093561
13937,2026-05,T2,suspicious activity,53.984519,-1.092575
13938,2026-05,T2,suspicious activity,53.981228,-1.093561
13939,2026-05,T2,suspicious activity,53.984519,-1.092575
13940,2026-05,T2,suspicious activity,53.981228,-1.093561
13941,2026-05,T2,vandalism,53.984958,-1.09653
13942,2026-05,T2,vandalism,53.983477,-1.093741
13943,2026-05,T2,physical assault,53.983541,-1.099901
13944,2026-05,T2,physical assault,53.984659,-1.10035
13945,2026-05,T2,physical assault,53.982651,-1.096306
13946,2026-05,T2,physical assault,53.984659,-1.10035
13947,2026-05,T2,physical assault,53.984958,-1.09653
13948,2026-05,T2,physical assault,53.984659,-1.10035
13949,2026-05,T2,physical assault,53.982651,-1.096306
13950,2026-05,T2,physical assault,53.982651,-1.096306
13951,2026-05,T2,physical assault,53.982651,-1.096306
13952,2026-05,T2,physical assault,53.984659,-1.10035
13953,2026-05,T2,physical assault,53.984659,-1.10035
13954,2026-05,T2,suspicious activity,53.977581,-1.107043
13955,2026-05,T2,physical assault,53.9778,-1.103806
13956,2026-05,T2,suspicious activity,53.964506,-1.090586
13957,2026-05,T2,vandalism,53.967128,-1.087831
13958,2026-05,T2,physical assault,53.967485,-1.089988
13959,2026-05,T2,suspicious activity,53.969049,-1.097088
13960,2026-05,T2,suspicious activity,53.967519,-1.101649
13961,2026-05,T2,vandalism,53.970403,-1.101419
13962,2026-05,T2,physical assault,53.968557,-1.095025
13963,2026-05,T2,physical assault,53.967244,-1.09856
13964,2026-05,T2,physical assault,53.967244,-1.09856
13965,2026-05,T2,physical assault,53.968557,-1.095025
13966,2026-05,T2,physical assault,53.967244,-1.09856
13967,2026-05,T2,physical assault,53.970587,-1.09489
13968,2026-05,T2,suspicious activity,53.984465,-1.119035
13969,2026-05,T2,vandalism,53.98521,-1.122603
13970,2026-05,T2,physical assault,53.983839,-1.117096
13971,2026-05,T2,suspicious activity,53.983247,-1.114745
13972,2026-05,T2,suspicious activity,53.986021,-1.114397
13973,2026-05,T2,harassment,53.983247,-1.114745
13974,2026-05,T2,harassment,53.986021,-1.114397
13975,2026-05,T2,harassment,53.982417,-1.109471
13976,2026-05,T2,harassment,53.985107,-1.107386
13977,2026-05,T2,robbery,53.985107,-1.107386
13978,2026-05,T2,physical assault,53.984881,-1.116998
13979,2026-05,T2,physical assault,53.984455,-1.115253
13980,2026-05,T2,physical assault,53.983247,-1.114745
13981,2026-05,T2,suspicious activity,53.976911,-1.107622
13982,2026-05,T2,harassment,53.976915,-1.115382
13983,2026-05,T2,physical assault,53.969348,-1.054138
13984,2026-05,T2,physical assault,53.968206,-1.056374
13985,2026-05,T2,suspicious activity,53.964819,-1.061145
13986,2026-05,T2,vandalism,53.965309,-1.066317
13987,2026-05,T2,physical assault,53.965309,-1.066317
13988,2026-05,T2,physical assault,53.965309,-1.066317
13989,2026-05,T2,physical assault,53.965309,-1.066317
13990,2026-05,T2,physical assault,53.967105,-1.061551
13991,2026-05,T2,suspicious activity,53.976596,-1.063808
13992,2026-05,T2,suspicious activity,53.974585,-1.06524
13993,2026-05,T2,suspicious activity,53.975941,-1.058166
13994,2026-05,T2,suspicious activity,53.976596,-1.063808
13995,2026-05,T2,suspicious activity,53.976596,-1.063808
13996,2026-05,T2,suspicious activity,53.974585,-1.06524
13997,2026-05,T2,vandalism,53.978121,-1.062234
13998,2026-05,T2,physical assault,53.973784,-1.065136
13999,2026-05,T2,suspicious activity,53.975338,-1.054612
14000,2026-05,T2,physical assault,53.971516,-1.05184
14001,2026-05,T2,physical assault,53.973086,-1.060898
14002,2026-05,T2,physical assault,53.974637,-1.053991
14003,2026-05,T2,physical assault,53.969683,-1.048779
14004,2026-05,T2,vandalism,53.967523,-1.043843
14005,2026-05,T2,physical assault,53.969901,-1.044551
14006,2026-05,T2,suspicious activity,53.968952,-1.084285
14007,2026-05,T2,vandalism,53.968952,-1.084285
14008,2026-05,T2,vandalism,53.968952,-1.084285
14009,2026-05,T2,harassment,53.968952,-1.084285
14010,2026-05,T2,harassment,53.972301,-1.081498
14011,2026-05,T2,physical assault,53.968952,-1.084285
14012,2026-05,T2,physical assault,53.969333,-1.083514
14013,2026-05,T2,physical assault,53.968952,-1.084285
14014,2026-05,T2,physical assault,53.972301,-1.081498
14015,2026-05,T2,physical assault,53.97115,-1.084953
14016,2026-05,T2,physical assault,53.968952,-1.084285
14017,2026-05,T2,physical assault,53.968952,-1.084285
14018,2026-05,T2,physical assault,53.97115,-1.084953
14019,2026-05,T2,suspicious activity,53.969599,-1.086603
14020,2026-05,T2,suspicious activity,53.972402,-1.089942
14021,2026-05,T2,suspicious activity,53.972766,-1.086976
14022,2026-05,T2,vandalism,53.972001,-1.090423
14023,2026-05,T2,harassment,53.972001,-1.090423
14024,2026-05,T2,physical assault,53.972152,-1.090267
14025,2026-05,T2,physical assault,53.974162,-1.084994
14026,2026-05,T2,physical assault,53.969691,-1.086921
14027,2026-05,T2,physical assault,53.972402,-1.089942
14028,2026-05,T2,suspicious activity,53.974117,-1.089752
14029,2026-05,T2,suspicious activity,53.973887,-1.091464
14030,2026-05,T2,suspicious activity,53.975407,-1.086888
14031,2026-05,T2,suspicious activity,53.973404,-1.089432
14032,2026-05,T2,suspicious activity,53.973404,-1.089432
14033,2026-05,T2,physical assault,53.973887,-1.091464
14034,2026-05,T2,suspicious activity,53.975967,-1.094316
14035,2026-05,T2,vandalism,53.974675,-1.094573
14036,2026-05,T2,physical assault,53.977102,-1.092294
14037,2026-05,T2,physical assault,53.977102,-1.092294
14038,2026-05,T2,physical assault,53.973855,-1.093127
14039,2026-05,T2,physical assault,53.974675,-1.094573
14040,2026-05,T2,physical assault,53.977102,-1.092294
14041,2026-05,T2,physical assault,53.974149,-1.094005
14042,2026-05,T2,physical assault,53.975967,-1.094316
14043,2026-05,T2,suspicious activity,53.976532,-1.088251
14044,2026-05,T2,suspicious activity,53.976532,-1.088251
14045,2026-05,T2,suspicious activity,53.977686,-1.089811
14046,2026-05,T2,suspicious activity,53.976532,-1.088251
14047,2026-05,T2,suspicious activity,53.976532,-1.088251
14048,2026-05,T2,vandalism,53.976082,-1.083366
14049,2026-05,T2,harassment,53.976532,-1.088251
14050,2026-05,T2,physical assault,53.976532,-1.088251
14051,2026-05,T2,physical assault,53.979806,-1.085007
14052,2026-05,T2,physical assault,53.972558,-1.083276
14053,2026-05,T2,physical assault,53.979806,-1.085007
14054,2026-05,T2,physical assault,53.979806,-1.085007
14055,2026-05,T2,physical assault,53.979806,-1.085007
14056,2026-05,T2,suspicious activity,53.972258,-1.078129
14057,2026-05,T2,suspicious activity,53.973344,-1.079127
14058,2026-05,T2,suspicious activity,53.974701,-1.075575
14059,2026-05,T2,physical assault,53.973989,-1.073029
14060,2026-05,T2,harassment,53.97316,-1.077362
14061,2026-05,T2,harassment,53.970684,-1.075679
14062,2026-05,T2,physical assault,53.971603,-1.077168
14063,2026-05,T2,physical assault,53.972975,-1.081468
14064,2026-05,T2,physical assault,53.97316,-1.077362
14065,2026-05,T2,physical assault,53.968213,-1.07924
14066,2026-05,T2,harassment,53.96627,-1.074451
14067,2026-05,T2,physical assault,53.966955,-1.072377
14068,2026-05,T2,physical assault,53.968606,-1.074292
14069,2026-05,T2,suspicious activity,53.968138,-1.066132
14070,2026-05,T2,suspicious activity,53.965587,-1.072042
14071,2026-05,T2,suspicious activity,53.965587,-1.072042
14072,2026-05,T2,suspicious activity,53.970504,-1.069829
14073,2026-05,T2,suspicious activity,53.970504,-1.069829
14074,2026-05,T2,suspicious activity,53.966849,-1.069057
14075,2026-05,T2,suspicious activity,53.969475,-1.070385
14076,2026-05,T2,vandalism,53.965587,-1.072042
14077,2026-05,T2,vandalism,53.969475,-1.070385
14078,2026-05,T2,harassment,53.969475,-1.070385
14079,2026-05,T2,physical assault,53.969475,-1.070385
14080,2026-05,T2,suspicious activity,53.963874,-1.058632
14081,2026-05,T2,suspicious activity,53.964473,-1.063544
14082,2026-05,T2,suspicious activity,53.964473,-1.063544
14083,2026-05,T2,suspicious activity,53.963874,-1.058632
14084,2026-05,T2,suspicious activity,53.962387,-1.05931
14085,2026-05,T2,suspicious activity,53.963999,-1.06787
14086,2026-05,T2,suspicious activity,53.963874,-1.058632
14087,2026-05,T2,suspicious activity,53.962786,-1.071388
14088,2026-05,T2,suspicious activity,53.963874,-1.058632
14089,2026-05,T2,suspicious activity,53.963874,-1.058632
14090,2026-05,T2,suspicious activity,53.963874,-1.058632
14091,2026-05,T2,suspicious activity,53.962786,-1.071388
14092,2026-05,T2,suspicious activity,53.959688,-1.070588
14093,2026-05,T2,suspicious activity,53.963999,-1.06787
14094,2026-05,T2,suspicious activity,53.959688,-1.070588
14095,2026-05,T2,suspicious activity,53.964125,-1.071373
14096,2026-05,T2,suspicious activity,53.960859,-1.070836
14097,2026-05,T2,suspicious activity,53.963874,-1.058632
14098,2026-05,T2,suspicious activity,53.963874,-1.058632
14099,2026-05,T2,suspicious activity,53.960859,-1.070836
14100,2026-05,T2,suspicious activity,53.963874,-1.058632
14101,2026-05,T2,vandalism,53.961588,-1.072131
14102,2026-05,T2,vandalism,53.961758,-1.068545
14103,2026-05,T2,harassment,53.963874,-1.058632
14104,2026-05,T2,harassment,53.963874,-1.058632
14105,2026-05,T2,harassment,53.961758,-1.068545
14106,2026-05,T2,robbery,53.963874,-1.058632
14107,2026-05,T2,robbery,53.963874,-1.058632
14108,2026-05,T2,robbery,53.963874,-1.058632
14109,2026-05,T2,physical assault,53.96274,-1.072425
14110,2026-05,T2,physical assault,53.962218,-1.061889
14111,2026-05,T2,physical assault,53.96177,-1.064414
14112,2026-05,T2,physical assault,53.963874,-1.058632
14113,2026-05,T2,physical assault,53.963999,-1.06787
14114,2026-05,T2,physical assault,53.962448,-1.068316
14115,2026-05,T2,physical assault,53.963999,-1.06787
14116,2026-05,T2,physical assault,53.962448,-1.068316
14117,2026-05,T2,physical assault,53.96177,-1.064414
14118,2026-05,T2,physical assault,53.962448,-1.068316
14119,2026-05,T2,physical assault,53.96177,-1.064414
14120,2026-05,T2,physical assault,53.964125,-1.071373
14121,2026-05,T2,physical assault,53.962448,-1.068316
14122,2026-05,T2,physical assault,53.962387,-1.05931
14123,2026-05,T2,physical assault,53.96274,-1.072425
14124,2026-05,T2,suspicious activity,53.972665,-1.068012
14125,2026-05,T2,suspicious activity,53.975807,-1.068689
14126,2026-05,T2,suspicious activity,53.974363,-1.071435
14127,2026-05,T2,suspicious activity,53.973348,-1.069141
14128,2026-05,T2,suspicious activity,53.975021,-1.069317
14129,2026-05,T2,harassment,53.975807,-1.068689
14130,2026-05,T2,robbery,53.976417,-1.073219
14131,2026-05,T2,physical assault,53.977928,-1.068718
14132,2026-05,T2,physical assault,53.973348,-1.069141
14133,2026-05,T2,physical assault,53.961091,-1.127027
14134,2026-05,T2,physical assault,53.961091,-1.127027
14135,2026-05,T2,vandalism,53.956131,-1.127146
14136,2026-05,T2,suspicious activity,53.964711,-1.124253
14137,2026-05,T2,physical assault,53.965577,-1.120973
14138,2026-05,T2,physical assault,53.965577,-1.120973
14139,2026-05,T2,vandalism,53.960255,-1.123356
14140,2026-05,T2,physical assault,53.964065,-1.118261
14141,2026-05,T2,suspicious activity,53.966683,-1.082505
14142,2026-05,T2,suspicious activity,53.959662,-1.081996
14143,2026-05,T2,suspicious activity,53.962948,-1.085422
14144,2026-05,T2,suspicious activity,53.968124,-1.081757
14145,2026-05,T2,suspicious activity,53.960793,-1.084601
14146,2026-05,T2,suspicious activity,53.96114,-1.081758
14147,2026-05,T2,suspicious activity,53.966683,-1.082505
14148,2026-05,T2,suspicious activity,53.961369,-1.085884
14149,2026-05,T2,suspicious activity,53.960387,-1.085585
14150,2026-05,T2,suspicious activity,53.960122,-1.084517
14151,2026-05,T2,suspicious activity,53.959662,-1.081996
14152,2026-05,T2,suspicious activity,53.960793,-1.084601
14153,2026-05,T2,suspicious activity,53.959662,-1.081996
14154,2026-05,T2,suspicious activity,53.961611,-1.079797
14155,2026-05,T2,suspicious activity,53.957537,-1.083087
14156,2026-05,T2,suspicious activity,53.957868,-1.082866
14157,2026-05,T2,suspicious activity,53.960793,-1.084601
14158,2026-05,T2,suspicious activity,53.958528,-1.083246
14159,2026-05,T2,suspicious activity,53.96114,-1.081758
14160,2026-05,T2,suspicious activity,53.961677,-1.084962
14161,2026-05,T2,suspicious activity,53.965236,-1.083726
14162,2026-05,T2,suspicious activity,53.957868,-1.082866
14163,2026-05,T2,suspicious activity,53.959662,-1.081996
14164,2026-05,T2,suspicious activity,53.961369,-1.085884
14165,2026-05,T2,suspicious activity,53.962948,-1.085422
14166,2026-05,T2,suspicious activity,53.966683,-1.082505
14167,2026-05,T2,suspicious activity,53.961067,-1.082827
14168,2026-05,T2,vandalism,53.963813,-1.085693
14169,2026-05,T2,vandalism,53.957537,-1.083087
14170,2026-05,T2,vandalism,53.968124,-1.081757
14171,2026-05,T2,vandalism,53.960722,-1.081082
14172,2026-05,T2,vandalism,53.957537,-1.083087
14173,2026-05,T2,vandalism,53.961677,-1.084962
14174,2026-05,T2,physical assault,53.958528,-1.083246
14175,2026-05,T2,physical assault,53.957537,-1.083087
14176,2026-05,T2,harassment,53.967202,-1.081046
14177,2026-05,T2,harassment,53.966468,-1.079095
14178,2026-05,T2,harassment,53.959662,-1.081996
14179,2026-05,T2,harassment,53.967163,-1.079446
14180,2026-05,T2,harassment,53.961611,-1.079797
14181,2026-05,T2,harassment,53.962239,-1.085545
14182,2026-05,T2,harassment,53.960122,-1.084517
14183,2026-05,T2,harassment,53.959662,-1.081996
14184,2026-05,T2,robbery,53.959782,-1.083212
14185,2026-05,T2,robbery,53.959662,-1.081996
14186,2026-05,T2,robbery,53.959782,-1.083212
14187,2026-05,T2,robbery,53.959662,-1.081996
14188,2026-05,T2,physical assault,53.961067,-1.082827
14189,2026-05,T2,physical assault,53.961369,-1.085884
14190,2026-05,T2,physical assault,53.964528,-1.083985
14191,2026-05,T2,physical assault,53.960387,-1.085585
14192,2026-05,T2,physical assault,53.957537,-1.083087
14193,2026-05,T2,physical assault,53.964659,-1.082321
14194,2026-05,T2,physical assault,53.960122,-1.084517
14195,2026-05,T2,physical assault,53.957868,-1.082866
14196,2026-05,T2,physical assault,53.957537,-1.083087
14197,2026-05,T2,physical assault,53.958528,-1.083246
14198,2026-05,T2,physical assault,53.960793,-1.084601
14199,2026-05,T2,physical assault,53.967202,-1.081046
14200,2026-05,T2,physical assault,53.963429,-1.088415
14201,2026-05,T2,physical assault,53.960122,-1.084517
14202,2026-05,T2,physical assault,53.957537,-1.083087
14203,2026-05,T2,physical assault,53.966683,-1.082505
14204,2026-05,T2,physical assault,53.961067,-1.082827
14205,2026-05,T2,physical assault,53.961067,-1.082827
14206,2026-05,T2,physical assault,53.959662,-1.081996
14207,2026-05,T2,physical assault,53.959662,-1.081996
14208,2026-05,T2,physical assault,53.966683,-1.082505
14209,2026-05,T2,physical assault,53.965236,-1.083726
14210,2026-05,T2,physical assault,53.960793,-1.084601
14211,2026-05,T2,physical assault,53.968124,-1.081757
14212,2026-05,T2,physical assault,53.959662,-1.081996
14213,2026-05,T2,physical assault,53.959782,-1.083212
14214,2026-05,T2,physical assault,53.962239,-1.085545
14215,2026-05,T2,physical assault,53.959662,-1.081996
14216,2026-05,T2,physical assault,53.957537,-1.083087
14217,2026-05,T2,physical assault,53.957537,-1.083087
14218,2026-05,T2,physical assault,53.963429,-1.088415
14219,2026-05,T2,physical assault,53.959662,-1.081996
14220,2026-05,T2,physical assault,53.961067,-1.082827
14221,2026-05,T2,physical assault,53.959782,-1.083212
14222,2026-05,T2,physical assault,53.966683,-1.082505
14223,2026-05,T2,physical assault,53.965783,-1.078821
14224,2026-05,T2,physical assault,53.960122,-1.084517
14225,2026-05,T2,physical assault,53.962948,-1.085422
14226,2026-05,T2,physical assault,53.960793,-1.084601
14227,2026-05,T2,physical assault,53.958528,-1.083246
14228,2026-05,T2,physical assault,53.957537,-1.083087
14229,2026-05,T2,physical assault,53.960122,-1.084517
14230,2026-05,T2,physical assault,53.960793,-1.084601
14231,2026-05,T2,suspicious activity,53.961914,-1.077169
14232,2026-05,T2,suspicious activity,53.965027,-1.075255
14233,2026-05,T2,physical assault,53.960679,-1.077851
14234,2026-05,T2,harassment,53.962781,-1.078902
14235,2026-05,T2,harassment,53.965454,-1.074713
14236,2026-05,T2,physical assault,53.966575,-1.077782
14237,2026-05,T2,physical assault,53.966859,-1.077395
14238,2026-05,T2,physical assault,53.962781,-1.078902
14239,2026-05,T2,physical assault,53.965454,-1.074713
14240,2026-05,T2,physical assault,53.963636,-1.076673
14241,2026-05,T2,physical assault,53.966859,-1.077395
14242,2026-05,T2,physical assault,53.960778,-1.079084
14243,2026-05,T2,suspicious activity,53.953729,-1.091781
14244,2026-05,T2,suspicious activity,53.954804,-1.092428
14245,2026-05,T2,suspicious activity,53.954621,-1.093194
14246,2026-05,T2,suspicious activity,53.953159,-1.086536
14247,2026-05,T2,suspicious activity,53.951793,-1.08655
14248,2026-05,T2,suspicious activity,53.951995,-1.088313
14249,2026-05,T2,suspicious activity,53.954621,-1.093194
14250,2026-05,T2,suspicious activity,53.953497,-1.090765
14251,2026-05,T2,suspicious activity,53.954685,-1.095692
14252,2026-05,T2,suspicious activity,53.954804,-1.092428
14253,2026-05,T2,suspicious activity,53.951281,-1.090173
14254,2026-05,T2,suspicious activity,53.951995,-1.088313
14255,2026-05,T2,suspicious activity,53.954804,-1.092428
14256,2026-05,T2,suspicious activity,53.951995,-1.088313
14257,2026-05,T2,suspicious activity,53.951848,-1.089094
14258,2026-05,T2,suspicious activity,53.954685,-1.095692
14259,2026-05,T2,vandalism,53.954094,-1.087689
14260,2026-05,T2,harassment,53.953159,-1.086536
14261,2026-05,T2,harassment,53.952204,-1.085002
14262,2026-05,T2,robbery,53.954621,-1.093194
14263,2026-05,T2,physical assault,53.952733,-1.088374
14264,2026-05,T2,physical assault,53.954685,-1.095692
14265,2026-05,T2,physical assault,53.953677,-1.087195
14266,2026-05,T2,physical assault,53.952955,-1.088079
14267,2026-05,T2,physical assault,53.954621,-1.093194
14268,2026-05,T2,physical assault,53.954128,-1.097014
14269,2026-05,T2,physical assault,53.954128,-1.097014
14270,2026-05,T2,physical assault,53.952204,-1.085002
14271,2026-05,T2,suspicious activity,53.956372,-1.074106
14272,2026-05,T2,suspicious activity,53.959068,-1.074092
14273,2026-05,T2,suspicious activity,53.960274,-1.076595
14274,2026-05,T2,suspicious activity,53.958317,-1.071167
14275,2026-05,T2,suspicious activity,53.9554,-1.072431
14276,2026-05,T2,suspicious activity,53.955489,-1.073882
14277,2026-05,T2,suspicious activity,53.959068,-1.074092
14278,2026-05,T2,suspicious activity,53.960274,-1.076595
14279,2026-05,T2,suspicious activity,53.959068,-1.074092
14280,2026-05,T2,suspicious activity,53.956372,-1.074106
14281,2026-05,T2,suspicious activity,53.959245,-1.078355
14282,2026-05,T2,suspicious activity,53.956372,-1.074106
14283,2026-05,T2,suspicious activity,53.9554,-1.072431
14284,2026-05,T2,suspicious activity,53.959053,-1.079183
14285,2026-05,T2,suspicious activity,53.960783,-1.06858
14286,2026-05,T2,suspicious activity,53.959068,-1.074092
14287,2026-05,T2,harassment,53.9554,-1.072431
14288,2026-05,T2,harassment,53.959068,-1.074092
14289,2026-05,T2,harassment,53.956725,-1.069846
14290,2026-05,T2,harassment,53.956109,-1.071475
14291,2026-05,T2,harassment,53.960274,-1.076595
14292,2026-05,T2,robbery,53.956725,-1.069846
14293,2026-05,T2,robbery,53.956725,-1.069846
14294,2026-05,T2,robbery,53.958399,-1.068879
14295,2026-05,T2,robbery,53.959053,-1.079183
14296,2026-05,T2,robbery,53.956725,-1.069846
14297,2026-05,T2,robbery,53.956725,-1.069846
14298,2026-05,T2,physical assault,53.959068,-1.074092
14299,2026-05,T2,physical assault,53.959053,-1.079183
14300,2026-05,T2,physical assault,53.955489,-1.073882
14301,2026-05,T2,physical assault,53.95612,-1.067162
14302,2026-05,T2,physical assault,53.95612,-1.067162
14303,2026-05,T2,physical assault,53.958399,-1.068879
14304,2026-05,T2,physical assault,53.955321,-1.068338
14305,2026-05,T2,physical assault,53.959798,-1.077871
14306,2026-05,T2,physical assault,53.9554,-1.072431
14307,2026-05,T2,physical assault,53.959053,-1.079183
14308,2026-05,T2,physical assault,53.959053,-1.079183
14309,2026-05,T2,suspicious activity,53.958167,-1.085481
14310,2026-05,T2,suspicious activity,53.957046,-1.09055
14311,2026-05,T2,suspicious activity,53.958796,-1.086732
14312,2026-05,T2,suspicious activity,53.957585,-1.089426
14313,2026-05,T2,suspicious activity,53.958167,-1.085481
14314,2026-05,T2,suspicious activity,53.957273,-1.084983
14315,2026-05,T2,suspicious activity,53.959155,-1.09023
14316,2026-05,T2,suspicious activity,53.957808,-1.086785
14317,2026-05,T2,suspicious activity,53.957273,-1.084983
14318,2026-05,T2,suspicious activity,53.95615,-1.090996
14319,2026-05,T2,suspicious activity,53.955991,-1.088927
14320,2026-05,T2,suspicious activity,53.959055,-1.087626
14321,2026-05,T2,suspicious activity,53.957273,-1.084983
14322,2026-05,T2,suspicious activity,53.955991,-1.088927
14323,2026-05,T2,suspicious activity,53.957775,-1.093125
14324,2026-05,T2,suspicious activity,53.957831,-1.087409
14325,2026-05,T2,suspicious activity,53.95615,-1.090996
14326,2026-05,T2,suspicious activity,53.95615,-1.090996
14327,2026-05,T2,suspicious activity,53.956767,-1.085832
14328,2026-05,T2,suspicious activity,53.95615,-1.090996
14329,2026-05,T2,suspicious activity,53.959155,-1.09023
14330,2026-05,T2,suspicious activity,53.957273,-1.084983
14331,2026-05,T2,vandalism,53.96043,-1.091223
14332,2026-05,T2,vandalism,53.95615,-1.090996
14333,2026-05,T2,vandalism,53.957273,-1.084983
14334,2026-05,T2,vandalism,53.96043,-1.091223
14335,2026-05,T2,physical assault,53.957273,-1.084983
14336,2026-05,T2,harassment,53.95615,-1.090996
14337,2026-05,T2,harassment,53.958398,-1.092228
14338,2026-05,T2,harassment,53.95615,-1.090996
14339,2026-05,T2,harassment,53.957377,-1.089263
14340,2026-05,T2,harassment,53.96043,-1.091223
14341,2026-05,T2,harassment,53.95615,-1.090996
14342,2026-05,T2,robbery,53.957273,-1.084983
14343,2026-05,T2,physical assault,53.96043,-1.091223
14344,2026-05,T2,physical assault,53.959155,-1.09023
14345,2026-05,T2,physical assault,53.95615,-1.090996
14346,2026-05,T2,physical assault,53.96043,-1.091223
14347,2026-05,T2,physical assault,53.96043,-1.091223
14348,2026-05,T2,physical assault,53.96043,-1.091223
14349,2026-05,T2,physical assault,53.96043,-1.091223
14350,2026-05,T2,physical assault,53.96043,-1.091223
14351,2026-05,T2,physical assault,53.96043,-1.091223
14352,2026-05,T2,physical assault,53.957808,-1.086785
14353,2026-05,T2,physical assault,53.957273,-1.084983
14354,2026-05,T2,physical assault,53.958796,-1.086732
14355,2026-05,T2,physical assault,53.96043,-1.091223
14356,2026-05,T2,physical assault,53.96043,-1.091223
14357,2026-05,T2,physical assault,53.957273,-1.084983
14358,2026-05,T2,physical assault,53.95615,-1.090996
14359,2026-05,T2,physical assault,53.957808,-1.086785
14360,2026-05,T2,physical assault,53.958732,-1.087694
14361,2026-05,T2,physical assault,53.957808,-1.086785
14362,2026-05,T2,physical assault,53.957831,-1.087409
14363,2026-05,T2,physical assault,53.955925,-1.089752
14364,2026-05,T2,physical assault,53.957808,-1.086785
14365,2026-05,T2,physical assault,53.953905,-1.081795
14366,2026-05,T2,physical assault,53.95615,-1.090996
14367,2026-05,T2,physical assault,53.96043,-1.091223
14368,2026-05,T2,physical assault,53.957273,-1.084983
14369,2026-05,T2,physical assault,53.96043,-1.091223
14370,2026-05,T2,physical assault,53.959055,-1.087626
14371,2026-05,T2,physical assault,53.958796,-1.086732
14372,2026-05,T2,physical assault,53.957585,-1.089426
14373,2026-05,T2,physical assault,53.96043,-1.091223
14374,2026-05,T2,suspicious activity,53.955363,-1.08443
14375,2026-05,T2,suspicious activity,53.955363,-1.08443
14376,2026-05,T2,suspicious activity,53.955363,-1.08443
14377,2026-05,T2,suspicious activity,53.956495,-1.08788
14378,2026-05,T2,suspicious activity,53.953816,-1.085394
14379,2026-05,T2,suspicious activity,53.953697,-1.083979
14380,2026-05,T2,suspicious activity,53.955363,-1.08443
14381,2026-05,T2,suspicious activity,53.954172,-1.084913
14382,2026-05,T2,vandalism,53.955696,-1.085627
14383,2026-05,T2,vandalism,53.956495,-1.08788
14384,2026-05,T2,harassment,53.956813,-1.087157
14385,2026-05,T2,physical assault,53.955363,-1.08443
14386,2026-05,T2,physical assault,53.954533,-1.084006
14387,2026-05,T2,physical assault,53.956813,-1.087157
14388,2026-05,T2,physical assault,53.956495,-1.08788
14389,2026-05,T2,physical assault,53.954533,-1.084006
14390,2026-05,T2,physical assault,53.956495,-1.08788
14391,2026-05,T2,physical assault,53.955363,-1.08443
14392,2026-05,T2,physical assault,53.956813,-1.087157
14393,2026-05,T2,physical assault,53.955363,-1.08443
14394,2026-05,T2,physical assault,53.954533,-1.084006
14395,2026-05,T2,physical assault,53.955363,-1.08443
14396,2026-05,T2,suspicious activity,53.955888,-1.078993
14397,2026-05,T2,suspicious activity,53.958346,-1.080242
14398,2026-05,T2,suspicious activity,53.954439,-1.077608
14399,2026-05,T2,suspicious activity,53.959281,-1.084118
14400,2026-05,T2,suspicious activity,53.957862,-1.082339
14401,2026-05,T2,suspicious activity,53.955888,-1.078993
14402,2026-05,T2,suspicious activity,53.957862,-1.082339
14403,2026-05,T2,suspicious activity,53.958346,-1.080242
14404,2026-05,T2,suspicious activity,53.958346,-1.080242
14405,2026-05,T2,suspicious activity,53.959559,-1.075956
14406,2026-05,T2,suspicious activity,53.959559,-1.075956
14407,2026-05,T2,suspicious activity,53.959476,-1.080438
14408,2026-05,T2,suspicious activity,53.955888,-1.078993
14409,2026-05,T2,suspicious activity,53.95823,-1.076092
14410,2026-05,T2,suspicious activity,53.956836,-1.079597
14411,2026-05,T2,suspicious activity,53.956851,-1.073348
14412,2026-05,T2,suspicious activity,53.957862,-1.082339
14413,2026-05,T2,suspicious activity,53.957862,-1.082339
14414,2026-05,T2,suspicious activity,53.956623,-1.077529
14415,2026-05,T2,suspicious activity,53.956569,-1.08224
14416,2026-05,T2,suspicious activity,53.958346,-1.080242
14417,2026-05,T2,suspicious activity,53.954439,-1.077608
14418,2026-05,T2,suspicious activity,53.954439,-1.077608
14419,2026-05,T2,suspicious activity,53.95507,-1.076695
14420,2026-05,T2,suspicious activity,53.956434,-1.076345
14421,2026-05,T2,suspicious activity,53.959281,-1.084118
14422,2026-05,T2,suspicious activity,53.956904,-1.082507
14423,2026-05,T2,suspicious activity,53.955888,-1.078993
14424,2026-05,T2,suspicious activity,53.959281,-1.084118
14425,2026-05,T2,suspicious activity,53.958346,-1.080242
14426,2026-05,T2,suspicious activity,53.957819,-1.079324
14427,2026-05,T2,suspicious activity,53.95728,-1.082376
14428,2026-05,T2,suspicious activity,53.958346,-1.080242
14429,2026-05,T2,suspicious activity,53.958064,-1.08143
14430,2026-05,T2,suspicious activity,53.960121,-1.080058
14431,2026-05,T2,suspicious activity,53.956866,-1.08234
14432,2026-05,T2,suspicious activity,53.956904,-1.082507
14433,2026-05,T2,suspicious activity,53.958064,-1.08143
14434,2026-05,T2,suspicious activity,53.958919,-1.080451
14435,2026-05,T2,suspicious activity,53.958346,-1.080242
14436,2026-05,T2,vandalism,53.954439,-1.077608
14437,2026-05,T2,vandalism,53.958346,-1.080242
14438,2026-05,T2,vandalism,53.954222,-1.076272
14439,2026-05,T2,vandalism,53.957159,-1.078249
14440,2026-05,T2,vandalism,53.955888,-1.078993
14441,2026-05,T2,vandalism,53.959281,-1.084118
14442,2026-05,T2,vandalism,53.958919,-1.080451
14443,2026-05,T2,vandalism,53.956836,-1.079597
14444,2026-05,T2,vandalism,53.957819,-1.079324
14445,2026-05,T2,vandalism,53.958346,-1.080242
14446,2026-05,T2,physical assault,53.959281,-1.084118
14447,2026-05,T2,physical assault,53.960121,-1.080058
14448,2026-05,T2,harassment,53.959658,-1.080632
14449,2026-05,T2,harassment,53.959658,-1.080632
14450,2026-05,T2,harassment,53.959658,-1.080632
14451,2026-05,T2,harassment,53.959281,-1.084118
14452,2026-05,T2,harassment,53.959281,-1.084118
14453,2026-05,T2,harassment,53.95728,-1.082376
14454,2026-05,T2,harassment,53.954439,-1.077608
14455,2026-05,T2,harassment,53.954439,-1.077608
14456,2026-05,T2,robbery,53.957862,-1.082339
14457,2026-05,T2,robbery,53.95728,-1.082376
14458,2026-05,T2,physical assault,53.959658,-1.080632
14459,2026-05,T2,physical assault,53.958346,-1.080242
14460,2026-05,T2,physical assault,53.956944,-1.081896
14461,2026-05,T2,physical assault,53.95879,-1.081139
14462,2026-05,T2,physical assault,53.955084,-1.077335
14463,2026-05,T2,physical assault,53.957862,-1.082339
14464,2026-05,T2,physical assault,53.958816,-1.076323
14465,2026-05,T2,physical assault,53.956569,-1.08224
14466,2026-05,T2,physical assault,53.95879,-1.081139
14467,2026-05,T2,physical assault,53.957159,-1.078249
14468,2026-05,T2,physical assault,53.958346,-1.080242
14469,2026-05,T2,physical assault,53.958346,-1.080242
14470,2026-05,T2,physical assault,53.959281,-1.084118
14471,2026-05,T2,physical assault,53.954439,-1.077608
14472,2026-05,T2,physical assault,53.95869,-1.082269
14473,2026-05,T2,physical assault,53.959281,-1.084118
14474,2026-05,T2,physical assault,53.959281,-1.084118
14475,2026-05,T2,physical assault,53.957862,-1.082339
14476,2026-05,T2,physical assault,53.957862,-1.082339
14477,2026-05,T2,physical assault,53.95869,-1.082269
14478,2026-05,T2,physical assault,53.959281,-1.084118
14479,2026-05,T2,physical assault,53.956836,-1.079597
14480,2026-05,T2,physical assault,53.959281,-1.084118
14481,2026-05,T2,physical assault,53.956434,-1.076345
14482,2026-05,T2,physical assault,53.956569,-1.08224
14483,2026-05,T2,physical assault,53.957862,-1.082339
14484,2026-05,T2,physical assault,53.954222,-1.076272
14485,2026-05,T2,physical assault,53.956836,-1.079597
14486,2026-05,T2,physical assault,53.957862,-1.082339
14487,2026-05,T2,physical assault,53.957862,-1.082339
14488,2026-05,T2,physical assault,53.954439,-1.077608
14489,2026-05,T2,physical assault,53.954439,-1.077608
14490,2026-05,T2,physical assault,53.958346,-1.080242
14491,2026-05,T2,physical assault,53.959281,-1.084118
14492,2026-05,T2,physical assault,53.959281,-1.084118
14493,2026-05,T2,physical assault,53.958919,-1.080451
14494,2026-05,T2,physical assault,53.959658,-1.080632
14495,2026-05,T2,physical assault,53.959281,-1.084118
14496,2026-05,T2,physical assault,53.959281,-1.084118
14497,2026-05,T2,physical assault,53.954222,-1.076272
14498,2026-05,T2,physical assault,53.958919,-1.080451
14499,2026-05,T2,physical assault,53.958346,-1.080242
14500,2026-05,T2,physical assault,53.959281,-1.084118
14501,2026-05,T2,physical assault,53.956836,-1.079597
14502,2026-05,T2,physical assault,53.957862,-1.082339
14503,2026-05,T2,physical assault,53.957862,-1.082339
14504,2026-05,T2,physical assault,53.95728,-1.082376
14505,2026-05,T2,suspicious activity,53.960178,-1.057287
14506,2026-05,T2,suspicious activity,53.964656,-1.050155
14507,2026-05,T2,suspicious activity,53.964656,-1.050155
14508,2026-05,T2,suspicious activity,53.960178,-1.057287
14509,2026-05,T2,suspicious activity,53.964837,-1.051953
14510,2026-05,T2,vandalism,53.964242,-1.0484
14511,2026-05,T2,vandalism,53.964242,-1.0484
14512,2026-05,T2,harassment,53.960178,-1.057287
14513,2026-05,T2,physical assault,53.960328,-1.050059
14514,2026-05,T2,physical assault,53.960328,-1.050059
14515,2026-05,T2,physical assault,53.964837,-1.051953
14516,2026-05,T2,suspicious activity,53.950621,-1.037723
14517,2026-05,T2,suspicious activity,53.950621,-1.037723
14518,2026-05,T2,suspicious activity,53.953483,-1.035875
14519,2026-05,T2,harassment,53.951034,-1.039908
14520,2026-05,T2,physical assault,53.951034,-1.039908
14521,2026-05,T2,physical assault,53.950621,-1.037723
14522,2026-05,T2,suspicious activity,53.959398,-1.043938
14523,2026-05,T2,suspicious activity,53.959398,-1.043938
14524,2026-05,T2,suspicious activity,53.957998,-1.039733
14525,2026-05,T2,suspicious activity,53.961523,-1.042121
14526,2026-05,T2,suspicious activity,53.960287,-1.040458
14527,2026-05,T2,suspicious activity,53.961592,-1.041815
14528,2026-05,T2,suspicious activity,53.961826,-1.045382
14529,2026-05,T2,suspicious activity,53.959724,-1.038626
14530,2026-05,T2,suspicious activity,53.959724,-1.038626
14531,2026-05,T2,suspicious activity,53.962363,-1.040425
14532,2026-05,T2,vandalism,53.959784,-1.035973
14533,2026-05,T2,harassment,53.961092,-1.041079
14534,2026-05,T2,robbery,53.957998,-1.039733
14535,2026-05,T2,physical assault,53.965225,-1.044231
14536,2026-05,T2,suspicious activity,53.960119,-1.05898
14537,2026-05,T2,suspicious activity,53.960223,-1.05458
14538,2026-05,T2,suspicious activity,53.960223,-1.05458
14539,2026-05,T2,suspicious activity,53.960342,-1.057618
14540,2026-05,T2,physical assault,53.960223,-1.05458
14541,2026-05,T2,physical assault,53.960342,-1.057618
14542,2026-05,T2,physical assault,53.960223,-1.05458
14543,2026-05,T2,physical assault,53.960223,-1.05458
14544,2026-05,T2,suspicious activity,53.957882,-1.045375
14545,2026-05,T2,vandalism,53.95448,-1.041444
14546,2026-05,T2,physical assault,53.956999,-1.045181
14547,2026-05,T2,physical assault,53.954726,-1.042963
14548,2026-05,T2,physical assault,53.954726,-1.042963
14549,2026-05,T2,suspicious activity,53.956937,-1.054312
14550,2026-05,T2,suspicious activity,53.956238,-1.057091
14551,2026-05,T2,suspicious activity,53.956238,-1.057091
14552,2026-05,T2,suspicious activity,53.958459,-1.057824
14553,2026-05,T2,suspicious activity,53.956544,-1.06159
14554,2026-05,T2,vandalism,53.956948,-1.0523
14555,2026-05,T2,vandalism,53.956544,-1.06159
14556,2026-05,T2,vandalism,53.956948,-1.0523
14557,2026-05,T2,vandalism,53.957885,-1.059518
14558,2026-05,T2,vandalism,53.959125,-1.057173
14559,2026-05,T2,vandalism,53.956948,-1.0523
14560,2026-05,T2,vandalism,53.956544,-1.06159
14561,2026-05,T2,harassment,53.957905,-1.052827
14562,2026-05,T2,harassment,53.957885,-1.059518
14563,2026-05,T2,physical assault,53.956937,-1.054312
14564,2026-05,T2,physical assault,53.956937,-1.054312
14565,2026-05,T2,physical assault,53.956238,-1.057091
14566,2026-05,T2,physical assault,53.956544,-1.06159
14567,2026-05,T2,physical assault,53.959111,-1.054202
14568,2026-05,T2,physical assault,53.959111,-1.054202
14569,2026-05,T2,physical assault,53.957038,-1.059247
14570,2026-05,T2,physical assault,53.957885,-1.059518
14571,2026-05,T2,physical assault,53.959125,-1.057173
14572,2026-05,T2,physical assault,53.957905,-1.052827
14573,2026-05,T2,suspicious activity,53.954735,-1.056678
14574,2026-05,T2,harassment,53.956321,-1.062951
14575,2026-05,T2,physical assault,53.955988,-1.059438
14576,2026-05,T2,physical assault,53.954668,-1.061922
14577,2026-05,T2,physical assault,53.955988,-1.059438
14578,2026-05,T2,suspicious activity,53.959091,-1.049464
14579,2026-05,T2,suspicious activity,53.959091,-1.049464
14580,2026-05,T2,suspicious activity,53.959091,-1.049464
14581,2026-05,T2,suspicious activity,53.959091,-1.049464
14582,2026-05,T2,suspicious activity,53.959091,-1.049464
14583,2026-05,T2,suspicious activity,53.958105,-1.050744
14584,2026-05,T2,suspicious activity,53.958105,-1.050744
14585,2026-05,T2,suspicious activity,53.959091,-1.049464
14586,2026-05,T2,suspicious activity,53.959091,-1.049464
14587,2026-05,T2,suspicious activity,53.959091,-1.049464
14588,2026-05,T2,suspicious activity,53.959091,-1.049464
14589,2026-05,T2,suspicious activity,53.959091,-1.049464
14590,2026-05,T2,suspicious activity,53.959091,-1.049464
14591,2026-05,T2,suspicious activity,53.959091,-1.049464
14592,2026-05,T2,suspicious activity,53.959091,-1.049464
14593,2026-05,T2,suspicious activity,53.959091,-1.049464
14594,2026-05,T2,suspicious activity,53.959091,-1.049464
14595,2026-05,T2,suspicious activity,53.959091,-1.049464
14596,2026-05,T2,harassment,53.959091,-1.049464
14597,2026-05,T2,harassment,53.959091,-1.049464
14598,2026-05,T2,physical assault,53.959893,-1.046274
14599,2026-05,T2,physical assault,53.959091,-1.049464
14600,2026-05,T2,physical assault,53.959202,-1.051466
14601,2026-05,T2,physical assault,53.958683,-1.048968
14602,2026-05,T2,physical assault,53.959402,-1.048952
14603,2026-05,T2,physical assault,53.959091,-1.049464
14604,2026-05,T2,physical assault,53.959893,-1.046274
14605,2026-05,T2,physical assault,53.959091,-1.049464
14606,2026-05,T2,suspicious activity,53.955286,-1.054146
14607,2026-05,T2,suspicious activity,53.953863,-1.050983
14608,2026-05,T2,suspicious activity,53.952826,-1.047134
14609,2026-05,T2,physical assault,53.955286,-1.054146
14610,2026-05,T2,physical assault,53.954403,-1.05446
14611,2026-05,T2,physical assault,53.952311,-1.055925
14612,2026-05,T2,suspicious activity,53.961721,-1.11607
14613,2026-05,T2,vandalism,53.960426,-1.115991
14614,2026-05,T2,physical assault,53.962287,-1.114747
14615,2026-05,T2,suspicious activity,53.95807,-1.115873
14616,2026-05,T2,suspicious activity,53.956596,-1.119424
14617,2026-05,T2,suspicious activity,53.95863,-1.122277
14618,2026-05,T2,vandalism,53.958393,-1.116963
14619,2026-05,T2,harassment,53.958162,-1.118507
14620,2026-05,T2,harassment,53.957259,-1.119258
14621,2026-05,T2,physical assault,53.958162,-1.118507
14622,2026-05,T2,physical assault,53.957517,-1.116372
14623,2026-05,T2,physical assault,53.957259,-1.119258
14624,2026-05,T2,physical assault,53.95863,-1.122277
14625,2026-05,T2,physical assault,53.960586,-1.118212
14626,2026-05,T2,physical assault,53.957259,-1.119258
14627,2026-05,T2,physical assault,53.95807,-1.115873
14628,2026-05,T2,harassment,53.952999,-1.108239
14629,2026-05,T2,physical assault,53.95513,-1.107127
14630,2026-05,T2,physical assault,53.953529,-1.110681
14631,2026-05,T2,physical assault,53.953529,-1.110681
14632,2026-05,T2,physical assault,53.952999,-1.108239
14633,2026-05,T2,physical assault,53.95513,-1.107127
14634,2026-05,T2,physical assault,53.95513,-1.107127
14635,2026-05,T2,physical assault,53.953529,-1.110681
14636,2026-05,T2,suspicious activity,53.956402,-1.120136
14637,2026-05,T2,suspicious activity,53.954634,-1.120334
14638,2026-05,T2,suspicious activity,53.956402,-1.120136
14639,2026-05,T2,suspicious activity,53.954634,-1.120334
14640,2026-05,T2,suspicious activity,53.952719,-1.112908
14641,2026-05,T2,physical assault,53.956182,-1.116964
14642,2026-05,T2,suspicious activity,53.955363,-1.125394
14643,2026-05,T2,suspicious activity,53.952647,-1.122799
14644,2026-05,T2,suspicious activity,53.955702,-1.125051
14645,2026-05,T2,suspicious activity,53.955363,-1.125394
14646,2026-05,T2,suspicious activity,53.955363,-1.125394
14647,2026-05,T2,suspicious activity,53.955788,-1.124486
14648,2026-05,T2,suspicious activity,53.952391,-1.123429
14649,2026-05,T2,vandalism,53.955363,-1.125394
14650,2026-05,T2,physical assault,53.955337,-1.121859
14651,2026-05,T2,physical assault,53.951879,-1.120971
14652,2026-05,T2,harassment,53.951879,-1.120971
14653,2026-05,T2,harassment,53.955006,-1.124472
14654,2026-05,T2,robbery,53.955006,-1.124472
14655,2026-05,T2,physical assault,53.952246,-1.126861
14656,2026-05,T2,physical assault,53.951879,-1.120971
14657,2026-05,T2,physical assault,53.951879,-1.120971
14658,2026-05,T2,physical assault,53.955363,-1.125394
14659,2026-05,T2,vandalism,53.950359,-1.124478
14660,2026-05,T2,physical assault,53.950359,-1.124478
14661,2026-05,T2,harassment,53.950359,-1.124478
14662,2026-05,T2,physical assault,53.950359,-1.124478
14663,2026-05,T2,physical assault,53.950359,-1.124478
14664,2026-05,T2,physical assault,53.950359,-1.124478
14665,2026-05,T2,suspicious activity,53.963668,-1.107142
14666,2026-05,T2,suspicious activity,53.963392,-1.104984
14667,2026-05,T2,suspicious activity,53.963577,-1.103273
14668,2026-05,T2,suspicious activity,53.963484,-1.106537
14669,2026-05,T2,suspicious activity,53.964314,-1.105696
14670,2026-05,T2,vandalism,53.965424,-1.106327
14671,2026-05,T2,physical assault,53.965424,-1.106327
14672,2026-05,T2,physical assault,53.965424,-1.106327
14673,2026-05,T2,physical assault,53.964049,-1.106311
14674,2026-05,T2,suspicious activity,53.960716,-1.10053
14675,2026-05,T2,physical assault,53.954564,-1.108404
14676,2026-05,T2,suspicious activity,53.949899,-1.109661
14677,2026-05,T2,suspicious activity,53.949804,-1.108977
14678,2026-05,T2,vandalism,53.949297,-1.107251
14679,2026-05,T2,harassment,53.954449,-1.100253
14680,2026-05,T2,physical assault,53.949339,-1.08892
14681,2026-05,T2,physical assault,53.949339,-1.08892
14682,2026-05,T2,physical assault,53.949339,-1.08892
14683,2026-05,T2,physical assault,53.948572,-1.086148
14684,2026-05,T2,suspicious activity,53.953735,-1.092512
14685,2026-05,T2,vandalism,53.95172,-1.099474
14686,2026-05,T2,vandalism,53.952661,-1.097975
14687,2026-05,T2,physical assault,53.951709,-1.098072
14688,2026-05,T2,physical assault,53.951709,-1.098072
14689,2026-05,T2,physical assault,53.952811,-1.092761
14690,2026-05,T2,physical assault,53.95015,-1.098639
14691,2026-05,T2,physical assault,53.950649,-1.099344
14692,2026-05,T2,suspicious activity,53.948397,-1.122964
14693,2026-05,T2,suspicious activity,53.945775,-1.120825
14694,2026-05,T2,suspicious activity,53.94629,-1.124898
14695,2026-05,T2,suspicious activity,53.944801,-1.12677
14696,2026-05,T2,vandalism,53.945749,-1.120872
14697,2026-05,T2,harassment,53.947949,-1.121907
14698,2026-05,T2,harassment,53.945749,-1.120872
14699,2026-05,T2,harassment,53.94629,-1.124898
14700,2026-05,T2,robbery,53.94629,-1.124898
14701,2026-05,T2,physical assault,53.945775,-1.120825
14702,2026-05,T2,physical assault,53.945307,-1.124431
14703,2026-05,T2,physical assault,53.945307,-1.124431
14704,2026-05,T2,physical assault,53.946346,-1.11897
14705,2026-05,T2,physical assault,53.946559,-1.119803
14706,2026-05,T2,physical assault,53.948397,-1.122964
14707,2026-05,T2,physical assault,53.944104,-1.120861
14708,2026-05,T2,physical assault,53.947598,-1.119309
14709,2026-05,T2,physical assault,53.946346,-1.11897
14710,2026-05,T2,physical assault,53.946559,-1.119803
14711,2026-05,T2,physical assault,53.945307,-1.124431
14712,2026-05,T2,physical assault,53.945307,-1.124431
14713,2026-05,T2,physical assault,53.945307,-1.124431
14714,2026-05,T2,physical assault,53.947482,-1.120637
14715,2026-05,T2,suspicious activity,53.948905,-1.127266
14716,2026-05,T2,suspicious activity,53.948905,-1.127266
14717,2026-05,T2,suspicious activity,53.948905,-1.127266
14718,2026-05,T2,vandalism,53.948905,-1.127266
14719,2026-05,T2,physical assault,53.948567,-1.125231
14720,2026-05,T2,suspicious activity,53.940907,-1.069985
14721,2026-05,T2,harassment,53.940784,-1.072964
14722,2026-05,T2,harassment,53.938629,-1.068238
14723,2026-05,T2,harassment,53.940784,-1.072964
14724,2026-05,T2,robbery,53.940907,-1.069985
14725,2026-05,T2,harassment,53.950476,-1.076553
14726,2026-05,T2,suspicious activity,53.944344,-1.073869
14727,2026-05,T2,vandalism,53.948305,-1.073584
14728,2026-05,T2,vandalism,53.941468,-1.076249
14729,2026-05,T2,vandalism,53.94649,-1.072405
14730,2026-05,T2,harassment,53.94649,-1.072405
14731,2026-05,T2,harassment,53.94649,-1.072405
14732,2026-05,T2,harassment,53.94649,-1.072405
14733,2026-05,T2,harassment,53.94649,-1.072405
14734,2026-05,T2,physical assault,53.94649,-1.072405
14735,2026-05,T2,physical assault,53.94649,-1.072405
14736,2026-05,T2,physical assault,53.94649,-1.072405
14737,2026-05,T2,physical assault,53.946518,-1.076046
14738,2026-05,T2,physical assault,53.94649,-1.072405
14739,2026-05,T2,physical assault,53.94649,-1.072405
14740,2026-05,T2,physical assault,53.94649,-1.072405
14741,2026-05,T2,suspicious activity,53.95405,-1.059787
14742,2026-05,T2,suspicious activity,53.953574,-1.063348
14743,2026-05,T2,suspicious activity,53.953574,-1.063348
14744,2026-05,T2,suspicious activity,53.95405,-1.059787
14745,2026-05,T2,suspicious activity,53.95405,-1.059787
14746,2026-05,T2,suspicious activity,53.952753,-1.067527
14747,2026-05,T2,suspicious activity,53.952815,-1.060531
14748,2026-05,T2,suspicious activity,53.95405,-1.059787
14749,2026-05,T2,harassment,53.954281,-1.064125
14750,2026-05,T2,harassment,53.95405,-1.059787
14751,2026-05,T2,physical assault,53.953425,-1.074263
14752,2026-05,T2,physical assault,53.95405,-1.059787
14753,2026-05,T2,physical assault,53.954421,-1.063649
14754,2026-05,T2,physical assault,53.952815,-1.060531
14755,2026-05,T2,physical assault,53.954522,-1.069651
14756,2026-05,T2,physical assault,53.954388,-1.070904
14757,2026-05,T2,physical assault,53.95405,-1.059787
14758,2026-05,T2,physical assault,53.95368,-1.073541
14759,2026-05,T2,physical assault,53.95405,-1.059787
14760,2026-05,T2,physical assault,53.95368,-1.073541
14761,2026-05,T2,physical assault,53.952815,-1.060531
14762,2026-05,T2,suspicious activity,53.952774,-1.076191
14763,2026-05,T2,suspicious activity,53.951565,-1.069671
14764,2026-05,T2,suspicious activity,53.950955,-1.075689
14765,2026-05,T2,suspicious activity,53.951661,-1.071696
14766,2026-05,T2,suspicious activity,53.950742,-1.072585
14767,2026-05,T2,vandalism,53.953657,-1.079881
14768,2026-05,T2,vandalism,53.950955,-1.075689
14769,2026-05,T2,physical assault,53.951639,-1.075841
14770,2026-05,T2,physical assault,53.953663,-1.076771
14771,2026-05,T2,suspicious activity,53.948497,-1.081744
14772,2026-05,T2,suspicious activity,53.948497,-1.081744
14773,2026-05,T2,suspicious activity,53.95148,-1.085536
14774,2026-05,T2,vandalism,53.950625,-1.084199
14775,2026-05,T2,harassment,53.95148,-1.085536
14776,2026-05,T2,harassment,53.950489,-1.080118
14777,2026-05,T2,physical assault,53.952212,-1.080171
14778,2026-05,T2,physical assault,53.952212,-1.080171
14779,2026-05,T2,physical assault,53.950521,-1.082403
14780,2026-05,T2,physical assault,53.948497,-1.081744
14781,2026-05,T2,physical assault,53.952212,-1.080171
14782,2026-05,T2,suspicious activity,53.933146,-1.108434
14783,2026-05,T2,vandalism,53.932422,-1.109104
14784,2026-05,T2,physical assault,53.932422,-1.109104
14785,2026-05,T2,physical assault,53.933775,-1.103607
14786,2026-05,T2,physical assault,53.934536,-1.110445
14787,2026-05,T2,physical assault,53.932422,-1.109104
14788,2026-05,T2,physical assault,53.932422,-1.109104
14789,2026-05,T2,suspicious activity,53.942262,-1.112429
14790,2026-05,T2,harassment,53.947726,-1.10503
14791,2026-05,T2,physical assault,53.940709,-1.110314
14792,2026-05,T2,physical assault,53.947726,-1.10503
14793,2026-05,T2,suspicious activity,53.946441,-1.096693
14794,2026-05,T2,suspicious activity,53.944833,-1.094366
14795,2026-05,T2,suspicious activity,53.945999,-1.091705
14796,2026-05,T2,suspicious activity,53.944833,-1.094366
14797,2026-05,T2,physical assault,53.938061,-1.087688
14798,2026-05,T2,physical assault,53.938061,-1.087688
14799,2026-05,T2,physical assault,53.938061,-1.087688
14800,2026-05,T2,physical assault,53.944833,-1.094366
14801,2026-05,T2,physical assault,53.938061,-1.087688
14802,2026-05,T2,physical assault,53.938061,-1.087688
14803,2026-05,T2,physical assault,53.938061,-1.087688
14804,2026-05,T2,suspicious activity,53.945119,-1.082553
14805,2026-05,T2,suspicious activity,53.94537,-1.089342
14806,2026-05,T2,physical assault,53.945203,-1.08869
14807,2026-05,T2,suspicious activity,53.937694,-1.11705
14808,2026-05,T2,physical assault,53.938388,-1.119793
14809,2026-05,T2,physical assault,53.939429,-1.120715
14810,2026-05,T2,physical assault,53.939875,-1.11414
14811,2026-05,T2,suspicious activity,53.93358,-1.113725
14812,2026-05,T2,vandalism,53.933423,-1.110697
14813,2026-05,T2,suspicious activity,53.936823,-1.126985
14814,2026-05,T2,suspicious activity,53.936492,-1.125925
14815,2026-05,T2,harassment,53.937349,-1.125161
14816,2026-05,T2,physical assault,53.94092,-1.12434
14817,2026-05,T2,vandalism,53.941779,-1.115181
14818,2026-05,T2,physical assault,53.941779,-1.115181
14819,2026-05,T2,physical assault,53.943173,-1.119021
14820,2026-05,T2,physical assault,53.941833,-1.118806
14821,2026-05,T2,physical assault,53.940162,-1.121477
14822,2026-05,T2,suspicious activity,53.948815,-1.052454
14823,2026-05,T2,suspicious activity,53.948815,-1.052454
14824,2026-05,T2,suspicious activity,53.944068,-1.05119
14825,2026-05,T2,suspicious activity,53.948815,-1.052454
14826,2026-05,T2,suspicious activity,53.94432,-1.041068
14827,2026-05,T2,suspicious activity,53.948815,-1.052454
14828,2026-05,T2,suspicious activity,53.948815,-1.052454
14829,2026-05,T2,suspicious activity,53.948815,-1.052454
14830,2026-05,T2,suspicious activity,53.947696,-1.05414
14831,2026-05,T2,suspicious activity,53.948804,-1.04773
14832,2026-05,T2,suspicious activity,53.940612,-1.045537
14833,2026-05,T2,harassment,53.948207,-1.058654
14834,2026-05,T2,harassment,53.948815,-1.052454
14835,2026-05,T2,physical assault,53.941861,-1.048285
14836,2026-05,T2,suspicious activity,53.937207,-1.06798
14837,2026-05,T2,suspicious activity,53.93441,-1.064443
14838,2026-05,T2,suspicious activity,53.933784,-1.067066
14839,2026-05,T2,physical assault,53.93441,-1.064443
14840,2026-05,T2,physical assault,53.933297,-1.068021
14841,2026-05,T2,physical assault,53.934797,-1.062119
14842,2026-05,T2,physical assault,53.937207,-1.06798
14843,2026-05,T2,physical assault,53.93441,-1.064443
14844,2026-05,T2,physical assault,53.933415,-1.070486
14845,2026-05,T2,physical assault,53.939796,-1.074069
14846,2026-05,T2,physical assault,53.933415,-1.070486
14847,2026-05,T2,physical assault,53.933027,-1.070236
14848,2026-06,T2,physical assault,53.98609,-1.078068
14849,2026-06,T2,physical assault,53.984084,-1.069679
14850,2026-06,T2,harassment,53.983944,-1.060929
14851,2026-06,T2,physical assault,53.98496,-1.063285
14852,2026-06,T2,physical assault,53.983944,-1.060929
14853,2026-06,T2,suspicious activity,53.980367,-1.067886
14854,2026-06,T2,suspicious activity,53.979349,-1.069983
14855,2026-06,T2,suspicious activity,53.979349,-1.069983
14856,2026-06,T2,vandalism,53.980928,-1.06028
14857,2026-06,T2,harassment,53.979349,-1.069983
14858,2026-06,T2,harassment,53.978373,-1.064591
14859,2026-06,T2,harassment,53.978373,-1.064591
14860,2026-06,T2,harassment,53.979349,-1.069983
14861,2026-06,T2,physical assault,53.979349,-1.069983
14862,2026-06,T2,physical assault,53.979349,-1.069983
14863,2026-06,T2,physical assault,53.978373,-1.064591
14864,2026-06,T2,physical assault,53.979349,-1.069983
14865,2026-06,T2,physical assault,53.979349,-1.069983
14866,2026-06,T2,physical assault,53.980367,-1.067886
14867,2026-06,T2,physical assault,53.979349,-1.069983
14868,2026-06,T2,physical assault,53.980367,-1.067886
14869,2026-06,T2,physical assault,53.979349,-1.069983
14870,2026-06,T2,physical assault,53.979349,-1.069983
14871,2026-06,T2,physical assault,53.979349,-1.069983
14872,2026-06,T2,suspicious activity,53.982728,-1.048285
14873,2026-06,T2,suspicious activity,53.9835,-1.049362
14874,2026-06,T2,suspicious activity,53.9835,-1.049362
14875,2026-06,T2,vandalism,53.982568,-1.051993
14876,2026-06,T2,harassment,53.982568,-1.051993
14877,2026-06,T2,physical assault,53.9835,-1.049362
14878,2026-06,T2,physical assault,53.98508,-1.048282
14879,2026-06,T2,physical assault,53.9835,-1.049362
14880,2026-06,T2,physical assault,53.9835,-1.049362
14881,2026-06,T2,physical assault,53.9835,-1.049362
14882,2026-06,T2,physical assault,53.986004,-1.055453
14883,2026-06,T2,physical assault,53.986032,-1.061324
14884,2026-06,T2,suspicious activity,53.979586,-1.095091
14885,2026-06,T2,vandalism,53.978434,-1.099691
14886,2026-06,T2,physical assault,53.974178,-1.097861
14887,2026-06,T2,suspicious activity,53.985394,-1.111055
14888,2026-06,T2,suspicious activity,53.981228,-1.093561
14889,2026-06,T2,suspicious activity,53.983763,-1.095509
14890,2026-06,T2,suspicious activity,53.981228,-1.093561
14891,2026-06,T2,suspicious activity,53.981228,-1.093561
14892,2026-06,T2,suspicious activity,53.983763,-1.095509
14893,2026-06,T2,suspicious activity,53.984519,-1.092575
14894,2026-06,T2,vandalism,53.984958,-1.09653
14895,2026-06,T2,vandalism,53.984958,-1.09653
14896,2026-06,T2,physical assault,53.984958,-1.09653
14897,2026-06,T2,physical assault,53.984958,-1.09653
14898,2026-06,T2,physical assault,53.984958,-1.09653
14899,2026-06,T2,physical assault,53.978243,-1.092269
14900,2026-06,T2,physical assault,53.984659,-1.10035
14901,2026-06,T2,physical assault,53.984659,-1.10035
14902,2026-06,T2,physical assault,53.983763,-1.095509
14903,2026-06,T2,suspicious activity,53.981762,-1.10363
14904,2026-06,T2,suspicious activity,53.981757,-1.101739
14905,2026-06,T2,suspicious activity,53.981757,-1.101739
14906,2026-06,T2,vandalism,53.981757,-1.101739
14907,2026-06,T2,vandalism,53.979366,-1.104123
14908,2026-06,T2,suspicious activity,53.961942,-1.093782
14909,2026-06,T2,physical assault,53.968544,-1.094477
14910,2026-06,T2,physical assault,53.967548,-1.09113
14911,2026-06,T2,physical assault,53.967376,-1.088557
14912,2026-06,T2,physical assault,53.965061,-1.091458
14913,2026-06,T2,suspicious activity,53.968507,-1.099112
14914,2026-06,T2,suspicious activity,53.970403,-1.101419
14915,2026-06,T2,suspicious activity,53.967244,-1.09856
14916,2026-06,T2,suspicious activity,53.967244,-1.09856
14917,2026-06,T2,vandalism,53.969871,-1.095256
14918,2026-06,T2,physical assault,53.969307,-1.095558
14919,2026-06,T2,physical assault,53.971381,-1.102495
14920,2026-06,T2,physical assault,53.967519,-1.101649
14921,2026-06,T2,physical assault,53.967244,-1.09856
14922,2026-06,T2,suspicious activity,53.98521,-1.122603
14923,2026-06,T2,physical assault,53.983218,-1.121578
14924,2026-06,T2,physical assault,53.985481,-1.117885
14925,2026-06,T2,physical assault,53.983218,-1.121578
14926,2026-06,T2,suspicious activity,53.980402,-1.11296
14927,2026-06,T2,suspicious activity,53.980362,-1.107594
14928,2026-06,T2,vandalism,53.978293,-1.110886
14929,2026-06,T2,harassment,53.978293,-1.110886
14930,2026-06,T2,physical assault,53.974697,-1.104726
14931,2026-06,T2,physical assault,53.974697,-1.104726
14932,2026-06,T2,suspicious activity,53.966924,-1.059055
14933,2026-06,T2,suspicious activity,53.968002,-1.05389
14934,2026-06,T2,suspicious activity,53.9669,-1.055087
14935,2026-06,T2,physical assault,53.969386,-1.05903
14936,2026-06,T2,physical assault,53.971014,-1.053656
14937,2026-06,T2,suspicious activity,53.965686,-1.060562
14938,2026-06,T2,vandalism,53.965632,-1.063993
14939,2026-06,T2,vandalism,53.965309,-1.066317
14940,2026-06,T2,harassment,53.967105,-1.061551
14941,2026-06,T2,physical assault,53.965309,-1.066317
14942,2026-06,T2,physical assault,53.965309,-1.066317
14943,2026-06,T2,suspicious activity,53.976346,-1.060612
14944,2026-06,T2,vandalism,53.974585,-1.06524
14945,2026-06,T2,vandalism,53.97811,-1.059733
14946,2026-06,T2,physical assault,53.976841,-1.064153
14947,2026-06,T2,suspicious activity,53.971516,-1.05184
14948,2026-06,T2,suspicious activity,53.968751,-1.049602
14949,2026-06,T2,suspicious activity,53.971938,-1.060101
14950,2026-06,T2,suspicious activity,53.966797,-1.04418
14951,2026-06,T2,suspicious activity,53.967554,-1.046876
14952,2026-06,T2,suspicious activity,53.967132,-1.045605
14953,2026-06,T2,harassment,53.967735,-1.04522
14954,2026-06,T2,physical assault,53.967132,-1.045605
14955,2026-06,T2,physical assault,53.967735,-1.04522
14956,2026-06,T2,suspicious activity,53.968952,-1.084285
14957,2026-06,T2,vandalism,53.969333,-1.083514
14958,2026-06,T2,physical assault,53.968952,-1.084285
14959,2026-06,T2,physical assault,53.969802,-1.080257
14960,2026-06,T2,physical assault,53.970504,-1.079189
14961,2026-06,T2,physical assault,53.970504,-1.079189
14962,2026-06,T2,physical assault,53.968952,-1.084285
14963,2026-06,T2,physical assault,53.971353,-1.085574
14964,2026-06,T2,physical assault,53.969333,-1.083514
14965,2026-06,T2,physical assault,53.968952,-1.084285
14966,2026-06,T2,vandalism,53.974308,-1.08647
14967,2026-06,T2,physical assault,53.970245,-1.091254
14968,2026-06,T2,physical assault,53.974162,-1.084994
14969,2026-06,T2,physical assault,53.974162,-1.084994
14970,2026-06,T2,physical assault,53.974162,-1.084994
14971,2026-06,T2,suspicious activity,53.976961,-1.086671
14972,2026-06,T2,suspicious activity,53.973404,-1.089432
14973,2026-06,T2,suspicious activity,53.973404,-1.089432
14974,2026-06,T2,suspicious activity,53.973404,-1.089432
14975,2026-06,T2,vandalism,53.973404,-1.089432
14976,2026-06,T2,vandalism,53.975407,-1.086888
14977,2026-06,T2,physical assault,53.974117,-1.089752
14978,2026-06,T2,physical assault,53.973887,-1.091464
14979,2026-06,T2,physical assault,53.973887,-1.091464
14980,2026-06,T2,physical assault,53.974117,-1.089752
14981,2026-06,T2,suspicious activity,53.977102,-1.092294
14982,2026-06,T2,vandalism,53.974675,-1.094573
14983,2026-06,T2,vandalism,53.973855,-1.093127
14984,2026-06,T2,harassment,53.974675,-1.094573
14985,2026-06,T2,physical assault,53.973855,-1.093127
14986,2026-06,T2,physical assault,53.975967,-1.094316
14987,2026-06,T2,physical assault,53.977102,-1.092294
14988,2026-06,T2,physical assault,53.977102,-1.092294
14989,2026-06,T2,physical assault,53.977102,-1.092294
14990,2026-06,T2,physical assault,53.977102,-1.092294
14991,2026-06,T2,suspicious activity,53.974407,-1.082976
14992,2026-06,T2,suspicious activity,53.976532,-1.088251
14993,2026-06,T2,suspicious activity,53.977431,-1.09061
14994,2026-06,T2,suspicious activity,53.979806,-1.085007
14995,2026-06,T2,suspicious activity,53.976532,-1.088251
14996,2026-06,T2,suspicious activity,53.979806,-1.085007
14997,2026-06,T2,vandalism,53.976532,-1.088251
14998,2026-06,T2,vandalism,53.976532,-1.088251
14999,2026-06,T2,vandalism,53.976532,-1.088251
15000,2026-06,T2,harassment,53.976532,-1.088251
15001,2026-06,T2,robbery,53.976532,-1.088251
15002,2026-06,T2,physical assault,53.973532,-1.084886
15003,2026-06,T2,physical assault,53.977794,-1.087461
15004,2026-06,T2,physical assault,53.976532,-1.088251
15005,2026-06,T2,physical assault,53.976082,-1.083366
15006,2026-06,T2,physical assault,53.979806,-1.085007
15007,2026-06,T2,physical assault,53.976532,-1.088251
15008,2026-06,T2,physical assault,53.976532,-1.088251
15009,2026-06,T2,physical assault,53.973532,-1.084886
15010,2026-06,T2,physical assault,53.976082,-1.083366
15011,2026-06,T2,suspicious activity,53.973344,-1.079127
15012,2026-06,T2,suspicious activity,53.972694,-1.072875
15013,2026-06,T2,suspicious activity,53.971747,-1.073704
15014,2026-06,T2,suspicious activity,53.973989,-1.073029
15015,2026-06,T2,suspicious activity,53.974701,-1.075575
15016,2026-06,T2,harassment,53.971747,-1.073704
15017,2026-06,T2,harassment,53.972975,-1.081468
15018,2026-06,T2,physical assault,53.970969,-1.074179
15019,2026-06,T2,physical assault,53.973344,-1.079127
15020,2026-06,T2,physical assault,53.970969,-1.074179
15021,2026-06,T2,physical assault,53.971603,-1.077168
15022,2026-06,T2,physical assault,53.972258,-1.078129
15023,2026-06,T2,physical assault,53.970969,-1.074179
15024,2026-06,T2,physical assault,53.970969,-1.074179
15025,2026-06,T2,physical assault,53.970969,-1.074179
15026,2026-06,T2,physical assault,53.970969,-1.074179
15027,2026-06,T2,vandalism,53.967315,-1.074671
15028,2026-06,T2,vandalism,53.969214,-1.078532
15029,2026-06,T2,physical assault,53.968721,-1.076332
15030,2026-06,T2,suspicious activity,53.970504,-1.069829
15031,2026-06,T2,suspicious activity,53.965587,-1.072042
15032,2026-06,T2,suspicious activity,53.966341,-1.068474
15033,2026-06,T2,suspicious activity,53.970504,-1.069829
15034,2026-06,T2,suspicious activity,53.9705,-1.070454
15035,2026-06,T2,suspicious activity,53.970504,-1.069829
15036,2026-06,T2,vandalism,53.970504,-1.069829
15037,2026-06,T2,vandalism,53.965587,-1.072042
15038,2026-06,T2,physical assault,53.965587,-1.072042
15039,2026-06,T2,physical assault,53.970504,-1.069829
15040,2026-06,T2,physical assault,53.970504,-1.069829
15041,2026-06,T2,physical assault,53.966341,-1.068474
15042,2026-06,T2,suspicious activity,53.964227,-1.065945
15043,2026-06,T2,suspicious activity,53.964227,-1.065945
15044,2026-06,T2,suspicious activity,53.962448,-1.068316
15045,2026-06,T2,suspicious activity,53.963012,-1.065713
15046,2026-06,T2,suspicious activity,53.962083,-1.071114
15047,2026-06,T2,suspicious activity,53.964473,-1.063544
15048,2026-06,T2,suspicious activity,53.96386,-1.068422
15049,2026-06,T2,suspicious activity,53.960859,-1.070836
15050,2026-06,T2,suspicious activity,53.964473,-1.063544
15051,2026-06,T2,suspicious activity,53.964473,-1.063544
15052,2026-06,T2,suspicious activity,53.959725,-1.071913
15053,2026-06,T2,suspicious activity,53.964473,-1.063544
15054,2026-06,T2,suspicious activity,53.960859,-1.070836
15055,2026-06,T2,vandalism,53.963874,-1.058632
15056,2026-06,T2,harassment,53.964473,-1.063544
15057,2026-06,T2,physical assault,53.964473,-1.063544
15058,2026-06,T2,physical assault,53.960859,-1.070836
15059,2026-06,T2,physical assault,53.960859,-1.070836
15060,2026-06,T2,physical assault,53.962448,-1.068316
15061,2026-06,T2,physical assault,53.962083,-1.071114
15062,2026-06,T2,physical assault,53.962448,-1.068316
15063,2026-06,T2,physical assault,53.959688,-1.070588
15064,2026-06,T2,physical assault,53.963012,-1.065713
15065,2026-06,T2,physical assault,53.962083,-1.071114
15066,2026-06,T2,physical assault,53.962218,-1.061889
15067,2026-06,T2,suspicious activity,53.973799,-1.070564
15068,2026-06,T2,vandalism,53.977135,-1.067226
15069,2026-06,T2,vandalism,53.977928,-1.068718
15070,2026-06,T2,vandalism,53.973799,-1.070564
15071,2026-06,T2,vandalism,53.972665,-1.068012
15072,2026-06,T2,harassment,53.977928,-1.068718
15073,2026-06,T2,physical assault,53.973348,-1.069141
15074,2026-06,T2,physical assault,53.976326,-1.070645
15075,2026-06,T2,physical assault,53.977928,-1.068718
15076,2026-06,T2,physical assault,53.976812,-1.066165
15077,2026-06,T2,physical assault,53.973348,-1.069141
15078,2026-06,T2,suspicious activity,53.960895,-1.124821
15079,2026-06,T2,suspicious activity,53.966716,-1.120675
15080,2026-06,T2,physical assault,53.966792,-1.123706
15081,2026-06,T2,physical assault,53.966792,-1.123706
15082,2026-06,T2,suspicious activity,53.964065,-1.118261
15083,2026-06,T2,suspicious activity,53.964065,-1.118261
15084,2026-06,T2,suspicious activity,53.964065,-1.118261
15085,2026-06,T2,physical assault,53.963587,-1.120542
15086,2026-06,T2,suspicious activity,53.967163,-1.079446
15087,2026-06,T2,suspicious activity,53.959662,-1.081996
15088,2026-06,T2,suspicious activity,53.966683,-1.082505
15089,2026-06,T2,suspicious activity,53.960793,-1.084601
15090,2026-06,T2,suspicious activity,53.962948,-1.085422
15091,2026-06,T2,suspicious activity,53.964079,-1.084041
15092,2026-06,T2,suspicious activity,53.962948,-1.085422
15093,2026-06,T2,suspicious activity,53.966683,-1.082505
15094,2026-06,T2,suspicious activity,53.96114,-1.081758
15095,2026-06,T2,suspicious activity,53.962948,-1.085422
15096,2026-06,T2,suspicious activity,53.961505,-1.088365
15097,2026-06,T2,suspicious activity,53.966683,-1.082505
15098,2026-06,T2,suspicious activity,53.960793,-1.084601
15099,2026-06,T2,suspicious activity,53.967163,-1.079446
15100,2026-06,T2,suspicious activity,53.960793,-1.084601
15101,2026-06,T2,suspicious activity,53.960387,-1.085585
15102,2026-06,T2,suspicious activity,53.957537,-1.083087
15103,2026-06,T2,suspicious activity,53.96114,-1.081758
15104,2026-06,T2,suspicious activity,53.961677,-1.084962
15105,2026-06,T2,suspicious activity,53.967163,-1.079446
15106,2026-06,T2,suspicious activity,53.960793,-1.084601
15107,2026-06,T2,suspicious activity,53.962669,-1.080749
15108,2026-06,T2,suspicious activity,53.959662,-1.081996
15109,2026-06,T2,suspicious activity,53.959662,-1.081996
15110,2026-06,T2,suspicious activity,53.962948,-1.085422
15111,2026-06,T2,suspicious activity,53.957868,-1.082866
15112,2026-06,T2,suspicious activity,53.958528,-1.083246
15113,2026-06,T2,suspicious activity,53.960793,-1.084601
15114,2026-06,T2,suspicious activity,53.961505,-1.088365
15115,2026-06,T2,suspicious activity,53.964138,-1.089497
15116,2026-06,T2,vandalism,53.960387,-1.085585
15117,2026-06,T2,vandalism,53.967163,-1.079446
15118,2026-06,T2,vandalism,53.966683,-1.082505
15119,2026-06,T2,vandalism,53.962669,-1.080749
15120,2026-06,T2,vandalism,53.968124,-1.081757
15121,2026-06,T2,vandalism,53.968124,-1.081757
15122,2026-06,T2,vandalism,53.966263,-1.0841
15123,2026-06,T2,vandalism,53.965236,-1.083726
15124,2026-06,T2,vandalism,53.961067,-1.082827
15125,2026-06,T2,vandalism,53.963989,-1.085262
15126,2026-06,T2,vandalism,53.963813,-1.085693
15127,2026-06,T2,physical assault,53.963813,-1.085693
15128,2026-06,T2,harassment,53.962239,-1.085545
15129,2026-06,T2,harassment,53.958528,-1.083246
15130,2026-06,T2,harassment,53.961677,-1.084962
15131,2026-06,T2,harassment,53.958528,-1.083246
15132,2026-06,T2,harassment,53.96114,-1.081758
15133,2026-06,T2,harassment,53.965236,-1.083726
15134,2026-06,T2,harassment,53.961677,-1.084962
15135,2026-06,T2,harassment,53.962948,-1.085422
15136,2026-06,T2,harassment,53.967202,-1.081046
15137,2026-06,T2,harassment,53.962239,-1.085545
15138,2026-06,T2,robbery,53.966683,-1.082505
15139,2026-06,T2,robbery,53.964079,-1.084041
15140,2026-06,T2,robbery,53.968124,-1.081757
15141,2026-06,T2,physical assault,53.961677,-1.084962
15142,2026-06,T2,physical assault,53.961369,-1.085884
15143,2026-06,T2,physical assault,53.960122,-1.084517
15144,2026-06,T2,physical assault,53.960122,-1.084517
15145,2026-06,T2,physical assault,53.959662,-1.081996
15146,2026-06,T2,physical assault,53.962948,-1.085422
15147,2026-06,T2,physical assault,53.959662,-1.081996
15148,2026-06,T2,physical assault,53.961677,-1.084962
15149,2026-06,T2,physical assault,53.957537,-1.083087
15150,2026-06,T2,physical assault,53.967163,-1.079446
15151,2026-06,T2,physical assault,53.960122,-1.084517
15152,2026-06,T2,physical assault,53.959662,-1.081996
15153,2026-06,T2,physical assault,53.959662,-1.081996
15154,2026-06,T2,physical assault,53.959662,-1.081996
15155,2026-06,T2,physical assault,53.957537,-1.083087
15156,2026-06,T2,physical assault,53.961067,-1.082827
15157,2026-06,T2,physical assault,53.959662,-1.081996
15158,2026-06,T2,physical assault,53.958528,-1.083246
15159,2026-06,T2,physical assault,53.957537,-1.083087
15160,2026-06,T2,physical assault,53.960122,-1.084517
15161,2026-06,T2,physical assault,53.960122,-1.084517
15162,2026-06,T2,physical assault,53.967163,-1.079446
15163,2026-06,T2,physical assault,53.960122,-1.084517
15164,2026-06,T2,physical assault,53.961067,-1.082827
15165,2026-06,T2,physical assault,53.962239,-1.085545
15166,2026-06,T2,physical assault,53.959662,-1.081996
15167,2026-06,T2,physical assault,53.957537,-1.083087
15168,2026-06,T2,physical assault,53.958528,-1.083246
15169,2026-06,T2,physical assault,53.966468,-1.079095
15170,2026-06,T2,physical assault,53.967163,-1.079446
15171,2026-06,T2,physical assault,53.96114,-1.081758
15172,2026-06,T2,physical assault,53.959662,-1.081996
15173,2026-06,T2,physical assault,53.961677,-1.084962
15174,2026-06,T2,physical assault,53.960122,-1.084517
15175,2026-06,T2,physical assault,53.960122,-1.084517
15176,2026-06,T2,physical assault,53.960793,-1.084601
15177,2026-06,T2,physical assault,53.959782,-1.083212
15178,2026-06,T2,physical assault,53.964079,-1.084041
15179,2026-06,T2,physical assault,53.960122,-1.084517
15180,2026-06,T2,physical assault,53.960122,-1.084517
15181,2026-06,T2,physical assault,53.957537,-1.083087
15182,2026-06,T2,physical assault,53.957537,-1.083087
15183,2026-06,T2,physical assault,53.962239,-1.085545
15184,2026-06,T2,physical assault,53.958528,-1.083246
15185,2026-06,T2,physical assault,53.959662,-1.081996
15186,2026-06,T2,physical assault,53.966683,-1.082505
15187,2026-06,T2,physical assault,53.960387,-1.085585
15188,2026-06,T2,physical assault,53.967163,-1.079446
15189,2026-06,T2,physical assault,53.965783,-1.078821
15190,2026-06,T2,physical assault,53.959662,-1.081996
15191,2026-06,T2,physical assault,53.960122,-1.084517
15192,2026-06,T2,suspicious activity,53.962781,-1.078902
15193,2026-06,T2,suspicious activity,53.965454,-1.074713
15194,2026-06,T2,suspicious activity,53.962781,-1.078902
15195,2026-06,T2,suspicious activity,53.965454,-1.074713
15196,2026-06,T2,suspicious activity,53.965454,-1.074713
15197,2026-06,T2,suspicious activity,53.965454,-1.074713
15198,2026-06,T2,harassment,53.964749,-1.078768
15199,2026-06,T2,harassment,53.963636,-1.076673
15200,2026-06,T2,harassment,53.962781,-1.078902
15201,2026-06,T2,harassment,53.965454,-1.074713
15202,2026-06,T2,physical assault,53.965454,-1.074713
15203,2026-06,T2,physical assault,53.962781,-1.078902
15204,2026-06,T2,physical assault,53.966859,-1.077395
15205,2026-06,T2,physical assault,53.965926,-1.075297
15206,2026-06,T2,suspicious activity,53.954128,-1.097014
15207,2026-06,T2,suspicious activity,53.951995,-1.088313
15208,2026-06,T2,suspicious activity,53.952733,-1.088374
15209,2026-06,T2,suspicious activity,53.952955,-1.088079
15210,2026-06,T2,suspicious activity,53.952955,-1.088079
15211,2026-06,T2,suspicious activity,53.951281,-1.090173
15212,2026-06,T2,suspicious activity,53.952955,-1.088079
15213,2026-06,T2,suspicious activity,53.951995,-1.088313
15214,2026-06,T2,suspicious activity,53.954621,-1.093194
15215,2026-06,T2,suspicious activity,53.953497,-1.090765
15216,2026-06,T2,suspicious activity,53.953497,-1.090765
15217,2026-06,T2,suspicious activity,53.954128,-1.097014
15218,2026-06,T2,vandalism,53.953729,-1.091781
15219,2026-06,T2,physical assault,53.954621,-1.093194
15220,2026-06,T2,physical assault,53.953702,-1.088139
15221,2026-06,T2,physical assault,53.953702,-1.088139
15222,2026-06,T2,physical assault,53.952859,-1.085994
15223,2026-06,T2,physical assault,53.954128,-1.097014
15224,2026-06,T2,physical assault,53.952955,-1.088079
15225,2026-06,T2,physical assault,53.954128,-1.097014
15226,2026-06,T2,physical assault,53.952204,-1.085002
15227,2026-06,T2,physical assault,53.951848,-1.089094
15228,2026-06,T2,suspicious activity,53.956372,-1.074106
15229,2026-06,T2,suspicious activity,53.958399,-1.068879
15230,2026-06,T2,suspicious activity,53.959068,-1.074092
15231,2026-06,T2,suspicious activity,53.956372,-1.074106
15232,2026-06,T2,suspicious activity,53.9554,-1.072431
15233,2026-06,T2,suspicious activity,53.960274,-1.076595
15234,2026-06,T2,suspicious activity,53.958399,-1.068879
15235,2026-06,T2,suspicious activity,53.958399,-1.068879
15236,2026-06,T2,suspicious activity,53.95612,-1.067162
15237,2026-06,T2,suspicious activity,53.960694,-1.075123
15238,2026-06,T2,suspicious activity,53.954973,-1.068788
15239,2026-06,T2,suspicious activity,53.955489,-1.073882
15240,2026-06,T2,suspicious activity,53.959053,-1.079183
15241,2026-06,T2,vandalism,53.960274,-1.076595
15242,2026-06,T2,vandalism,53.956372,-1.074106
15243,2026-06,T2,harassment,53.958399,-1.068879
15244,2026-06,T2,harassment,53.958399,-1.068879
15245,2026-06,T2,harassment,53.960694,-1.075123
15246,2026-06,T2,harassment,53.960274,-1.076595
15247,2026-06,T2,harassment,53.95439,-1.07524
15248,2026-06,T2,harassment,53.955333,-1.074647
15249,2026-06,T2,harassment,53.954973,-1.068788
15250,2026-06,T2,harassment,53.956109,-1.071475
15251,2026-06,T2,physical assault,53.959068,-1.074092
15252,2026-06,T2,physical assault,53.958399,-1.068879
15253,2026-06,T2,physical assault,53.958317,-1.071167
15254,2026-06,T2,physical assault,53.95612,-1.067162
15255,2026-06,T2,physical assault,53.95612,-1.067162
15256,2026-06,T2,physical assault,53.960783,-1.06858
15257,2026-06,T2,physical assault,53.95439,-1.07524
15258,2026-06,T2,physical assault,53.956372,-1.074106
15259,2026-06,T2,physical assault,53.95612,-1.067162
15260,2026-06,T2,physical assault,53.955489,-1.073882
15261,2026-06,T2,physical assault,53.95612,-1.067162
15262,2026-06,T2,physical assault,53.959798,-1.077871
15263,2026-06,T2,physical assault,53.960694,-1.075123
15264,2026-06,T2,physical assault,53.959068,-1.074092
15265,2026-06,T2,physical assault,53.955489,-1.073882
15266,2026-06,T2,physical assault,53.95612,-1.067162
15267,2026-06,T2,physical assault,53.955489,-1.073882
15268,2026-06,T2,physical assault,53.960694,-1.075123
15269,2026-06,T2,physical assault,53.956372,-1.074106
15270,2026-06,T2,suspicious activity,53.96043,-1.091223
15271,2026-06,T2,suspicious activity,53.958398,-1.092228
15272,2026-06,T2,suspicious activity,53.95816,-1.088164
15273,2026-06,T2,suspicious activity,53.957585,-1.089426
15274,2026-06,T2,suspicious activity,53.957273,-1.084983
15275,2026-06,T2,suspicious activity,53.95615,-1.090996
15276,2026-06,T2,suspicious activity,53.959055,-1.087626
15277,2026-06,T2,suspicious activity,53.957273,-1.084983
15278,2026-06,T2,suspicious activity,53.958398,-1.092228
15279,2026-06,T2,suspicious activity,53.953905,-1.081795
15280,2026-06,T2,suspicious activity,53.957273,-1.084983
15281,2026-06,T2,suspicious activity,53.957273,-1.084983
15282,2026-06,T2,suspicious activity,53.956563,-1.08387
15283,2026-06,T2,suspicious activity,53.957273,-1.084983
15284,2026-06,T2,suspicious activity,53.958167,-1.085481
15285,2026-06,T2,suspicious activity,53.957273,-1.084983
15286,2026-06,T2,suspicious activity,53.957046,-1.09055
15287,2026-06,T2,suspicious activity,53.958398,-1.092228
15288,2026-06,T2,suspicious activity,53.958398,-1.092228
15289,2026-06,T2,suspicious activity,53.957273,-1.084983
15290,2026-06,T2,suspicious activity,53.959055,-1.087626
15291,2026-06,T2,suspicious activity,53.956563,-1.08387
15292,2026-06,T2,suspicious activity,53.956563,-1.08387
15293,2026-06,T2,suspicious activity,53.957139,-1.088597
15294,2026-06,T2,vandalism,53.95615,-1.090996
15295,2026-06,T2,vandalism,53.958796,-1.086732
15296,2026-06,T2,vandalism,53.96043,-1.091223
15297,2026-06,T2,vandalism,53.957377,-1.089263
15298,2026-06,T2,vandalism,53.957808,-1.086785
15299,2026-06,T2,vandalism,53.957273,-1.084983
15300,2026-06,T2,harassment,53.957585,-1.089426
15301,2026-06,T2,harassment,53.957273,-1.084983
15302,2026-06,T2,harassment,53.96043,-1.091223
15303,2026-06,T2,harassment,53.96043,-1.091223
15304,2026-06,T2,robbery,53.957273,-1.084983
15305,2026-06,T2,physical assault,53.959055,-1.087626
15306,2026-06,T2,physical assault,53.96043,-1.091223
15307,2026-06,T2,physical assault,53.958796,-1.086732
15308,2026-06,T2,physical assault,53.959155,-1.09023
15309,2026-06,T2,physical assault,53.959055,-1.087626
15310,2026-06,T2,physical assault,53.96043,-1.091223
15311,2026-06,T2,physical assault,53.957273,-1.084983
15312,2026-06,T2,physical assault,53.96043,-1.091223
15313,2026-06,T2,physical assault,53.96043,-1.091223
15314,2026-06,T2,physical assault,53.95615,-1.090996
15315,2026-06,T2,physical assault,53.957273,-1.084983
15316,2026-06,T2,physical assault,53.957273,-1.084983
15317,2026-06,T2,physical assault,53.957273,-1.084983
15318,2026-06,T2,physical assault,53.95615,-1.090996
15319,2026-06,T2,physical assault,53.96043,-1.091223
15320,2026-06,T2,physical assault,53.958796,-1.086732
15321,2026-06,T2,physical assault,53.957808,-1.086785
15322,2026-06,T2,physical assault,53.955925,-1.089752
15323,2026-06,T2,physical assault,53.96043,-1.091223
15324,2026-06,T2,physical assault,53.96043,-1.091223
15325,2026-06,T2,physical assault,53.957808,-1.086785
15326,2026-06,T2,physical assault,53.959155,-1.09023
15327,2026-06,T2,physical assault,53.957273,-1.084983
15328,2026-06,T2,physical assault,53.95615,-1.090996
15329,2026-06,T2,physical assault,53.95615,-1.090996
15330,2026-06,T2,suspicious activity,53.956813,-1.087157
15331,2026-06,T2,suspicious activity,53.955365,-1.083485
15332,2026-06,T2,suspicious activity,53.955363,-1.08443
15333,2026-06,T2,suspicious activity,53.955698,-1.087135
15334,2026-06,T2,harassment,53.956813,-1.087157
15335,2026-06,T2,harassment,53.956813,-1.087157
15336,2026-06,T2,harassment,53.956495,-1.08788
15337,2026-06,T2,harassment,53.956813,-1.087157
15338,2026-06,T2,physical assault,53.955365,-1.083485
15339,2026-06,T2,physical assault,53.956813,-1.087157
15340,2026-06,T2,physical assault,53.95499,-1.086115
15341,2026-06,T2,physical assault,53.95499,-1.086115
15342,2026-06,T2,suspicious activity,53.956836,-1.079597
15343,2026-06,T2,suspicious activity,53.957588,-1.080126
15344,2026-06,T2,suspicious activity,53.958919,-1.080451
15345,2026-06,T2,suspicious activity,53.958919,-1.080451
15346,2026-06,T2,suspicious activity,53.958919,-1.080451
15347,2026-06,T2,suspicious activity,53.958064,-1.08143
15348,2026-06,T2,suspicious activity,53.958919,-1.080451
15349,2026-06,T2,suspicious activity,53.960121,-1.080058
15350,2026-06,T2,suspicious activity,53.956609,-1.0734
15351,2026-06,T2,suspicious activity,53.958346,-1.080242
15352,2026-06,T2,suspicious activity,53.957159,-1.078249
15353,2026-06,T2,suspicious activity,53.957319,-1.079175
15354,2026-06,T2,suspicious activity,53.960121,-1.080058
15355,2026-06,T2,suspicious activity,53.95728,-1.082376
15356,2026-06,T2,suspicious activity,53.958425,-1.076895
15357,2026-06,T2,suspicious activity,53.955888,-1.078993
15358,2026-06,T2,suspicious activity,53.957819,-1.079324
15359,2026-06,T2,suspicious activity,53.958919,-1.080451
15360,2026-06,T2,suspicious activity,53.954439,-1.077608
15361,2026-06,T2,suspicious activity,53.955888,-1.078993
15362,2026-06,T2,suspicious activity,53.957159,-1.078249
15363,2026-06,T2,suspicious activity,53.959281,-1.084118
15364,2026-06,T2,suspicious activity,53.957159,-1.078249
15365,2026-06,T2,suspicious activity,53.955084,-1.077335
15366,2026-06,T2,suspicious activity,53.958919,-1.080451
15367,2026-06,T2,suspicious activity,53.956639,-1.077316
15368,2026-06,T2,suspicious activity,53.954439,-1.077608
15369,2026-06,T2,suspicious activity,53.955888,-1.078993
15370,2026-06,T2,suspicious activity,53.957819,-1.079324
15371,2026-06,T2,suspicious activity,53.955888,-1.078993
15372,2026-06,T2,suspicious activity,53.95823,-1.076092
15373,2026-06,T2,suspicious activity,53.95728,-1.082376
15374,2026-06,T2,suspicious activity,53.957819,-1.079324
15375,2026-06,T2,suspicious activity,53.95706,-1.080659
15376,2026-06,T2,suspicious activity,53.958919,-1.080451
15377,2026-06,T2,suspicious activity,53.954439,-1.077608
15378,2026-06,T2,suspicious activity,53.957819,-1.079324
15379,2026-06,T2,suspicious activity,53.959281,-1.084118
15380,2026-06,T2,suspicious activity,53.957862,-1.082339
15381,2026-06,T2,suspicious activity,53.958919,-1.080451
15382,2026-06,T2,vandalism,53.956623,-1.077529
15383,2026-06,T2,vandalism,53.958346,-1.080242
15384,2026-06,T2,vandalism,53.959281,-1.084118
15385,2026-06,T2,vandalism,53.95869,-1.082269
15386,2026-06,T2,vandalism,53.957819,-1.079324
15387,2026-06,T2,physical assault,53.959658,-1.080632
15388,2026-06,T2,physical assault,53.958346,-1.080242
15389,2026-06,T2,harassment,53.958919,-1.080451
15390,2026-06,T2,harassment,53.956609,-1.0734
15391,2026-06,T2,harassment,53.956836,-1.079597
15392,2026-06,T2,harassment,53.959281,-1.084118
15393,2026-06,T2,harassment,53.959281,-1.084118
15394,2026-06,T2,harassment,53.958346,-1.080242
15395,2026-06,T2,harassment,53.958346,-1.080242
15396,2026-06,T2,harassment,53.958346,-1.080242
15397,2026-06,T2,harassment,53.956623,-1.077529
15398,2026-06,T2,robbery,53.960121,-1.080058
15399,2026-06,T2,physical assault,53.956569,-1.08224
15400,2026-06,T2,physical assault,53.959281,-1.084118
15401,2026-06,T2,physical assault,53.959281,-1.084118
15402,2026-06,T2,physical assault,53.959281,-1.084118
15403,2026-06,T2,physical assault,53.956569,-1.08224
15404,2026-06,T2,physical assault,53.959281,-1.084118
15405,2026-06,T2,physical assault,53.957862,-1.082339
15406,2026-06,T2,physical assault,53.958919,-1.080451
15407,2026-06,T2,physical assault,53.959281,-1.084118
15408,2026-06,T2,physical assault,53.957862,-1.082339
15409,2026-06,T2,physical assault,53.956944,-1.081896
15410,2026-06,T2,physical assault,53.957159,-1.078249
15411,2026-06,T2,physical assault,53.957862,-1.082339
15412,2026-06,T2,physical assault,53.959281,-1.084118
15413,2026-06,T2,physical assault,53.959281,-1.084118
15414,2026-06,T2,physical assault,53.958919,-1.080451
15415,2026-06,T2,physical assault,53.956944,-1.081896
15416,2026-06,T2,physical assault,53.959658,-1.080632
15417,2026-06,T2,physical assault,53.958919,-1.080451
15418,2026-06,T2,physical assault,53.958346,-1.080242
15419,2026-06,T2,physical assault,53.958346,-1.080242
15420,2026-06,T2,physical assault,53.959281,-1.084118
15421,2026-06,T2,physical assault,53.956866,-1.08234
15422,2026-06,T2,physical assault,53.959281,-1.084118
15423,2026-06,T2,physical assault,53.958346,-1.080242
15424,2026-06,T2,physical assault,53.958303,-1.078605
15425,2026-06,T2,physical assault,53.959281,-1.084118
15426,2026-06,T2,physical assault,53.956866,-1.08234
15427,2026-06,T2,physical assault,53.959658,-1.080632
15428,2026-06,T2,physical assault,53.958346,-1.080242
15429,2026-06,T2,physical assault,53.957006,-1.072492
15430,2026-06,T2,physical assault,53.956609,-1.0734
15431,2026-06,T2,physical assault,53.959281,-1.084118
15432,2026-06,T2,physical assault,53.957862,-1.082339
15433,2026-06,T2,physical assault,53.959281,-1.084118
15434,2026-06,T2,physical assault,53.959281,-1.084118
15435,2026-06,T2,physical assault,53.959281,-1.084118
15436,2026-06,T2,physical assault,53.958346,-1.080242
15437,2026-06,T2,physical assault,53.958346,-1.080242
15438,2026-06,T2,physical assault,53.955888,-1.078993
15439,2026-06,T2,physical assault,53.957159,-1.078249
15440,2026-06,T2,suspicious activity,53.964242,-1.0484
15441,2026-06,T2,suspicious activity,53.964242,-1.0484
15442,2026-06,T2,suspicious activity,53.964242,-1.0484
15443,2026-06,T2,suspicious activity,53.964242,-1.0484
15444,2026-06,T2,suspicious activity,53.963449,-1.049272
15445,2026-06,T2,suspicious activity,53.965449,-1.049881
15446,2026-06,T2,suspicious activity,53.964242,-1.0484
15447,2026-06,T2,physical assault,53.965053,-1.053183
15448,2026-06,T2,physical assault,53.964242,-1.0484
15449,2026-06,T2,physical assault,53.962238,-1.05064
15450,2026-06,T2,suspicious activity,53.950621,-1.037723
15451,2026-06,T2,vandalism,53.953803,-1.045575
15452,2026-06,T2,harassment,53.951034,-1.039908
15453,2026-06,T2,physical assault,53.951034,-1.039908
15454,2026-06,T2,physical assault,53.951034,-1.039908
15455,2026-06,T2,physical assault,53.951034,-1.039908
15456,2026-06,T2,physical assault,53.951034,-1.039908
15457,2026-06,T2,physical assault,53.951034,-1.039908
15458,2026-06,T2,suspicious activity,53.960287,-1.040458
15459,2026-06,T2,suspicious activity,53.959398,-1.043938
15460,2026-06,T2,suspicious activity,53.959398,-1.043938
15461,2026-06,T2,suspicious activity,53.959724,-1.038626
15462,2026-06,T2,suspicious activity,53.959724,-1.038626
15463,2026-06,T2,suspicious activity,53.960008,-1.035877
15464,2026-06,T2,suspicious activity,53.961523,-1.042121
15465,2026-06,T2,harassment,53.959784,-1.035973
15466,2026-06,T2,physical assault,53.965225,-1.044231
15467,2026-06,T2,physical assault,53.961592,-1.041815
15468,2026-06,T2,physical assault,53.961592,-1.041815
15469,2026-06,T2,physical assault,53.960287,-1.040458
15470,2026-06,T2,physical assault,53.966348,-1.042813
15471,2026-06,T2,physical assault,53.961002,-1.053488
15472,2026-06,T2,physical assault,53.961002,-1.053488
15473,2026-06,T2,physical assault,53.961002,-1.053488
15474,2026-06,T2,physical assault,53.962789,-1.052198
15475,2026-06,T2,physical assault,53.961754,-1.056519
15476,2026-06,T2,physical assault,53.960223,-1.05458
15477,2026-06,T2,suspicious activity,53.956999,-1.045181
15478,2026-06,T2,suspicious activity,53.955986,-1.045433
15479,2026-06,T2,physical assault,53.957882,-1.045375
15480,2026-06,T2,physical assault,53.957882,-1.045375
15481,2026-06,T2,physical assault,53.955176,-1.045345
15482,2026-06,T2,suspicious activity,53.956238,-1.057091
15483,2026-06,T2,suspicious activity,53.956238,-1.057091
15484,2026-06,T2,suspicious activity,53.956544,-1.06159
15485,2026-06,T2,suspicious activity,53.956544,-1.06159
15486,2026-06,T2,suspicious activity,53.956948,-1.0523
15487,2026-06,T2,suspicious activity,53.957038,-1.059247
15488,2026-06,T2,suspicious activity,53.956544,-1.06159
15489,2026-06,T2,suspicious activity,53.959111,-1.054202
15490,2026-06,T2,suspicious activity,53.958134,-1.056815
15491,2026-06,T2,vandalism,53.957038,-1.059247
15492,2026-06,T2,physical assault,53.956544,-1.06159
15493,2026-06,T2,physical assault,53.956544,-1.06159
15494,2026-06,T2,physical assault,53.956238,-1.057091
15495,2026-06,T2,physical assault,53.957885,-1.059518
15496,2026-06,T2,physical assault,53.957424,-1.052824
15497,2026-06,T2,physical assault,53.957885,-1.059518
15498,2026-06,T2,suspicious activity,53.955304,-1.066175
15499,2026-06,T2,vandalism,53.955988,-1.059438
15500,2026-06,T2,harassment,53.955988,-1.059438
15501,2026-06,T2,harassment,53.956321,-1.062951
15502,2026-06,T2,harassment,53.956321,-1.062951
15503,2026-06,T2,physical assault,53.955988,-1.059438
15504,2026-06,T2,suspicious activity,53.959091,-1.049464
15505,2026-06,T2,suspicious activity,53.956407,-1.047801
15506,2026-06,T2,suspicious activity,53.958751,-1.046163
15507,2026-06,T2,suspicious activity,53.959091,-1.049464
15508,2026-06,T2,suspicious activity,53.959091,-1.049464
15509,2026-06,T2,suspicious activity,53.959202,-1.051466
15510,2026-06,T2,suspicious activity,53.956407,-1.047801
15511,2026-06,T2,suspicious activity,53.959091,-1.049464
15512,2026-06,T2,suspicious activity,53.955833,-1.050024
15513,2026-06,T2,suspicious activity,53.959402,-1.048952
15514,2026-06,T2,suspicious activity,53.959202,-1.051466
15515,2026-06,T2,suspicious activity,53.959091,-1.049464
15516,2026-06,T2,vandalism,53.959091,-1.049464
15517,2026-06,T2,physical assault,53.958105,-1.050744
15518,2026-06,T2,suspicious activity,53.952647,-1.050775
15519,2026-06,T2,suspicious activity,53.953442,-1.054467
15520,2026-06,T2,suspicious activity,53.954611,-1.053496
15521,2026-06,T2,suspicious activity,53.95327,-1.053237
15522,2026-06,T2,suspicious activity,53.953478,-1.059144
15523,2026-06,T2,vandalism,53.952826,-1.047134
15524,2026-06,T2,vandalism,53.954403,-1.05446
15525,2026-06,T2,vandalism,53.952826,-1.047134
15526,2026-06,T2,physical assault,53.95327,-1.053237
15527,2026-06,T2,physical assault,53.953089,-1.055313
15528,2026-06,T2,physical assault,53.952826,-1.047134
15529,2026-06,T2,physical assault,53.95327,-1.053237
15530,2026-06,T2,physical assault,53.952826,-1.047134
15531,2026-06,T2,physical assault,53.95327,-1.053237
15532,2026-06,T2,physical assault,53.962287,-1.114747
15533,2026-06,T2,physical assault,53.960605,-1.112237
15534,2026-06,T2,suspicious activity,53.958393,-1.116963
15535,2026-06,T2,suspicious activity,53.958162,-1.118507
15536,2026-06,T2,suspicious activity,53.95863,-1.122277
15537,2026-06,T2,suspicious activity,53.957259,-1.119258
15538,2026-06,T2,physical assault,53.958162,-1.118507
15539,2026-06,T2,physical assault,53.958393,-1.116963
15540,2026-06,T2,physical assault,53.958162,-1.118507
15541,2026-06,T2,physical assault,53.958162,-1.118507
15542,2026-06,T2,suspicious activity,53.953529,-1.110681
15543,2026-06,T2,suspicious activity,53.953529,-1.110681
15544,2026-06,T2,suspicious activity,53.953529,-1.110681
15545,2026-06,T2,suspicious activity,53.95513,-1.107127
15546,2026-06,T2,harassment,53.95513,-1.107127
15547,2026-06,T2,physical assault,53.952999,-1.108239
15548,2026-06,T2,physical assault,53.956194,-1.111234
15549,2026-06,T2,physical assault,53.954329,-1.10943
15550,2026-06,T2,suspicious activity,53.951687,-1.116892
15551,2026-06,T2,suspicious activity,53.951687,-1.116892
15552,2026-06,T2,suspicious activity,53.952426,-1.115901
15553,2026-06,T2,suspicious activity,53.952719,-1.112908
15554,2026-06,T2,suspicious activity,53.956402,-1.120136
15555,2026-06,T2,vandalism,53.952366,-1.113875
15556,2026-06,T2,physical assault,53.952426,-1.115901
15557,2026-06,T2,physical assault,53.956182,-1.116964
15558,2026-06,T2,suspicious activity,53.951451,-1.11903
15559,2026-06,T2,suspicious activity,53.955788,-1.124486
15560,2026-06,T2,suspicious activity,53.955363,-1.125394
15561,2026-06,T2,suspicious activity,53.955788,-1.124486
15562,2026-06,T2,suspicious activity,53.955006,-1.124472
15563,2026-06,T2,suspicious activity,53.955363,-1.125394
15564,2026-06,T2,suspicious activity,53.955363,-1.125394
15565,2026-06,T2,suspicious activity,53.951451,-1.11903
15566,2026-06,T2,suspicious activity,53.955788,-1.124486
15567,2026-06,T2,suspicious activity,53.955363,-1.125394
15568,2026-06,T2,suspicious activity,53.955363,-1.125394
15569,2026-06,T2,suspicious activity,53.955363,-1.125394
15570,2026-06,T2,suspicious activity,53.955006,-1.124472
15571,2026-06,T2,suspicious activity,53.955363,-1.125394
15572,2026-06,T2,vandalism,53.955337,-1.121859
15573,2026-06,T2,vandalism,53.951879,-1.120971
15574,2026-06,T2,vandalism,53.955337,-1.121859
15575,2026-06,T2,vandalism,53.955337,-1.121859
15576,2026-06,T2,vandalism,53.952391,-1.123429
15577,2026-06,T2,vandalism,53.955337,-1.121859
15578,2026-06,T2,vandalism,53.955337,-1.121859
15579,2026-06,T2,vandalism,53.955337,-1.121859
15580,2026-06,T2,vandalism,53.955337,-1.121859
15581,2026-06,T2,harassment,53.955337,-1.121859
15582,2026-06,T2,harassment,53.955788,-1.124486
15583,2026-06,T2,robbery,53.955363,-1.125394
15584,2026-06,T2,physical assault,53.955363,-1.125394
15585,2026-06,T2,physical assault,53.952391,-1.123429
15586,2026-06,T2,physical assault,53.950801,-1.118602
15587,2026-06,T2,physical assault,53.955363,-1.125394
15588,2026-06,T2,physical assault,53.955363,-1.125394
15589,2026-06,T2,physical assault,53.950359,-1.124478
15590,2026-06,T2,suspicious activity,53.965424,-1.106327
15591,2026-06,T2,suspicious activity,53.964026,-1.104513
15592,2026-06,T2,vandalism,53.965239,-1.104472
15593,2026-06,T2,vandalism,53.963392,-1.104984
15594,2026-06,T2,vandalism,53.964026,-1.104513
15595,2026-06,T2,physical assault,53.964387,-1.109459
15596,2026-06,T2,physical assault,53.964026,-1.104513
15597,2026-06,T2,physical assault,53.964383,-1.10417
15598,2026-06,T2,suspicious activity,53.954365,-1.099859
15599,2026-06,T2,suspicious activity,53.954608,-1.101012
15600,2026-06,T2,suspicious activity,53.954773,-1.101511
15601,2026-06,T2,suspicious activity,53.954922,-1.102133
15602,2026-06,T2,suspicious activity,53.960507,-1.101494
15603,2026-06,T2,physical assault,53.961435,-1.101688
15604,2026-06,T2,physical assault,53.961435,-1.101688
15605,2026-06,T2,physical assault,53.955822,-1.102372
15606,2026-06,T2,physical assault,53.961435,-1.101688
15607,2026-06,T2,physical assault,53.953787,-1.100694
15608,2026-06,T2,physical assault,53.95058,-1.108108
15609,2026-06,T2,physical assault,53.950142,-1.105999
15610,2026-06,T2,physical assault,53.950142,-1.105999
15611,2026-06,T2,physical assault,53.950142,-1.105999
15612,2026-06,T2,physical assault,53.950142,-1.105999
15613,2026-06,T2,physical assault,53.950142,-1.105999
15614,2026-06,T2,suspicious activity,53.949339,-1.08892
15615,2026-06,T2,vandalism,53.949339,-1.08892
15616,2026-06,T2,physical assault,53.949339,-1.08892
15617,2026-06,T2,physical assault,53.947169,-1.091908
15618,2026-06,T2,suspicious activity,53.952273,-1.095287
15619,2026-06,T2,suspicious activity,53.954108,-1.095521
15620,2026-06,T2,suspicious activity,53.952811,-1.092761
15621,2026-06,T2,physical assault,53.948813,-1.102523
15622,2026-06,T2,physical assault,53.948813,-1.102523
15623,2026-06,T2,physical assault,53.954108,-1.095521
15624,2026-06,T2,physical assault,53.954108,-1.095521
15625,2026-06,T2,suspicious activity,53.947949,-1.121907
15626,2026-06,T2,suspicious activity,53.946346,-1.11897
15627,2026-06,T2,suspicious activity,53.946346,-1.11897
15628,2026-06,T2,suspicious activity,53.946346,-1.11897
15629,2026-06,T2,suspicious activity,53.946346,-1.11897
15630,2026-06,T2,suspicious activity,53.942931,-1.1264
15631,2026-06,T2,suspicious activity,53.946346,-1.11897
15632,2026-06,T2,suspicious activity,53.945775,-1.120825
15633,2026-06,T2,vandalism,53.946346,-1.11897
15634,2026-06,T2,vandalism,53.947197,-1.119851
15635,2026-06,T2,vandalism,53.947949,-1.121907
15636,2026-06,T2,harassment,53.947482,-1.120637
15637,2026-06,T2,harassment,53.947949,-1.121907
15638,2026-06,T2,physical assault,53.946559,-1.119803
15639,2026-06,T2,physical assault,53.947949,-1.121907
15640,2026-06,T2,physical assault,53.947949,-1.121907
15641,2026-06,T2,physical assault,53.944104,-1.120861
15642,2026-06,T2,physical assault,53.944104,-1.120861
15643,2026-06,T2,physical assault,53.947772,-1.118574
15644,2026-06,T2,physical assault,53.945307,-1.124431
15645,2026-06,T2,physical assault,53.947949,-1.121907
15646,2026-06,T2,physical assault,53.947772,-1.118574
15647,2026-06,T2,physical assault,53.947772,-1.118574
15648,2026-06,T2,physical assault,53.947772,-1.118574
15649,2026-06,T2,physical assault,53.947197,-1.119851
15650,2026-06,T2,physical assault,53.946559,-1.119803
15651,2026-06,T2,physical assault,53.946559,-1.119803
15652,2026-06,T2,physical assault,53.946346,-1.11897
15653,2026-06,T2,suspicious activity,53.948905,-1.127266
15654,2026-06,T2,physical assault,53.948905,-1.127266
15655,2026-06,T2,physical assault,53.947021,-1.078366
15656,2026-06,T2,physical assault,53.950028,-1.0767
15657,2026-06,T2,physical assault,53.947021,-1.078366
15658,2026-06,T2,physical assault,53.947021,-1.078366
15659,2026-06,T2,suspicious activity,53.938998,-1.081148
15660,2026-06,T2,suspicious activity,53.94649,-1.072405
15661,2026-06,T2,suspicious activity,53.946518,-1.076046
15662,2026-06,T2,suspicious activity,53.94814,-1.071926
15663,2026-06,T2,suspicious activity,53.947636,-1.071877
15664,2026-06,T2,vandalism,53.94649,-1.072405
15665,2026-06,T2,vandalism,53.94649,-1.072405
15666,2026-06,T2,vandalism,53.94649,-1.072405
15667,2026-06,T2,vandalism,53.94649,-1.072405
15668,2026-06,T2,physical assault,53.94649,-1.072405
15669,2026-06,T2,harassment,53.94649,-1.072405
15670,2026-06,T2,harassment,53.94649,-1.072405
15671,2026-06,T2,harassment,53.94649,-1.072405
15672,2026-06,T2,physical assault,53.94649,-1.072405
15673,2026-06,T2,physical assault,53.94649,-1.072405
15674,2026-06,T2,physical assault,53.94649,-1.072405
15675,2026-06,T2,physical assault,53.946614,-1.074596
15676,2026-06,T2,physical assault,53.94649,-1.072405
15677,2026-06,T2,physical assault,53.946614,-1.074596
15678,2026-06,T2,physical assault,53.94649,-1.072405
15679,2026-06,T2,physical assault,53.94649,-1.072405
15680,2026-06,T2,physical assault,53.94649,-1.072405
15681,2026-06,T2,suspicious activity,53.95192,-1.061888
15682,2026-06,T2,suspicious activity,53.952635,-1.075575
15683,2026-06,T2,suspicious activity,53.954522,-1.069651
15684,2026-06,T2,suspicious activity,53.952286,-1.063042
15685,2026-06,T2,suspicious activity,53.954421,-1.063649
15686,2026-06,T2,suspicious activity,53.953574,-1.063348
15687,2026-06,T2,harassment,53.95405,-1.059787
15688,2026-06,T2,physical assault,53.954522,-1.069651
15689,2026-06,T2,physical assault,53.953574,-1.063348
15690,2026-06,T2,physical assault,53.954281,-1.064125
15691,2026-06,T2,physical assault,53.954388,-1.070904
15692,2026-06,T2,physical assault,53.953574,-1.063348
15693,2026-06,T2,physical assault,53.954421,-1.063649
15694,2026-06,T2,physical assault,53.953574,-1.063348
15695,2026-06,T2,physical assault,53.95405,-1.059787
15696,2026-06,T2,physical assault,53.954522,-1.069651
15697,2026-06,T2,physical assault,53.953574,-1.063348
15698,2026-06,T2,suspicious activity,53.953663,-1.076771
15699,2026-06,T2,suspicious activity,53.952438,-1.07334
15700,2026-06,T2,suspicious activity,53.953149,-1.069987
15701,2026-06,T2,suspicious activity,53.951631,-1.070036
15702,2026-06,T2,suspicious activity,53.953657,-1.079881
15703,2026-06,T2,suspicious activity,53.951365,-1.07283
15704,2026-06,T2,suspicious activity,53.952333,-1.077271
15705,2026-06,T2,physical assault,53.953663,-1.076771
15706,2026-06,T2,harassment,53.952438,-1.07334
15707,2026-06,T2,physical assault,53.951639,-1.075841
15708,2026-06,T2,physical assault,53.952333,-1.077271
15709,2026-06,T2,physical assault,53.952438,-1.07334
15710,2026-06,T2,physical assault,53.953663,-1.076771
15711,2026-06,T2,suspicious activity,53.950088,-1.083403
15712,2026-06,T2,suspicious activity,53.952009,-1.08298
15713,2026-06,T2,suspicious activity,53.948497,-1.081744
15714,2026-06,T2,suspicious activity,53.950088,-1.083403
15715,2026-06,T2,suspicious activity,53.952103,-1.083618
15716,2026-06,T2,suspicious activity,53.950521,-1.082403
15717,2026-06,T2,suspicious activity,53.950521,-1.082403
15718,2026-06,T2,harassment,53.950088,-1.083403
15719,2026-06,T2,physical assault,53.950088,-1.083403
15720,2026-06,T2,physical assault,53.951044,-1.082589
15721,2026-06,T2,physical assault,53.951044,-1.082589
15722,2026-06,T2,suspicious activity,53.932422,-1.109104
15723,2026-06,T2,harassment,53.938218,-1.10892
15724,2026-06,T2,physical assault,53.932111,-1.108273
15725,2026-06,T2,suspicious activity,53.942262,-1.112429
15726,2026-06,T2,suspicious activity,53.942262,-1.112429
15727,2026-06,T2,suspicious activity,53.944684,-1.10447
15728,2026-06,T2,vandalism,53.946879,-1.10357
15729,2026-06,T2,robbery,53.942262,-1.112429
15730,2026-06,T2,physical assault,53.942262,-1.112429
15731,2026-06,T2,physical assault,53.942262,-1.112429
15732,2026-06,T2,physical assault,53.947726,-1.10503
15733,2026-06,T2,physical assault,53.940709,-1.110314
15734,2026-06,T2,suspicious activity,53.938061,-1.087688
15735,2026-06,T2,suspicious activity,53.942659,-1.089812
15736,2026-06,T2,suspicious activity,53.944051,-1.093194
15737,2026-06,T2,suspicious activity,53.946156,-1.088669
15738,2026-06,T2,suspicious activity,53.944833,-1.094366
15739,2026-06,T2,vandalism,53.94545,-1.102321
15740,2026-06,T2,harassment,53.938061,-1.087688
15741,2026-06,T2,harassment,53.942659,-1.089812
15742,2026-06,T2,physical assault,53.946441,-1.096693
15743,2026-06,T2,physical assault,53.938061,-1.087688
15744,2026-06,T2,physical assault,53.938061,-1.087688
15745,2026-06,T2,physical assault,53.948118,-1.092573
15746,2026-06,T2,physical assault,53.938061,-1.087688
15747,2026-06,T2,physical assault,53.938061,-1.087688
15748,2026-06,T2,physical assault,53.948118,-1.092573
15749,2026-06,T2,physical assault,53.938061,-1.087688
15750,2026-06,T2,physical assault,53.945867,-1.0909
15751,2026-06,T2,suspicious activity,53.943429,-1.091745
15752,2026-06,T2,physical assault,53.942202,-1.088755
15753,2026-06,T2,physical assault,53.94225,-1.088023
15754,2026-06,T2,physical assault,53.944223,-1.091012
15755,2026-06,T2,physical assault,53.94225,-1.088023
15756,2026-06,T2,physical assault,53.94225,-1.088023
15757,2026-06,T2,physical assault,53.94482,-1.085636
15758,2026-06,T2,physical assault,53.94225,-1.088023
15759,2026-06,T2,physical assault,53.94225,-1.088023
15760,2026-06,T2,physical assault,53.94225,-1.088023
15761,2026-06,T2,suspicious activity,53.941512,-1.11182
15762,2026-06,T2,suspicious activity,53.939429,-1.120715
15763,2026-06,T2,vandalism,53.938611,-1.115781
15764,2026-06,T2,harassment,53.938171,-1.120726
15765,2026-06,T2,physical assault,53.941948,-1.113746
15766,2026-06,T2,vandalism,53.933561,-1.120915
15767,2026-06,T2,physical assault,53.933561,-1.120915
15768,2026-06,T2,physical assault,53.933423,-1.110697
15769,2026-06,T2,physical assault,53.933423,-1.110697
15770,2026-06,T2,physical assault,53.934942,-1.113072
15771,2026-06,T2,physical assault,53.935012,-1.121478
15772,2026-06,T2,vandalism,53.939437,-1.125574
15773,2026-06,T2,harassment,53.937747,-1.121786
15774,2026-06,T2,robbery,53.937061,-1.123872
15775,2026-06,T2,suspicious activity,53.941595,-1.12201
15776,2026-06,T2,suspicious activity,53.941016,-1.115319
15777,2026-06,T2,harassment,53.941779,-1.115181
15778,2026-06,T2,physical assault,53.939903,-1.119167
15779,2026-06,T2,suspicious activity,53.94592,-1.045572
15780,2026-06,T2,suspicious activity,53.94592,-1.045572
15781,2026-06,T2,suspicious activity,53.948815,-1.052454
15782,2026-06,T2,suspicious activity,53.948096,-1.044547
15783,2026-06,T2,suspicious activity,53.950828,-1.045673
15784,2026-06,T2,suspicious activity,53.948902,-1.051019
15785,2026-06,T2,vandalism,53.946777,-1.048234
15786,2026-06,T2,physical assault,53.941073,-1.047556
15787,2026-06,T2,physical assault,53.941861,-1.048285
15788,2026-06,T2,physical assault,53.94432,-1.041068
15789,2026-06,T2,physical assault,53.94432,-1.041068
15790,2026-06,T2,physical assault,53.93441,-1.064443
15791,2026-06,T2,physical assault,53.937003,-1.070818
15792,2026-06,T2,physical assault,53.938666,-1.078931
15793,2026-06,T2,physical assault,53.938031,-1.078061
15794,2026-06,T2,physical assault,53.933027,-1.070236
15795,2026-06,T2,vandalism,53.933068,-1.08967
15796,2026-06,T2,harassment,53.933068,-1.08967
